{"type":"FeatureCollection","features":[{"type":"Feature","properties":{"route_name":"111","color":"#dcd43b"},"geometry":{"type":"LineString","coordinates":[[121.411687,25.021617],[121.411687,25.021617],[121.41477,25.0233425],[121.41477,25.0233425],[121.417618,25.025833],[121.417618,25.025833],[121.422375,25.028741],[121.422375,25.028741],[121.426971584029,25.0301579598983],[121.42685,25.03016],[121.435466,25.032612],[121.435466,25.032612],[121.442607,25.033904],[121.442607,25.033904],[121.44483,25.034382],[121.44483,25.034382],[121.447739,25.034987],[121.447739,25.034987],[121.449908,25.035445],[121.449908,25.035445],[121.456562,25.036727],[121.456562,25.036727],[121.459593,25.038242],[121.459593,25.038242],[121.4623098,25.03991225],[121.4623098,25.03991225],[121.4665635,25.0427471],[121.4665635,25.0427471],[121.469408,25.045403],[121.469408,25.045403],[121.471374,25.046158],[121.471374,25.046158],[121.473986,25.047009],[121.473986,25.047009],[121.487921,25.057218],[121.487921,25.057218],[121.4905425,25.05907329],[121.4905425,25.05907329],[121.4925214,25.06043253],[121.4925214,25.06043253],[121.49493,25.061403],[121.49493,25.061403],[121.498323,25.062277],[121.498323,25.062277],[121.50044,25.063054],[121.50044,25.063054],[121.501898428168,25.0636037876107],[121.501898428168,25.0636037876107]]}},{"type":"Feature","properties":{"route_name":"14","color":"#3bdc59"},"geometry":{"type":"LineString","coordinates":[[121.4691805,25.07853582],[121.4691805,25.07853582],[121.469744,25.079471],[121.469744,25.079471],[121.4716472,25.08184559],[121.4716472,25.08184559],[121.4703582,25.08330021],[121.4703582,25.08330021],[121.469088,25.085252],[121.469088,25.085252],[121.467676,25.087176],[121.467676,25.087176],[121.466902,25.08809],[121.466902,25.08809],[121.467789,25.090065],[121.467789,25.090065],[121.4647878,25.09124688],[121.4647878,25.09124688],[121.4603296,25.09231282],[121.4603296,25.09231282],[121.459433,25.090164],[121.459433,25.090164],[121.458711,25.08836259],[121.458711,25.08836259],[121.4572506,25.08798117],[121.4572506,25.08798117],[121.4573852,25.08625089],[121.4573852,25.08625089],[121.458052,25.084758],[121.458052,25.084758],[121.4593921,25.08279255],[121.4593921,25.08279255],[121.4611032,25.08115346],[121.4611032,25.08115346],[121.4631595,25.07961424],[121.4631595,25.07961424],[121.465375,25.07935],[121.465375,25.07935],[121.4665749,25.07899554],[121.4665749,25.07899554],[121.46855,25.07848],[121.46855,25.07848],[121.468829,25.077997],[121.468829,25.077997],[121.467915780225,25.0751848083815],[121.467915780225,25.0751848083815],[121.468721,25.07235],[121.468721,25.07235],[121.470692510068,25.0720737220282],[121.470692510068,25.0720737220282],[121.473752,25.071403],[121.473752,25.071403],[121.477545,25.069419],[121.477545,25.069419],[121.48052,25.06855],[121.48052,25.06855],[121.481324,25.066998],[121.481324,25.066998],[121.482301,25.065398],[121.482301,25.065398],[121.485128,25.06332591],[121.485128,25.06332591],[121.48663201223,25.060305060826],[121.486632,25.06030506],[121.48651605944,25.0580096673922],[121.48651605944,25.0580096673922],[121.487921,25.057218],[121.487921,25.057218],[121.4905425,25.05907329],[121.4905425,25.05907329],[121.4925214,25.06043253],[121.4925214,25.06043253],[121.4940315,25.05927578],[121.4940315,25.05927578],[121.4939169,25.05705719],[121.4939169,25.05705719]]}},{"type":"Feature","properties":{"route_name":"1717","color":"#dc863b"},"geometry":{"type":"LineString","coordinates":[[121.5825,25.1796],[121.585659,25.186913],[121.588504,25.188931],[121.591053,25.189583],[121.592929,25.193546],[121.594832566107,25.1964008264798],[121.594590472406,25.2067324293663],[121.597516,25.209431],[121.601137,25.212901],[121.604112994487,25.2168551233242],[121.607785368084,25.217324491505],[121.612014897448,25.2177605354012],[121.615469427816,25.2180012300845],[121.618813028049,25.2181566687638],[121.6214153,25.219221],[121.626401,25.220253],[121.628252,25.220595],[121.628252,25.220595],[121.6340338,25.221818],[121.634023,25.221782],[121.636933,25.222151],[121.636933,25.222151],[121.639965,25.218996],[121.639965,25.218996]]}},{"type":"Feature","properties":{"route_name":"177瑞芳觀光公車","color":"#59dc3b"},"geometry":{"type":"LineString","coordinates":[[121.808298,25.107574],[121.806967,25.110138],[121.8046925,25.111007],[121.80493,25.134369],[121.8146191,25.12896],[121.8201,25.133157],[121.8310838,25.123568],[121.863542,25.122114],[121.8617512,25.119865],[121.861521,25.117814],[121.8596369,25.110907],[121.85587,25.108369],[121.8480656,25.11206],[121.846055,25.110328],[121.8425581,25.109443],[121.82941,25.11104],[121.8263792,25.109359],[121.807937,25.107778],[121.8058805,25.108227]]}},{"type":"Feature","properties":{"route_name":"179","color":"#593bdc"},"geometry":{"type":"LineString","coordinates":[[121.808298,25.107574],[121.80978,25.10741],[121.8192653,25.107474],[121.8231598,25.107317],[121.8264296,25.109243],[121.829554,25.11092],[121.8331352,25.111614],[121.8389447,25.109952],[121.8410329,25.108666],[121.84294,25.109513],[121.8452439,25.110598],[121.845765,25.110364],[121.8480709,25.111958],[121.8497563,25.109993],[121.8501471,25.107685],[121.8509863,25.107894],[121.8519635,25.10672],[121.8531761,25.107299],[121.855507,25.106541],[121.856086,25.108453]]}},{"type":"Feature","properties":{"route_name":"201","color":"#843bdc"},"geometry":{"type":"LineString","coordinates":[[121.490806,24.990508],[121.4887,24.994432],[121.484217,24.996296],[121.484217,24.996296],[121.482763,24.995775],[121.482763,24.995775],[121.481263,24.996623],[121.481263,24.996623],[121.4813853,24.99794083],[121.4813853,24.99794083],[121.4813353,25.0006],[121.4813353,25.0006],[121.4810458,25.00346806],[121.4810458,25.00346806],[121.48095,25.00543],[121.483269,25.004884],[121.486227,25.004805],[121.486227,25.004805],[121.489187,25.005052],[121.490119,25.004677],[121.490119,25.004677],[121.492374,25.002543],[121.492374,25.002543],[121.493889,25.002035],[121.493912,25.002028],[121.495441,25.002211],[121.495441,25.002211],[121.496762,25.003062],[121.496762,25.003062]]}},{"type":"Feature","properties":{"route_name":"202","color":"#863bdc"},"geometry":{"type":"LineString","coordinates":[[121.518062,24.967108],[121.518062,24.967108],[121.518795,24.969329],[121.518795,24.969329],[121.51914,24.970794],[121.51914,24.970794],[121.519852,24.972839],[121.519852,24.972839],[121.51912,24.974308],[121.51912,24.974308],[121.517372,24.976061],[121.517372,24.976061],[121.5167886,24.97725375],[121.5167886,24.97725375],[121.517416,24.981146],[121.517416,24.981146],[121.517953,24.983806],[121.517953,24.983806],[121.517283,24.985335],[121.517283,24.985335],[121.513308,24.988375],[121.513308,24.988375],[121.512485,24.989999],[121.512485,24.989999],[121.511308,24.992884],[121.51133,24.99291],[121.509353,24.993096],[121.509353,24.993096],[121.505277,24.994329],[121.505277,24.994329],[121.505842,24.996308],[121.505842,24.996308],[121.507121,24.998049],[121.507121,24.998049],[121.5068521,24.99973099],[121.5068521,24.99973099],[121.505547,24.999775],[121.505547,24.999775],[121.502819563683,24.9998556483866],[121.502819563683,24.9998556483866],[121.5009078,25.00081436],[121.50090778406,25.000814361663],[121.499868,25.001862],[121.499868,25.001862],[121.498247,25.002636],[121.498247,25.002636],[121.496762,25.003062],[121.496762,25.003062]]}},{"type":"Feature","properties":{"route_name":"202區","color":"#71dc3b"},"geometry":{"type":"LineString","coordinates":[[121.479176,24.945972],[121.479176,24.945972],[121.47982,24.94681],[121.47982,24.94681],[121.48195,24.94877],[121.481962,24.948762],[121.483119,24.949637],[121.483119,24.949637],[121.484465,24.95121],[121.484465,24.95121],[121.4860328,24.95159154],[121.4860328,24.95159154],[121.488385431569,24.951722671131],[121.488385431569,24.951722671131],[121.489551,24.951708],[121.489551,24.951708],[121.4915448,24.95177354],[121.4915448,24.95177354],[121.493053,24.952962],[121.493053,24.952962],[121.4946626,24.95431753],[121.4946626,24.95431753],[121.496698,24.955162],[121.496698,24.955162],[121.499054,24.956348],[121.499054,24.956348],[121.502106,24.95733611],[121.502106,24.95733611],[121.505929,24.958027],[121.505929,24.958027],[121.509284,24.959017],[121.509284,24.959017],[121.511483,24.960016],[121.511483,24.960016],[121.512648,24.962041],[121.512648,24.962041],[121.515311,24.963642],[121.515311,24.963642],[121.517257,24.96503],[121.517257,24.96503],[121.518062,24.967108],[121.518062,24.967108],[121.518795,24.969329],[121.518795,24.969329],[121.51914,24.970794],[121.51914,24.970794],[121.519852,24.972839],[121.519852,24.972839],[121.51912,24.974308],[121.51912,24.974308],[121.517372,24.976061],[121.517372,24.976061],[121.5167886,24.97725375],[121.5167886,24.97725375],[121.517416,24.981146],[121.517416,24.981146],[121.517953,24.983806],[121.517953,24.983806],[121.517283,24.985335],[121.517283,24.985335],[121.513308,24.988375],[121.513308,24.988375],[121.512485,24.989999],[121.512485,24.989999],[121.511308,24.992884],[121.51133,24.99291],[121.509353,24.993096],[121.509353,24.993096],[121.50421,24.99367],[121.50421,24.99367],[121.50208667210215,24.99516898447116],[121.50208667210215,24.99516898447116],[121.49960332023917,24.99880695334873],[121.49960332023917,24.99880695334873],[121.49772766396961,25.00047553316187],[121.496889,25.001888],[121.496889,25.001888],[121.496762,25.003062],[121.496762,25.003062]]}},{"type":"Feature","properties":{"route_name":"203","color":"#893bdc"},"geometry":{"type":"LineString","coordinates":[[121.630225,25.06495],[121.630225,25.06495],[121.631401137544,25.0660033327685],[121.631401137544,25.0660033327685],[121.628825,25.067787],[121.628825,25.067787],[121.626867537731,25.067368167607],[121.626867537731,25.067368167607],[121.62487,25.067032],[121.62487,25.067032],[121.6212807,25.06666453],[121.621242309823,25.0666228369498],[121.6188199,25.06680801],[121.618948,25.066708]]}},{"type":"Feature","properties":{"route_name":"207","color":"#943bdc"},"geometry":{"type":"LineString","coordinates":[[121.523431,25.003877],[121.523431,25.003877],[121.522296,25.00158],[121.522296,25.00158],[121.5208,25.00002],[121.5208,25.00002],[121.519428,25.000223],[121.519428,25.000223],[121.5165323,24.99862597],[121.5165323,24.99862597],[121.515268767725,24.9970684513473],[121.515268767725,24.9970684513473],[121.5125768,24.99403299],[121.5125768,24.99403299],[121.510938,24.990576],[121.510938,24.990576]]}},{"type":"Feature","properties":{"route_name":"208","color":"#963bdc"},"geometry":{"type":"LineString","coordinates":[[121.518062,24.967108],[121.518062,24.967108],[121.518795,24.969329],[121.518795,24.969329],[121.51914,24.970794],[121.51914,24.970794],[121.519852,24.972839],[121.519852,24.972839],[121.51912,24.974308],[121.51912,24.974308],[121.517372,24.976061],[121.517372,24.976061],[121.5167886,24.97725375],[121.5167886,24.97725375],[121.517416,24.981146],[121.517416,24.981146],[121.517953,24.983806],[121.517953,24.983806],[121.517283,24.985335],[121.517283,24.985335],[121.513308,24.988375],[121.513308,24.988375],[121.512485,24.989999],[121.512485,24.989999],[121.513517792484,24.994842197716],[121.513517792484,24.994842197716],[121.514859678286,24.9964243335687],[121.514859678286,24.9964243335687],[121.5164442,24.99830177],[121.516565619533,24.9983765816712],[121.5177138,25.00054939],[121.5177138,25.00054939],[121.5175165983338,25.002780010490255],[121.517263,25.005156],[121.517263,25.005156],[121.5188661,25.00531696],[121.5188661,25.00531696],[121.521553502861,25.0031337977071],[121.521553502861,25.0031337977071],[121.522892,25.003092]]}},{"type":"Feature","properties":{"route_name":"208區","color":"#b73bdc"},"geometry":{"type":"LineString","coordinates":[[121.518062,24.967108],[121.518062,24.967108],[121.518795,24.969329],[121.518795,24.969329],[121.51914,24.970794],[121.51914,24.970794],[121.519852,24.972839],[121.519852,24.972839],[121.51912,24.974308],[121.51912,24.974308],[121.517372,24.976061],[121.517372,24.976061],[121.5167886,24.97725375],[121.5167886,24.97725375],[121.517416,24.981146],[121.517416,24.981146],[121.517953,24.983806],[121.517953,24.983806],[121.517283,24.985335],[121.517283,24.985335],[121.513308,24.988375],[121.513308,24.988375],[121.512485,24.989999],[121.512485,24.989999],[121.513517792484,24.994842197716],[121.513517792484,24.994842197716],[121.514859678286,24.9964243335687],[121.514859678286,24.9964243335687],[121.5164442,24.99830177],[121.516565619533,24.9983765816712],[121.5177138,25.00054939],[121.5177138,25.00054939],[121.5175165983338,25.002780010490255],[121.517263,25.005156],[121.517263,25.005156],[121.5188661,25.00531696],[121.5188661,25.00531696],[121.521553502861,25.0031337977071],[121.521553502861,25.0031337977071],[121.522892,25.003092]]}},{"type":"Feature","properties":{"route_name":"208直","color":"#ccdc3b"},"geometry":{"type":"LineString","coordinates":[[121.523431,25.003877],[121.523431,25.003877],[121.52146366371,25.0033491522373],[121.52146366371,25.0033491522373],[121.5188342,25.00550237],[121.5188342,25.00550237],[121.517159,25.005185],[121.517159,25.005185],[121.5172544,25.00304399],[121.5172544,25.00304399],[121.517563,25.000946],[121.517563,25.000946],[121.516997,24.999014],[121.516997,24.999014],[121.515268767725,24.9970684513473],[121.515268767725,24.9970684513473],[121.5125768,24.99403299],[121.5125768,24.99403299],[121.512387,24.989796],[121.512387,24.989796],[121.5132354,24.98799945],[121.5132354,24.98799945],[121.516668,24.98554],[121.516668,24.98554],[121.517819,24.983114],[121.517819,24.983114],[121.5175586,24.98167813],[121.5175586,24.98167813],[121.5165771,24.97735333],[121.5165771,24.97735333],[121.517269,24.975951],[121.517269,24.975951],[121.5188677,24.97410976],[121.5188677,24.97410976],[121.5195205,24.97278102],[121.5195205,24.97278102],[121.51876,24.97032],[121.51876,24.97032],[121.51843,24.96923],[121.51843,24.96923],[121.5177866,24.96730265],[121.5177866,24.96730265]]}},{"type":"Feature","properties":{"route_name":"211","color":"#d73bdc"},"geometry":{"type":"LineString","coordinates":[[121.4730962,25.07428078],[121.473752,25.071403],[121.473752,25.071403],[121.476744,25.069312],[121.476744,25.069312],[121.479518,25.067757],[121.479518,25.067757],[121.482301,25.065398],[121.482301,25.065398],[121.485128,25.06332591],[121.485128,25.06332591],[121.48724,25.063061],[121.48724,25.063061],[121.489458,25.0670131],[121.489458,25.0670131],[121.4921724,25.07047254],[121.492136594352,25.0704530835803],[121.49367,25.071369],[121.49367,25.071369],[121.49511101853,25.0701489438371],[121.49511101853,25.0701489438371],[121.495798,25.068994],[121.495798,25.068994],[121.49641,25.067022],[121.49641,25.067022],[121.496788,25.065609],[121.496788,25.065609],[121.4974644,25.06310647],[121.4974644,25.06310647],[121.498057,25.060928],[121.498057,25.060928],[121.4983337,25.05971795],[121.4983337,25.05971795],[121.498795,25.05760253],[121.498795,25.05760253],[121.503152,25.062224],[121.503152,25.062224]]}},{"type":"Feature","properties":{"route_name":"214","color":"#dc3bd9"},"geometry":{"type":"LineString","coordinates":[[121.477332,24.992043],[121.477332,24.992043],[121.4789782,24.99430779],[121.4789782,24.99430779],[121.482957,24.995553],[121.482957,24.995553],[121.484429,24.996128],[121.484429,24.996128],[121.4903845,24.99626066],[121.4903845,24.99626066],[121.492320399314,24.9965568353221],[121.492320399314,24.9965568353221],[121.4951329,24.99819818],[121.4951329,24.99819818],[121.496428401096,24.9996352583255],[121.4964382,24.99966641],[121.498554,25.001978],[121.498554,25.001978],[121.500968,25.000553],[121.500968,25.000553],[121.502769736506,24.9996954644534],[121.502769736506,24.9996954644534],[121.5048263,24.99965591],[121.5048263,24.99965591],[121.50739,24.999571],[121.50739,24.999571],[121.508875,24.998841],[121.5109042,24.99738917],[121.51246,24.99621],[121.51246,24.99621],[121.514859678286,24.9964243335687],[121.514859678286,24.9964243335687],[121.5164442,24.99830177],[121.516565619533,24.9983765816712],[121.5177138,25.00054939],[121.5177138,25.00054939],[121.5175165983338,25.002780010490255],[121.517121,25.006519],[121.517121,25.006519],[121.51865,25.007465],[121.51865,25.007465],[121.5207753,25.00879945],[121.5207753,25.00879945],[121.520115,25.011264],[121.520115,25.011264],[121.518655,25.013451],[121.518655,25.013451],[121.517667,25.014315],[121.517667,25.014315],[121.5162239,25.01604284],[121.5162239,25.01604284]]}},{"type":"Feature","properties":{"route_name":"214直","color":"#3bd4dc"},"geometry":{"type":"LineString","coordinates":[[121.477332,24.992043],[121.477332,24.992043],[121.4789782,24.99430779],[121.4789782,24.99430779],[121.482957,24.995553],[121.482957,24.995553],[121.484429,24.996128],[121.484429,24.996128],[121.4903845,24.99626066],[121.4903845,24.99626066],[121.492320399314,24.9965568353221],[121.492320399314,24.9965568353221],[121.4951329,24.99819818],[121.4951329,24.99819818],[121.496428401096,24.9996352583255],[121.4964382,24.99966641],[121.498554,25.001978],[121.498554,25.001978],[121.500968,25.000553],[121.500968,25.000553],[121.502769736506,24.9996954644534],[121.502769736506,24.9996954644534],[121.5048263,24.99965591],[121.5048263,24.99965591],[121.50739,24.999571],[121.50739,24.999571],[121.509133,25.000374],[121.509133,25.000374],[121.51094,25.002402],[121.51094,25.002402],[121.512837,25.004572],[121.512837,25.004572],[121.514104,25.005973],[121.514104,25.005973],[121.514584,25.007558],[121.514584,25.007558],[121.5141176,25.00856393],[121.5141176,25.00856393],[121.515273,25.01258],[121.515273,25.01258],[121.5162239,25.01604284],[121.5162239,25.01604284]]}},{"type":"Feature","properties":{"route_name":"221","color":"#dc3b8e"},"geometry":{"type":"LineString","coordinates":[[121.462835,25.084617],[121.461506,25.084413],[121.461506,25.084413],[121.4600359,25.08676744],[121.4600359,25.08676744],[121.459668,25.090129],[121.4597036,25.0902768],[121.4606387,25.0923306],[121.4606387,25.0923306],[121.465126,25.09079],[121.465126,25.09079],[121.46902,25.0898],[121.46902,25.0898],[121.47236,25.091804],[121.47236,25.091804],[121.474173,25.091576],[121.474173,25.091576],[121.476197,25.090684],[121.476197,25.090684],[121.477423,25.089878],[121.477423,25.089878],[121.4792741,25.08828352],[121.4792741,25.08828352],[121.47943,25.086226],[121.47943,25.086226],[121.4785,25.08544],[121.4785,25.08544],[121.475778,25.084108],[121.475778,25.084108],[121.475381,25.082946],[121.475381,25.082946],[121.476637,25.081453],[121.476637,25.081453],[121.479191,25.080762],[121.479191,25.080762],[121.481391,25.079502],[121.481238194798,25.0795793818446],[121.483076,25.078537],[121.483076,25.078537],[121.4845214,25.07777593],[121.4845214,25.07777593],[121.486331,25.07669],[121.486331,25.07669],[121.487215334702,25.0747990058591],[121.4872153,25.07479901],[121.486855,25.072367],[121.486855,25.072367],[121.489042701559,25.071991100457],[121.489042701559,25.071991100457],[121.4919747,25.07174969],[121.4919747,25.07174969],[121.49367,25.071369],[121.49367,25.071369],[121.49511101853,25.0701489438371],[121.49511101853,25.0701489438371],[121.495798,25.068994],[121.495798,25.068994],[121.49641,25.067022],[121.49641,25.067022],[121.496788,25.065609],[121.496788,25.065609],[121.4974644,25.06310647],[121.4974644,25.06310647],[121.498057,25.060928],[121.498057,25.060928],[121.4983337,25.05971795],[121.4983337,25.05971795],[121.498795,25.05760253],[121.498795,25.05760253],[121.49998,25.05707],[121.49998,25.05707],[121.503152,25.062224],[121.503152,25.062224]]}},{"type":"Feature","properties":{"route_name":"225","color":"#dc3b84"},"geometry":{"type":"LineString","coordinates":[[121.465970849851,25.0891287596823],[121.465974,25.08917992],[121.463385,25.08895526],[121.4621514,25.08762404],[121.462835,25.084617],[121.461506,25.084413],[121.461506,25.084413],[121.4600359,25.08676744],[121.4600359,25.08676744],[121.459668,25.090129],[121.4597036,25.0902768],[121.4606387,25.0923306],[121.4606387,25.0923306],[121.463227,25.091505],[121.463227,25.091505],[121.465804,25.089056],[121.465804,25.089056],[121.46664,25.08814],[121.46664,25.08814],[121.4677982,25.08671129],[121.4677982,25.08671129],[121.4684977,25.08574782],[121.4684977,25.08574782],[121.470464,25.08302],[121.470464,25.08302],[121.472348,25.081628],[121.472348,25.081628],[121.473209,25.081859],[121.473209,25.081859],[121.476637,25.081453],[121.476637,25.081453],[121.479191,25.080762],[121.479191,25.080762],[121.481391,25.079502],[121.481238194798,25.0795793818446],[121.483076,25.078537],[121.483076,25.078537],[121.4845214,25.07777593],[121.4845214,25.07777593],[121.4859364,25.07691628],[121.4859364,25.07691628],[121.48856950179,25.075482682654],[121.48856950179,25.075482682654],[121.491151,25.073995],[121.491151,25.073995],[121.492963,25.07293],[121.492963,25.07293],[121.49431,25.071998],[121.49431,25.071998],[121.495689942899,25.0710388497354],[121.495689942899,25.0710388497354],[121.496763,25.07022903],[121.496763,25.07022903],[121.49806,25.06934],[121.49806,25.06934],[121.499510882057,25.0683597687088],[121.499510882057,25.0683597687088],[121.500788879211,25.0671811216025],[121.500788879211,25.0671811216025],[121.502278,25.064639],[121.502278,25.064639]]}},{"type":"Feature","properties":{"route_name":"225區","color":"#dc3bb4"},"geometry":{"type":"LineString","coordinates":[[121.463385,25.08895526],[121.4621514,25.08762404],[121.462835,25.084617],[121.461506,25.084413],[121.461506,25.084413],[121.4600359,25.08676744],[121.4600359,25.08676744],[121.459668,25.090129],[121.4597036,25.0902768],[121.4606387,25.0923306],[121.4606387,25.0923306],[121.463227,25.091505],[121.463227,25.091505],[121.465804,25.089056],[121.465804,25.089056],[121.46664,25.08814],[121.46664,25.08814],[121.4677982,25.08671129],[121.4677982,25.08671129],[121.4684977,25.08574782],[121.4684977,25.08574782],[121.470464,25.08302],[121.470464,25.08302],[121.472348,25.081628],[121.472348,25.081628],[121.473209,25.081859],[121.473209,25.081859],[121.476637,25.081453],[121.476637,25.081453],[121.479191,25.080762],[121.479191,25.080762],[121.481238194798,25.0795793818446],[121.481391,25.079502],[121.483076,25.078537],[121.483076,25.078537],[121.4845214,25.07777593],[121.4845214,25.07777593],[121.4859364,25.07691628],[121.4859364,25.07691628],[121.48856950179,25.075482682654],[121.48856950179,25.075482682654],[121.491151,25.073995],[121.491151,25.073995],[121.492963,25.07293],[121.492963,25.07293],[121.49431,25.071998],[121.49431,25.071998],[121.495689942899,25.0710388497354],[121.495689942899,25.0710388497354],[121.496763,25.07022903],[121.496763,25.07022903],[121.49806,25.06934],[121.49806,25.06934],[121.499510882057,25.0683597687088],[121.499510882057,25.0683597687088],[121.500788879211,25.0671811216025],[121.500788879211,25.0671811216025],[121.502278,25.064639],[121.502278,25.064639]]}},{"type":"Feature","properties":{"route_name":"226","color":"#dc3b81"},"geometry":{"type":"LineString","coordinates":[[121.486786,25.088196],[121.486786,25.088196],[121.488934,25.086181],[121.488934,25.086181],[121.4902989,25.08492608],[121.4902989,25.08492608],[121.492,25.08308],[121.492,25.08308],[121.49488,25.081862],[121.49488,25.081862],[121.4967495,25.08149815],[121.4967495,25.08149815],[121.497746,25.079686],[121.497746,25.079686],[121.5017335,25.07606209],[121.5017335,25.07606209],[121.5019297,25.07417605],[121.5019297,25.07417605],[121.4997654,25.07346266],[121.4997654,25.07346266],[121.4974685,25.07284956],[121.4974685,25.07284956],[121.4957788,25.07236056],[121.4957788,25.07236056],[121.496763,25.07022903],[121.496763,25.07022903],[121.49806,25.06934],[121.49806,25.06934],[121.499510882057,25.0683597687088],[121.499510882057,25.0683597687088],[121.500788879211,25.0671811216025],[121.500788879211,25.0671811216025],[121.502278,25.064639],[121.502278,25.064639]]}},{"type":"Feature","properties":{"route_name":"227","color":"#dc3b7e"},"geometry":{"type":"LineString","coordinates":[[121.473752,25.071403],[121.473752,25.071403],[121.477545,25.069419],[121.477545,25.069419],[121.48052,25.06855],[121.48052,25.06855],[121.481324,25.066998],[121.481324,25.066998],[121.482301,25.065398],[121.482301,25.065398],[121.485128,25.06332591],[121.485128,25.06332591],[121.486632,25.06030506],[121.48663201223,25.060305060826],[121.48651605944,25.0580096673922],[121.48651605944,25.0580096673922],[121.487921,25.057218],[121.487921,25.057218],[121.4905425,25.05907329],[121.4905425,25.05907329],[121.4925214,25.06043253],[121.4925214,25.06043253],[121.49493,25.061403],[121.49493,25.061403],[121.498323,25.062277],[121.498323,25.062277],[121.50044,25.063054],[121.50044,25.063054],[121.501898428168,25.0636037876107],[121.501898428168,25.0636037876107],[121.5155769771344,25.014430464101867],[121.5155769771344,25.014430464101867],[121.5147464,25.0115956],[121.5147464,25.0115956],[121.51386,25.00839],[121.51386,25.00839],[121.51286138332,25.0056877314979],[121.51286138332,25.0056877314979],[121.513414,25.003661],[121.513414,25.003661],[121.51494,25.00191],[121.51494,25.00191],[121.51597,25.00009],[121.51597,25.00009],[121.516997,24.999014],[121.516997,24.999014],[121.515268767725,24.9970684513473],[121.515268767725,24.9970684513473],[121.51401799691,24.9955699494036],[121.51401799691,24.9955699494036],[121.51244,24.99634],[121.51244,24.99634],[121.51196,24.99767],[121.51196,24.99767],[121.51347,24.99948],[121.51347,24.99948]]}},{"type":"Feature","properties":{"route_name":"227區","color":"#dc693b"},"geometry":{"type":"LineString","coordinates":[[121.473752,25.071403],[121.473752,25.071403],[121.477545,25.069419],[121.477545,25.069419],[121.48052,25.06855],[121.48052,25.06855],[121.481324,25.066998],[121.481324,25.066998],[121.482301,25.065398],[121.482301,25.065398],[121.485128,25.06332591],[121.485128,25.06332591],[121.48663201223,25.060305060826],[121.486632,25.06030506],[121.48651605944,25.0580096673922],[121.48651605944,25.0580096673922],[121.48504,25.05605],[121.4850079,25.056011],[121.488738,25.05212],[121.488738,25.05212],[121.4905956,25.05314645],[121.492206,25.053323],[121.493446,25.053784],[121.493446,25.053784],[121.4941915,25.05695158],[121.4941915,25.05695158],[121.494168,25.0596298],[121.494168,25.0596298],[121.49493,25.061403],[121.49493,25.061403],[121.498323,25.062277],[121.498323,25.062277],[121.50044,25.063054],[121.50044,25.063054],[121.501898428168,25.0636037876107],[121.501898428168,25.0636037876107]]}},{"type":"Feature","properties":{"route_name":"231","color":"#dc3b3b"},"geometry":{"type":"LineString","coordinates":[[121.459437,24.967772],[121.45942,24.970087],[121.459543,24.97133],[121.45886,24.972709],[121.45886,24.972709],[121.45879,24.974282],[121.45879,24.974282],[121.459036,24.977846],[121.459036,24.977846],[121.4591,24.979825],[121.4591,24.979825],[121.459236,24.982403],[121.459236,24.982403],[121.459549,24.98446],[121.459549,24.98446],[121.462871,24.985364],[121.462871,24.985364],[121.465217,24.986269],[121.465217,24.986269],[121.468935,24.988257],[121.468935,24.988257],[121.47114,24.989461],[121.47114,24.989461],[121.477332,24.992043],[121.477332,24.992043],[121.4789782,24.99430779],[121.4789782,24.99430779],[121.481263,24.996623],[121.481263,24.996623],[121.4813853,24.99794083],[121.4813853,24.99794083],[121.4813353,25.0006],[121.4813353,25.0006],[121.4810458,25.00346806],[121.4810458,25.00346806],[121.479854,25.006676],[121.47932,25.008669],[121.479068,25.0127],[121.479068,25.0127],[121.479287,25.015381],[121.479287,25.015381],[121.479351,25.01784],[121.479351,25.01784],[121.47961,25.022082],[121.478263,25.024089],[121.476954,25.025965],[121.4733352,25.02932746],[121.47362,25.03116],[121.47362,25.03116],[121.4760495,25.03388107],[121.4760495,25.03388107]]}},{"type":"Feature","properties":{"route_name":"232","color":"#dc3e3b"},"geometry":{"type":"LineString","coordinates":[[121.465804,25.089056],[121.465804,25.089056],[121.467789,25.090065],[121.467789,25.090065],[121.4638568,25.09148696],[121.4638568,25.09148696],[121.4603296,25.09231282],[121.4603296,25.09231282],[121.459433,25.090164],[121.459433,25.090164],[121.458711,25.08836259],[121.458711,25.08836259],[121.4572506,25.08798117],[121.4572506,25.08798117],[121.4573852,25.08625089],[121.4573852,25.08625089],[121.458052,25.084758],[121.458052,25.084758],[121.4593921,25.08279255],[121.4593921,25.08279255],[121.4611032,25.08115346],[121.4611032,25.08115346],[121.4631595,25.07961424],[121.4631595,25.07961424],[121.465375,25.07935],[121.465375,25.07935],[121.4665749,25.07899554],[121.4665749,25.07899554],[121.46855,25.07848],[121.46855,25.07848],[121.469744,25.079471],[121.469744,25.079471],[121.472348,25.081628],[121.472348,25.081628],[121.473209,25.081859],[121.473209,25.081859],[121.476637,25.081453],[121.476637,25.081453],[121.479191,25.080762],[121.479191,25.080762],[121.481238194798,25.0795793818446],[121.481391,25.079502],[121.483076,25.078537],[121.483076,25.078537],[121.483227835672,25.077220861943],[121.483227835672,25.077220861943],[121.48206,25.07494],[121.48206,25.07494],[121.482731,25.070499],[121.482731,25.070499],[121.482674229705,25.0686265626816],[121.482674229705,25.0686265626816],[121.482737,25.067158],[121.482737,25.067158],[121.485383,25.065423],[121.485383,25.065423],[121.4867752,25.06280719],[121.4867752,25.06280719],[121.48663201223,25.060305060826],[121.486632,25.06030506],[121.48651605944,25.0580096673922],[121.48651605944,25.0580096673922],[121.48504,25.05605],[121.4850079,25.056011],[121.487739420364,25.0513765359288],[121.4876744,25.05142477]]}},{"type":"Feature","properties":{"route_name":"232快","color":"#61dc3b"},"geometry":{"type":"LineString","coordinates":[[121.465804,25.089056],[121.465804,25.089056],[121.46664,25.08814],[121.46664,25.08814],[121.4677982,25.08671129],[121.4677982,25.08671129],[121.4684977,25.08574782],[121.4684977,25.08574782],[121.470464,25.08302],[121.470464,25.08302],[121.472348,25.081628],[121.472348,25.081628],[121.473209,25.081859],[121.473209,25.081859],[121.476637,25.081453],[121.476637,25.081453],[121.479191,25.080762],[121.479191,25.080762],[121.481238194798,25.0795793818446],[121.481391,25.079502],[121.483076,25.078537],[121.483076,25.078537],[121.4845214,25.07777593],[121.4845214,25.07777593],[121.4859364,25.07691628],[121.4859364,25.07691628],[121.48856950179,25.075482682654],[121.48856950179,25.075482682654],[121.491151,25.073995],[121.491151,25.073995]]}},{"type":"Feature","properties":{"route_name":"234","color":"#dc433b"},"geometry":{"type":"LineString","coordinates":[[121.4447909,25.0118181],[121.4447909,25.0118181],[121.447012,25.011585],[121.447012,25.011585],[121.4497662,25.00938284],[121.4497662,25.00938284],[121.449581,25.008563],[121.449581,25.008563],[121.4476185,25.00721049],[121.4476185,25.00721049],[121.4462031,25.00205217],[121.4462031,25.00205217],[121.44576,25.00136],[121.44576,25.00136],[121.44335,24.99931],[121.44335,24.99931],[121.45162,24.994319],[121.45162,24.994319],[121.45373,24.995168],[121.45373,24.995168],[121.457306,24.997381],[121.457306,24.997381],[121.458394,24.999752],[121.458394,24.999752],[121.45986,25.002648],[121.45986,25.002648],[121.459931,25.00437],[121.459931,25.00437],[121.461043262981,25.0072766153747],[121.461043262981,25.0072766153747],[121.4634845,25.00860074],[121.4634845,25.00860074],[121.46366,25.010896],[121.46366,25.010896],[121.464544,25.012043],[121.464544,25.012043],[121.462602,25.012813],[121.462602,25.012813],[121.46755,25.01269],[121.46755,25.01269],[121.471041,25.014344],[121.471041,25.014344],[121.4724073,25.01497569],[121.4724073,25.01497569],[121.474547,25.016013],[121.474547,25.016013],[121.475893,25.016626],[121.475893,25.016626],[121.47829,25.017984],[121.47829,25.017984],[121.48066,25.01945],[121.48066,25.01945],[121.483153,25.02103],[121.483153,25.02103]]}},{"type":"Feature","properties":{"route_name":"235","color":"#dc463b"},"geometry":{"type":"LineString","coordinates":[[121.433249,25.019241],[121.433249,25.019241],[121.4326327,25.01508972],[121.4326327,25.01508972],[121.432578,25.013078],[121.432578,25.013078],[121.432644,25.010087],[121.432644,25.010087],[121.432786,25.007493],[121.432786,25.007493],[121.431869,25.007867],[121.431869,25.007867],[121.4299139,25.009369],[121.4299139,25.009369],[121.4284024,25.01056501],[121.4284024,25.01056501],[121.4263087,25.01254806],[121.4263087,25.01254806],[121.4260504,25.01453194],[121.4260504,25.01453194],[121.426301,25.016748],[121.426301,25.016748],[121.426917,25.018631],[121.426917,25.018631],[121.427412,25.02033],[121.427412,25.02033],[121.426146,25.022571],[121.426146,25.022571],[121.425221,25.024026],[121.425221,25.024026],[121.424195,25.025331],[121.424195,25.025331],[121.426468,25.02637],[121.426468,25.02637],[121.42673,25.02749],[121.42673,25.02749],[121.426971584029,25.0301579598983],[121.42685,25.03016],[121.431382,25.031553],[121.431382,25.031553],[121.435466,25.032612],[121.435466,25.032612],[121.442607,25.033904],[121.442607,25.033904],[121.44483,25.034382],[121.44483,25.034382],[121.447739,25.034987],[121.447739,25.034987],[121.449469,25.035376],[121.449469,25.035376],[121.456562,25.036727],[121.456562,25.036727],[121.459593,25.038242],[121.459593,25.038242],[121.4623098,25.03991225],[121.4623098,25.03991225],[121.46516,25.041731],[121.46516,25.041731],[121.4665635,25.0427471],[121.4665635,25.0427471],[121.469408,25.045403],[121.469408,25.045403],[121.471374,25.046158],[121.471374,25.046158],[121.473986,25.047009],[121.473986,25.047009],[121.4876744,25.05142477],[121.487739420364,25.0513765359288]]}},{"type":"Feature","properties":{"route_name":"236區","color":"#3b5edc"},"geometry":{"type":"LineString","coordinates":[[121.615986,24.998836],[121.61604,24.99886],[121.611603,24.998231],[121.611603,24.998231],[121.6091801,24.998607],[121.6091801,24.998692],[121.606,25.00185175143],[121.606,25.00185175143],[121.603712640729,25.0027777194038],[121.603712640729,25.0027777194038],[121.600780470525,25.003972883576],[121.600780470525,25.003972883576],[121.59836661839,25.00478612556],[121.5983666,25.00478613]]}},{"type":"Feature","properties":{"route_name":"241","color":"#dc8e3b"},"geometry":{"type":"LineString","coordinates":[[121.490806,24.990508],[121.4887,24.994432],[121.4861964,24.994824],[121.4903845,24.99626066],[121.4903845,24.99626066],[121.492320399314,24.9965568353221],[121.492320399314,24.9965568353221],[121.4951329,24.99819818],[121.4951329,24.99819818],[121.4964382,24.99966641],[121.496428401096,24.9996352583255],[121.498554,25.001978],[121.498554,25.001978],[121.500968,25.000553],[121.500968,25.000553],[121.502769736506,24.9996954644534],[121.502769736506,24.9996954644534],[121.5048263,24.99965591],[121.5048263,24.99965591],[121.50739,24.999571],[121.50739,24.999571],[121.5068105,24.99802917],[121.5068105,24.99802917],[121.505574,24.995927],[121.505574,24.995927],[121.504723,24.992843],[121.5048144,24.99146296],[121.5064924,24.99014796],[121.507817,24.98841],[121.508692,24.987269],[121.509748,24.988657],[121.510841,24.990197],[121.510841,24.990197],[121.512965,24.992332],[121.512965,24.992332],[121.515962,24.992018],[121.516141,24.991961],[121.519446,24.991327],[121.519446,24.991327],[121.5259498,24.99096231],[121.5259498,24.99096231],[121.526302,24.993685],[121.526302,24.993685],[121.526436,24.994659],[121.526436,24.994659],[121.526627,24.996255],[121.526627,24.996255],[121.5267065,24.99838696],[121.5267065,24.99838696],[121.5239922,24.99955447],[121.522385215721,25.0012830070909],[121.522385215721,25.0012830070909],[121.52146366371,25.0033491522373],[121.52146366371,25.0033491522373],[121.5188342,25.00550237],[121.5188342,25.00550237],[121.517121,25.006519],[121.517121,25.006519],[121.51865,25.007465],[121.51865,25.007465],[121.5207753,25.00879945],[121.5207753,25.00879945],[121.520115,25.011264],[121.520115,25.011264],[121.518655,25.013451],[121.518655,25.013451],[121.517667,25.014315],[121.517667,25.014315],[121.5162239,25.01604284],[121.5162239,25.01604284]]}},{"type":"Feature","properties":{"route_name":"242","color":"#dc913b"},"geometry":{"type":"LineString","coordinates":[[121.4909948,24.98982846],[121.493285,24.990811],[121.494419,24.991656],[121.495666,24.993046],[121.496766,24.994297],[121.49861,24.9957],[121.50001,24.99699],[121.50137333996481,24.995456001390632],[121.50137333996481,24.995456001390632],[121.504723,24.992843],[121.5048144,24.99146296],[121.5064924,24.99014796],[121.507817,24.98841],[121.50758,24.98578],[121.5079595,24.98406358],[121.5079595,24.98406358],[121.5092408,24.98292064],[121.5092408,24.98292064],[121.5113314,24.98355304],[121.5113314,24.98355304],[121.512171,24.985077],[121.512171,24.985077],[121.5126,24.986939],[121.5126,24.986939],[121.513308,24.988375],[121.513308,24.988375],[121.512485,24.989999],[121.512485,24.989999],[121.513517792484,24.994842197716],[121.513517792484,24.994842197716],[121.514859678286,24.9964243335687],[121.514859678286,24.9964243335687],[121.5164442,24.99830177],[121.516565619533,24.9983765816712],[121.5177138,25.00054939],[121.5177138,25.00054939],[121.5175452,25.0024569],[121.5175452,25.0024569],[121.517121,25.006519],[121.517121,25.006519],[121.51691,25.008459],[121.51691,25.008459],[121.5155,25.010161],[121.5155,25.010161],[121.515273,25.01258],[121.515273,25.01258],[121.5162239,25.01604284],[121.5162239,25.01604284]]}},{"type":"Feature","properties":{"route_name":"243","color":"#dc943b"},"geometry":{"type":"LineString","coordinates":[[121.490806,24.990508],[121.4887,24.994432],[121.4861964,24.994824],[121.4903845,24.99626066],[121.4903845,24.99626066],[121.492320399314,24.9965568353221],[121.492320399314,24.9965568353221],[121.4951329,24.99819818],[121.4951329,24.99819818],[121.496428401096,24.9996352583255],[121.4964382,24.99966641],[121.498554,25.001978],[121.498554,25.001978],[121.4995324,25.00307486],[121.4998071,25.00436104],[121.5016018,25.00601138],[121.5032215,25.00763194],[121.505873,25.009682],[121.5080925,25.01163486],[121.507684,25.013765],[121.509228,25.015503],[121.51129,25.015795],[121.5144971,25.01501611],[121.5146148585,25.0150118374757],[121.5162239,25.01604284],[121.5162239,25.01604284]]}},{"type":"Feature","properties":{"route_name":"245","color":"#dc993b"},"geometry":{"type":"LineString","coordinates":[[121.459437,24.967772],[121.45942,24.970087],[121.459543,24.97133],[121.45886,24.972709],[121.45886,24.972709],[121.45879,24.974282],[121.45879,24.974282],[121.459036,24.977846],[121.459036,24.977846],[121.4591,24.979825],[121.4591,24.979825],[121.459236,24.982403],[121.459236,24.982403],[121.45907,24.985112],[121.45907,24.985112],[121.45993,24.988132],[121.45993,24.988132],[121.460218,24.989076],[121.459574,24.991557],[121.457783,24.993422],[121.457732,24.995237],[121.457732,24.995237],[121.459803,24.994397],[121.461443,24.994548],[121.463268,24.995425],[121.464352,24.99752483],[121.464352,24.99752483],[121.463918,24.998622],[121.463918,24.998622],[121.46299,25.001439],[121.46299,25.001439],[121.462231,25.002217],[121.462231,25.002217],[121.46047,25.002036],[121.46047,25.002036],[121.45986,25.002648],[121.45986,25.002648],[121.459931,25.00437],[121.459931,25.00437],[121.461043262981,25.0072766153747],[121.461043262981,25.0072766153747],[121.4634845,25.00860074],[121.4634845,25.00860074],[121.46366,25.010896],[121.46366,25.010896],[121.464544,25.012043],[121.464544,25.012043],[121.462542,25.01277],[121.462542,25.01277],[121.462964,25.015838],[121.462964,25.015838],[121.465129,25.018614],[121.465129,25.018614],[121.46695,25.02096],[121.46695,25.02096],[121.46882,25.024188],[121.46882,25.024188],[121.470516,25.027135],[121.470516,25.027135],[121.471658,25.028965],[121.471658,25.028965],[121.47362,25.03116],[121.47362,25.03116],[121.4760495,25.03388107],[121.4760495,25.03388107]]}},{"type":"Feature","properties":{"route_name":"249","color":"#dca43b"},"geometry":{"type":"LineString","coordinates":[[121.49673,24.977984],[121.49673,24.977984],[121.49882,24.979722],[121.49882,24.979722],[121.500808,24.980249],[121.500808,24.980249],[121.503256,24.981908],[121.503256,24.981908],[121.504014,24.982892],[121.504014,24.982892],[121.504585,24.983668],[121.504585,24.983668],[121.506781,24.985024],[121.506781,24.985024],[121.5079595,24.98406358],[121.5079595,24.98406358],[121.5092408,24.98292064],[121.5092408,24.98292064],[121.5113314,24.98355304],[121.5113314,24.98355304],[121.512171,24.985077],[121.512171,24.985077],[121.5126,24.986939],[121.5126,24.986939],[121.513308,24.988375],[121.513308,24.988375],[121.512485,24.989999],[121.512485,24.989999],[121.513228,24.994533],[121.513228,24.994533],[121.514859678286,24.9964243335687],[121.514859678286,24.9964243335687],[121.5164442,24.99830177],[121.516565619533,24.9983765816712],[121.5177138,25.00054939],[121.5177138,25.00054939],[121.5175452,25.0024569],[121.5175452,25.0024569],[121.517121,25.006519],[121.517121,25.006519],[121.51865,25.007465],[121.51865,25.007465],[121.5207753,25.00879945],[121.5207753,25.00879945],[121.520115,25.011264],[121.520115,25.011264],[121.518655,25.013451],[121.518655,25.013451],[121.517667,25.014315],[121.517667,25.014315],[121.5162239,25.01604284],[121.5162239,25.01604284]]}},{"type":"Feature","properties":{"route_name":"251","color":"#d7dc3b"},"geometry":{"type":"LineString","coordinates":[[121.61604,24.99886],[121.615986,24.998836],[121.611603,24.998231],[121.611603,24.998231],[121.6091801,24.998692],[121.6091801,24.998607],[121.606,25.00185175143],[121.606,25.00185175143],[121.603712640729,25.0027777194038],[121.603712640729,25.0027777194038],[121.600780470525,25.003972883576],[121.600780470525,25.003972883576],[121.59836661839,25.00478612556],[121.5983666,25.00478613]]}},{"type":"Feature","properties":{"route_name":"251區","color":"#3bb7dc"},"geometry":{"type":"LineString","coordinates":[[121.61604,24.99886],[121.615986,24.998836],[121.611603,24.998231],[121.611603,24.998231],[121.6091801,24.998692],[121.6091801,24.998607],[121.606,25.00185175143],[121.606,25.00185175143],[121.603712640729,25.0027777194038],[121.603712640729,25.0027777194038],[121.600780470525,25.003972883576],[121.600780470525,25.003972883576],[121.59836661839,25.00478612556],[121.5983666,25.00478613]]}},{"type":"Feature","properties":{"route_name":"252","color":"#d4dc3b"},"geometry":{"type":"LineString","coordinates":[[121.550164,24.978108],[121.550164,24.978108],[121.548575,24.9771],[121.548575,24.9771],[121.546778,24.975953],[121.546778,24.975953],[121.54475,24.97479],[121.54475,24.97479],[121.54366,24.97395],[121.543639,24.973973],[121.5430453,24.9753],[121.5430453,24.9753],[121.542795,24.978161],[121.542795,24.978161],[121.54183874603,24.981232663482],[121.5418387,24.98123266],[121.5413983,24.98334421],[121.5413983,24.98334421]]}},{"type":"Feature","properties":{"route_name":"253","color":"#d1dc3b"},"geometry":{"type":"LineString","coordinates":[[121.551066,24.983425],[121.551066,24.983425],[121.551537,24.980281],[121.551537,24.980281]]}},{"type":"Feature","properties":{"route_name":"254","color":"#cfdc3b"},"geometry":{"type":"LineString","coordinates":[[121.533888,24.9909],[121.533888,24.9909],[121.524798,24.990551],[121.524798,24.990551],[121.52296,24.99076],[121.52296,24.99076],[121.5194886,24.99170762],[121.5194886,24.99170762],[121.517362,24.992238],[121.517292,24.992212],[121.513089,24.99268],[121.513089,24.99268],[121.513517792484,24.994842197716],[121.513517792484,24.994842197716],[121.514859678286,24.9964243335687],[121.514859678286,24.9964243335687],[121.5164442,24.99830177],[121.516565619533,24.9983765816712],[121.518434,25.000124],[121.518434,25.000124],[121.52086,24.999844],[121.52086,24.999844],[121.522385215721,25.0012830070909],[121.522385215721,25.0012830070909],[121.522833,25.002882],[121.522833,25.002882]]}},{"type":"Feature","properties":{"route_name":"254區","color":"#b93bdc"},"geometry":{"type":"LineString","coordinates":[[121.533888,24.9909],[121.533888,24.9909],[121.5259498,24.99096231],[121.5259498,24.99096231],[121.526302,24.993685],[121.526302,24.993685],[121.526436,24.994659],[121.526436,24.994659],[121.526627,24.996255],[121.526627,24.996255],[121.5267065,24.99838696],[121.5267065,24.99838696],[121.52681,24.99982],[121.52681,24.99982],[121.5269278,25.00214652],[121.5269278,25.00214652]]}},{"type":"Feature","properties":{"route_name":"257","color":"#c7dc3b"},"geometry":{"type":"LineString","coordinates":[[121.442929473043,25.0555796397068],[121.442929473043,25.0555796397068],[121.445169924237,25.0556322981208],[121.445169924237,25.0556322981208],[121.447748,25.055131],[121.447748,25.055131],[121.44737,25.05436],[121.44737,25.05436],[121.445383787828,25.0544053736291],[121.445383787828,25.0544053736291],[121.44468,25.05186],[121.44468,25.05186],[121.4446583,25.04961766],[121.4446583,25.04961766],[121.445379037224,25.0490066229995],[121.445379037224,25.0490066229995],[121.448561,25.049077],[121.448561,25.049077],[121.451369639862,25.0491543957239],[121.451369639862,25.0491543957239],[121.4525192,25.04878785],[121.4525192,25.04878785],[121.45338,25.04652],[121.45338,25.04652],[121.453317,25.044839],[121.453317,25.044839],[121.456478,25.044235],[121.456478,25.044235],[121.458374,25.044339],[121.458374,25.044339],[121.45976,25.04304],[121.45976,25.04304],[121.459856,25.040005],[121.459856,25.040005],[121.4623098,25.03991225],[121.4623098,25.03991225],[121.46516,25.041731],[121.46516,25.041731],[121.4665635,25.0427471],[121.4665635,25.0427471],[121.469408,25.045403],[121.469408,25.045403],[121.471374,25.046158],[121.471374,25.046158],[121.473986,25.047009],[121.473986,25.047009],[121.4876744,25.05142477],[121.487739420364,25.0513765359288]]}},{"type":"Feature","properties":{"route_name":"261","color":"#84dc3b"},"geometry":{"type":"LineString","coordinates":[[121.465175,25.090152],[121.465175,25.090152],[121.465126,25.09079],[121.465126,25.09079],[121.46813918097,25.089515678208],[121.4681821,25.08956319],[121.46984,25.08807],[121.46984,25.08807],[121.472179,25.086159],[121.472179,25.086159],[121.474182,25.084581],[121.474196,25.084575],[121.475381,25.082946],[121.475381,25.082946],[121.47348,25.080837],[121.47348,25.080837],[121.47182,25.07961],[121.47182,25.07961],[121.467915780225,25.0751848083815],[121.467915780225,25.0751848083815],[121.468721,25.07235],[121.468721,25.07235],[121.470692510068,25.0720737220282],[121.470692510068,25.0720737220282],[121.473752,25.071403],[121.473752,25.071403],[121.476744,25.069312],[121.476744,25.069312],[121.479518,25.067757],[121.479518,25.067757],[121.482301,25.065398],[121.482301,25.065398],[121.485128,25.06332591],[121.485128,25.06332591],[121.48724,25.063061],[121.48724,25.063061],[121.489458,25.0670131],[121.489458,25.0670131],[121.492136594352,25.0704530835803],[121.4921724,25.07047254],[121.49367,25.071369],[121.49367,25.071369],[121.494692,25.070603],[121.494692,25.070603],[121.495798,25.068994],[121.495798,25.068994],[121.49641,25.067022],[121.49641,25.067022],[121.496788,25.065609],[121.496788,25.065609],[121.4974644,25.06310647],[121.4974644,25.06310647],[121.498057,25.060928],[121.498057,25.060928],[121.4983337,25.05971795],[121.4983337,25.05971795],[121.498795,25.05760253],[121.498795,25.05760253],[121.49998,25.05707],[121.49998,25.05707],[121.503152,25.062224],[121.503152,25.062224]]}},{"type":"Feature","properties":{"route_name":"261預","color":"#dcc43b"},"geometry":{"type":"LineString","coordinates":[[121.465175,25.090152],[121.465175,25.090152],[121.465126,25.09079],[121.465126,25.09079],[121.4681821,25.08956319],[121.46813918097,25.089515678208],[121.46984,25.08807],[121.46984,25.08807],[121.472179,25.086159],[121.472179,25.086159],[121.474182,25.084581],[121.474196,25.084575],[121.475381,25.082946],[121.475381,25.082946],[121.47348,25.080837],[121.47348,25.080837],[121.47182,25.07961],[121.47182,25.07961],[121.467915780225,25.0751848083815],[121.467915780225,25.0751848083815],[121.468721,25.07235],[121.468721,25.07235],[121.470692510068,25.0720737220282],[121.470692510068,25.0720737220282],[121.473752,25.071403],[121.473752,25.071403],[121.476744,25.069312],[121.476744,25.069312],[121.479518,25.067757],[121.479518,25.067757],[121.482301,25.065398],[121.482301,25.065398],[121.485128,25.06332591],[121.485128,25.06332591],[121.48724,25.063061],[121.48724,25.063061],[121.489458,25.0670131],[121.489458,25.0670131],[121.4921724,25.07047254],[121.492136594352,25.0704530835803],[121.49367,25.071369],[121.49367,25.071369],[121.494692,25.070603],[121.494692,25.070603],[121.495798,25.068994],[121.495798,25.068994],[121.49641,25.067022],[121.49641,25.067022],[121.496788,25.065609],[121.496788,25.065609],[121.4974644,25.06310647],[121.4974644,25.06310647],[121.498057,25.060928],[121.498057,25.060928],[121.4983337,25.05971795],[121.4983337,25.05971795],[121.498795,25.05760253],[121.498795,25.05760253],[121.49998,25.05707],[121.49998,25.05707],[121.503152,25.062224],[121.503152,25.062224]]}},{"type":"Feature","properties":{"route_name":"262","color":"#81dc3b"},"geometry":{"type":"LineString","coordinates":[[121.45886,24.972709],[121.45886,24.972709],[121.45879,24.974282],[121.45879,24.974282],[121.459036,24.977846],[121.459036,24.977846],[121.4591,24.979825],[121.4591,24.979825],[121.459236,24.982403],[121.459236,24.982403],[121.45907,24.985112],[121.45907,24.985112],[121.45993,24.988132],[121.45993,24.988132],[121.457478,24.988472],[121.457478,24.988472],[121.45429,24.98687],[121.45429,24.98687],[121.45155,24.984637],[121.45155,24.984637],[121.44997,24.98314],[121.44997,24.98314],[121.450306,24.981917],[121.454642,24.981473],[121.454642,24.981473],[121.456615,24.982947],[121.456615,24.982947],[121.459549,24.98446],[121.459549,24.98446],[121.462871,24.985364],[121.462871,24.985364],[121.465217,24.986269],[121.465217,24.986269],[121.468935,24.988257],[121.468935,24.988257],[121.47114,24.989461],[121.47114,24.989461],[121.477332,24.992043],[121.477332,24.992043],[121.4789782,24.99430779],[121.4789782,24.99430779],[121.482957,24.995553],[121.482957,24.995553],[121.485429,24.997541],[121.485429,24.997541],[121.485231,25.000556],[121.485231,25.000556],[121.4849,25.00316],[121.4849,25.00316],[121.486227,25.004805],[121.486227,25.004805],[121.490119,25.004677],[121.490119,25.004677],[121.492374,25.002543],[121.492374,25.002543],[121.493912,25.002028],[121.493889,25.002035],[121.495441,25.002211],[121.495441,25.002211],[121.4976874,25.00030984],[121.4996731019886,24.998331595875737],[121.4996731019886,24.998331595875737],[121.50137333996481,24.995456001390632],[121.50137333996481,24.995456001390632],[121.504297,24.993354],[121.504297,24.993354],[121.509186,24.992776],[121.509186,24.992776],[121.513228,24.994533],[121.513228,24.994533],[121.514859678286,24.9964243335687],[121.514859678286,24.9964243335687],[121.5164442,24.99830177],[121.516565619533,24.9983765816712],[121.5177138,25.00054939],[121.5177138,25.00054939],[121.5175452,25.0024569],[121.5175452,25.0024569],[121.517121,25.006519],[121.517121,25.006519],[121.51691,25.008459],[121.51691,25.008459],[121.5155,25.010161],[121.5155,25.010161],[121.515273,25.01258],[121.515273,25.01258],[121.5162239,25.01604284],[121.5162239,25.01604284]]}},{"type":"Feature","properties":{"route_name":"262區","color":"#61dc3b"},"geometry":{"type":"LineString","coordinates":[[121.492374,25.002543],[121.492374,25.002543],[121.493912,25.002028],[121.493889,25.002035],[121.495441,25.002211],[121.495441,25.002211],[121.4976874,25.00030984],[121.4996731019886,24.998331595875737],[121.4996731019886,24.998331595875737],[121.50137333996481,24.995456001390632],[121.50137333996481,24.995456001390632],[121.504297,24.993354],[121.504297,24.993354],[121.509186,24.992776],[121.509186,24.992776],[121.513228,24.994533],[121.513228,24.994533],[121.514859678286,24.9964243335687],[121.514859678286,24.9964243335687],[121.516565619533,24.9983765816712],[121.5164442,24.99830177],[121.5177138,25.00054939],[121.5177138,25.00054939],[121.5175452,25.0024569],[121.5175452,25.0024569],[121.517121,25.006519],[121.517121,25.006519],[121.51691,25.008459],[121.51691,25.008459],[121.5155,25.010161],[121.5155,25.010161],[121.515273,25.01258],[121.515273,25.01258],[121.5162239,25.01604284],[121.5162239,25.01604284]]}},{"type":"Feature","properties":{"route_name":"264","color":"#7cdc3b"},"geometry":{"type":"LineString","coordinates":[[121.4447909,25.0118181],[121.4447909,25.0118181],[121.447012,25.011585],[121.447012,25.011585],[121.4497662,25.00938284],[121.4497662,25.00938284],[121.45425,25.00964],[121.45425,25.00964],[121.4545959,25.01118631],[121.4545959,25.01118631],[121.456883,25.010986],[121.456883,25.010986],[121.458454,25.009036],[121.458454,25.009036],[121.460871,25.013298],[121.460871,25.013298],[121.462964,25.015838],[121.462964,25.015838],[121.465129,25.018614],[121.465129,25.018614],[121.46695,25.02096],[121.46695,25.02096],[121.46882,25.024188],[121.46882,25.024188],[121.470516,25.027135],[121.470516,25.027135],[121.471658,25.028965],[121.471658,25.028965],[121.47362,25.03116],[121.47362,25.03116],[121.4760495,25.03388107],[121.4760495,25.03388107],[121.487734,25.05174],[121.487734,25.05174],[121.483416,25.054231],[121.483416,25.054231],[121.4834352,25.055492],[121.4834352,25.055492],[121.487921,25.057218],[121.487921,25.057218],[121.4905425,25.05907329],[121.4905425,25.05907329],[121.4925214,25.06043253],[121.4925214,25.06043253],[121.49493,25.061403],[121.49493,25.061403],[121.4975969,25.06353227],[121.4975969,25.06353227],[121.497108,25.065218],[121.497108,25.065218],[121.496507,25.067084],[121.496507,25.067084],[121.496013,25.068848],[121.495103,25.070313],[121.495103,25.070313],[121.493557306213,25.0715952730589],[121.493557306213,25.0715952730589],[121.491880982174,25.0718610139708],[121.491880982174,25.0718610139708],[121.489058875813,25.0721291686816],[121.489058875813,25.0721291686816],[121.4870209,25.07240401],[121.4870209,25.07240401],[121.487332,25.074644],[121.487332,25.074644],[121.4873983,25.07639978],[121.4873983,25.07639978],[121.486132,25.07710199],[121.486132,25.07710199],[121.4844874,25.0780278],[121.4844874,25.0780278],[121.4828427,25.0789135],[121.4828427,25.0789135],[121.480476,25.080319],[121.480476,25.080319],[121.479605,25.0829],[121.4790231,25.085005],[121.4773969,25.087821],[121.478197,25.088768],[121.478197,25.088768],[121.477381,25.090142],[121.477381,25.090142],[121.4746729,25.0915272],[121.4746729,25.0915272],[121.4720886,25.09195231],[121.4720886,25.09195231],[121.469618,25.0904971],[121.469618,25.0904971],[121.467789,25.090065],[121.467789,25.090065],[121.4647878,25.09124688],[121.4647878,25.09124688]]}},{"type":"Feature","properties":{"route_name":"265區","color":"#3ba9dc"},"geometry":{"type":"LineString","coordinates":[[121.464352,24.99752483],[121.464352,24.99752483],[121.463918,24.998622],[121.463918,24.998622],[121.46299,25.001439],[121.46299,25.001439],[121.462231,25.002217],[121.462231,25.002217],[121.46047,25.002036],[121.46047,25.002036],[121.45986,25.002648],[121.45986,25.002648],[121.459931,25.00437],[121.459931,25.00437],[121.461043262981,25.0072766153747],[121.461043262981,25.0072766153747],[121.46584,25.00839],[121.46584,25.00839],[121.46822,25.007531],[121.46822,25.007531],[121.470497,25.006683],[121.470497,25.006683],[121.4723534,25.00693083],[121.472414,25.00696],[121.47106,25.009636],[121.47106,25.009636],[121.469318,25.012472],[121.469318,25.012472],[121.471041,25.014344],[121.471041,25.014344],[121.4724073,25.01497569],[121.4724073,25.01497569],[121.474547,25.016013],[121.474547,25.016013],[121.475893,25.016626],[121.475893,25.016626],[121.47829,25.017984],[121.47829,25.017984],[121.48066,25.01945],[121.48066,25.01945],[121.483153,25.02103],[121.483153,25.02103]]}},{"type":"Feature","properties":{"route_name":"265夜","color":"#6e3bdc"},"geometry":{"type":"LineString","coordinates":[[121.4446911,24.98027123],[121.4446911,24.98027123],[121.443748,24.982863],[121.443748,24.982863],[121.445547,24.986196],[121.445547,24.986196],[121.447058,24.988564],[121.447058,24.988564],[121.449,24.991567],[121.449,24.991567],[121.449607,24.992453],[121.449607,24.992453],[121.45162,24.994319],[121.45162,24.994319],[121.45373,24.995168],[121.45373,24.995168],[121.457732,24.995237],[121.457732,24.995237],[121.462194,24.996111],[121.462194,24.996111],[121.464352,24.99752483],[121.464352,24.99752483],[121.463918,24.998622],[121.463918,24.998622],[121.46299,25.001439],[121.46299,25.001439],[121.462231,25.002217],[121.462231,25.002217],[121.46047,25.002036],[121.46047,25.002036],[121.45986,25.002648],[121.45986,25.002648],[121.459931,25.00437],[121.459931,25.00437],[121.461043262981,25.0072766153747],[121.461043262981,25.0072766153747],[121.46584,25.00839],[121.46584,25.00839],[121.46822,25.007531],[121.46822,25.007531],[121.470497,25.006683],[121.470497,25.006683],[121.472414,25.00696],[121.4723534,25.00693083],[121.47106,25.009636],[121.47106,25.009636],[121.469318,25.012472],[121.469318,25.012472],[121.471041,25.014344],[121.471041,25.014344],[121.4724073,25.01497569],[121.4724073,25.01497569],[121.474547,25.016013],[121.474547,25.016013],[121.475893,25.016626],[121.475893,25.016626],[121.47829,25.017984],[121.47829,25.017984],[121.48066,25.01945],[121.48066,25.01945],[121.483153,25.02103],[121.483153,25.02103]]}},{"type":"Feature","properties":{"route_name":"265經中央路","color":"#9cdc3b"},"geometry":{"type":"LineString","coordinates":[[121.4446911,24.98027123],[121.4446911,24.98027123],[121.443748,24.982863],[121.443748,24.982863],[121.445547,24.986196],[121.445547,24.986196],[121.447058,24.988564],[121.447058,24.988564],[121.449,24.991567],[121.449,24.991567],[121.449607,24.992453],[121.449607,24.992453],[121.45162,24.994319],[121.45162,24.994319],[121.45373,24.995168],[121.45373,24.995168],[121.457732,24.995237],[121.457732,24.995237],[121.462194,24.996111],[121.462194,24.996111],[121.464352,24.99752483],[121.464352,24.99752483],[121.463918,24.998622],[121.463918,24.998622],[121.46299,25.001439],[121.46299,25.001439],[121.462231,25.002217],[121.462231,25.002217],[121.46047,25.002036],[121.46047,25.002036],[121.45986,25.002648],[121.45986,25.002648],[121.459931,25.00437],[121.459931,25.00437],[121.461043262981,25.0072766153747],[121.461043262981,25.0072766153747],[121.4634845,25.00860074],[121.4634845,25.00860074],[121.46366,25.010896],[121.46366,25.010896],[121.464544,25.012043],[121.464544,25.012043],[121.462602,25.012813],[121.462602,25.012813],[121.46755,25.01269],[121.46755,25.01269],[121.471041,25.014344],[121.471041,25.014344],[121.472167,25.014557],[121.472167,25.014557],[121.47322,25.013841],[121.47322,25.013841],[121.475799,25.012227],[121.475816,25.012269],[121.479068,25.0127],[121.479068,25.0127],[121.479287,25.015381],[121.479287,25.015381],[121.479351,25.01784],[121.479351,25.01784],[121.48066,25.01945],[121.48066,25.01945],[121.483153,25.02103],[121.483153,25.02103]]}},{"type":"Feature","properties":{"route_name":"265經明德路","color":"#dc3bc7"},"geometry":{"type":"LineString","coordinates":[[121.453226,24.97953964],[121.45038,24.98198],[121.4482939,24.9830614],[121.4469367,24.98358785],[121.4447942,24.98433693],[121.4447942,24.98433693],[121.445547,24.986196],[121.445547,24.986196],[121.447058,24.988564],[121.447058,24.988564],[121.449,24.991567],[121.449,24.991567],[121.449607,24.992453],[121.449607,24.992453],[121.45162,24.994319],[121.45162,24.994319],[121.45373,24.995168],[121.45373,24.995168],[121.457732,24.995237],[121.457732,24.995237],[121.462194,24.996111],[121.462194,24.996111],[121.464352,24.99752483],[121.464352,24.99752483],[121.463918,24.998622],[121.463918,24.998622],[121.46299,25.001439],[121.46299,25.001439],[121.462231,25.002217],[121.462231,25.002217],[121.46047,25.002036],[121.46047,25.002036],[121.45986,25.002648],[121.45986,25.002648],[121.459931,25.00437],[121.459931,25.00437],[121.461043262981,25.0072766153747],[121.461043262981,25.0072766153747],[121.4634845,25.00860074],[121.4634845,25.00860074],[121.46366,25.010896],[121.46366,25.010896],[121.464544,25.012043],[121.464544,25.012043],[121.462602,25.012813],[121.462602,25.012813],[121.46755,25.01269],[121.46755,25.01269],[121.471041,25.014344],[121.471041,25.014344],[121.472167,25.014557],[121.472167,25.014557],[121.47322,25.013841],[121.47322,25.013841],[121.475799,25.012227],[121.475816,25.012269],[121.479068,25.0127],[121.479068,25.0127],[121.479287,25.015381],[121.479287,25.015381],[121.479351,25.01784],[121.479351,25.01784],[121.48066,25.01945],[121.48066,25.01945],[121.483153,25.02103],[121.483153,25.02103]]}},{"type":"Feature","properties":{"route_name":"274","color":"#3bdc4e"},"geometry":{"type":"LineString","coordinates":[[121.4691805,25.07853582],[121.4691805,25.07853582],[121.468829,25.077997],[121.468829,25.077997],[121.467915780225,25.0751848083815],[121.467915780225,25.0751848083815],[121.468721,25.07235],[121.468721,25.07235],[121.470692510068,25.0720737220282],[121.470692510068,25.0720737220282],[121.473752,25.071403],[121.473752,25.071403],[121.477545,25.069419],[121.477545,25.069419],[121.48052,25.06855],[121.48052,25.06855],[121.483106,25.068867],[121.483106,25.068867],[121.485736,25.07085586],[121.485736,25.07085586],[121.488742,25.069746],[121.488742,25.069746],[121.490039523138,25.0689190842076],[121.4901147,25.06884451],[121.4921724,25.07047254],[121.492136594352,25.0704530835803],[121.49367,25.071369],[121.49367,25.071369],[121.495689942899,25.0710388497354],[121.495689942899,25.0710388497354],[121.496763,25.07022903],[121.496763,25.07022903],[121.49806,25.06934],[121.49806,25.06934],[121.499510882057,25.0683597687088],[121.499510882057,25.0683597687088],[121.500788879211,25.0671811216025],[121.500788879211,25.0671811216025],[121.502278,25.064639],[121.502278,25.064639]]}},{"type":"Feature","properties":{"route_name":"275","color":"#3bdc51"},"geometry":{"type":"LineString","coordinates":[[121.459437,24.967772],[121.45942,24.970087],[121.459543,24.97133],[121.45886,24.972709],[121.45886,24.972709],[121.45879,24.974282],[121.45879,24.974282],[121.459036,24.977846],[121.459036,24.977846],[121.4591,24.979825],[121.4591,24.979825],[121.46054,24.981837],[121.4618374,24.983292],[121.465217,24.986269],[121.465217,24.986269],[121.468935,24.988257],[121.468935,24.988257],[121.47114,24.989461],[121.47114,24.989461],[121.477332,24.992043],[121.477332,24.992043],[121.4789782,24.99430779],[121.4789782,24.99430779],[121.482957,24.995553],[121.482957,24.995553],[121.484429,24.996128],[121.484429,24.996128],[121.4903845,24.99626066],[121.4903845,24.99626066],[121.492320399314,24.9965568353221],[121.492320399314,24.9965568353221],[121.4951329,24.99819818],[121.4951329,24.99819818],[121.49693,25.000377],[121.498554,25.001978],[121.498554,25.001978],[121.4994011,25.00029878],[121.4996731019886,24.998331595875737],[121.4996731019886,24.998331595875737],[121.50137333996481,24.995456001390632],[121.50137333996481,24.995456001390632],[121.504723,24.992843],[121.5048144,24.99146296],[121.5064924,24.99014796],[121.507817,24.98841],[121.508692,24.987269],[121.509748,24.988657],[121.510841,24.990197],[121.510841,24.990197],[121.512965,24.992332],[121.512965,24.992332],[121.515962,24.992018],[121.516141,24.991961],[121.519446,24.991327],[121.519446,24.991327],[121.5259498,24.99096231],[121.5259498,24.99096231],[121.526302,24.993685],[121.526302,24.993685],[121.526436,24.994659],[121.526436,24.994659],[121.526627,24.996255],[121.526627,24.996255],[121.5267065,24.99838696],[121.5267065,24.99838696],[121.52681,24.99982],[121.52681,24.99982],[121.5269278,25.00214652],[121.5269278,25.00214652]]}},{"type":"Feature","properties":{"route_name":"284","color":"#3bdca1"},"geometry":{"type":"LineString","coordinates":[[121.62598,25.06383],[121.62598,25.06383],[121.628202,25.061017],[121.628202,25.061017],[121.630064,25.062346],[121.630064,25.062346],[121.63165,25.06338],[121.63165,25.06338],[121.631401137544,25.0660033327685],[121.631401137544,25.0660033327685],[121.628825,25.067787],[121.628825,25.067787],[121.626867537731,25.067368167607],[121.626867537731,25.067368167607],[121.62487,25.067032],[121.62487,25.067032],[121.6212807,25.06666453],[121.621242309823,25.0666228369498],[121.6188199,25.06680801],[121.618948,25.066708]]}},{"type":"Feature","properties":{"route_name":"290副","color":"#3bacdc"},"geometry":{"type":"LineString","coordinates":[[121.5411399,24.98335228],[121.5411399,24.98335228],[121.539702,24.982991],[121.538676,24.983033],[121.535467,24.982885],[121.535467,24.982885],[121.53367,24.98182],[121.53367,24.98182],[121.533849,24.979589],[121.533849,24.979589],[121.532675,24.977492],[121.532675,24.977492],[121.531417,24.975477],[121.531417,24.975477],[121.52988,24.97344],[121.52988,24.97344]]}},{"type":"Feature","properties":{"route_name":"290副萬和","color":"#41dc3b"},"geometry":{"type":"LineString","coordinates":[[121.5411399,24.98335228],[121.5411399,24.98335228],[121.539702,24.982991],[121.538676,24.983033],[121.535467,24.982885],[121.535467,24.982885],[121.53367,24.98182],[121.53367,24.98182],[121.533849,24.979589],[121.533849,24.979589],[121.532675,24.977492],[121.532675,24.977492],[121.531417,24.975477],[121.531417,24.975477],[121.52988,24.97344],[121.52988,24.97344]]}},{"type":"Feature","properties":{"route_name":"292","color":"#3bc9dc"},"geometry":{"type":"LineString","coordinates":[[121.4730962,25.07428078],[121.473752,25.071403],[121.473752,25.071403],[121.476744,25.069312],[121.476744,25.069312],[121.479518,25.067757],[121.479518,25.067757],[121.482301,25.065398],[121.482301,25.065398],[121.485128,25.06332591],[121.485128,25.06332591],[121.486632,25.06030506],[121.48663201223,25.060305060826],[121.48651605944,25.0580096673922],[121.48651605944,25.0580096673922],[121.487921,25.057218],[121.487921,25.057218],[121.4905425,25.05907329],[121.4905425,25.05907329],[121.4925214,25.06043253],[121.4925214,25.06043253],[121.49493,25.061403],[121.49493,25.061403],[121.498323,25.062277],[121.498323,25.062277],[121.50044,25.063054],[121.50044,25.063054],[121.501898428168,25.0636037876107],[121.501898428168,25.0636037876107]]}},{"type":"Feature","properties":{"route_name":"292副","color":"#713bdc"},"geometry":{"type":"LineString","coordinates":[[121.4730962,25.07428078],[121.473752,25.071403],[121.473752,25.071403],[121.476744,25.069312],[121.476744,25.069312],[121.479518,25.067757],[121.479518,25.067757],[121.482301,25.065398],[121.482301,25.065398],[121.485128,25.06332591],[121.485128,25.06332591],[121.48663201223,25.060305060826],[121.486632,25.06030506],[121.48651605944,25.0580096673922],[121.48651605944,25.0580096673922],[121.487921,25.057218],[121.487921,25.057218],[121.4905425,25.05907329],[121.4905425,25.05907329],[121.4925214,25.06043253],[121.4925214,25.06043253],[121.49493,25.061403],[121.49493,25.061403],[121.498323,25.062277],[121.498323,25.062277],[121.50044,25.063054],[121.50044,25.063054],[121.501898428168,25.0636037876107],[121.501898428168,25.0636037876107]]}},{"type":"Feature","properties":{"route_name":"297","color":"#3bbcdc"},"geometry":{"type":"LineString","coordinates":[[121.492374,25.002543],[121.492374,25.002543],[121.493889,25.002035],[121.493912,25.002028],[121.495441,25.002211],[121.495441,25.002211],[121.498123,25.002407],[121.498123,25.002407],[121.5003993,25.00264981],[121.5003993,25.00264981],[121.502608785098,25.0033780465089],[121.5026,25.00337],[121.504545,25.004905],[121.504545,25.004905],[121.506749,25.006803],[121.506749,25.006803],[121.50974,25.00919],[121.50974,25.00919],[121.51308,25.01056],[121.51308,25.01056],[121.515273,25.01258],[121.515273,25.01258],[121.5162239,25.01604284],[121.5162239,25.01604284]]}},{"type":"Feature","properties":{"route_name":"297預","color":"#3b3bdc"},"geometry":{"type":"LineString","coordinates":[[121.492374,25.002543],[121.492374,25.002543],[121.493889,25.002035],[121.493912,25.002028],[121.495441,25.002211],[121.495441,25.002211],[121.498123,25.002407],[121.498123,25.002407],[121.5003993,25.00264981],[121.5003993,25.00264981],[121.5026,25.00337],[121.502608785098,25.0033780465089],[121.504545,25.004905],[121.504545,25.004905],[121.506749,25.006803],[121.506749,25.006803],[121.50974,25.00919],[121.50974,25.00919],[121.51308,25.01056],[121.51308,25.01056],[121.515273,25.01258],[121.515273,25.01258],[121.5162239,25.01604284],[121.5162239,25.01604284]]}},{"type":"Feature","properties":{"route_name":"299","color":"#3bb7dc"},"geometry":{"type":"LineString","coordinates":[[121.42762137851386,25.004889114481998],[121.4314506,25.005106],[121.4314506,25.005106],[121.432929,25.007876],[121.432929,25.007876],[121.432866,25.00947],[121.432866,25.00947],[121.432869,25.010698],[121.432794,25.010704],[121.4327276,25.01294458],[121.4327276,25.01294458],[121.432839,25.015233],[121.432839,25.015233],[121.4337502,25.01986167],[121.4337502,25.01986167],[121.4348185,25.021865],[121.4348185,25.021865],[121.435108,25.024536],[121.435108,25.024536],[121.434989,25.02727],[121.434989,25.02727],[121.434521,25.030458],[121.434521,25.030458],[121.4339717,25.031677],[121.4339717,25.031677],[121.435466,25.032612],[121.435466,25.032612],[121.442607,25.033904],[121.442607,25.033904],[121.44483,25.034382],[121.44483,25.034382],[121.447999,25.036868],[121.447999,25.036868],[121.446462,25.039479],[121.446462,25.039479],[121.445653,25.040714],[121.445653,25.040714],[121.446267,25.041709],[121.446267,25.041709],[121.447989,25.042457],[121.447989,25.042457],[121.451981,25.043465],[121.451981,25.043465],[121.45344230802844,25.044798002588216],[121.45344230802844,25.044798002588216],[121.453663,25.046303],[121.453663,25.046303],[121.452927,25.047732],[121.452927,25.047732],[121.453486,25.049192],[121.453486,25.049192],[121.456008,25.049301],[121.456008,25.049301],[121.457859,25.049369],[121.457859,25.049369],[121.461247,25.049397],[121.465090730522,25.0493263177027],[121.4660724,25.05098383],[121.466381,25.053343],[121.466381,25.053343],[121.46607,25.05527],[121.4655436,25.05779469],[121.465274,25.061164],[121.465274,25.061164],[121.468148097399,25.0613446467768],[121.468148097399,25.0613446467768],[121.483061607875,25.0613696251157],[121.483061607875,25.0613696251157]]}},{"type":"Feature","properties":{"route_name":"304承德","color":"#3bdca4"},"geometry":{"type":"LineString","coordinates":[[121.5155769771344,25.014430464101867],[121.5155769771344,25.014430464101867],[121.5147464,25.0115956],[121.5147464,25.0115956],[121.51386,25.00839],[121.51386,25.00839],[121.51286138332,25.0056877314979],[121.51286138332,25.0056877314979],[121.513414,25.003661],[121.513414,25.003661],[121.51494,25.00191],[121.51494,25.00191],[121.51597,25.00009],[121.51597,25.00009],[121.516997,24.999014],[121.516997,24.999014],[121.515268767725,24.9970684513473],[121.515268767725,24.9970684513473],[121.51401799691,24.9955699494036],[121.51401799691,24.9955699494036],[121.51244,24.99634],[121.51244,24.99634],[121.51196,24.99767],[121.51196,24.99767],[121.51347,24.99948],[121.51347,24.99948]]}},{"type":"Feature","properties":{"route_name":"304重慶","color":"#3bdcd1"},"geometry":{"type":"LineString","coordinates":[[121.5155769771344,25.014430464101867],[121.5155769771344,25.014430464101867],[121.5147464,25.0115956],[121.5147464,25.0115956],[121.51386,25.00839],[121.51386,25.00839],[121.51286138332,25.0056877314979],[121.51286138332,25.0056877314979],[121.513414,25.003661],[121.513414,25.003661],[121.51494,25.00191],[121.51494,25.00191],[121.51597,25.00009],[121.51597,25.00009],[121.516997,24.999014],[121.516997,24.999014],[121.515268767725,24.9970684513473],[121.515268767725,24.9970684513473],[121.51401799691,24.9955699494036],[121.51401799691,24.9955699494036],[121.51244,24.99634],[121.51244,24.99634],[121.51196,24.99767],[121.51196,24.99767],[121.51347,24.99948],[121.51347,24.99948]]}},{"type":"Feature","properties":{"route_name":"306","color":"#3bdc94"},"geometry":{"type":"LineString","coordinates":[[121.465804,25.089056],[121.465804,25.089056],[121.46664,25.08814],[121.46664,25.08814],[121.4677982,25.08671129],[121.4677982,25.08671129],[121.4684977,25.08574782],[121.4684977,25.08574782],[121.470464,25.08302],[121.470464,25.08302],[121.472348,25.081628],[121.472348,25.081628],[121.473209,25.081859],[121.473209,25.081859],[121.476637,25.081453],[121.476637,25.081453],[121.479191,25.080762],[121.479191,25.080762],[121.481238194798,25.0795793818446],[121.481391,25.079502],[121.483076,25.078537],[121.483076,25.078537],[121.4845214,25.07777593],[121.4845214,25.07777593],[121.4859364,25.07691628],[121.4859364,25.07691628],[121.48856950179,25.075482682654],[121.48856950179,25.075482682654],[121.491151,25.073995],[121.491151,25.073995],[121.492963,25.07293],[121.492963,25.07293],[121.49431,25.071998],[121.49431,25.071998],[121.49511101853,25.0701489438371],[121.49511101853,25.0701489438371],[121.495798,25.068994],[121.495798,25.068994],[121.49641,25.067022],[121.49641,25.067022],[121.496788,25.065609],[121.496788,25.065609],[121.4974644,25.06310647],[121.4974644,25.06310647],[121.498057,25.060928],[121.498057,25.060928],[121.4983337,25.05971795],[121.4983337,25.05971795],[121.498795,25.05760253],[121.498795,25.05760253],[121.49998,25.05707],[121.49998,25.05707],[121.503152,25.062224],[121.503152,25.062224]]}},{"type":"Feature","properties":{"route_name":"307","color":"#3bdc96"},"geometry":{"type":"LineString","coordinates":[[121.452109,25.022559],[121.452324,25.026206],[121.452324,25.026206],[121.453808034732,25.0258419392865],[121.454215,25.023423],[121.454215,25.023423],[121.454666,25.020666],[121.454666,25.020666],[121.45531395,25.01938238],[121.45531395,25.01938238],[121.456421,25.016976],[121.456421,25.016976],[121.45642,25.014996],[121.45642,25.014996],[121.4561617,25.01274499],[121.4561617,25.01274499],[121.456883,25.010986],[121.456883,25.010986],[121.458454,25.009036],[121.458454,25.009036],[121.460871,25.013298],[121.460871,25.013298],[121.462542,25.01277],[121.462542,25.01277],[121.4643742,25.0118568],[121.4643742,25.0118568],[121.465209,25.009624],[121.46584,25.00839],[121.46584,25.00839],[121.46822,25.007531],[121.46822,25.007531],[121.470497,25.006683],[121.470497,25.006683],[121.4730341,25.00622954],[121.4730341,25.00622954],[121.47597,25.005765],[121.47597,25.005765],[121.478674,25.005751],[121.478674,25.005751],[121.480278,25.004871],[121.480278,25.004871],[121.480636,25.00395],[121.480636,25.00395],[121.481193,25.000604],[121.481193,25.000604],[121.481182,24.998038],[121.481182,24.998038],[121.4809504,24.99579873],[121.4809504,24.99579873],[121.482957,24.995553],[121.482957,24.995553],[121.484429,24.996128],[121.484429,24.996128],[121.4903845,24.99626066],[121.4903845,24.99626066],[121.492320399314,24.9965568353221],[121.492320399314,24.9965568353221],[121.4951329,24.99819818],[121.4951329,24.99819818],[121.4964382,24.99966641],[121.496428401096,24.9996352583255],[121.496889,25.001888],[121.496889,25.001888],[121.496762,25.003062],[121.496762,25.003062]]}},{"type":"Feature","properties":{"route_name":"307西藏三民","color":"#dc3bb7"},"geometry":{"type":"LineString","coordinates":[[121.452109,25.022559],[121.452324,25.026206],[121.452324,25.026206],[121.453808034732,25.0258419392865],[121.454215,25.023423],[121.454215,25.023423],[121.454666,25.020666],[121.454666,25.020666],[121.45531395,25.01938238],[121.45531395,25.01938238],[121.456421,25.016976],[121.456421,25.016976],[121.45642,25.014996],[121.45642,25.014996],[121.4561617,25.01274499],[121.4561617,25.01274499],[121.456883,25.010986],[121.456883,25.010986],[121.458454,25.009036],[121.458454,25.009036],[121.460871,25.013298],[121.460871,25.013298],[121.462542,25.01277],[121.462542,25.01277],[121.4643742,25.0118568],[121.4643742,25.0118568],[121.465209,25.009624],[121.46584,25.00839],[121.46584,25.00839],[121.46822,25.007531],[121.46822,25.007531],[121.470497,25.006683],[121.470497,25.006683],[121.4730341,25.00622954],[121.4730341,25.00622954],[121.47597,25.005765],[121.47597,25.005765],[121.478674,25.005751],[121.478674,25.005751],[121.480278,25.004871],[121.480278,25.004871],[121.480636,25.00395],[121.480636,25.00395],[121.481193,25.000604],[121.481193,25.000604],[121.481182,24.998038],[121.481182,24.998038],[121.4809504,24.99579873],[121.4809504,24.99579873],[121.482957,24.995553],[121.482957,24.995553],[121.484429,24.996128],[121.484429,24.996128],[121.4903845,24.99626066],[121.4903845,24.99626066],[121.492320399314,24.9965568353221],[121.492320399314,24.9965568353221],[121.4951329,24.99819818],[121.4951329,24.99819818],[121.496428401096,24.9996352583255],[121.4964382,24.99966641],[121.496889,25.001888],[121.496889,25.001888],[121.496762,25.003062],[121.496762,25.003062]]}},{"type":"Feature","properties":{"route_name":"308","color":"#3bdc99"},"geometry":{"type":"LineString","coordinates":[[121.448174,25.176635],[121.448174,25.176635],[121.4450254,25.17682678],[121.4450254,25.17682678],[121.441793,25.175626],[121.441793,25.175626],[121.442618297947,25.1704243596582],[121.442618297947,25.1704243596582],[121.4442,25.169611],[121.4442,25.169611],[121.446540610778,25.1674549071321],[121.446540610778,25.1674549071321],[121.450473694757,25.1644146571651],[121.450473694757,25.1644146571651],[121.452589611071,25.1621775958734],[121.452589611071,25.1621775958734],[121.45522,25.159233],[121.45522,25.159233],[121.4588816,25.15632375],[121.4588816,25.15632375],[121.459145801051,25.1538309248044],[121.459145801051,25.1538309248044],[121.459294535654,25.150520722511],[121.459294535654,25.150520722511],[121.459489,25.147167],[121.459489,25.147167],[121.4595,25.143486],[121.4595,25.143486],[121.459527,25.139953],[121.459527,25.139953],[121.459785450848,25.1362964415127],[121.459785450848,25.1362964415127],[121.458878069521,25.1330124900217],[121.458878069521,25.1330124900217]]}},{"type":"Feature","properties":{"route_name":"310","color":"#3bdcd7"},"geometry":{"type":"LineString","coordinates":[[121.450234,25.02191],[121.450234,25.02191],[121.452324,25.026206],[121.452324,25.026206],[121.453808034732,25.0258419392865],[121.454215,25.023423],[121.454215,25.023423],[121.454666,25.020666],[121.454666,25.020666],[121.45531395,25.01938238],[121.45531395,25.01938238],[121.456421,25.016976],[121.456421,25.016976],[121.45642,25.014996],[121.45642,25.014996],[121.4561617,25.01274499],[121.4561617,25.01274499],[121.456883,25.010986],[121.456883,25.010986],[121.458454,25.009036],[121.458454,25.009036],[121.460871,25.013298],[121.460871,25.013298],[121.462964,25.015838],[121.462964,25.015838],[121.465129,25.018614],[121.465129,25.018614],[121.46695,25.02096],[121.46695,25.02096],[121.46882,25.024188],[121.46882,25.024188],[121.470516,25.027135],[121.470516,25.027135],[121.471658,25.028965],[121.471658,25.028965],[121.47362,25.03116],[121.47362,25.03116],[121.4760495,25.03388107],[121.4760495,25.03388107]]}},{"type":"Feature","properties":{"route_name":"310區","color":"#3bc1dc"},"geometry":{"type":"LineString","coordinates":[[121.450234,25.02191],[121.450234,25.02191],[121.452324,25.026206],[121.452324,25.026206],[121.453808034732,25.0258419392865],[121.454215,25.023423],[121.454215,25.023423],[121.454666,25.020666],[121.454666,25.020666],[121.45531395,25.01938238],[121.45531395,25.01938238],[121.456421,25.016976],[121.456421,25.016976],[121.45642,25.014996],[121.45642,25.014996],[121.4561617,25.01274499],[121.4561617,25.01274499],[121.456883,25.010986],[121.456883,25.010986],[121.458454,25.009036],[121.458454,25.009036],[121.460871,25.013298],[121.460871,25.013298],[121.462964,25.015838],[121.462964,25.015838],[121.465129,25.018614],[121.465129,25.018614],[121.46695,25.02096],[121.46695,25.02096],[121.46882,25.024188],[121.46882,25.024188],[121.470516,25.027135],[121.470516,25.027135],[121.471658,25.028965],[121.471658,25.028965],[121.47362,25.03116],[121.47362,25.03116],[121.4760495,25.03388107],[121.4760495,25.03388107]]}},{"type":"Feature","properties":{"route_name":"311","color":"#3bdcd9"},"geometry":{"type":"LineString","coordinates":[[121.477332,24.992043],[121.477332,24.992043],[121.4789782,24.99430779],[121.4789782,24.99430779],[121.482957,24.995553],[121.482957,24.995553],[121.484429,24.996128],[121.484429,24.996128],[121.4903845,24.99626066],[121.4903845,24.99626066],[121.492320399314,24.9965568353221],[121.492320399314,24.9965568353221],[121.4951329,24.99819818],[121.4951329,24.99819818],[121.4964382,24.99966641],[121.496428401096,24.9996352583255],[121.498554,25.001978],[121.498554,25.001978],[121.500968,25.000553],[121.500968,25.000553],[121.502769736506,24.9996954644534],[121.502769736506,24.9996954644534],[121.5048263,24.99965591],[121.5048263,24.99965591],[121.50739,24.999571],[121.50739,24.999571],[121.508875,24.998841],[121.5109042,24.99738917],[121.51246,24.99621],[121.51246,24.99621],[121.514859678286,24.9964243335687],[121.514859678286,24.9964243335687],[121.516565619533,24.9983765816712],[121.5164442,24.99830177],[121.5177138,25.00054939],[121.5177138,25.00054939],[121.5175165983338,25.002780010490255],[121.517263,25.005156],[121.517263,25.005156],[121.517121,25.006519],[121.517121,25.006519],[121.51865,25.007465],[121.51865,25.007465],[121.522301,25.007816],[121.522301,25.007816]]}},{"type":"Feature","properties":{"route_name":"311區","color":"#3b6edc"},"geometry":{"type":"LineString","coordinates":[[121.477332,24.992043],[121.477332,24.992043],[121.4789782,24.99430779],[121.4789782,24.99430779],[121.482957,24.995553],[121.482957,24.995553],[121.484429,24.996128],[121.484429,24.996128],[121.4903845,24.99626066],[121.4903845,24.99626066],[121.492320399314,24.9965568353221],[121.492320399314,24.9965568353221],[121.4951329,24.99819818],[121.4951329,24.99819818],[121.496428401096,24.9996352583255],[121.4964382,24.99966641],[121.498554,25.001978],[121.498554,25.001978],[121.500968,25.000553],[121.500968,25.000553],[121.502769736506,24.9996954644534],[121.502769736506,24.9996954644534],[121.5048263,24.99965591],[121.5048263,24.99965591],[121.50739,24.999571],[121.50739,24.999571],[121.508875,24.998841],[121.5109042,24.99738917],[121.51246,24.99621],[121.51246,24.99621],[121.514859678286,24.9964243335687],[121.514859678286,24.9964243335687],[121.5164442,24.99830177],[121.516565619533,24.9983765816712],[121.5177138,25.00054939],[121.5177138,25.00054939],[121.5175165983338,25.002780010490255],[121.517263,25.005156],[121.517263,25.005156],[121.517121,25.006519],[121.517121,25.006519],[121.51865,25.007465],[121.51865,25.007465],[121.522301,25.007816],[121.522301,25.007816]]}},{"type":"Feature","properties":{"route_name":"39","color":"#3bacdc"},"geometry":{"type":"LineString","coordinates":[[121.486786,25.088196],[121.486786,25.088196],[121.488934,25.086181],[121.488934,25.086181],[121.487314,25.083457],[121.487182,25.082181],[121.483714,25.081036],[121.481238194798,25.0795793818446],[121.481391,25.079502],[121.483076,25.078537],[121.483076,25.078537],[121.4845214,25.07777593],[121.4845214,25.07777593],[121.486331,25.07669],[121.486331,25.07669],[121.487215334702,25.0747990058591],[121.4872153,25.07479901],[121.486855,25.072367],[121.486855,25.072367],[121.489042701559,25.071991100457],[121.489042701559,25.071991100457],[121.4919747,25.07174969],[121.4919747,25.07174969],[121.49367,25.071369],[121.49367,25.071369],[121.49511101853,25.0701489438371],[121.49511101853,25.0701489438371],[121.495798,25.068994],[121.495798,25.068994],[121.49641,25.067022],[121.49641,25.067022],[121.496788,25.065609],[121.496788,25.065609],[121.4974644,25.06310647],[121.4974644,25.06310647],[121.496784994,25.061930885],[121.496784994,25.061930885],[121.494254721567,25.0614913406773],[121.494254721567,25.0614913406773],[121.4940315,25.05927578],[121.4940315,25.05927578],[121.4939169,25.05705719],[121.4939169,25.05705719]]}},{"type":"Feature","properties":{"route_name":"39夜","color":"#3bdc8c"},"geometry":{"type":"LineString","coordinates":[[121.486786,25.088196],[121.486786,25.088196],[121.488934,25.086181],[121.488934,25.086181],[121.487314,25.083457],[121.487182,25.082181],[121.483714,25.081036],[121.481238194798,25.0795793818446],[121.481391,25.079502],[121.483076,25.078537],[121.483076,25.078537],[121.4845214,25.07777593],[121.4845214,25.07777593],[121.486331,25.07669],[121.486331,25.07669],[121.487215334702,25.0747990058591],[121.4872153,25.07479901],[121.486855,25.072367],[121.486855,25.072367],[121.489042701559,25.071991100457],[121.489042701559,25.071991100457],[121.4919747,25.07174969],[121.4919747,25.07174969],[121.49367,25.071369],[121.49367,25.071369],[121.49511101853,25.0701489438371],[121.49511101853,25.0701489438371],[121.495798,25.068994],[121.495798,25.068994],[121.49641,25.067022],[121.49641,25.067022],[121.496788,25.065609],[121.496788,25.065609],[121.4974644,25.06310647],[121.4974644,25.06310647],[121.496784994,25.061930885],[121.496784994,25.061930885],[121.494254721567,25.0614913406773],[121.494254721567,25.0614913406773],[121.4940315,25.05927578],[121.4940315,25.05927578],[121.4939169,25.05705719],[121.4939169,25.05705719]]}},{"type":"Feature","properties":{"route_name":"5","color":"#dcc93b"},"geometry":{"type":"LineString","coordinates":[[121.492374,25.002543],[121.492374,25.002543],[121.493912,25.002028],[121.493889,25.002035],[121.495441,25.002211],[121.495441,25.002211],[121.498123,25.002407],[121.498123,25.002407],[121.499736,25.001903],[121.499736,25.001903],[121.500968,25.000553],[121.500968,25.000553],[121.502769736506,24.9996954644534],[121.502769736506,24.9996954644534],[121.5048263,24.99965591],[121.5048263,24.99965591],[121.50739,24.999571],[121.50739,24.999571],[121.508875,24.998841],[121.5109042,24.99738917],[121.51196,24.99767],[121.51196,24.99767],[121.51347,24.99948],[121.51347,24.99948],[121.5151052,25.00190917],[121.5151052,25.00190917],[121.51445,25.00506],[121.514584,25.007558],[121.514584,25.007558],[121.5141176,25.00856393],[121.5141176,25.00856393],[121.515273,25.01258],[121.515273,25.01258],[121.5162239,25.01604284],[121.5162239,25.01604284]]}},{"type":"Feature","properties":{"route_name":"508","color":"#9e3bdc"},"geometry":{"type":"LineString","coordinates":[[121.433432,25.056432],[121.433432,25.056432],[121.434979,25.058751],[121.434979,25.058751],[121.433544,25.061058],[121.433544,25.061058],[121.43342,25.063193],[121.43342,25.063193],[121.433605,25.064906],[121.433605,25.064906],[121.43438,25.06721],[121.43438,25.06721],[121.435546,25.069564],[121.435546,25.069564],[121.434843,25.071328],[121.434843,25.071328],[121.432196,25.071094],[121.432196,25.071094],[121.4305,25.06951],[121.430352,25.069443],[121.4289885,25.06949668],[121.4289885,25.06949668],[121.42796,25.07085],[121.42796,25.07085],[121.430247,25.071548],[121.430247,25.071548],[121.433199,25.073164],[121.433199,25.073164],[121.435263,25.074753],[121.435263,25.074753],[121.435188,25.076722],[121.435188,25.076722],[121.436601,25.080067],[121.436601,25.080067],[121.437555,25.082438],[121.437555,25.082438],[121.438433280844,25.0842496814391],[121.438433280844,25.0842496814391],[121.439434,25.08586],[121.439434,25.08586],[121.441631,25.087955],[121.441631,25.087955],[121.443279,25.08947],[121.443279,25.08947],[121.44495,25.091365],[121.44495,25.091365],[121.446157,25.092835],[121.446157,25.092835],[121.448341,25.095319],[121.448341,25.095319],[121.450209,25.098031],[121.450209,25.098031],[121.451025,25.099578],[121.451025,25.099578],[121.451935,25.101523],[121.451935,25.101523],[121.452554712702,25.1028902266331],[121.452554712702,25.1028902266331],[121.46086,25.0937],[121.46086,25.0937],[121.463227,25.091505],[121.463227,25.091505],[121.465804,25.089056],[121.465804,25.089056],[121.46664,25.08814],[121.46664,25.08814],[121.4677982,25.08671129],[121.4677982,25.08671129],[121.4684977,25.08574782],[121.4684977,25.08574782],[121.470464,25.08302],[121.470464,25.08302],[121.472348,25.081628],[121.472348,25.081628],[121.473209,25.081859],[121.473209,25.081859],[121.476637,25.081453],[121.476637,25.081453],[121.479191,25.080762],[121.479191,25.080762],[121.481238194798,25.0795793818446],[121.481391,25.079502],[121.483076,25.078537],[121.483076,25.078537],[121.4845214,25.07777593],[121.4845214,25.07777593],[121.4859364,25.07691628],[121.4859364,25.07691628],[121.488804321396,25.0764255856471],[121.488804321396,25.0764255856471],[121.4904676,25.07859797],[121.4904676,25.07859797],[121.491017,25.081023],[121.4875434,25.0833122],[121.4875434,25.0833122],[121.488483238014,25.0851042085456],[121.488483238014,25.0851042085456],[121.4902989,25.08492608],[121.4902989,25.08492608],[121.492,25.08308],[121.492,25.08308],[121.49488,25.081862],[121.49488,25.081862]]}},{"type":"Feature","properties":{"route_name":"508區","color":"#dc6e3b"},"geometry":{"type":"LineString","coordinates":[[121.465804,25.089056],[121.465804,25.089056],[121.46664,25.08814],[121.46664,25.08814],[121.4677982,25.08671129],[121.4677982,25.08671129],[121.4684977,25.08574782],[121.4684977,25.08574782],[121.470464,25.08302],[121.470464,25.08302],[121.4691805,25.07853582],[121.4691805,25.07853582],[121.469744,25.079471],[121.469744,25.079471],[121.472348,25.081628],[121.472348,25.081628],[121.473209,25.081859],[121.473209,25.081859],[121.476637,25.081453],[121.476637,25.081453],[121.479191,25.080762],[121.479191,25.080762],[121.481246,25.079599],[121.481246,25.079599],[121.483076,25.078537],[121.483076,25.078537],[121.4845214,25.07777593],[121.4845214,25.07777593],[121.4859364,25.07691628],[121.4859364,25.07691628],[121.488804321396,25.0764255856471],[121.488804321396,25.0764255856471],[121.4904676,25.07859797],[121.4904676,25.07859797],[121.491017,25.081023],[121.4875434,25.0833122],[121.4875434,25.0833122],[121.488483238014,25.0851042085456],[121.488483238014,25.0851042085456],[121.4902989,25.08492608],[121.4902989,25.08492608],[121.492,25.08308],[121.492,25.08308],[121.49488,25.081862],[121.49488,25.081862]]}},{"type":"Feature","properties":{"route_name":"51","color":"#5c3bdc"},"geometry":{"type":"LineString","coordinates":[[121.448751,24.994615],[121.4515397,24.995237],[121.453027,24.999426],[121.453807,25.001745],[121.4563695,25.006681],[121.458454,25.009036],[121.458454,25.009036],[121.46366,25.010896],[121.46366,25.010896],[121.46755,25.01269],[121.46755,25.01269],[121.471041,25.014344],[121.471041,25.014344],[121.4724073,25.01497569],[121.4724073,25.01497569],[121.474547,25.016013],[121.474547,25.016013],[121.475893,25.016626],[121.475893,25.016626],[121.47829,25.017984],[121.47829,25.017984],[121.47911,25.017161],[121.47911,25.017161],[121.478906,25.014186],[121.478906,25.014186],[121.478737,25.011846],[121.478737,25.011846],[121.479178,25.008537],[121.48095,25.00543],[121.483269,25.004884],[121.486227,25.004805],[121.486227,25.004805],[121.489187,25.005052],[121.490119,25.004677],[121.490119,25.004677],[121.492374,25.002543],[121.492374,25.002543],[121.493889,25.002035],[121.493912,25.002028],[121.495441,25.002211],[121.495441,25.002211],[121.498123,25.002407],[121.498123,25.002407],[121.5003993,25.00264981],[121.5003993,25.00264981],[121.5026,25.00337],[121.502608785098,25.0033780465089],[121.504545,25.004905],[121.504545,25.004905],[121.506749,25.006803],[121.506749,25.006803],[121.50974,25.00919],[121.50974,25.00919],[121.51308,25.01056],[121.51308,25.01056],[121.515273,25.01258],[121.515273,25.01258],[121.517439,25.014413],[121.517439,25.014413],[121.5196559,25.01187111],[121.5196559,25.01187111],[121.5206462,25.00825972],[121.5206462,25.00825972],[121.5186354,25.00759386],[121.5186354,25.00759386],[121.5168879,25.00661028],[121.5168879,25.00661028],[121.5172544,25.00304399],[121.5172544,25.00304399],[121.517563,25.000946],[121.517563,25.000946],[121.518434,25.000124],[121.518434,25.000124],[121.52086,24.999844],[121.52086,24.999844],[121.52277,24.99886],[121.5223989,24.996524],[121.52026055769093,24.994126762334457]]}},{"type":"Feature","properties":{"route_name":"513","color":"#dc3bd4"},"geometry":{"type":"LineString","coordinates":[[121.435466,25.032612],[121.435466,25.032612],[121.442607,25.033904],[121.442607,25.033904],[121.44483,25.034382],[121.44483,25.034382],[121.447739,25.034987],[121.447739,25.034987],[121.449908,25.035445],[121.449908,25.035445],[121.456562,25.036727],[121.456562,25.036727],[121.459593,25.038242],[121.459593,25.038242],[121.4623098,25.03991225],[121.4623098,25.03991225],[121.46516,25.041731],[121.46516,25.041731],[121.4665635,25.0427471],[121.4665635,25.0427471],[121.469408,25.045403],[121.469408,25.045403],[121.471374,25.046158],[121.471374,25.046158],[121.473986,25.047009],[121.473986,25.047009],[121.487739420364,25.0513765359288],[121.4876744,25.05142477]]}},{"type":"Feature","properties":{"route_name":"520","color":"#dc3b89"},"geometry":{"type":"LineString","coordinates":[[121.4587179,25.06288],[121.457635,25.063771],[121.456024,25.06504],[121.453673,25.065315],[121.452456,25.063855],[121.450092,25.06236578],[121.449031,25.065092],[121.451425,25.068098],[121.45341,25.06899],[121.458692,25.068985],[121.462186,25.067114],[121.465044,25.064412],[121.465274,25.061164],[121.465274,25.061164],[121.468148097399,25.0613446467768],[121.468148097399,25.0613446467768],[121.483061607875,25.0613696251157],[121.483061607875,25.0613696251157],[121.48857,25.061249],[121.48857,25.061249],[121.490767288608,25.0612882442498],[121.490767288608,25.0612882442498],[121.49493,25.061403],[121.49493,25.061403],[121.498323,25.062277],[121.498323,25.062277],[121.50044,25.063054],[121.50044,25.063054],[121.501898428168,25.0636037876107],[121.501898428168,25.0636037876107]]}},{"type":"Feature","properties":{"route_name":"539","color":"#dc593b"},"geometry":{"type":"LineString","coordinates":[[121.486786,25.088196],[121.486786,25.088196],[121.488934,25.086181],[121.488934,25.086181],[121.487314,25.083457],[121.48842,25.08074],[121.48942,25.07906],[121.4908066,25.07726723],[121.49118,25.07575],[121.49157,25.07433],[121.492963,25.07293],[121.492963,25.07293],[121.49431,25.071998],[121.49431,25.071998],[121.496763,25.07022903],[121.496763,25.07022903],[121.49806,25.06934],[121.49806,25.06934],[121.499510882057,25.0683597687088],[121.499510882057,25.0683597687088],[121.500788879211,25.0671811216025],[121.500788879211,25.0671811216025],[121.502278,25.064639],[121.502278,25.064639]]}},{"type":"Feature","properties":{"route_name":"539預","color":"#dc893b"},"geometry":{"type":"LineString","coordinates":[[121.486786,25.088196],[121.486786,25.088196],[121.488934,25.086181],[121.488934,25.086181],[121.487314,25.083457],[121.48842,25.08074],[121.48942,25.07906],[121.4908066,25.07726723],[121.49118,25.07575],[121.49157,25.07433],[121.492963,25.07293],[121.492963,25.07293],[121.49431,25.071998],[121.49431,25.071998],[121.496763,25.07022903],[121.496763,25.07022903],[121.49806,25.06934],[121.49806,25.06934],[121.499510882057,25.0683597687088],[121.499510882057,25.0683597687088],[121.500788879211,25.0671811216025],[121.500788879211,25.0671811216025],[121.502278,25.064639],[121.502278,25.064639]]}},{"type":"Feature","properties":{"route_name":"57","color":"#6c3bdc"},"geometry":{"type":"LineString","coordinates":[[121.448751,24.994615],[121.45162,24.994319],[121.45162,24.994319],[121.45373,24.995168],[121.45373,24.995168],[121.457306,24.997381],[121.457306,24.997381],[121.458394,24.999752],[121.458394,24.999752],[121.45986,25.002648],[121.45986,25.002648],[121.459931,25.00437],[121.459931,25.00437],[121.461043262981,25.0072766153747],[121.461043262981,25.0072766153747],[121.462603,25.007484],[121.46584,25.00839],[121.46584,25.00839],[121.46822,25.007531],[121.46822,25.007531],[121.470497,25.006683],[121.470497,25.006683],[121.4730341,25.00622954],[121.4730341,25.00622954],[121.476177,25.005723],[121.478674,25.005751],[121.478674,25.005751],[121.480278,25.004871],[121.480278,25.004871],[121.480636,25.00395],[121.480636,25.00395],[121.481193,25.000604],[121.481193,25.000604],[121.481182,24.998038],[121.481182,24.998038],[121.4809504,24.99579873],[121.4809504,24.99579873],[121.482957,24.995553],[121.482957,24.995553],[121.484429,24.996128],[121.484429,24.996128],[121.4903845,24.99626066],[121.4903845,24.99626066],[121.492320399314,24.9965568353221],[121.492320399314,24.9965568353221],[121.4951329,24.99819818],[121.4951329,24.99819818],[121.49693,25.000377],[121.498554,25.001978],[121.498554,25.001978],[121.500968,25.000553],[121.500968,25.000553],[121.502769736506,24.9996954644534],[121.502769736506,24.9996954644534],[121.5048263,24.99965591],[121.5048263,24.99965591],[121.50739,24.999571],[121.50739,24.999571],[121.509133,25.000374],[121.509133,25.000374],[121.51094,25.002402],[121.51094,25.002402],[121.514104,25.005973],[121.514104,25.005973],[121.5141176,25.00856393],[121.5141176,25.00856393],[121.515273,25.01258],[121.515273,25.01258],[121.517439,25.014413],[121.517439,25.014413],[121.5196559,25.01187111],[121.5196559,25.01187111],[121.5206462,25.00825972],[121.5206462,25.00825972],[121.5186354,25.00759386],[121.5186354,25.00759386],[121.5168879,25.00661028],[121.5168879,25.00661028],[121.5188661,25.00531696],[121.5188661,25.00531696],[121.521553502861,25.0031337977071],[121.521553502861,25.0031337977071],[121.522296,25.00158],[121.522296,25.00158],[121.52277,24.99886],[121.5223989,24.996524],[121.519995,24.99488],[121.52026055769093,24.994126762334457]]}},{"type":"Feature","properties":{"route_name":"570","color":"#3bdc4b"},"geometry":{"type":"LineString","coordinates":[[121.468436,24.956585],[121.45942,24.970087],[121.45886,24.972709],[121.45886,24.972709],[121.45973,24.97717],[121.463057,24.978438],[121.46519,24.98038],[121.464884,24.984205],[121.4617082,24.983415],[121.460421,24.981978],[121.4585801,24.981658],[121.45461,24.98184],[121.45461,24.98184],[121.45213,24.97976],[121.44303,24.97172],[121.440586,24.968071],[121.4444488,24.958272],[121.445521,24.95693],[121.446815,24.955605],[121.4467179,24.956802],[121.4474823,24.954049]]}},{"type":"Feature","properties":{"route_name":"571","color":"#3bdc4e"},"geometry":{"type":"LineString","coordinates":[[121.445303,24.942349],[121.411206,24.951976],[121.41214,24.95341],[121.414282,24.956227],[121.417136,24.958169],[121.418269,24.958842],[121.41954,24.964861],[121.42151,24.963991],[121.427371,24.963818],[121.430929,24.964872],[121.43615,24.965803],[121.4444488,24.958272],[121.445521,24.95693],[121.446815,24.955605],[121.4467179,24.956802],[121.4474823,24.954049]]}},{"type":"Feature","properties":{"route_name":"572","color":"#3bdc51"},"geometry":{"type":"LineString","coordinates":[[121.464106,24.987097],[121.4648498,24.988481],[121.466743,24.989637],[121.468808,24.988513],[121.468808,24.988513],[121.4659091,24.98695477],[121.4659091,24.98695477],[121.4617082,24.983415],[121.460421,24.981978],[121.45907,24.985112],[121.45907,24.985112],[121.45993,24.988132],[121.45993,24.988132],[121.457478,24.988472],[121.457478,24.988472],[121.45429,24.98687],[121.45429,24.98687],[121.454736,24.982689],[121.45461,24.98184],[121.45461,24.98184],[121.45213,24.97976],[121.44303,24.97172],[121.440586,24.968071],[121.4444488,24.958272],[121.445521,24.95693],[121.446815,24.955605],[121.4467179,24.956802],[121.4474823,24.954049]]}},{"type":"Feature","properties":{"route_name":"573","color":"#3bdc54"},"geometry":{"type":"LineString","coordinates":[[121.4542782,24.991372],[121.453698,24.99279],[121.450379,24.993821],[121.450379,24.993821],[121.44857,24.99155],[121.44857,24.99155],[121.4484215,24.98807],[121.4504345,24.986865],[121.451898,24.98593],[121.45155,24.984637],[121.45155,24.984637],[121.44997,24.98314],[121.44997,24.98314],[121.4447942,24.98433693],[121.4447942,24.98433693],[121.443694,24.983259],[121.443694,24.983259],[121.442874,24.980855],[121.4424136,24.979253],[121.44193,24.976292],[121.441375,24.974324],[121.439853,24.971387],[121.43615,24.965803],[121.4444488,24.958272],[121.445521,24.95693],[121.446815,24.955605],[121.4467179,24.956802],[121.4474823,24.954049]]}},{"type":"Feature","properties":{"route_name":"574","color":"#3bdc56"},"geometry":{"type":"LineString","coordinates":[[121.4542782,24.991372],[121.453698,24.99279],[121.450379,24.993821],[121.450379,24.993821],[121.44857,24.99155],[121.44857,24.99155],[121.446613,24.98829459],[121.446613,24.98829459],[121.44529,24.98613],[121.44529,24.98613],[121.443694,24.983259],[121.443694,24.983259],[121.442874,24.980855],[121.4424136,24.979253],[121.4389787,24.977469],[121.4379618,24.974282],[121.437359,24.971284],[121.43615,24.965803],[121.4444488,24.958272],[121.445521,24.95693],[121.446815,24.955605],[121.4467179,24.956802],[121.4474823,24.954049]]}},{"type":"Feature","properties":{"route_name":"575","color":"#3bdc59"},"geometry":{"type":"LineString","coordinates":[[121.43615,24.965803],[121.4444488,24.958272],[121.445521,24.95693],[121.446815,24.955605],[121.4467179,24.956802],[121.4474823,24.954049]]}},{"type":"Feature","properties":{"route_name":"576","color":"#3bdc5c"},"geometry":{"type":"LineString","coordinates":[[121.518356,24.984428],[121.520099,24.986442],[121.517669,24.986623],[121.5163151,24.985429],[121.516495,24.983648],[121.517819,24.983114],[121.517819,24.983114],[121.5175586,24.98167813],[121.5175586,24.98167813],[121.5165771,24.97735333],[121.5165771,24.97735333],[121.517269,24.975951],[121.517269,24.975951],[121.5188677,24.97410976],[121.5188677,24.97410976],[121.5195205,24.97278102],[121.5195205,24.97278102],[121.51876,24.97032],[121.51876,24.97032],[121.51843,24.96923],[121.51843,24.96923],[121.5177866,24.96730265],[121.5177866,24.96730265],[121.51705,24.96515],[121.517942,24.963936],[121.517942,24.963936],[121.521365324681,24.9637050292789],[121.521365324681,24.9637050292789],[121.5235251,24.96347353],[121.5235251,24.96347353],[121.52598,24.962917],[121.5259804,24.96294489],[121.528339,24.961725],[121.528339,24.961725],[121.530152,24.961041],[121.530152,24.961041],[121.532361,24.960256],[121.532361,24.960256],[121.53982,24.963158],[121.53982,24.963158],[121.5405875,24.96500149],[121.5405875,24.96500149],[121.54161613426882,24.96763873691205],[121.54161613426882,24.96763873691205],[121.5430453,24.9753],[121.5430453,24.9753],[121.542795,24.978161],[121.542795,24.978161],[121.54378,24.979007],[121.54378,24.979007],[121.546288,24.976868],[121.546288,24.976868],[121.54806,24.97445],[121.548037743404,24.9744459648958],[121.546742282979,24.97090293731],[121.546742282979,24.97090293731],[121.54502,24.969788],[121.538676,24.983033],[121.5375219,24.98175698],[121.53865,24.97901],[121.5385193,24.97769404],[121.5385193,24.97769404],[121.5369817,24.97628294],[121.5369817,24.97628294],[121.537963,24.974051],[121.537963,24.974051],[121.540277,24.972496],[121.540277,24.972496],[121.5419,24.97122],[121.5419,24.97122],[121.541385,24.967768],[121.541385,24.967768],[121.5404224,24.96516884],[121.5404224,24.96516884],[121.539199,24.962441],[121.539199,24.962441],[121.5319036,24.96083175],[121.5319036,24.96083175],[121.5298939,24.96132951],[121.5298939,24.96132951],[121.528356,24.961886],[121.528356,24.961886],[121.526281,24.963037],[121.5262847,24.96306452],[121.5239545,24.96359615],[121.5239545,24.96359615],[121.52132,24.96389],[121.52120824524,24.9639074679223],[121.5182441,24.96414395],[121.5182441,24.96414395],[121.516559,24.966735],[121.516556,24.969348],[121.517169,24.97159],[121.517381,24.972316],[121.517392,24.974828],[121.51627,24.976685],[121.5167886,24.97725375],[121.5167886,24.97725375],[121.517416,24.981146],[121.517416,24.981146],[121.517953,24.983806],[121.517953,24.983806],[121.518356,24.984428],[121.520099,24.986442],[121.517669,24.986623]]}},{"type":"Feature","properties":{"route_name":"577","color":"#3bdc5e"},"geometry":{"type":"LineString","coordinates":[[121.45956067216025,24.994077985945424],[121.45956067216025,24.994077985945424],[121.460458,24.992159],[121.460458,24.992159],[121.46251,24.991481],[121.46251,24.991481],[121.464927,24.99277],[121.464927,24.99277],[121.4663395,24.993802],[121.4663395,24.993802],[121.4679844,24.993825],[121.4720362,24.998187],[121.472624,25.001522],[121.472377,25.003205],[121.472091,25.005221],[121.472091,25.005221],[121.4707676,25.00682585],[121.4707676,25.00682585],[121.468177,25.007745],[121.468177,25.007745],[121.4656708,25.00864249],[121.4656708,25.00864249],[121.464544,25.012043],[121.464544,25.012043],[121.4628307,25.013373],[121.460677,25.01352],[121.460677,25.01352],[121.458454,25.009036],[121.458454,25.009036]]}},{"type":"Feature","properties":{"route_name":"578","color":"#3bdc61"},"geometry":{"type":"LineString","coordinates":[[121.41993,25.063012],[121.42295,25.06359],[121.42295,25.06359],[121.42611,25.064055],[121.42611,25.064055],[121.428533,25.063667],[121.428533,25.063667],[121.432001,25.062072],[121.432001,25.062072],[121.4334,25.06083],[121.4334,25.06083],[121.434603,25.05892699],[121.434603,25.05892699],[121.43571,25.05713],[121.43571,25.05713],[121.433748,25.055825],[121.477399,25.061469]]}},{"type":"Feature","properties":{"route_name":"579","color":"#3bdc64"},"geometry":{"type":"LineString","coordinates":[[121.41993,25.063012],[121.42295,25.06359],[121.42295,25.06359],[121.42611,25.064055],[121.42611,25.064055],[121.428533,25.063667],[121.428533,25.063667],[121.432001,25.062072],[121.432001,25.062072],[121.432389,25.061074],[121.432389,25.061074],[121.430718,25.058131],[121.430718,25.058131],[121.430655,25.056466],[121.430655,25.056466],[121.430406,25.054419],[121.430406,25.054419],[121.4278259,25.05149832],[121.4278259,25.05149832],[121.4274415,25.04957047],[121.4274415,25.04957047],[121.42698,25.048028],[121.42698,25.048028],[121.427428,25.045312],[121.477399,25.061469]]}},{"type":"Feature","properties":{"route_name":"580","color":"#3bdc9e"},"geometry":{"type":"LineString","coordinates":[[121.434843,25.071328],[121.434843,25.071328],[121.432196,25.071094],[121.432196,25.071094],[121.4305,25.06951],[121.430352,25.069443],[121.4289885,25.06949668],[121.4289885,25.06949668],[121.42796,25.07085],[121.42796,25.07085],[121.430247,25.071548],[121.430247,25.071548],[121.433199,25.073164],[121.433199,25.073164],[121.435263,25.074753],[121.435263,25.074753],[121.435188,25.076722],[121.435188,25.076722],[121.436601,25.080067],[121.436601,25.080067],[121.437555,25.082438],[121.437555,25.082438],[121.438433280844,25.0842496814391],[121.438433280844,25.0842496814391],[121.439434,25.08586],[121.439434,25.08586],[121.441631,25.087955],[121.441631,25.087955],[121.443279,25.08947],[121.443279,25.08947],[121.44495,25.091365],[121.44495,25.091365],[121.446157,25.092835],[121.446157,25.092835],[121.448341,25.095319],[121.448341,25.095319],[121.450209,25.098031],[121.450209,25.098031],[121.451025,25.099578],[121.451025,25.099578],[121.450398,25.101639],[121.4486531,25.102796],[121.4483966,25.104069],[121.450785,25.103064],[121.452554712702,25.1028902266331],[121.452554712702,25.1028902266331],[121.4528962,25.10438],[121.4537424,25.107049],[121.455757,25.109396],[121.457038,25.118043],[121.4560749,25.12037028],[121.4591607,25.13298025],[121.4591607,25.13298025],[121.46005,25.13643],[121.460119814238,25.1365919569602],[121.460188,25.139294]]}},{"type":"Feature","properties":{"route_name":"581","color":"#3bdca1"},"geometry":{"type":"LineString","coordinates":[[121.40271,25.11413],[121.40271,25.11413],[121.4048108,25.10943251],[121.4048108,25.10943251],[121.406502,25.10706],[121.406502,25.10706],[121.4099056,25.10475657],[121.4099056,25.10475657],[121.414063,25.101096],[121.4141,25.10111],[121.417745,25.098328],[121.417745,25.098328],[121.42091,25.096277],[121.42091,25.096277],[121.42567,25.09276],[121.42567,25.09276],[121.429602,25.089897],[121.429602,25.089897],[121.43068,25.08875],[121.43068,25.08875],[121.432152,25.08828581],[121.432152,25.08828581],[121.433545,25.087079],[121.433545,25.087079],[121.4342704,25.088742],[121.432842,25.090123],[121.4320589,25.091088],[121.4327065,25.090074],[121.434078,25.088915],[121.435723,25.086058],[121.435723,25.086058],[121.43786,25.08499],[121.43786,25.08499],[121.439703,25.082891],[121.439703,25.082891],[121.44217,25.08137],[121.44217,25.08137],[121.455171,25.077981],[121.455171,25.077981],[121.459103,25.078106],[121.45911,25.07816],[121.460693,25.077264],[121.460693,25.077264],[121.461794,25.076451],[121.461794,25.076451],[121.463512,25.074106],[121.463512,25.074106],[121.464826,25.073655],[121.464826,25.073655],[121.467750089647,25.0742021514958],[121.467750089647,25.0742021514958],[121.468953,25.077839],[121.468953,25.077839],[121.469744,25.079471],[121.469744,25.079471],[121.4716472,25.08184559],[121.4716472,25.08184559],[121.4703582,25.08330021],[121.4703582,25.08330021],[121.469088,25.085252],[121.469088,25.085252],[121.467676,25.087176],[121.467676,25.087176],[121.466902,25.08809],[121.466902,25.08809],[121.465974,25.08917992],[121.465970849851,25.0891287596823],[121.4638568,25.09148696],[121.4638568,25.09148696],[121.4619116,25.09296818],[121.4619116,25.09296818],[121.452299,25.10265],[121.4507567,25.103197],[121.448282,25.104174],[121.449345,25.10222],[121.450547,25.10138],[121.4507744,25.09954372],[121.4507744,25.09954372],[121.449986,25.098013],[121.449986,25.098013],[121.4480911,25.09536596],[121.4480911,25.09536596],[121.44624,25.09329],[121.44624,25.09329],[121.44472,25.091373],[121.44472,25.091373],[121.444151,25.08895],[121.443406,25.086897],[121.441345,25.083785],[121.439497,25.083494],[121.439434,25.08586],[121.439434,25.08586],[121.441631,25.087955],[121.441631,25.087955],[121.442398,25.090005],[121.441757,25.09153],[121.440811,25.094408]]}},{"type":"Feature","properties":{"route_name":"582","color":"#3bdca4"},"geometry":{"type":"LineString","coordinates":[[121.439703,25.082891],[121.439703,25.082891],[121.477399,25.061469]]}},{"type":"Feature","properties":{"route_name":"582經工業區","color":"#dc3bc7"},"geometry":{"type":"LineString","coordinates":[[121.439703,25.082891],[121.439703,25.082891],[121.449031,25.065092],[121.451425,25.068098],[121.4539156,25.066522],[121.45596,25.0649],[121.456882,25.064069],[121.459313,25.062162]]}},{"type":"Feature","properties":{"route_name":"583","color":"#3bdca7"},"geometry":{"type":"LineString","coordinates":[[121.40271,25.11413],[121.40271,25.11413],[121.4048108,25.10943251],[121.4048108,25.10943251],[121.406502,25.10706],[121.406502,25.10706],[121.4099056,25.10475657],[121.4099056,25.10475657],[121.414063,25.101096],[121.4141,25.10111],[121.417745,25.098328],[121.417745,25.098328],[121.42091,25.096277],[121.42091,25.096277],[121.42567,25.09276],[121.42567,25.09276],[121.429602,25.089897],[121.429602,25.089897],[121.43068,25.08875],[121.43068,25.08875],[121.432152,25.08828581],[121.432152,25.08828581],[121.433545,25.087079],[121.433545,25.087079],[121.4342704,25.088742],[121.432842,25.090123],[121.4320589,25.091088],[121.4327065,25.090074],[121.434078,25.088915],[121.435723,25.086058],[121.435723,25.086058],[121.43786,25.08499],[121.43786,25.08499],[121.43805,25.083879],[121.43805,25.083879],[121.43736,25.082498],[121.43736,25.082498],[121.436258,25.079785],[121.436258,25.079785],[121.435035,25.076625],[121.435035,25.076625],[121.4351234,25.07430648],[121.4351234,25.07430648],[121.434843,25.071328],[121.434843,25.071328],[121.432196,25.071094],[121.432196,25.071094],[121.430352,25.069443],[121.4305,25.06951],[121.4289885,25.06949668],[121.4289885,25.06949668],[121.42796,25.07085],[121.42796,25.07085],[121.430247,25.071548],[121.430247,25.071548],[121.433199,25.073164],[121.433199,25.073164],[121.44178,25.083741],[121.443451,25.0863],[121.444449,25.089501],[121.44495,25.091365],[121.44495,25.091365],[121.446157,25.092835],[121.446157,25.092835],[121.448341,25.095319],[121.448341,25.095319],[121.450209,25.098031],[121.450209,25.098031],[121.451025,25.099578],[121.451025,25.099578],[121.450398,25.101639],[121.4486531,25.102796],[121.4483966,25.104069],[121.450785,25.103064],[121.452554712702,25.1028902266331],[121.452554712702,25.1028902266331],[121.4528962,25.10438],[121.4537424,25.107049],[121.455757,25.109396],[121.457038,25.118043],[121.4560749,25.12037028]]}},{"type":"Feature","properties":{"route_name":"585","color":"#3bdcac"},"geometry":{"type":"LineString","coordinates":[[121.4447909,25.0118181],[121.4447909,25.0118181],[121.447012,25.011585],[121.447012,25.011585],[121.446364,25.00925],[121.4458759,25.007793],[121.4455621,25.006319],[121.4451743,25.005003],[121.444369,25.004358],[121.4425505,25.004516],[121.4415527,25.002886],[121.4418015,24.998573],[121.442682,24.997783],[121.444193,24.995989],[121.446556,24.996185],[121.448066,24.998234],[121.453027,24.999426],[121.453807,25.001745],[121.4563695,25.006681],[121.458454,25.009036],[121.458454,25.009036]]}},{"type":"Feature","properties":{"route_name":"586","color":"#3bdcaf"},"geometry":{"type":"LineString","coordinates":[[121.674685,25.079116],[121.673809,25.080426],[121.671639,25.080389],[121.668942,25.079065],[121.66797,25.078513],[121.6654731,25.07553395],[121.6654731,25.07553395],[121.66504010128,25.0741682394737],[121.6650401,25.07416824],[121.666894790178,25.0757709941611],[121.666894790178,25.0757709941611],[121.666124,25.073617],[121.666124,25.073617],[121.665938786409,25.0718638857203],[121.665938786409,25.0718638857203],[121.665671,25.070588],[121.664158,25.068761],[121.664158,25.068761],[121.663358,25.067993],[121.661871,25.066476],[121.661871,25.066476],[121.659604,25.065446],[121.659568,25.067271],[121.66202,25.06908],[121.66202,25.06908]]}},{"type":"Feature","properties":{"route_name":"587","color":"#3bdcb1"},"geometry":{"type":"LineString","coordinates":[[121.661689061306,25.0691766561076],[121.661689061306,25.0691766561076],[121.659997,25.067906],[121.659997,25.067906],[121.654564,25.066335],[121.654564,25.066335],[121.652863,25.06486],[121.652863,25.06486],[121.652781,25.070908],[121.6516651,25.07298],[121.65074,25.074347],[121.649997,25.076248],[121.6500076,25.077925],[121.649302,25.079489],[121.649542,25.082057],[121.64826,25.084205],[121.648468,25.086199],[121.64865,25.087627],[121.648462,25.090332],[121.6467886,25.088144],[121.64572,25.089498],[121.644927,25.090465],[121.643416,25.090882],[121.64141,25.093843],[121.643177,25.091845],[121.644095,25.09349],[121.6422722,25.097152],[121.6421891,25.098663],[121.643859,25.103001],[121.644183,25.104595],[121.644996,25.105042],[121.645449,25.105936],[121.645522,25.109937],[121.646652,25.110245],[121.647711,25.110103],[121.648643,25.110719],[121.645644,25.112898],[121.644004,25.112983]]}},{"type":"Feature","properties":{"route_name":"589","color":"#3bdcb7"},"geometry":{"type":"LineString","coordinates":[[121.683273,25.074762],[121.683273,25.074762],[121.682809,25.072605],[121.682809,25.072605],[121.68183,25.071881],[121.682047,25.07055],[121.688017,25.070657],[121.684497,25.069137],[121.67482,25.065817],[121.67186,25.06652],[121.668067,25.067594],[121.662717,25.066328],[121.65913,25.06478],[121.65913,25.06478],[121.656,25.063336],[121.656,25.063336],[121.652972,25.062102],[121.652972,25.062102],[121.64922,25.06145],[121.64922,25.06145],[121.646153,25.060814],[121.646151832258,25.0608168661478],[121.632022,25.05616],[121.632175626719,25.0562484993939],[121.62191,25.055038],[121.62191,25.055038]]}},{"type":"Feature","properties":{"route_name":"590","color":"#3bc7dc"},"geometry":{"type":"LineString","coordinates":[[121.6369231,25.083042],[121.638764,25.081987],[121.638308,25.081027],[121.637753,25.079382],[121.638559,25.078498],[121.642829,25.07857],[121.641202,25.077053],[121.639298,25.07531],[121.63741,25.075622],[121.6368653,25.074445],[121.637417,25.075525],[121.63711637178322,25.071954410613305],[121.63711637178322,25.071954410613305],[121.63520142081403,25.071476446439604],[121.63344885678443,25.07141234162801],[121.6310686,25.071147],[121.6276293,25.069422],[121.625833,25.068229],[121.62487,25.067032],[121.62487,25.067032],[121.6212807,25.06666453],[121.621242309823,25.0666228369498],[121.618948,25.066708],[121.6188199,25.06680801]]}},{"type":"Feature","properties":{"route_name":"591","color":"#3bc4dc"},"geometry":{"type":"LineString","coordinates":[[121.629944,25.077647],[121.630142,25.072847],[121.6310686,25.071147],[121.6276293,25.069422],[121.625833,25.068229],[121.62487,25.067032],[121.62487,25.067032],[121.621242309823,25.0666228369498],[121.6212807,25.06666453],[121.6188199,25.06680801],[121.618948,25.066708]]}},{"type":"Feature","properties":{"route_name":"592","color":"#3bc1dc"},"geometry":{"type":"LineString","coordinates":[[121.549919,24.971841],[121.549251,24.973371],[121.550088,24.973412],[121.554459,24.976276],[121.554459,24.976276],[121.553133,24.977391],[121.55184,24.977701],[121.55184,24.977701],[121.550164,24.978108],[121.550164,24.978108],[121.548575,24.9771],[121.548575,24.9771],[121.546778,24.975953],[121.546778,24.975953],[121.54475,24.97479],[121.54475,24.97479],[121.543639,24.973973],[121.54366,24.97395],[121.54806,24.97445],[121.548037743404,24.9744459648958],[121.54502,24.969788],[121.5430453,24.9753],[121.5430453,24.9753],[121.5369817,24.97628294],[121.5369817,24.97628294],[121.5430453,24.9753],[121.5430453,24.9753]]}},{"type":"Feature","properties":{"route_name":"593","color":"#3bbfdc"},"geometry":{"type":"LineString","coordinates":[[121.44588,25.16841],[121.44588,25.16841],[121.4430187,25.17060594],[121.4430187,25.17060594],[121.439321,25.17277822],[121.439321,25.17277822],[121.437784,25.173078],[121.437784,25.173078],[121.435833,25.173459],[121.435833,25.173459],[121.4343127,25.17413801],[121.4343127,25.17413801],[121.43083,25.17536],[121.43083,25.17536],[121.428,25.17582],[121.428,25.17582],[121.4261,25.176588],[121.4261,25.176588],[121.42395,25.1788],[121.42395,25.1788],[121.423174466721,25.1807589824405],[121.423174466721,25.1807589824405],[121.423376,25.182854],[121.425823,25.184784],[121.427549,25.187462],[121.4274905,25.188922],[121.426089,25.188989],[121.422813,25.187832],[121.4204515,25.187188],[121.4198787,25.188412],[121.421,25.183033],[121.42182,25.18254],[121.42182,25.18254],[121.420679,25.181],[121.4222,25.17888],[121.4236229,25.177884],[121.426080642001,25.1763359186121],[121.426080642001,25.1763359186121],[121.42796,25.17553],[121.42796,25.17553],[121.431339,25.174897],[121.431339,25.174897],[121.433254130323,25.1743599945731],[121.43328,25.1743],[121.4366667,25.17255],[121.437882,25.171707],[121.4388605,25.170909],[121.4399571,25.170008],[121.44165,25.169483],[121.443717,25.169293],[121.446540610778,25.1674549071321],[121.446540610778,25.1674549071321]]}},{"type":"Feature","properties":{"route_name":"594","color":"#3bbcdc"},"geometry":{"type":"LineString","coordinates":[[121.446540610778,25.1674549071321],[121.446540610778,25.1674549071321],[121.4430187,25.17060594],[121.4430187,25.17060594],[121.4431334,25.172246],[121.4459309,25.172172],[121.4494646,25.171206],[121.453267,25.17149],[121.450209,25.173253],[121.4463529,25.174186],[121.448174,25.176635],[121.448174,25.176635],[121.4474152,25.177404],[121.452179,25.177059],[121.454843,25.176329],[121.452864,25.174711],[121.450658,25.174015],[121.4503864,25.173067],[121.4491908,25.171269],[121.4478578,25.169],[121.446540610778,25.1674549071321],[121.446540610778,25.1674549071321]]}},{"type":"Feature","properties":{"route_name":"595","color":"#3bb9dc"},"geometry":{"type":"LineString","coordinates":[[121.446540610778,25.1674549071321],[121.446540610778,25.1674549071321],[121.4430187,25.17060594],[121.4430187,25.17060594],[121.4406719,25.172743],[121.44194,25.175635],[121.44194,25.175635],[121.443641,25.177725],[121.4454456,25.177847],[121.447419,25.178286],[121.447419,25.178286],[121.449371,25.17875],[121.449371,25.17875],[121.451185,25.179717],[121.4512246,25.179723],[121.4518171,25.181606],[121.447599,25.183035],[121.445151,25.18305],[121.444265,25.187158],[121.444265,25.187158],[121.4441058,25.190411],[121.4415578,25.192856],[121.43879,25.19589],[121.44213,25.192477],[121.4441809,25.19295],[121.4452767,25.196841],[121.4426012,25.19736],[121.440373,25.200493],[121.4382833,25.202518],[121.4355658,25.203893],[121.4330687,25.204413],[121.4306839,25.203396],[121.429327,25.202153],[121.4315176,25.200863],[121.430555,25.199545],[121.430555,25.199545],[121.4280892,25.19944],[121.42783,25.195266],[121.4268126,25.191269],[121.4260622,25.190324],[121.427465,25.188771],[121.42979,25.18695],[121.432079,25.185108],[121.4351578,25.183189],[121.436362,25.181015],[121.43609,25.18058],[121.43661,25.17895],[121.4384374,25.176422],[121.440645,25.174632],[121.4378286,25.181881],[121.438673,25.182192],[121.441534,25.181782],[121.443866,25.180868],[121.444605,25.180626],[121.444605,25.180626],[121.444271,25.178799],[121.444271,25.178799],[121.4434655,25.177739],[121.441793,25.175626],[121.441793,25.175626],[121.4409324,25.173667],[121.442618297947,25.1704243596582],[121.442618297947,25.1704243596582],[121.4442,25.169611],[121.4442,25.169611],[121.446540610778,25.1674549071321],[121.446540610778,25.1674549071321]]}},{"type":"Feature","properties":{"route_name":"596","color":"#3bb7dc"},"geometry":{"type":"LineString","coordinates":[[121.427318,24.995035],[121.4267324,24.994234],[121.424867,24.991036],[121.42585,24.990173],[121.429589,24.993213],[121.429017,24.992141],[121.4279,24.990462],[121.426499,24.988718],[121.4265779,24.986626],[121.4270621,24.985542],[121.427304,24.983815],[121.4287599,24.98503],[121.431076,24.987744],[121.4326746,24.990344],[121.4333599,24.993449],[121.432175,24.994874],[121.4515397,24.995237],[121.453027,24.999426],[121.453807,25.001745],[121.4563695,25.006681],[121.458454,25.009036],[121.458454,25.009036],[121.460871,25.013298],[121.460871,25.013298]]}},{"type":"Feature","properties":{"route_name":"597","color":"#3bb4dc"},"geometry":{"type":"LineString","coordinates":[[121.439703,25.082891],[121.439703,25.082891],[121.44178,25.083741],[121.443451,25.0863],[121.445236,25.088653],[121.447252,25.091239],[121.446999,25.092901],[121.44624,25.09329],[121.44624,25.09329],[121.44472,25.091373],[121.44472,25.091373],[121.444151,25.08895],[121.443406,25.086897],[121.441345,25.083785],[121.477399,25.061469]]}},{"type":"Feature","properties":{"route_name":"604","color":"#3bdc96"},"geometry":{"type":"LineString","coordinates":[[121.45956067216025,24.994077985945424],[121.45956067216025,24.994077985945424],[121.460458,24.992159],[121.460458,24.992159],[121.46251,24.991481],[121.46251,24.991481],[121.464927,24.99277],[121.464927,24.99277],[121.4663395,24.993802],[121.4663395,24.993802],[121.468087386348,24.9973835862678],[121.4680277,24.99736807],[121.46864,24.99984],[121.46864,24.99984],[121.46895,25.00154],[121.46895,25.00154],[121.469849,25.003839],[121.469849,25.003839],[121.471385,25.004455],[121.471385,25.004455],[121.472091,25.005221],[121.472091,25.005221],[121.472414,25.00696],[121.4723534,25.00693083],[121.47106,25.009636],[121.47106,25.009636],[121.469318,25.012472],[121.469318,25.012472],[121.471041,25.014344],[121.471041,25.014344],[121.472167,25.014557],[121.472167,25.014557],[121.47322,25.013841],[121.47322,25.013841],[121.475816,25.012269],[121.475799,25.012227],[121.475491,25.013521],[121.475491,25.013521],[121.4740357,25.01501499],[121.4740357,25.01501499],[121.473016,25.016673],[121.473016,25.016673],[121.47202,25.01795],[121.47202,25.01795],[121.4705,25.02077],[121.472195,25.022968],[121.4750226,25.0233647],[121.4779471,25.02510475]]}},{"type":"Feature","properties":{"route_name":"605","color":"#3bdc99"},"geometry":{"type":"LineString","coordinates":[[121.6654731,25.07553395],[121.6654731,25.07553395],[121.6650401,25.07416824],[121.66504010128,25.0741682394737],[121.66475,25.07167],[121.66475,25.07167],[121.661689061306,25.0691766561076],[121.661689061306,25.0691766561076],[121.659997,25.067906],[121.659997,25.067906],[121.654564,25.066335],[121.654564,25.066335],[121.652863,25.06486],[121.652863,25.06486],[121.650598,25.063921],[121.650598,25.063921],[121.647015298289,25.0629554356458],[121.647015298289,25.0629554356458],[121.644615,25.062079],[121.644615,25.062079],[121.64195,25.061],[121.64195,25.061],[121.638218,25.05933],[121.638218,25.05933],[121.634221,25.057679],[121.634221,25.057679],[121.632175626719,25.0562484993939],[121.632022,25.05616],[121.62191,25.055038],[121.62191,25.055038]]}},{"type":"Feature","properties":{"route_name":"605副","color":"#dc3b5c"},"geometry":{"type":"LineString","coordinates":[[121.6654731,25.07553395],[121.6654731,25.07553395],[121.66504010128,25.0741682394737],[121.6650401,25.07416824],[121.66475,25.07167],[121.66475,25.07167],[121.661689061306,25.0691766561076],[121.661689061306,25.0691766561076],[121.659997,25.067906],[121.659997,25.067906],[121.654564,25.066335],[121.654564,25.066335],[121.652863,25.06486],[121.652863,25.06486],[121.650598,25.063921],[121.650598,25.063921],[121.647015298289,25.0629554356458],[121.647015298289,25.0629554356458],[121.644615,25.062079],[121.644615,25.062079],[121.64195,25.061],[121.64195,25.061],[121.638218,25.05933],[121.638218,25.05933],[121.634221,25.057679],[121.634221,25.057679],[121.632022,25.05616],[121.632175626719,25.0562484993939],[121.62191,25.055038],[121.62191,25.055038]]}},{"type":"Feature","properties":{"route_name":"605快","color":"#3ba7dc"},"geometry":{"type":"LineString","coordinates":[[121.6654731,25.07553395],[121.6654731,25.07553395],[121.6650401,25.07416824],[121.66504010128,25.0741682394737],[121.66475,25.07167],[121.66475,25.07167],[121.661689061306,25.0691766561076],[121.661689061306,25.0691766561076],[121.659997,25.067906],[121.659997,25.067906]]}},{"type":"Feature","properties":{"route_name":"605新台五","color":"#dc3ba4"},"geometry":{"type":"LineString","coordinates":[[121.6654731,25.07553395],[121.6654731,25.07553395],[121.66504010128,25.0741682394737],[121.6650401,25.07416824],[121.666894790178,25.0757709941611],[121.666894790178,25.0757709941611],[121.666124,25.073617],[121.666124,25.073617],[121.665938786409,25.0718638857203],[121.665938786409,25.0718638857203],[121.664158,25.068761],[121.664158,25.068761],[121.661871,25.066476],[121.661871,25.066476],[121.65913,25.06478],[121.65913,25.06478],[121.656,25.063336],[121.656,25.063336],[121.652972,25.062102],[121.652972,25.062102],[121.64922,25.06145],[121.64922,25.06145],[121.646153,25.060814],[121.646151832258,25.0608168661478],[121.632175626719,25.0562484993939],[121.632022,25.05616],[121.62191,25.055038],[121.62191,25.055038]]}},{"type":"Feature","properties":{"route_name":"615","color":"#3bccdc"},"geometry":{"type":"LineString","coordinates":[[121.411687,25.021617],[121.411687,25.021617],[121.413948,25.023734],[121.413948,25.023734],[121.4131231,25.02484743],[121.4131231,25.02484743],[121.412419,25.027136],[121.412419,25.027136],[121.41329,25.027967],[121.41329,25.027967],[121.415224,25.027524],[121.415224,25.027524],[121.418718,25.026259],[121.418718,25.026259],[121.423068,25.024872],[121.423068,25.024872],[121.424195,25.025331],[121.424195,25.025331],[121.426468,25.02637],[121.426468,25.02637],[121.429575,25.027305],[121.429575,25.027305],[121.432011,25.02798],[121.432011,25.02798],[121.434521,25.030458],[121.434521,25.030458],[121.4339717,25.031677],[121.4339717,25.031677],[121.435466,25.032612],[121.435466,25.032612],[121.442607,25.033904],[121.442607,25.033904],[121.44336,25.0357],[121.44497,25.03794],[121.446462,25.039479],[121.446462,25.039479],[121.445653,25.040714],[121.445653,25.040714],[121.444889,25.045135],[121.444889,25.045135],[121.444915628617,25.04801],[121.4449156,25.04801],[121.444921,25.049549],[121.444921,25.049549],[121.444782,25.051888],[121.444782,25.051888],[121.44715,25.05416],[121.44715,25.05416],[121.450091499999,25.054238050248],[121.4499383,25.05424253],[121.454002,25.054271],[121.454002,25.054271],[121.457564,25.05425],[121.457564,25.05425],[121.463938,25.054437],[121.463938,25.054437],[121.46607,25.05527],[121.4655436,25.05779469],[121.465274,25.061164],[121.465274,25.061164],[121.468148097399,25.0613446467768],[121.468148097399,25.0613446467768],[121.483061607875,25.0613696251157],[121.483061607875,25.0613696251157]]}},{"type":"Feature","properties":{"route_name":"616","color":"#3bc9dc"},"geometry":{"type":"LineString","coordinates":[[121.421732,25.064271],[121.421732,25.064271],[121.4193721,25.065222],[121.4193721,25.065222],[121.42295,25.06359],[121.42295,25.06359],[121.42611,25.064055],[121.42611,25.064055],[121.428533,25.063667],[121.428533,25.063667],[121.432001,25.062072],[121.432001,25.062072],[121.4334,25.06083],[121.4334,25.06083],[121.434603,25.05892699],[121.434603,25.05892699],[121.43571,25.05713],[121.43571,25.05713],[121.438154103996,25.0531414843833],[121.438154103996,25.0531414843833],[121.439055,25.051587],[121.439055,25.051587],[121.44267,25.045563],[121.44267,25.045563],[121.44377,25.043577],[121.44377,25.043577],[121.444856,25.041705],[121.444856,25.041705],[121.446267,25.041709],[121.446267,25.041709],[121.447989,25.042457],[121.447989,25.042457],[121.451981,25.043465],[121.451981,25.043465],[121.456478,25.044235],[121.456478,25.044235],[121.458374,25.044339],[121.458374,25.044339],[121.46284,25.044465],[121.46284,25.044465],[121.464687,25.042702],[121.464687,25.042702],[121.4665635,25.0427471],[121.4665635,25.0427471],[121.469408,25.045403],[121.469408,25.045403],[121.471374,25.046158],[121.471374,25.046158],[121.473986,25.047009],[121.473986,25.047009],[121.487921,25.057218],[121.487921,25.057218],[121.4905425,25.05907329],[121.4905425,25.05907329],[121.4925214,25.06043253],[121.4925214,25.06043253],[121.49493,25.061403],[121.49493,25.061403],[121.498323,25.062277],[121.498323,25.062277],[121.50044,25.063054],[121.50044,25.063054],[121.501898428168,25.0636037876107],[121.501898428168,25.0636037876107]]}},{"type":"Feature","properties":{"route_name":"617","color":"#3bc7dc"},"geometry":{"type":"LineString","coordinates":[[121.43571,25.05713],[121.43571,25.05713],[121.439476,25.052911],[121.439476,25.052911],[121.443864,25.056738],[121.443864,25.056738],[121.447343,25.057725],[121.447343,25.057725],[121.447748,25.055131],[121.447748,25.055131],[121.44737,25.05436],[121.44737,25.05436],[121.445383787828,25.0544053736291],[121.445383787828,25.0544053736291],[121.44468,25.05186],[121.44468,25.05186],[121.4446583,25.04961766],[121.4446583,25.04961766],[121.445379037224,25.0490066229995],[121.445379037224,25.0490066229995],[121.448561,25.049077],[121.448561,25.049077],[121.451369639862,25.0491543957239],[121.451369639862,25.0491543957239],[121.452983,25.050565],[121.452983,25.050565],[121.45233725893,25.0528494498004],[121.45233725893,25.0528494498004],[121.454002,25.054271],[121.454002,25.054271],[121.457564,25.05425],[121.457564,25.05425],[121.459962,25.054801],[121.459962,25.054801],[121.460104,25.059334],[121.460104,25.059334],[121.46151,25.0605],[121.46151,25.0605],[121.465274,25.061164],[121.465274,25.061164],[121.468148097399,25.0613446467768],[121.468148097399,25.0613446467768],[121.483061607875,25.0613696251157],[121.483061607875,25.0613696251157],[121.48857,25.061249],[121.48857,25.061249],[121.490767288608,25.0612882442498],[121.490767288608,25.0612882442498],[121.49493,25.061403],[121.49493,25.061403],[121.498323,25.062277],[121.498323,25.062277],[121.50044,25.063054],[121.50044,25.063054],[121.501898428168,25.0636037876107],[121.501898428168,25.0636037876107]]}},{"type":"Feature","properties":{"route_name":"617副","color":"#c43bdc"},"geometry":{"type":"LineString","coordinates":[[121.43571,25.05713],[121.43571,25.05713],[121.439476,25.052911],[121.439476,25.052911],[121.443864,25.056738],[121.443864,25.056738],[121.447343,25.057725],[121.447343,25.057725],[121.447748,25.055131],[121.447748,25.055131],[121.44737,25.05436],[121.44737,25.05436],[121.445383787828,25.0544053736291],[121.445383787828,25.0544053736291],[121.44468,25.05186],[121.44468,25.05186],[121.4446583,25.04961766],[121.4446583,25.04961766],[121.445379037224,25.0490066229995],[121.445379037224,25.0490066229995],[121.448561,25.049077],[121.448561,25.049077],[121.451369639862,25.0491543957239],[121.451369639862,25.0491543957239],[121.452983,25.050565],[121.452983,25.050565],[121.45233725893,25.0528494498004],[121.45233725893,25.0528494498004],[121.454002,25.054271],[121.454002,25.054271],[121.457564,25.05425],[121.457564,25.05425],[121.459962,25.054801],[121.459962,25.054801],[121.460104,25.059334],[121.460104,25.059334],[121.46151,25.0605],[121.46151,25.0605],[121.465274,25.061164],[121.465274,25.061164],[121.468148097399,25.0613446467768],[121.468148097399,25.0613446467768],[121.483061607875,25.0613696251157],[121.483061607875,25.0613696251157],[121.48857,25.061249],[121.48857,25.061249],[121.490767288608,25.0612882442498],[121.490767288608,25.0612882442498],[121.49493,25.061403],[121.49493,25.061403],[121.498323,25.062277],[121.498323,25.062277],[121.50044,25.063054],[121.50044,25.063054],[121.501898428168,25.0636037876107],[121.501898428168,25.0636037876107]]}},{"type":"Feature","properties":{"route_name":"618","color":"#3bc4dc"},"geometry":{"type":"LineString","coordinates":[[121.433249,25.019241],[121.433249,25.019241],[121.4326327,25.01508972],[121.4326327,25.01508972],[121.432578,25.013078],[121.432578,25.013078],[121.432644,25.010087],[121.432644,25.010087],[121.432786,25.007493],[121.432786,25.007493],[121.431869,25.007867],[121.431869,25.007867],[121.4299139,25.009369],[121.4299139,25.009369],[121.4284024,25.01056501],[121.4284024,25.01056501],[121.4263087,25.01254806],[121.4263087,25.01254806],[121.4260504,25.01453194],[121.4260504,25.01453194],[121.426301,25.016748],[121.426301,25.016748],[121.426917,25.018631],[121.426917,25.018631],[121.427412,25.02033],[121.427412,25.02033],[121.426146,25.022571],[121.426146,25.022571],[121.425221,25.024026],[121.425221,25.024026],[121.424195,25.025331],[121.424195,25.025331],[121.426468,25.02637],[121.426468,25.02637],[121.429575,25.027305],[121.429575,25.027305],[121.432011,25.02798],[121.432011,25.02798],[121.434521,25.030458],[121.434521,25.030458],[121.4339717,25.031677],[121.4339717,25.031677],[121.435466,25.032612],[121.435466,25.032612],[121.442607,25.033904],[121.442607,25.033904],[121.44336,25.0357],[121.44497,25.03794],[121.446462,25.039479],[121.446462,25.039479],[121.445653,25.040714],[121.445653,25.040714],[121.444889,25.045135],[121.444889,25.045135],[121.4449156,25.04801],[121.444915628617,25.04801],[121.445379037224,25.0490066229995],[121.445379037224,25.0490066229995],[121.448561,25.049077],[121.448561,25.049077],[121.451369639862,25.0491543957239],[121.451369639862,25.0491543957239],[121.453486,25.049192],[121.453486,25.049192],[121.456008,25.049301],[121.456008,25.049301],[121.457859,25.049369],[121.457859,25.049369],[121.461247,25.049397],[121.465090730522,25.0493263177027],[121.4660724,25.05098383],[121.466381,25.053343],[121.466381,25.053343],[121.46607,25.05527],[121.4655436,25.05779469],[121.465274,25.061164],[121.465274,25.061164],[121.468148097399,25.0613446467768],[121.468148097399,25.0613446467768],[121.483061607875,25.0613696251157],[121.483061607875,25.0613696251157],[121.48857,25.061249],[121.48857,25.061249],[121.490767288608,25.0612882442498],[121.490767288608,25.0612882442498],[121.49493,25.061403],[121.49493,25.061403],[121.498323,25.062277],[121.498323,25.062277],[121.50044,25.063054],[121.50044,25.063054],[121.501898428168,25.0636037876107],[121.501898428168,25.0636037876107]]}},{"type":"Feature","properties":{"route_name":"62","color":"#b13bdc"},"geometry":{"type":"LineString","coordinates":[[121.486786,25.088196],[121.486786,25.088196],[121.488934,25.086181],[121.488934,25.086181],[121.4902989,25.08492608],[121.4902989,25.08492608],[121.492,25.08308],[121.492,25.08308],[121.49488,25.081862],[121.49488,25.081862],[121.4967495,25.08149815],[121.4967495,25.08149815],[121.497746,25.079686],[121.497746,25.079686],[121.5017335,25.07606209],[121.5017335,25.07606209],[121.5019297,25.07417605],[121.5019297,25.07417605],[121.4997654,25.07346266],[121.4997654,25.07346266],[121.4974685,25.07284956],[121.4974685,25.07284956],[121.4957788,25.07236056],[121.4957788,25.07236056],[121.49511101853,25.0701489438371],[121.49511101853,25.0701489438371],[121.495798,25.068994],[121.495798,25.068994],[121.49641,25.067022],[121.49641,25.067022],[121.496788,25.065609],[121.496788,25.065609],[121.497602,25.062888],[121.496784994,25.061930885],[121.496784994,25.061930885],[121.494254721567,25.0614913406773],[121.494254721567,25.0614913406773],[121.492298,25.060541],[121.492298,25.060541],[121.490697,25.059479],[121.490697,25.059479],[121.4878276,25.05744645],[121.4878276,25.05744645],[121.48504,25.05605],[121.4850079,25.056011],[121.487739420364,25.0513765359288],[121.4876744,25.05142477]]}},{"type":"Feature","properties":{"route_name":"621","color":"#3b84dc"},"geometry":{"type":"LineString","coordinates":[[121.4730962,25.07428078],[121.473752,25.071403],[121.473752,25.071403],[121.476744,25.069312],[121.476744,25.069312],[121.479518,25.067757],[121.479518,25.067757],[121.482301,25.065398],[121.482301,25.065398],[121.485128,25.06332591],[121.485128,25.06332591],[121.48663201223,25.060305060826],[121.486632,25.06030506],[121.48651605944,25.0580096673922],[121.48651605944,25.0580096673922],[121.486176,25.055525],[121.4876744,25.05142477],[121.487739420364,25.0513765359288]]}},{"type":"Feature","properties":{"route_name":"622","color":"#3b81dc"},"geometry":{"type":"LineString","coordinates":[[121.43571,25.05713],[121.43571,25.05713],[121.439476,25.052911],[121.439476,25.052911],[121.443864,25.056738],[121.443864,25.056738],[121.447343,25.057725],[121.447343,25.057725],[121.451089,25.058789],[121.451089,25.058789],[121.452135,25.05677],[121.450407314483,25.054415479901],[121.450407314483,25.054415479901],[121.44737,25.05436],[121.44737,25.05436],[121.445383787828,25.0544053736291],[121.445383787828,25.0544053736291],[121.44468,25.05186],[121.44468,25.05186],[121.4446583,25.04961766],[121.4446583,25.04961766],[121.445379037224,25.0490066229995],[121.445379037224,25.0490066229995],[121.448561,25.049077],[121.448561,25.049077],[121.451369639862,25.0491543957239],[121.451369639862,25.0491543957239],[121.453486,25.049192],[121.453486,25.049192],[121.456008,25.049301],[121.456008,25.049301],[121.457859,25.049369],[121.457859,25.049369],[121.461247,25.049397],[121.465090730522,25.0493263177027],[121.465617,25.048181],[121.465617,25.048181],[121.464687,25.042702],[121.464687,25.042702],[121.4665635,25.0427471],[121.4665635,25.0427471],[121.469408,25.045403],[121.469408,25.045403],[121.471374,25.046158],[121.471374,25.046158],[121.473986,25.047009],[121.473986,25.047009],[121.4879552,25.05579794],[121.4884396,25.05396112],[121.4905956,25.05314645],[121.492206,25.053323],[121.493446,25.053784],[121.493446,25.053784]]}},{"type":"Feature","properties":{"route_name":"624","color":"#3b7cdc"},"geometry":{"type":"LineString","coordinates":[[121.4834142,24.96030896],[121.4834142,24.96030896],[121.491777,24.9554],[121.491777,24.9554],[121.4946626,24.95431753],[121.4946626,24.95431753],[121.496698,24.955162],[121.496698,24.955162],[121.499054,24.956348],[121.499054,24.956348],[121.502106,24.95733611],[121.502106,24.95733611],[121.505929,24.958027],[121.505929,24.958027],[121.509284,24.959017],[121.509284,24.959017],[121.511483,24.960016],[121.511483,24.960016],[121.512648,24.962041],[121.512648,24.962041],[121.515311,24.963642],[121.515311,24.963642],[121.517257,24.96503],[121.517257,24.96503],[121.518062,24.967108],[121.518062,24.967108],[121.518795,24.969329],[121.518795,24.969329],[121.51914,24.970794],[121.51914,24.970794],[121.519852,24.972839],[121.519852,24.972839],[121.51912,24.974308],[121.51912,24.974308],[121.517372,24.976061],[121.517372,24.976061],[121.5167886,24.97725375],[121.5167886,24.97725375],[121.517416,24.981146],[121.517416,24.981146],[121.517953,24.983806],[121.517953,24.983806],[121.517283,24.985335],[121.517283,24.985335],[121.513308,24.988375],[121.513308,24.988375],[121.512485,24.989999],[121.512485,24.989999],[121.513517792484,24.994842197716],[121.513517792484,24.994842197716],[121.514859678286,24.9964243335687],[121.514859678286,24.9964243335687],[121.516565619533,24.9983765816712],[121.5164442,24.99830177],[121.5177138,25.00054939],[121.5177138,25.00054939],[121.5175452,25.0024569],[121.5175452,25.0024569],[121.517263,25.005156],[121.517263,25.005156],[121.517121,25.006519],[121.517121,25.006519],[121.51691,25.008459],[121.51691,25.008459],[121.5155,25.010161],[121.5155,25.010161],[121.515273,25.01258],[121.515273,25.01258],[121.5162239,25.01604284],[121.5162239,25.01604284]]}},{"type":"Feature","properties":{"route_name":"624綠野香坡","color":"#c13bdc"},"geometry":{"type":"LineString","coordinates":[[121.478019,24.95628],[121.475631,24.954721],[121.474733,24.954312],[121.474421,24.95569],[121.475421,24.957201],[121.47527,24.958352],[121.4792598,24.962052],[121.4823598,24.962277],[121.483375,24.959956],[121.491777,24.9554],[121.491777,24.9554],[121.4946626,24.95431753],[121.4946626,24.95431753],[121.496698,24.955162],[121.496698,24.955162],[121.499054,24.956348],[121.499054,24.956348],[121.502106,24.95733611],[121.502106,24.95733611],[121.505929,24.958027],[121.505929,24.958027],[121.509284,24.959017],[121.509284,24.959017],[121.511483,24.960016],[121.511483,24.960016],[121.512648,24.962041],[121.512648,24.962041],[121.515311,24.963642],[121.515311,24.963642],[121.517257,24.96503],[121.517257,24.96503],[121.518062,24.967108],[121.518062,24.967108],[121.518795,24.969329],[121.518795,24.969329],[121.51914,24.970794],[121.51914,24.970794],[121.519852,24.972839],[121.519852,24.972839],[121.51912,24.974308],[121.51912,24.974308],[121.517372,24.976061],[121.517372,24.976061],[121.5167886,24.97725375],[121.5167886,24.97725375],[121.517416,24.981146],[121.517416,24.981146],[121.517953,24.983806],[121.517953,24.983806],[121.517283,24.985335],[121.517283,24.985335],[121.513308,24.988375],[121.513308,24.988375],[121.512485,24.989999],[121.512485,24.989999],[121.513517792484,24.994842197716],[121.513517792484,24.994842197716],[121.514859678286,24.9964243335687],[121.514859678286,24.9964243335687],[121.516565619533,24.9983765816712],[121.5164442,24.99830177],[121.5177138,25.00054939],[121.5177138,25.00054939],[121.5175452,25.0024569],[121.5175452,25.0024569],[121.517263,25.005156],[121.517263,25.005156],[121.517121,25.006519],[121.517121,25.006519],[121.51691,25.008459],[121.51691,25.008459],[121.5155,25.010161],[121.5155,25.010161],[121.515273,25.01258],[121.515273,25.01258],[121.5162239,25.01604284],[121.5162239,25.01604284]]}},{"type":"Feature","properties":{"route_name":"629","color":"#3b6edc"},"geometry":{"type":"LineString","coordinates":[[121.683273,25.074762],[121.683273,25.074762],[121.682809,25.072605],[121.682809,25.072605],[121.67919,25.07129],[121.67919,25.07129],[121.675147,25.073658],[121.675147,25.073658],[121.67317,25.0763],[121.67317,25.0763],[121.6676204,25.07733],[121.6676204,25.07733],[121.66475,25.07167],[121.66475,25.07167],[121.661689061306,25.0691766561076],[121.661689061306,25.0691766561076],[121.659997,25.067906],[121.659997,25.067906],[121.654564,25.066335],[121.654564,25.066335],[121.652863,25.06486],[121.652863,25.06486],[121.650598,25.063921],[121.650598,25.063921],[121.647015298289,25.0629554356458],[121.647015298289,25.0629554356458],[121.644615,25.062079],[121.644615,25.062079],[121.64195,25.061],[121.64195,25.061],[121.638218,25.05933],[121.638218,25.05933],[121.6368796,25.05972903],[121.63512,25.06174],[121.633166,25.064007],[121.631401137544,25.0660033327685],[121.631401137544,25.0660033327685],[121.6286716,25.06922056],[121.625833,25.068229],[121.62487,25.067032],[121.62487,25.067032],[121.6212807,25.06666453],[121.621242309823,25.0666228369498],[121.6188199,25.06680801],[121.618948,25.066708]]}},{"type":"Feature","properties":{"route_name":"629區","color":"#9edc3b"},"geometry":{"type":"LineString","coordinates":[[121.683273,25.074762],[121.683273,25.074762],[121.682809,25.072605],[121.682809,25.072605],[121.67919,25.07129],[121.67919,25.07129],[121.675147,25.073658],[121.675147,25.073658],[121.67317,25.0763],[121.67317,25.0763],[121.6676204,25.07733],[121.6676204,25.07733],[121.66475,25.07167],[121.66475,25.07167],[121.661689061306,25.0691766561076],[121.661689061306,25.0691766561076],[121.659997,25.067906],[121.659997,25.067906],[121.654564,25.066335],[121.654564,25.066335],[121.652863,25.06486],[121.652863,25.06486],[121.650598,25.063921],[121.650598,25.063921],[121.647015298289,25.0629554356458],[121.647015298289,25.0629554356458],[121.644615,25.062079],[121.644615,25.062079],[121.64195,25.061],[121.64195,25.061],[121.638218,25.05933],[121.638218,25.05933],[121.6368796,25.05972903],[121.63512,25.06174],[121.633166,25.064007],[121.633609,25.0646],[121.633609,25.0646],[121.635248,25.065549],[121.635248,25.065549],[121.636626,25.066714],[121.636626,25.066714],[121.638049,25.068329],[121.638049,25.068329],[121.637965,25.069658],[121.637965,25.069658],[121.634742,25.067918],[121.634742,25.067918],[121.632409,25.066101],[121.6325665,25.06618342]]}},{"type":"Feature","properties":{"route_name":"630","color":"#433bdc"},"geometry":{"type":"LineString","coordinates":[[121.624021,25.07844],[121.624021,25.07844]]}},{"type":"Feature","properties":{"route_name":"631","color":"#463bdc"},"geometry":{"type":"LineString","coordinates":[[121.438673,25.182192],[121.441534,25.181782],[121.4424276,25.181397],[121.443866,25.180868],[121.444605,25.180626],[121.444605,25.180626],[121.444271,25.178799],[121.444271,25.178799],[121.4434655,25.177739],[121.441793,25.175626],[121.441793,25.175626],[121.442618297947,25.1704243596582],[121.442618297947,25.1704243596582],[121.4442,25.169611],[121.4442,25.169611],[121.446540610778,25.1674549071321],[121.446540610778,25.1674549071321],[121.4480999,25.169193],[121.450727,25.169986],[121.454822,25.169001],[121.4574515,25.168888],[121.46022266858155,25.16880891359645],[121.4614433,25.168778],[121.469815,25.168706],[121.471905,25.168139],[121.476068,25.168222],[121.4786879,25.168083],[121.4841,25.1709],[121.4853307,25.170904],[121.487233,25.169742],[121.48713,25.165347],[121.485058,25.164815],[121.48474,25.163045],[121.484138,25.161922],[121.486814,25.162126],[121.488284,25.163775],[121.4907252,25.163599],[121.488846,25.161971],[121.4846847,25.158965],[121.484671,25.157883],[121.48496,25.155903],[121.484741,25.153985],[121.481407,25.147986]]}},{"type":"Feature","properties":{"route_name":"635","color":"#513bdc"},"geometry":{"type":"LineString","coordinates":[[121.411687,25.021617],[121.411687,25.021617],[121.41477,25.0233425],[121.41477,25.0233425],[121.417618,25.025833],[121.417618,25.025833],[121.422375,25.028741],[121.422375,25.028741],[121.426971584029,25.0301579598983],[121.42685,25.03016],[121.431382,25.031553],[121.431382,25.031553],[121.435466,25.032612],[121.435466,25.032612],[121.442607,25.033904],[121.442607,25.033904],[121.44483,25.034382],[121.44483,25.034382],[121.447739,25.034987],[121.447739,25.034987],[121.449908,25.035445],[121.449908,25.035445],[121.456562,25.036727],[121.456562,25.036727],[121.459593,25.038242],[121.459593,25.038242],[121.4623098,25.03991225],[121.4623098,25.03991225],[121.46516,25.041731],[121.46516,25.041731],[121.4665635,25.0427471],[121.4665635,25.0427471],[121.469408,25.045403],[121.469408,25.045403],[121.471374,25.046158],[121.471374,25.046158],[121.473986,25.047009],[121.473986,25.047009],[121.4876744,25.05142477],[121.487739420364,25.0513765359288]]}},{"type":"Feature","properties":{"route_name":"636","color":"#543bdc"},"geometry":{"type":"LineString","coordinates":[[121.415079,25.009745],[121.413452,25.011775],[121.412268,25.013393],[121.4110483,25.0149032],[121.409252,25.017727],[121.411687,25.021617],[121.411687,25.021617],[121.41477,25.0233425],[121.41477,25.0233425],[121.417618,25.025833],[121.417618,25.025833],[121.422375,25.028741],[121.422375,25.028741],[121.426971584029,25.0301579598983],[121.42685,25.03016],[121.431382,25.031553],[121.431382,25.031553],[121.435466,25.032612],[121.435466,25.032612],[121.442607,25.033904],[121.442607,25.033904],[121.44483,25.034382],[121.44483,25.034382],[121.447739,25.034987],[121.447739,25.034987],[121.449908,25.035445],[121.449908,25.035445],[121.456562,25.036727],[121.456562,25.036727],[121.459593,25.038242],[121.459593,25.038242],[121.4623098,25.03991225],[121.4623098,25.03991225],[121.46516,25.041731],[121.46516,25.041731],[121.4665635,25.0427471],[121.4665635,25.0427471],[121.469408,25.045403],[121.469408,25.045403],[121.471374,25.046158],[121.471374,25.046158],[121.473986,25.047009],[121.473986,25.047009],[121.487921,25.057218],[121.487921,25.057218],[121.4905425,25.05907329],[121.4905425,25.05907329],[121.4925214,25.06043253],[121.4925214,25.06043253],[121.49493,25.061403],[121.49493,25.061403],[121.498323,25.062277],[121.498323,25.062277],[121.50044,25.063054],[121.50044,25.063054],[121.501898428168,25.0636037876107],[121.501898428168,25.0636037876107]]}},{"type":"Feature","properties":{"route_name":"637","color":"#563bdc"},"geometry":{"type":"LineString","coordinates":[[121.429602,25.089897],[121.429602,25.089897],[121.43068,25.08875],[121.43068,25.08875],[121.432152,25.08828581],[121.432152,25.08828581],[121.433545,25.087079],[121.433545,25.087079],[121.435723,25.086058],[121.435723,25.086058],[121.43786,25.08499],[121.43786,25.08499],[121.43805,25.083879],[121.43805,25.083879],[121.43736,25.082498],[121.43736,25.082498],[121.436258,25.079785],[121.436258,25.079785],[121.435035,25.076625],[121.435035,25.076625],[121.4351234,25.07430648],[121.4351234,25.07430648],[121.43563,25.07182],[121.43563,25.07182],[121.4353791,25.06966085],[121.4353791,25.06966085],[121.43454,25.06761],[121.43454,25.06761],[121.433433,25.06526521],[121.433433,25.06526521],[121.432904,25.06216],[121.432904,25.06216],[121.432389,25.061074],[121.432389,25.061074],[121.430718,25.058131],[121.430718,25.058131],[121.430655,25.056466],[121.430655,25.056466],[121.430406,25.054419],[121.430406,25.054419],[121.4278259,25.05149832],[121.4278259,25.05149832],[121.4274415,25.04957047],[121.4274415,25.04957047],[121.42698,25.048028],[121.42698,25.048028],[121.4259089,25.0454414],[121.4259089,25.0454414],[121.4247892,25.04275923],[121.4247892,25.04275923],[121.4241632,25.03898947],[121.4241632,25.03898947],[121.423173,25.037323],[121.423173,25.037323],[121.42184,25.03513],[121.42184,25.03513],[121.42081,25.03317],[121.42081,25.03317],[121.420498,25.030166],[121.420498,25.030166],[121.422375,25.028741],[121.422375,25.028741],[121.426971584029,25.0301579598983],[121.42685,25.03016],[121.431382,25.031553],[121.431382,25.031553],[121.435466,25.032612],[121.435466,25.032612],[121.442607,25.033904],[121.442607,25.033904],[121.44483,25.034382],[121.44483,25.034382],[121.447739,25.034987],[121.447739,25.034987],[121.449908,25.035445],[121.449908,25.035445],[121.456562,25.036727],[121.456562,25.036727],[121.459593,25.038242],[121.459593,25.038242],[121.4623098,25.03991225],[121.4623098,25.03991225],[121.46516,25.041731],[121.46516,25.041731],[121.4665635,25.0427471],[121.4665635,25.0427471],[121.469408,25.045403],[121.469408,25.045403],[121.471374,25.046158],[121.471374,25.046158],[121.473986,25.047009],[121.473986,25.047009],[121.487739420364,25.0513765359288],[121.4876744,25.05142477]]}},{"type":"Feature","properties":{"route_name":"638","color":"#593bdc"},"geometry":{"type":"LineString","coordinates":[[121.429602,25.089897],[121.429602,25.089897],[121.43068,25.08875],[121.43068,25.08875],[121.432152,25.08828581],[121.432152,25.08828581],[121.433545,25.087079],[121.433545,25.087079],[121.435723,25.086058],[121.435723,25.086058],[121.43786,25.08499],[121.43786,25.08499],[121.43805,25.083879],[121.43805,25.083879],[121.43736,25.082498],[121.43736,25.082498],[121.436258,25.079785],[121.436258,25.079785],[121.435035,25.076625],[121.435035,25.076625],[121.4351234,25.07430648],[121.4351234,25.07430648],[121.43563,25.07182],[121.43563,25.07182],[121.4353791,25.06966085],[121.4353791,25.06966085],[121.43454,25.06761],[121.43454,25.06761],[121.433433,25.06526521],[121.433433,25.06526521],[121.432904,25.06216],[121.432904,25.06216],[121.432389,25.061074],[121.432389,25.061074],[121.430718,25.058131],[121.430718,25.058131],[121.430655,25.056466],[121.430655,25.056466],[121.430406,25.054419],[121.430406,25.054419],[121.4278259,25.05149832],[121.4278259,25.05149832],[121.4274415,25.04957047],[121.4274415,25.04957047],[121.42698,25.048028],[121.42698,25.048028],[121.4259089,25.0454414],[121.4259089,25.0454414],[121.4247892,25.04275923],[121.4247892,25.04275923],[121.4241632,25.03898947],[121.4241632,25.03898947],[121.423173,25.037323],[121.423173,25.037323],[121.42184,25.03513],[121.42184,25.03513],[121.42081,25.03317],[121.42081,25.03317],[121.420498,25.030166],[121.420498,25.030166],[121.422375,25.028741],[121.422375,25.028741],[121.426971584029,25.0301579598983],[121.42685,25.03016],[121.431382,25.031553],[121.431382,25.031553],[121.435466,25.032612],[121.435466,25.032612],[121.442607,25.033904],[121.442607,25.033904],[121.44483,25.034382],[121.44483,25.034382],[121.447739,25.034987],[121.447739,25.034987],[121.449908,25.035445],[121.449908,25.035445],[121.456562,25.036727],[121.456562,25.036727],[121.459593,25.038242],[121.459593,25.038242],[121.4623098,25.03991225],[121.4623098,25.03991225],[121.46516,25.041731],[121.46516,25.041731],[121.4665635,25.0427471],[121.4665635,25.0427471],[121.469408,25.045403],[121.469408,25.045403],[121.471374,25.046158],[121.471374,25.046158],[121.473986,25.047009],[121.473986,25.047009],[121.487921,25.057218],[121.487921,25.057218],[121.4905425,25.05907329],[121.4905425,25.05907329],[121.4925214,25.06043253],[121.4925214,25.06043253],[121.49493,25.061403],[121.49493,25.061403],[121.498323,25.062277],[121.498323,25.062277],[121.50044,25.063054],[121.50044,25.063054],[121.501898428168,25.0636037876107],[121.501898428168,25.0636037876107]]}},{"type":"Feature","properties":{"route_name":"638副","color":"#9cdc3b"},"geometry":{"type":"LineString","coordinates":[[121.429602,25.089897],[121.429602,25.089897],[121.43068,25.08875],[121.43068,25.08875],[121.432152,25.08828581],[121.432152,25.08828581],[121.433545,25.087079],[121.433545,25.087079],[121.435723,25.086058],[121.435723,25.086058],[121.43786,25.08499],[121.43786,25.08499],[121.43805,25.083879],[121.43805,25.083879],[121.43736,25.082498],[121.43736,25.082498],[121.436258,25.079785],[121.436258,25.079785],[121.435035,25.076625],[121.435035,25.076625],[121.4351234,25.07430648],[121.4351234,25.07430648],[121.433055,25.073209],[121.433055,25.073209],[121.4303422,25.07170492],[121.4303422,25.07170492],[121.42786,25.07087],[121.42786,25.07087],[121.428977,25.069312],[121.428977,25.069312],[121.430235,25.069328],[121.430235,25.069328],[121.432341,25.070983],[121.432341,25.070983],[121.434261,25.071148],[121.434261,25.071148],[121.4353791,25.06966085],[121.4353791,25.06966085],[121.43454,25.06761],[121.43454,25.06761],[121.433433,25.06526521],[121.433433,25.06526521],[121.432904,25.06216],[121.432904,25.06216],[121.432389,25.061074],[121.432389,25.061074],[121.430718,25.058131],[121.430718,25.058131],[121.430655,25.056466],[121.430655,25.056466],[121.430406,25.054419],[121.430406,25.054419],[121.4278259,25.05149832],[121.4278259,25.05149832],[121.4274415,25.04957047],[121.4274415,25.04957047],[121.42698,25.048028],[121.42698,25.048028],[121.4259089,25.0454414],[121.4259089,25.0454414],[121.4247892,25.04275923],[121.4247892,25.04275923],[121.428776,25.040246],[121.4307,25.039392]]}},{"type":"Feature","properties":{"route_name":"639","color":"#5c3bdc"},"geometry":{"type":"LineString","coordinates":[[121.415842,24.984168],[121.418065,24.98527587],[121.42122,24.98764],[121.422411,24.989525],[121.423739,24.991841],[121.424598,24.99329752],[121.4269598,24.994232],[121.42796,24.995638],[121.430021,24.998244],[121.431245,25.000554],[121.432111,25.002077],[121.431869,25.007867],[121.431869,25.007867],[121.4299139,25.009369],[121.4299139,25.009369],[121.4284024,25.01056501],[121.4284024,25.01056501],[121.4263087,25.01254806],[121.4263087,25.01254806],[121.4260504,25.01453194],[121.4260504,25.01453194],[121.426301,25.016748],[121.426301,25.016748],[121.426917,25.018631],[121.426917,25.018631],[121.427412,25.02033],[121.427412,25.02033],[121.426146,25.022571],[121.426146,25.022571],[121.425221,25.024026],[121.425221,25.024026],[121.424195,25.025331],[121.424195,25.025331],[121.426468,25.02637],[121.426468,25.02637],[121.42673,25.02749],[121.42673,25.02749],[121.42685,25.03016],[121.426971584029,25.0301579598983],[121.431382,25.031553],[121.431382,25.031553],[121.435466,25.032612],[121.435466,25.032612],[121.442607,25.033904],[121.442607,25.033904],[121.44483,25.034382],[121.44483,25.034382],[121.447739,25.034987],[121.447739,25.034987],[121.449908,25.035445],[121.449908,25.035445],[121.456562,25.036727],[121.456562,25.036727],[121.459593,25.038242],[121.459593,25.038242],[121.4623098,25.03991225],[121.4623098,25.03991225],[121.46516,25.041731],[121.46516,25.041731],[121.4665635,25.0427471],[121.4665635,25.0427471],[121.469408,25.045403],[121.469408,25.045403],[121.471374,25.046158],[121.471374,25.046158],[121.473986,25.047009],[121.473986,25.047009],[121.487921,25.057218],[121.487921,25.057218],[121.4905425,25.05907329],[121.4905425,25.05907329],[121.4925214,25.06043253],[121.4925214,25.06043253],[121.49493,25.061403],[121.49493,25.061403],[121.498323,25.062277],[121.498323,25.062277],[121.50044,25.063054],[121.50044,25.063054],[121.501898428168,25.0636037876107],[121.501898428168,25.0636037876107]]}},{"type":"Feature","properties":{"route_name":"640","color":"#963bdc"},"geometry":{"type":"LineString","coordinates":[[121.429602,25.089897],[121.429602,25.089897],[121.43068,25.08875],[121.43068,25.08875],[121.432152,25.08828581],[121.432152,25.08828581],[121.433545,25.087079],[121.433545,25.087079],[121.435723,25.086058],[121.435723,25.086058],[121.43786,25.08499],[121.43786,25.08499],[121.439703,25.082891],[121.439703,25.082891],[121.44217,25.08137],[121.44217,25.08137],[121.455171,25.077981],[121.455171,25.077981],[121.45911,25.07816],[121.459103,25.078106],[121.460693,25.077264],[121.460693,25.077264],[121.461794,25.076451],[121.461794,25.076451],[121.463512,25.074106],[121.463512,25.074106],[121.464826,25.073655],[121.464826,25.073655],[121.468721,25.07235],[121.468721,25.07235],[121.470692510068,25.0720737220282],[121.470692510068,25.0720737220282],[121.473752,25.071403],[121.473752,25.071403],[121.476744,25.069312],[121.476744,25.069312],[121.479518,25.067757],[121.479518,25.067757],[121.482301,25.065398],[121.482301,25.065398],[121.485128,25.06332591],[121.485128,25.06332591],[121.486632,25.06030506],[121.48663201223,25.060305060826],[121.48651605944,25.0580096673922],[121.48651605944,25.0580096673922],[121.48504,25.05605],[121.4850079,25.056011],[121.4876744,25.05142477],[121.487739420364,25.0513765359288]]}},{"type":"Feature","properties":{"route_name":"640A","color":"#a43bdc"},"geometry":{"type":"LineString","coordinates":[[121.429602,25.089897],[121.429602,25.089897],[121.43068,25.08875],[121.43068,25.08875],[121.432152,25.08828581],[121.432152,25.08828581],[121.433545,25.087079],[121.433545,25.087079],[121.435723,25.086058],[121.435723,25.086058],[121.43786,25.08499],[121.43786,25.08499],[121.439434,25.08586],[121.439434,25.08586],[121.441631,25.087955],[121.441631,25.087955],[121.443279,25.08947],[121.443279,25.08947],[121.44495,25.091365],[121.44495,25.091365],[121.446157,25.092835],[121.446157,25.092835],[121.447042,25.093227],[121.44643,25.090606],[121.445198,25.089019],[121.443406,25.086897],[121.441345,25.083785],[121.44217,25.08137],[121.44217,25.08137],[121.455171,25.077981],[121.455171,25.077981],[121.45911,25.07816],[121.459103,25.078106],[121.460693,25.077264],[121.460693,25.077264],[121.461794,25.076451],[121.461794,25.076451],[121.463512,25.074106],[121.463512,25.074106],[121.464826,25.073655],[121.464826,25.073655],[121.468721,25.07235],[121.468721,25.07235],[121.470692510068,25.0720737220282],[121.470692510068,25.0720737220282],[121.473752,25.071403],[121.473752,25.071403],[121.476744,25.069312],[121.476744,25.069312],[121.479518,25.067757],[121.479518,25.067757],[121.482301,25.065398],[121.482301,25.065398],[121.485128,25.06332591],[121.485128,25.06332591],[121.48663201223,25.060305060826],[121.486632,25.06030506],[121.48651605944,25.0580096673922],[121.48651605944,25.0580096673922],[121.48504,25.05605],[121.4850079,25.056011],[121.4876744,25.05142477],[121.487739420364,25.0513765359288]]}},{"type":"Feature","properties":{"route_name":"641","color":"#993bdc"},"geometry":{"type":"LineString","coordinates":[[121.428434,25.090746],[121.425727,25.092849],[121.425727,25.092849],[121.420874,25.096455],[121.420874,25.096455],[121.41831,25.098116],[121.41831,25.098116],[121.413926,25.101445],[121.413926,25.101445],[121.409933,25.104889],[121.409933,25.104889],[121.40665,25.1072],[121.40665,25.1072],[121.4049783,25.1095967],[121.4049783,25.1095967],[121.40292,25.11412],[121.40292,25.11412],[121.40271,25.11413],[121.40271,25.11413],[121.4048108,25.10943251],[121.4048108,25.10943251],[121.406502,25.10706],[121.406502,25.10706],[121.4099056,25.10475657],[121.4099056,25.10475657],[121.414063,25.101096],[121.4141,25.10111],[121.417745,25.098328],[121.417745,25.098328],[121.42091,25.096277],[121.42091,25.096277],[121.42567,25.09276],[121.42567,25.09276],[121.429602,25.089897],[121.429602,25.089897],[121.43068,25.08875],[121.43068,25.08875],[121.432152,25.08828581],[121.432152,25.08828581],[121.433545,25.087079],[121.433545,25.087079],[121.435723,25.086058],[121.435723,25.086058],[121.43786,25.08499],[121.43786,25.08499],[121.439703,25.082891],[121.439703,25.082891],[121.44217,25.08137],[121.44217,25.08137],[121.455171,25.077981],[121.455171,25.077981],[121.45911,25.07816],[121.459103,25.078106],[121.460693,25.077264],[121.460693,25.077264],[121.461794,25.076451],[121.461794,25.076451],[121.463512,25.074106],[121.463512,25.074106],[121.464826,25.073655],[121.464826,25.073655],[121.468721,25.07235],[121.468721,25.07235],[121.470692510068,25.0720737220282],[121.470692510068,25.0720737220282],[121.473752,25.071403],[121.473752,25.071403],[121.476744,25.069312],[121.476744,25.069312],[121.479518,25.067757],[121.479518,25.067757],[121.482301,25.065398],[121.482301,25.065398],[121.485128,25.06332591],[121.485128,25.06332591],[121.48857,25.061249],[121.48857,25.061249],[121.490767288608,25.0612882442498],[121.490767288608,25.0612882442498],[121.49493,25.061403],[121.49493,25.061403],[121.498323,25.062277],[121.498323,25.062277],[121.50044,25.063054],[121.50044,25.063054],[121.501898428168,25.0636037876107],[121.501898428168,25.0636037876107]]}},{"type":"Feature","properties":{"route_name":"643","color":"#9e3bdc"},"geometry":{"type":"LineString","coordinates":[[121.475736,24.943378],[121.475736,24.943378],[121.4764402,24.94431726],[121.4764402,24.94431726],[121.47824,24.94553],[121.47824,24.94553],[121.479176,24.945972],[121.479176,24.945972],[121.47982,24.94681],[121.47982,24.94681],[121.48195,24.94877],[121.481962,24.948762],[121.483119,24.949637],[121.483119,24.949637],[121.484465,24.95121],[121.484465,24.95121],[121.4860328,24.95159154],[121.4860328,24.95159154],[121.488385431569,24.951722671131],[121.488385431569,24.951722671131],[121.489551,24.951708],[121.489551,24.951708],[121.4915448,24.95177354],[121.4915448,24.95177354],[121.493053,24.952962],[121.493053,24.952962],[121.4946626,24.95431753],[121.4946626,24.95431753],[121.496698,24.955162],[121.496698,24.955162],[121.499054,24.956348],[121.499054,24.956348],[121.502106,24.95733611],[121.502106,24.95733611],[121.505929,24.958027],[121.505929,24.958027],[121.509284,24.959017],[121.509284,24.959017],[121.511483,24.960016],[121.511483,24.960016],[121.512648,24.962041],[121.512648,24.962041],[121.515311,24.963642],[121.515311,24.963642],[121.517942,24.963936],[121.517942,24.963936],[121.521365324681,24.9637050292789],[121.521365324681,24.9637050292789],[121.5235251,24.96347353],[121.5235251,24.96347353],[121.5259804,24.96294489],[121.52598,24.962917],[121.528339,24.961725],[121.528339,24.961725],[121.530152,24.961041],[121.530152,24.961041],[121.532361,24.960256],[121.532361,24.960256],[121.53982,24.963158],[121.53982,24.963158],[121.5405875,24.96500149],[121.5405875,24.96500149],[121.54161613426882,24.96763873691205],[121.54161613426882,24.96763873691205],[121.542921,24.971513],[121.542921,24.971513],[121.5430453,24.9753],[121.5430453,24.9753],[121.542795,24.978161],[121.542795,24.978161],[121.5418387,24.98123266],[121.54183874603,24.981232663482],[121.5413983,24.98334421],[121.5413983,24.98334421]]}},{"type":"Feature","properties":{"route_name":"644","color":"#a13bdc"},"geometry":{"type":"LineString","coordinates":[[121.5450033,24.95104968],[121.5450033,24.95104968],[121.546789,24.951217],[121.546789,24.951217],[121.5470007,24.95262687],[121.5470007,24.95262687],[121.5428729,24.95305082],[121.5428729,24.95305082],[121.5405279,24.95347027],[121.5405279,24.95347027],[121.539103,24.955388],[121.539103,24.955388],[121.538524,24.956689],[121.538524,24.956689],[121.538126,24.958891],[121.538126,24.958891],[121.537062,24.962758],[121.537062,24.962758],[121.537161,24.966387],[121.537161,24.966387],[121.531284,24.971285],[121.531284,24.971285],[121.530184,24.973506],[121.530184,24.973506],[121.531576,24.975463],[121.531576,24.975463],[121.532852,24.977453],[121.532852,24.977453],[121.534109,24.977862],[121.534109,24.977862],[121.53501,24.97613],[121.53501,24.97613],[121.537963,24.974051],[121.537963,24.974051],[121.540277,24.972496],[121.540277,24.972496],[121.5419,24.97122],[121.5419,24.97122],[121.542921,24.971513],[121.542921,24.971513],[121.5430453,24.9753],[121.5430453,24.9753],[121.542795,24.978161],[121.542795,24.978161],[121.5418387,24.98123266],[121.54183874603,24.981232663482],[121.5413983,24.98334421],[121.5413983,24.98334421]]}},{"type":"Feature","properties":{"route_name":"647","color":"#a93bdc"},"geometry":{"type":"LineString","coordinates":[[121.564029,24.953492],[121.564029,24.953492],[121.5616522,24.95414482],[121.5616522,24.95414482],[121.5591371,24.95437159],[121.5591371,24.95437159],[121.557333,24.953935],[121.557333,24.953935],[121.554816,24.953628],[121.554816,24.953628],[121.551785,24.95324],[121.551785,24.95324],[121.55011,24.952342],[121.55011,24.952342],[121.5470007,24.95262687],[121.5470007,24.95262687],[121.5428729,24.95305082],[121.5428729,24.95305082],[121.5405279,24.95347027],[121.5405279,24.95347027],[121.539103,24.955388],[121.539103,24.955388],[121.538524,24.956689],[121.538524,24.956689],[121.5388157447,24.958903823792],[121.5388157447,24.958903823792],[121.541368,24.962436],[121.541368,24.962436],[121.542523,24.963796],[121.542523,24.963796],[121.544636,24.96676],[121.544636,24.96676],[121.54593,24.96898],[121.54593,24.96898],[121.547581,24.971526],[121.547581,24.971526],[121.548434,24.97417],[121.548434,24.97417],[121.546866,24.976856],[121.546866,24.976856],[121.54468,24.980011],[121.54468,24.980011],[121.544084,24.981602],[121.544084,24.981602],[121.542517035489,24.9829981044722],[121.542517035489,24.9829981044722],[121.5413983,24.98334421],[121.5413983,24.98334421],[121.540884565504,24.9862913799947],[121.540884565504,24.9862913799947]]}},{"type":"Feature","properties":{"route_name":"648","color":"#ac3bdc"},"geometry":{"type":"LineString","coordinates":[[121.475736,24.943378],[121.475736,24.943378],[121.4764402,24.94431726],[121.4764402,24.94431726],[121.47824,24.94553],[121.47824,24.94553],[121.479176,24.945972],[121.479176,24.945972],[121.47982,24.94681],[121.47982,24.94681],[121.48195,24.94877],[121.481962,24.948762],[121.483119,24.949637],[121.483119,24.949637],[121.484465,24.95121],[121.484465,24.95121],[121.4860328,24.95159154],[121.4860328,24.95159154],[121.488385431569,24.951722671131],[121.488385431569,24.951722671131],[121.489551,24.951708],[121.489551,24.951708],[121.4915448,24.95177354],[121.4915448,24.95177354],[121.494962,24.950291],[121.494962,24.950291],[121.49542,24.94692],[121.49542,24.94692],[121.49595,24.94818],[121.49595,24.94818],[121.495196,24.950275],[121.495196,24.950275],[121.493053,24.952962],[121.493053,24.952962],[121.4946626,24.95431753],[121.4946626,24.95431753],[121.496698,24.955162],[121.496698,24.955162],[121.499054,24.956348],[121.499054,24.956348],[121.502106,24.95733611],[121.502106,24.95733611],[121.505929,24.958027],[121.505929,24.958027],[121.509284,24.959017],[121.509284,24.959017],[121.511483,24.960016],[121.511483,24.960016],[121.512648,24.962041],[121.512648,24.962041],[121.515311,24.963642],[121.515311,24.963642],[121.517942,24.963936],[121.517942,24.963936],[121.521365324681,24.9637050292789],[121.521365324681,24.9637050292789],[121.5235251,24.96347353],[121.5235251,24.96347353],[121.52598,24.962917],[121.5259804,24.96294489],[121.528339,24.961725],[121.528339,24.961725],[121.530152,24.961041],[121.530152,24.961041],[121.532361,24.960256],[121.532361,24.960256],[121.53982,24.963158],[121.53982,24.963158],[121.5405875,24.96500149],[121.5405875,24.96500149],[121.54161613426882,24.96763873691205],[121.54161613426882,24.96763873691205],[121.542921,24.971513],[121.542921,24.971513],[121.5430453,24.9753],[121.5430453,24.9753],[121.542795,24.978161],[121.542795,24.978161],[121.5418387,24.98123266],[121.54183874603,24.981232663482],[121.5413983,24.98334421],[121.5413983,24.98334421]]}},{"type":"Feature","properties":{"route_name":"651","color":"#dc3bcc"},"geometry":{"type":"LineString","coordinates":[[121.45956067216025,24.994077985945424],[121.45956067216025,24.994077985945424],[121.460458,24.992159],[121.460458,24.992159],[121.46251,24.991481],[121.46251,24.991481],[121.464927,24.99277],[121.464927,24.99277],[121.4663395,24.993802],[121.4663395,24.993802],[121.468087386348,24.9973835862678],[121.4680277,24.99736807],[121.46864,24.99984],[121.46864,24.99984],[121.46895,25.00154],[121.46895,25.00154],[121.468023,25.003222],[121.468023,25.003222],[121.46635,25.002914],[121.46635,25.002914],[121.464285,25.00403],[121.464285,25.00403],[121.46393390614749,25.005869973155434],[121.46393390614749,25.005869973155434],[121.465328106817,25.0094647431906],[121.464544,25.012043],[121.464544,25.012043],[121.462602,25.012813],[121.462602,25.012813],[121.46755,25.01269],[121.46755,25.01269],[121.471041,25.014344],[121.471041,25.014344],[121.4724073,25.01497569],[121.4724073,25.01497569],[121.4740357,25.01501499],[121.4740357,25.01501499],[121.473016,25.016673],[121.473016,25.016673],[121.47202,25.01795],[121.47202,25.01795],[121.4705,25.02077],[121.472195,25.022968],[121.4750226,25.0233647],[121.4779471,25.02510475]]}},{"type":"Feature","properties":{"route_name":"652","color":"#dc3bc9"},"geometry":{"type":"LineString","coordinates":[[121.452455,25.058964],[121.452455,25.058964],[121.450887,25.05898],[121.450887,25.05898],[121.446968,25.057744],[121.446968,25.057744],[121.444421,25.055211],[121.444421,25.055211],[121.44468,25.05186],[121.44468,25.05186],[121.4446583,25.04961766],[121.4446583,25.04961766],[121.445379037224,25.0490066229995],[121.445379037224,25.0490066229995],[121.447493,25.04989],[121.4480587,25.05258347],[121.450091499999,25.054238050248],[121.4499383,25.05424253],[121.454002,25.054271],[121.454002,25.054271],[121.457564,25.05425],[121.457564,25.05425],[121.459962,25.054801],[121.459962,25.054801],[121.460104,25.059334],[121.460104,25.059334],[121.46151,25.0605],[121.46151,25.0605],[121.465274,25.061164],[121.465274,25.061164],[121.468148097399,25.0613446467768],[121.468148097399,25.0613446467768],[121.483061607875,25.0613696251157],[121.483061607875,25.0613696251157]]}},{"type":"Feature","properties":{"route_name":"656","color":"#dc3bbf"},"geometry":{"type":"LineString","coordinates":[[121.459437,24.967772],[121.45942,24.970087],[121.459543,24.97133],[121.45886,24.972709],[121.45886,24.972709],[121.45879,24.974282],[121.45879,24.974282],[121.459036,24.977846],[121.459036,24.977846],[121.4591,24.979825],[121.4591,24.979825],[121.459236,24.982403],[121.459236,24.982403],[121.45907,24.985112],[121.45907,24.985112],[121.45993,24.988132],[121.45993,24.988132],[121.457478,24.988472],[121.457478,24.988472],[121.45429,24.98687],[121.45429,24.98687],[121.452235,24.985887],[121.450813,24.986884],[121.4483732,24.988339],[121.449,24.991567],[121.449,24.991567],[121.449607,24.992453],[121.449607,24.992453],[121.45162,24.994319],[121.45162,24.994319],[121.45373,24.995168],[121.45373,24.995168],[121.457306,24.997381],[121.457306,24.997381],[121.458394,24.999752],[121.458394,24.999752],[121.45986,25.002648],[121.45986,25.002648],[121.459931,25.00437],[121.459931,25.00437],[121.461043262981,25.0072766153747],[121.461043262981,25.0072766153747],[121.4634845,25.00860074],[121.4634845,25.00860074],[121.460871,25.013298],[121.460871,25.013298],[121.462964,25.015838],[121.462964,25.015838],[121.465129,25.018614],[121.465129,25.018614],[121.46695,25.02096],[121.46695,25.02096],[121.46882,25.024188],[121.46882,25.024188],[121.470516,25.027135],[121.470516,25.027135],[121.471658,25.028965],[121.471658,25.028965],[121.47362,25.03116],[121.47362,25.03116],[121.4760495,25.03388107],[121.4760495,25.03388107]]}},{"type":"Feature","properties":{"route_name":"657","color":"#dc3bbc"},"geometry":{"type":"LineString","coordinates":[[121.459437,24.967772],[121.45942,24.970087],[121.459543,24.97133],[121.45886,24.972709],[121.45886,24.972709],[121.45879,24.974282],[121.45879,24.974282],[121.45973,24.97717],[121.463057,24.978438],[121.46519,24.98038],[121.46561,24.98288],[121.4653,24.98463],[121.464106,24.987097],[121.460218,24.989076],[121.459574,24.991557],[121.457783,24.993422],[121.457732,24.995237],[121.457732,24.995237],[121.459803,24.994397],[121.461443,24.994548],[121.463268,24.995425],[121.464352,24.99752483],[121.464352,24.99752483],[121.463918,24.998622],[121.463918,24.998622],[121.46299,25.001439],[121.46299,25.001439],[121.462231,25.002217],[121.462231,25.002217],[121.46047,25.002036],[121.46047,25.002036],[121.45986,25.002648],[121.45986,25.002648],[121.459931,25.00437],[121.459931,25.00437],[121.461043262981,25.0072766153747],[121.461043262981,25.0072766153747],[121.4634845,25.00860074],[121.4634845,25.00860074],[121.46584,25.00839],[121.46584,25.00839],[121.46822,25.007531],[121.46822,25.007531],[121.470497,25.006683],[121.470497,25.006683],[121.4723534,25.00693083],[121.472414,25.00696],[121.47106,25.009636],[121.47106,25.009636],[121.469318,25.012472],[121.469318,25.012472],[121.467975,25.014223],[121.465455,25.016966],[121.465129,25.018614],[121.465129,25.018614],[121.46695,25.02096],[121.46695,25.02096],[121.467453,25.024906],[121.466864,25.026048],[121.466063,25.027602],[121.464707,25.030154],[121.465547,25.032643],[121.467749,25.03333],[121.470158,25.034041],[121.472402,25.034692],[121.475157,25.035497],[121.476372,25.036596],[121.46882,25.024188],[121.46882,25.024188],[121.470516,25.027135],[121.470516,25.027135],[121.471658,25.028965],[121.471658,25.028965],[121.47362,25.03116],[121.47362,25.03116],[121.4760495,25.03388107],[121.4760495,25.03388107],[121.48065,25.035625],[121.477686,25.035873],[121.47579,25.03395],[121.47579,25.03395],[121.47366,25.03163],[121.47366,25.03163],[121.472668,25.030537],[121.472668,25.030537]]}},{"type":"Feature","properties":{"route_name":"657延","color":"#3bdc76"},"geometry":{"type":"LineString","coordinates":[[121.459437,24.967772],[121.45942,24.970087],[121.459543,24.97133],[121.45886,24.972709],[121.45886,24.972709],[121.45879,24.974282],[121.45879,24.974282],[121.45973,24.97717],[121.463057,24.978438],[121.46519,24.98038],[121.46561,24.98288],[121.4653,24.98463],[121.465217,24.986269],[121.465217,24.986269],[121.468935,24.988257],[121.468935,24.988257],[121.4688915,24.990411],[121.4666724,24.989782],[121.4642633,24.988264],[121.460218,24.989076],[121.459574,24.991557],[121.457783,24.993422],[121.457732,24.995237],[121.457732,24.995237],[121.459803,24.994397],[121.461443,24.994548],[121.463268,24.995425],[121.464352,24.99752483],[121.464352,24.99752483],[121.463918,24.998622],[121.463918,24.998622],[121.46299,25.001439],[121.46299,25.001439],[121.462231,25.002217],[121.462231,25.002217],[121.46047,25.002036],[121.46047,25.002036],[121.45986,25.002648],[121.45986,25.002648],[121.459931,25.00437],[121.459931,25.00437],[121.461043262981,25.0072766153747],[121.461043262981,25.0072766153747],[121.4634845,25.00860074],[121.4634845,25.00860074],[121.46584,25.00839],[121.46584,25.00839],[121.46822,25.007531],[121.46822,25.007531],[121.470497,25.006683],[121.470497,25.006683],[121.4723534,25.00693083],[121.472414,25.00696],[121.47106,25.009636],[121.47106,25.009636],[121.469318,25.012472],[121.469318,25.012472],[121.467975,25.014223],[121.465455,25.016966],[121.465129,25.018614],[121.465129,25.018614],[121.46695,25.02096],[121.46695,25.02096],[121.467453,25.024906],[121.466864,25.026048],[121.466063,25.027602],[121.464707,25.030154],[121.465547,25.032643],[121.467749,25.03333],[121.470158,25.034041],[121.472402,25.034692],[121.475157,25.035497],[121.476372,25.036596],[121.477686,25.035873],[121.47579,25.03395],[121.47579,25.03395],[121.47366,25.03163],[121.47366,25.03163],[121.472668,25.030537],[121.472668,25.030537]]}},{"type":"Feature","properties":{"route_name":"658","color":"#dc3bb9"},"geometry":{"type":"LineString","coordinates":[[121.450234,25.02191],[121.450234,25.02191],[121.452324,25.026206],[121.452324,25.026206],[121.454664,25.026087],[121.454664,25.026087],[121.455746,25.025519],[121.458477,25.023469],[121.460081,25.024605],[121.458899,25.026487],[121.458495,25.02896],[121.46054,25.030056],[121.462731,25.030794],[121.464521,25.031299],[121.46709,25.03201],[121.470221,25.032956],[121.473318,25.03387],[121.475095,25.034382]]}},{"type":"Feature","properties":{"route_name":"660","color":"#dc3b7c"},"geometry":{"type":"LineString","coordinates":[[121.643397627735,25.012111368084],[121.643397627735,25.012111368084],[121.641907166857,25.0114179020809],[121.641907166857,25.0114179020809],[121.638256,25.01058806],[121.63834845794,25.0105450492034],[121.636200049589,25.0107960445339],[121.636200049589,25.0107960445339],[121.632806777056,25.0109875470678],[121.632806777056,25.0109875470678],[121.62948718649,25.0088090999413],[121.62948718649,25.0088090999413],[121.627291972304,25.0075862762931],[121.627291972304,25.0075862762931],[121.623256,25.00535],[121.623256,25.00535],[121.621668852284,25.0046911438587],[121.621668852284,25.0046911438587],[121.618530798628,25.0039515057549],[121.618530798628,25.0039515057549],[121.616794076485,25.0033150747729],[121.616794076485,25.0033150747729],[121.614578,25.002433],[121.614578,25.002433],[121.6121775,25.00129696],[121.612074528182,25.001240884043],[121.610017,25.001078],[121.610017,25.001078],[121.606,25.00185175143],[121.606,25.00185175143],[121.603712640729,25.0027777194038],[121.603712640729,25.0027777194038],[121.600780470525,25.003972883576],[121.600780470525,25.003972883576],[121.5983666,25.00478613],[121.59836661839,25.00478612556]]}},{"type":"Feature","properties":{"route_name":"660區","color":"#dcbc3b"},"geometry":{"type":"LineString","coordinates":[[121.643397627735,25.012111368084],[121.643397627735,25.012111368084],[121.641907166857,25.0114179020809],[121.641907166857,25.0114179020809],[121.638256,25.01058806],[121.63834845794,25.0105450492034],[121.636200049589,25.0107960445339],[121.636200049589,25.0107960445339],[121.632806777056,25.0109875470678],[121.632806777056,25.0109875470678],[121.62948718649,25.0088090999413],[121.62948718649,25.0088090999413],[121.627291972304,25.0075862762931],[121.627291972304,25.0075862762931],[121.623256,25.00535],[121.623256,25.00535],[121.621668852284,25.0046911438587],[121.621668852284,25.0046911438587],[121.618530798628,25.0039515057549],[121.618530798628,25.0039515057549],[121.616794076485,25.0033150747729],[121.616794076485,25.0033150747729],[121.614578,25.002433],[121.614578,25.002433],[121.612074528182,25.001240884043],[121.6121775,25.00129696],[121.610017,25.001078],[121.610017,25.001078],[121.606,25.00185175143],[121.606,25.00185175143],[121.603712640729,25.0027777194038],[121.603712640729,25.0027777194038],[121.600780470525,25.003972883576],[121.600780470525,25.003972883576],[121.59836661839,25.00478612556],[121.5983666,25.00478613]]}},{"type":"Feature","properties":{"route_name":"662","color":"#dc3b76"},"geometry":{"type":"LineString","coordinates":[[121.486786,25.088196],[121.486786,25.088196],[121.488934,25.086181],[121.488934,25.086181],[121.487314,25.083457],[121.487182,25.082181],[121.483714,25.081036],[121.481391,25.079502],[121.481238194798,25.0795793818446],[121.483076,25.078537],[121.483076,25.078537],[121.4845214,25.07777593],[121.4845214,25.07777593],[121.486331,25.07669],[121.486331,25.07669],[121.487215334702,25.0747990058591],[121.4872153,25.07479901],[121.486855,25.072367],[121.486855,25.072367],[121.488742,25.069746],[121.488742,25.069746],[121.490039523138,25.0689190842076],[121.4901147,25.06884451],[121.492023,25.067814],[121.496788,25.065609],[121.496788,25.065609],[121.4974644,25.06310647],[121.4974644,25.06310647],[121.496784994,25.061930885],[121.496784994,25.061930885],[121.494254721567,25.0614913406773],[121.494254721567,25.0614913406773],[121.492298,25.060541],[121.492298,25.060541],[121.490697,25.059479],[121.490697,25.059479],[121.4889275,25.05902382],[121.48778,25.0606],[121.486632,25.06030506],[121.48663201223,25.060305060826],[121.48651605944,25.0580096673922],[121.48651605944,25.0580096673922],[121.4879552,25.05579794],[121.4884396,25.05396112],[121.4905956,25.05314645],[121.492379,25.055406]]}},{"type":"Feature","properties":{"route_name":"663","color":"#dc3b74"},"geometry":{"type":"LineString","coordinates":[[121.4302215,25.02083833],[121.4302215,25.02083833],[121.4278873,25.02104618],[121.4278873,25.02104618],[121.4272815,25.02045611],[121.4272815,25.02045611],[121.4268159,25.01873861],[121.4268159,25.01873861],[121.425209,25.018367],[121.425209,25.018367],[121.4221636,25.01933187],[121.4221636,25.01933187],[121.4200836,25.01999805],[121.4200836,25.01999805],[121.41789,25.02076],[121.41789,25.02076],[121.416282,25.02129417],[121.416282,25.02129417],[121.41471,25.022436],[121.41471,25.022436],[121.41477,25.0233425],[121.41477,25.0233425],[121.417618,25.025833],[121.417618,25.025833],[121.422375,25.028741],[121.422375,25.028741],[121.42685,25.03016],[121.426971584029,25.0301579598983],[121.431382,25.031553],[121.431382,25.031553],[121.435466,25.032612],[121.435466,25.032612],[121.442607,25.033904],[121.442607,25.033904],[121.44483,25.034382],[121.44483,25.034382],[121.447739,25.034987],[121.447739,25.034987],[121.449469,25.035376],[121.449469,25.035376],[121.456562,25.036727],[121.456562,25.036727],[121.459593,25.038242],[121.459593,25.038242],[121.4623098,25.03991225],[121.4623098,25.03991225],[121.46516,25.041731],[121.46516,25.041731],[121.4665635,25.0427471],[121.4665635,25.0427471],[121.469408,25.045403],[121.469408,25.045403],[121.471374,25.046158],[121.471374,25.046158],[121.473986,25.047009],[121.473986,25.047009],[121.4876744,25.05142477],[121.487739420364,25.0513765359288]]}},{"type":"Feature","properties":{"route_name":"666烏塗窟","color":"#dc3b79"},"geometry":{"type":"LineString","coordinates":[[121.596216,25.004447],[121.596216,25.004447],[121.598124,25.004696],[121.598124,25.004696],[121.600788292728,25.0038538453324],[121.600788292728,25.0038538453324],[121.604254,25.00231],[121.604254,25.00231],[121.60600921462,25.001691820229],[121.60600921462,25.001691820229],[121.609871,25.00091326],[121.609715380116,25.0009612914181],[121.6121775,25.00129696],[121.612128615622,25.0011405921787],[121.614846681896,25.0024231544723],[121.614846681896,25.0024231544723],[121.616570605411,25.0030922336576],[121.616570605411,25.0030922336576],[121.619062477439,25.0040712956543],[121.619062477439,25.0040712956543],[121.622497028375,25.0049371027771],[121.622497028375,25.0049371027771],[121.624020061467,25.0055271968746],[121.624020061467,25.0055271968746],[121.627349608668,25.0074878072725],[121.627349608668,25.0074878072725],[121.629842214546,25.0087372060793],[121.629842214546,25.0087372060793],[121.63347,25.010767],[121.63347,25.010767],[121.635794,25.010629],[121.635802,25.01065],[121.63848,25.010383],[121.63848,25.010383],[121.641658,25.011094],[121.641658,25.011094],[121.643401638481,25.0120020984692],[121.643401638481,25.0120020984692],[121.645289,25.012186],[121.647256,25.010816],[121.649546,25.008739],[121.65162,25.00569],[121.65199,25.00002],[121.652932,24.998089],[121.65515,24.994154],[121.657576,24.991289],[121.659028,24.991325],[121.659632,24.990935],[121.658898,24.989288],[121.6605121,24.983624],[121.661123,24.981668],[121.6584533,24.978161],[121.657298,24.975525]]}},{"type":"Feature","properties":{"route_name":"666皇帝殿","color":"#593bdc"},"geometry":{"type":"LineString","coordinates":[[121.596216,25.004447],[121.596216,25.004447],[121.598124,25.004696],[121.598124,25.004696],[121.600788292728,25.0038538453324],[121.600788292728,25.0038538453324],[121.604254,25.00231],[121.604254,25.00231],[121.60600921462,25.001691820229],[121.60600921462,25.001691820229],[121.609871,25.00091326],[121.609715380116,25.0009612914181],[121.612128615622,25.0011405921787],[121.6121775,25.00129696],[121.614846681896,25.0024231544723],[121.614846681896,25.0024231544723],[121.616570605411,25.0030922336576],[121.616570605411,25.0030922336576],[121.619062477439,25.0040712956543],[121.619062477439,25.0040712956543],[121.622497028375,25.0049371027771],[121.622497028375,25.0049371027771],[121.624020061467,25.0055271968746],[121.624020061467,25.0055271968746],[121.627349608668,25.0074878072725],[121.627349608668,25.0074878072725],[121.629842214546,25.0087372060793],[121.629842214546,25.0087372060793],[121.63347,25.010767],[121.63347,25.010767],[121.635802,25.01065],[121.635794,25.010629],[121.63848,25.010383],[121.63848,25.010383],[121.641658,25.011094],[121.641658,25.011094],[121.643401638481,25.0120020984692],[121.643401638481,25.0120020984692],[121.645289,25.012186],[121.647256,25.010816],[121.649546,25.008739],[121.65162,25.00569],[121.65199,25.00002],[121.652932,24.998089],[121.65515,24.994154],[121.657576,24.991289],[121.659028,24.991325],[121.661767,24.990703],[121.66341,24.989048],[121.666582,24.985759],[121.671073,24.982455]]}},{"type":"Feature","properties":{"route_name":"666華梵大學","color":"#593bdc"},"geometry":{"type":"LineString","coordinates":[[121.596216,25.004447],[121.596216,25.004447],[121.598124,25.004696],[121.598124,25.004696],[121.600788292728,25.0038538453324],[121.600788292728,25.0038538453324],[121.604254,25.00231],[121.604254,25.00231],[121.60600921462,25.001691820229],[121.60600921462,25.001691820229],[121.609871,25.00091326],[121.609715380116,25.0009612914181],[121.6121775,25.00129696],[121.612128615622,25.0011405921787],[121.614846681896,25.0024231544723],[121.614846681896,25.0024231544723],[121.616570605411,25.0030922336576],[121.616570605411,25.0030922336576],[121.619062477439,25.0040712956543],[121.619062477439,25.0040712956543],[121.622497028375,25.0049371027771],[121.622497028375,25.0049371027771],[121.624020061467,25.0055271968746],[121.624020061467,25.0055271968746],[121.627349608668,25.0074878072725],[121.627349608668,25.0074878072725],[121.629842214546,25.0087372060793],[121.629842214546,25.0087372060793],[121.63347,25.010767],[121.63347,25.010767],[121.635802,25.01065],[121.635794,25.010629],[121.63848,25.010383],[121.63848,25.010383],[121.641658,25.011094],[121.641658,25.011094],[121.643401638481,25.0120020984692],[121.643401638481,25.0120020984692],[121.645289,25.012186],[121.647256,25.010816],[121.649546,25.008739],[121.65162,25.00569],[121.65199,25.00002],[121.652932,24.998089],[121.65515,24.994154],[121.657576,24.991289],[121.659028,24.991325],[121.661767,24.990703],[121.66341,24.989048],[121.666582,24.985759],[121.671073,24.982455],[121.674502,24.981099],[121.675287,24.978412],[121.676121,24.976931],[121.676881,24.97533],[121.6813,24.975914],[121.68377,24.976214],[121.687294,24.975624],[121.687445,24.973919],[121.687035,24.971435],[121.687224,24.972141],[121.688847,24.972892],[121.68957,24.974941],[121.691746,24.978674]]}},{"type":"Feature","properties":{"route_name":"667","color":"#dc3b69"},"geometry":{"type":"LineString","coordinates":[[121.460458,24.992159],[121.460458,24.992159],[121.46251,24.991481],[121.46251,24.991481],[121.464927,24.99277],[121.464927,24.99277],[121.4663395,24.993802],[121.4663395,24.993802],[121.4679844,24.993825],[121.4720362,24.998187],[121.472624,25.001522],[121.472377,25.003205],[121.471153,25.004529],[121.471153,25.004529],[121.469691,25.003956],[121.469691,25.003956],[121.468023,25.003222],[121.468023,25.003222],[121.46635,25.002914],[121.46635,25.002914],[121.464285,25.00403],[121.464285,25.00403],[121.46393390614749,25.005869973155434],[121.46393390614749,25.005869973155434],[121.4634845,25.00860074],[121.4634845,25.00860074],[121.46366,25.010896],[121.46366,25.010896],[121.464544,25.012043],[121.464544,25.012043],[121.462602,25.012813],[121.462602,25.012813],[121.469,25.016752],[121.469,25.016752],[121.470382,25.017856],[121.470382,25.017856],[121.474333,25.020573],[121.476925,25.02244],[121.477928,25.023175],[121.4792734,25.024188]]}},{"type":"Feature","properties":{"route_name":"668","color":"#dc3b66"},"geometry":{"type":"LineString","coordinates":[[121.6654731,25.07553395],[121.6654731,25.07553395],[121.6650401,25.07416824],[121.66504010128,25.0741682394737],[121.66475,25.07167],[121.66475,25.07167],[121.661689061306,25.0691766561076],[121.661689061306,25.0691766561076],[121.659997,25.067906],[121.659997,25.067906],[121.654564,25.066335],[121.654564,25.066335],[121.652863,25.06486],[121.652863,25.06486],[121.650598,25.063921],[121.650598,25.063921],[121.647015298289,25.0629554356458],[121.647015298289,25.0629554356458],[121.644615,25.062079],[121.644615,25.062079],[121.64195,25.061],[121.64195,25.061],[121.638218,25.05933],[121.638218,25.05933],[121.634221,25.057679],[121.634221,25.057679],[121.632175626719,25.0562484993939],[121.632022,25.05616],[121.62191,25.055038],[121.62191,25.055038]]}},{"type":"Feature","properties":{"route_name":"669","color":"#dc3b64"},"geometry":{"type":"LineString","coordinates":[[121.48817,25.08941],[121.48817,25.08941],[121.489793,25.089507],[121.489793,25.089507],[121.4933,25.087786],[121.4933,25.087786]]}},{"type":"Feature","properties":{"route_name":"670","color":"#dc4e3b"},"geometry":{"type":"LineString","coordinates":[[121.49673,24.977984],[121.49673,24.977984],[121.49882,24.979722],[121.49882,24.979722],[121.500808,24.980249],[121.500808,24.980249],[121.503256,24.981908],[121.503256,24.981908],[121.504014,24.982892],[121.504014,24.982892],[121.504585,24.983668],[121.504585,24.983668],[121.506781,24.985024],[121.506781,24.985024],[121.5079595,24.98406358],[121.5079595,24.98406358],[121.5092408,24.98292064],[121.5092408,24.98292064],[121.5113314,24.98355304],[121.5113314,24.98355304],[121.512171,24.985077],[121.512171,24.985077],[121.5126,24.986939],[121.5126,24.986939],[121.513308,24.988375],[121.513308,24.988375],[121.512485,24.989999],[121.512485,24.989999],[121.513228,24.994533],[121.513228,24.994533],[121.514859678286,24.9964243335687],[121.514859678286,24.9964243335687],[121.516565619533,24.9983765816712],[121.5164442,24.99830177],[121.5177138,25.00054939],[121.5177138,25.00054939],[121.5175452,25.0024569],[121.5175452,25.0024569],[121.517121,25.006519],[121.517121,25.006519],[121.51865,25.007465],[121.51865,25.007465],[121.5207753,25.00879945],[121.5207753,25.00879945],[121.520115,25.011264],[121.520115,25.011264],[121.518655,25.013451],[121.518655,25.013451],[121.517667,25.014315],[121.517667,25.014315],[121.5162239,25.01604284],[121.5162239,25.01604284]]}},{"type":"Feature","properties":{"route_name":"671","color":"#dc513b"},"geometry":{"type":"LineString","coordinates":[[121.551066,24.983425],[121.551066,24.983425],[121.551537,24.980281],[121.551537,24.980281]]}},{"type":"Feature","properties":{"route_name":"672","color":"#dc543b"},"geometry":{"type":"LineString","coordinates":[[121.533888,24.9909],[121.533888,24.9909],[121.524798,24.990551],[121.524798,24.990551],[121.52296,24.99076],[121.52296,24.99076],[121.5194886,24.99170762],[121.5194886,24.99170762],[121.517292,24.992212],[121.517362,24.992238],[121.513089,24.99268],[121.513089,24.99268],[121.513517792484,24.994842197716],[121.513517792484,24.994842197716],[121.514859678286,24.9964243335687],[121.514859678286,24.9964243335687],[121.516565619533,24.9983765816712],[121.5164442,24.99830177],[121.518434,25.000124],[121.518434,25.000124],[121.52086,24.999844],[121.52086,24.999844],[121.522385215721,25.0012830070909],[121.522385215721,25.0012830070909],[121.522833,25.002882],[121.522833,25.002882]]}},{"type":"Feature","properties":{"route_name":"672區","color":"#dc3b54"},"geometry":{"type":"LineString","coordinates":[[121.533888,24.9909],[121.533888,24.9909],[121.524798,24.990551],[121.524798,24.990551],[121.52296,24.99076],[121.52296,24.99076],[121.5194886,24.99170762],[121.5194886,24.99170762],[121.517362,24.992238],[121.517292,24.992212],[121.513089,24.99268],[121.513089,24.99268],[121.513517792484,24.994842197716],[121.513517792484,24.994842197716],[121.514859678286,24.9964243335687],[121.514859678286,24.9964243335687],[121.5164442,24.99830177],[121.516565619533,24.9983765816712],[121.518434,25.000124],[121.518434,25.000124],[121.52086,24.999844],[121.52086,24.999844],[121.522385215721,25.0012830070909],[121.522385215721,25.0012830070909],[121.522833,25.002882],[121.522833,25.002882]]}},{"type":"Feature","properties":{"route_name":"673","color":"#dc563b"},"geometry":{"type":"LineString","coordinates":[[121.533888,24.9909],[121.533888,24.9909],[121.53358,24.98743],[121.53358,24.98743],[121.5334506,24.98444031],[121.5334506,24.98444031],[121.535092,24.982725],[121.535092,24.982725],[121.537068,24.985175],[121.537068,24.985175],[121.538791,24.986624],[121.538791,24.986624]]}},{"type":"Feature","properties":{"route_name":"675","color":"#dc5c3b"},"geometry":{"type":"LineString","coordinates":[[121.6654731,25.07553395],[121.6654731,25.07553395],[121.66504010128,25.0741682394737],[121.6650401,25.07416824],[121.666894790178,25.0757709941611],[121.666894790178,25.0757709941611],[121.666124,25.073617],[121.666124,25.073617],[121.665938786409,25.0718638857203],[121.665938786409,25.0718638857203],[121.664158,25.068761],[121.664158,25.068761],[121.661871,25.066476],[121.661871,25.066476],[121.65913,25.06478],[121.65913,25.06478],[121.656,25.063336],[121.656,25.063336],[121.652972,25.062102],[121.652972,25.062102],[121.64922,25.06145],[121.64922,25.06145],[121.646151832258,25.0608168661478],[121.646153,25.060814],[121.632022,25.05616],[121.632175626719,25.0562484993939],[121.62191,25.055038],[121.62191,25.055038]]}},{"type":"Feature","properties":{"route_name":"677","color":"#dc613b"},"geometry":{"type":"LineString","coordinates":[[121.630225,25.06495],[121.630225,25.06495],[121.633187,25.063647],[121.636197,25.062033],[121.638685,25.06346],[121.639777,25.064691],[121.639777,25.064691],[121.640802,25.067796],[121.640802,25.067796],[121.641499,25.070209],[121.641499,25.070209],[121.6436,25.07381],[121.6436,25.07381],[121.644525,25.075856],[121.644525,25.075856],[121.641733,25.075359],[121.641733,25.075359],[121.640323,25.074711],[121.640323,25.074711],[121.6390103,25.07383644],[121.6390103,25.07383644],[121.63711637178322,25.071954410613305],[121.63711637178322,25.071954410613305],[121.63581,25.07075],[121.63581,25.07075],[121.63449,25.06941],[121.63449,25.06941],[121.6317256,25.0684216],[121.6317256,25.0684216],[121.628825,25.067787],[121.628825,25.067787],[121.626867537731,25.067368167607],[121.626867537731,25.067368167607],[121.62487,25.067032],[121.62487,25.067032],[121.621242309823,25.0666228369498],[121.6212807,25.06666453],[121.6188199,25.06680801],[121.618948,25.066708]]}},{"type":"Feature","properties":{"route_name":"677副","color":"#d43bdc"},"geometry":{"type":"LineString","coordinates":[[121.630225,25.06495],[121.630225,25.06495],[121.633187,25.063647],[121.636197,25.062033],[121.638685,25.06346],[121.639777,25.064691],[121.639777,25.064691],[121.640802,25.067796],[121.640802,25.067796],[121.641499,25.070209],[121.641499,25.070209],[121.6436,25.07381],[121.6436,25.07381],[121.644525,25.075856],[121.644525,25.075856],[121.641733,25.075359],[121.641733,25.075359],[121.640323,25.074711],[121.640323,25.074711],[121.6390103,25.07383644],[121.6390103,25.07383644],[121.63711637178322,25.071954410613305],[121.63711637178322,25.071954410613305],[121.63520142081403,25.071476446439604],[121.63344885678443,25.07141234162801],[121.6310686,25.071147],[121.6276293,25.069422],[121.625833,25.068229],[121.62487,25.067032],[121.62487,25.067032],[121.6212807,25.06666453],[121.621242309823,25.0666228369498],[121.618948,25.066708],[121.6188199,25.06680801]]}},{"type":"Feature","properties":{"route_name":"678","color":"#dc643b"},"geometry":{"type":"LineString","coordinates":[[121.683273,25.074762],[121.683273,25.074762],[121.682809,25.072605],[121.682809,25.072605],[121.67919,25.07129],[121.67919,25.07129],[121.675147,25.073658],[121.675147,25.073658],[121.67317,25.0763],[121.67317,25.0763],[121.6676204,25.07733],[121.6676204,25.07733],[121.666894790178,25.0757709941611],[121.666894790178,25.0757709941611],[121.666124,25.073617],[121.666124,25.073617],[121.665938786409,25.0718638857203],[121.665938786409,25.0718638857203],[121.666989,25.070512],[121.670877,25.068688],[121.672244,25.067916],[121.67482,25.065817],[121.67186,25.06652],[121.668067,25.067594],[121.662717,25.066328],[121.65913,25.06478],[121.65913,25.06478],[121.656,25.063336],[121.656,25.063336],[121.652972,25.062102],[121.652972,25.062102],[121.64922,25.06145],[121.64922,25.06145],[121.646151832258,25.0608168661478],[121.646153,25.060814],[121.632175626719,25.0562484993939],[121.632022,25.05616],[121.62191,25.055038],[121.62191,25.055038]]}},{"type":"Feature","properties":{"route_name":"679","color":"#dc663b"},"geometry":{"type":"LineString","coordinates":[[121.596216,25.004447],[121.596216,25.004447],[121.598124,25.004696],[121.598124,25.004696],[121.600788292728,25.0038538453324],[121.600788292728,25.0038538453324],[121.604254,25.00231],[121.604254,25.00231],[121.60600921462,25.001691820229],[121.60600921462,25.001691820229],[121.609715380116,25.0009612914181],[121.609871,25.00091326],[121.612128615622,25.0011405921787],[121.6121775,25.00129696],[121.614846681896,25.0024231544723],[121.614846681896,25.0024231544723],[121.616570605411,25.0030922336576],[121.616570605411,25.0030922336576],[121.619062477439,25.0040712956543],[121.619062477439,25.0040712956543],[121.622282,25.005121],[121.622282,25.005121],[121.62110021035,25.0083431949348],[121.62110021035,25.0083431949348],[121.62065,25.00937],[121.62065,25.00937],[121.621489074884,25.0105193440793],[121.621489074884,25.0105193440793],[121.622431,25.01310198],[121.622431,25.01310198],[121.6229761,25.0140743],[121.622976136162,25.0140743021165],[121.62507,25.01446],[121.62507,25.01446],[121.62613,25.01496],[121.62613,25.01496],[121.626589625706,25.0161533237965],[121.626589625706,25.0161533237965],[121.62536,25.01673]]}},{"type":"Feature","properties":{"route_name":"682","color":"#dca73b"},"geometry":{"type":"LineString","coordinates":[[121.405981,25.153505],[121.405981,25.153505],[121.406691,25.150818],[121.406691,25.150818],[121.4040856,25.14869],[121.4040856,25.14869],[121.4002943,25.14583],[121.4002943,25.14583],[121.3985723,25.144765],[121.3985723,25.144765],[121.396419,25.143191],[121.396419,25.143191],[121.391316,25.141783],[121.391316,25.141783],[121.392294,25.142951],[121.392294,25.142951],[121.3937287,25.14397311],[121.3937287,25.14397311],[121.396532,25.145555],[121.396532,25.145555],[121.398251,25.146813],[121.398251,25.146813],[121.400021,25.147471],[121.400021,25.147471],[121.4015,25.148318],[121.4015,25.148318],[121.402932,25.1489121],[121.402932,25.1489121],[121.404623,25.149966],[121.404623,25.149966],[121.40553,25.15186],[121.40553,25.15186],[121.40615,25.152877],[121.40615,25.152877],[121.406797,25.153621],[121.406797,25.153621],[121.408651,25.155874],[121.408651,25.155874],[121.41074,25.157441],[121.41074,25.157441],[121.41205,25.158527],[121.41205,25.158527],[121.4139447,25.15970821],[121.4139447,25.15970821],[121.416892,25.159307],[121.416892,25.159307],[121.41876,25.1596],[121.41876,25.1596],[121.42105,25.15924],[121.42105,25.15924],[121.422092,25.158932],[121.422092,25.158932],[121.424899,25.159018],[121.424899,25.159018],[121.428344,25.159046],[121.428344,25.159046],[121.43143,25.15839],[121.43143,25.15839],[121.43411,25.15823],[121.43411,25.15823],[121.43694,25.15577],[121.43694,25.15577],[121.43991,25.153561],[121.43991,25.153561],[121.44343,25.14979],[121.44343,25.14979],[121.445125,25.147643],[121.445125,25.147643],[121.44604,25.146125],[121.44604,25.146125],[121.446648,25.144385],[121.446648,25.144385],[121.4473327,25.14257237],[121.447332740644,25.1425723705487],[121.4488748,25.13871714],[121.4488748,25.13871714],[121.45006,25.13528],[121.45006,25.13528],[121.451367,25.132202],[121.451367,25.132202],[121.45128,25.13036],[121.45128,25.13036],[121.451713,25.128332],[121.451713,25.128332],[121.451964,25.127309],[121.451964,25.127309],[121.452656,25.125763],[121.452656,25.125763]]}},{"type":"Feature","properties":{"route_name":"688","color":"#dcb73b"},"geometry":{"type":"LineString","coordinates":[[121.523431,25.003877],[121.523431,25.003877],[121.522296,25.00158],[121.522296,25.00158],[121.5238178,24.99942414],[121.5238178,24.99942414],[121.525878,24.999065],[121.525878,24.999065],[121.526478,24.996942],[121.526478,24.996942],[121.526309,24.994716],[121.526309,24.994716],[121.526021,24.993061],[121.526021,24.993061],[121.52587,24.991494],[121.52587,24.991494],[121.524798,24.990551],[121.524798,24.990551],[121.52296,24.99076],[121.52296,24.99076]]}},{"type":"Feature","properties":{"route_name":"701","color":"#dc913b"},"geometry":{"type":"LineString","coordinates":[[121.42796,24.995638],[121.430021,24.998244],[121.431245,25.000554],[121.432111,25.002077],[121.4314169,25.005292],[121.4314169,25.005292],[121.427744,25.005066],[121.4263218,25.007465],[121.425117,25.00966],[121.4244533,25.011713],[121.4231396,25.01413145],[121.4203598,25.015508],[121.4176708,25.015585],[121.413921,25.015699],[121.410695,25.014922],[121.4121818,25.01301809],[121.412521,25.011393],[121.412454,25.009174],[121.412371,25.007453],[121.412873,25.005212],[121.413269,25.004148],[121.415266,25.002505],[121.415994,25.000401],[121.418579,24.997451],[121.42196,24.99529],[121.422578,24.99463],[121.421478,24.993269],[121.419531,24.990344],[121.41745,24.98766],[121.418065,24.98527587],[121.42122,24.98764],[121.422411,24.989525],[121.423739,24.991841],[121.424598,24.99329752],[121.427446,24.993247],[121.430407,24.992111],[121.432175,24.994874],[121.441040333834,24.9973119983033],[121.441040333834,24.9973119983033],[121.443597,24.999139],[121.443597,24.999139],[121.44574,25.00115],[121.44574,25.00115],[121.446636,25.00256772],[121.446636,25.00256772],[121.4476,25.0062],[121.4476,25.0062],[121.44981,25.00837],[121.45425,25.00964],[121.45425,25.00964],[121.4545959,25.01118631],[121.4545959,25.01118631],[121.456883,25.010986],[121.456883,25.010986],[121.458454,25.009036],[121.458454,25.009036],[121.460871,25.013298],[121.460871,25.013298],[121.462964,25.015838],[121.462964,25.015838],[121.465129,25.018614],[121.465129,25.018614],[121.46695,25.02096],[121.46695,25.02096],[121.46882,25.024188],[121.46882,25.024188],[121.470516,25.027135],[121.470516,25.027135],[121.471658,25.028965],[121.471658,25.028965],[121.47362,25.03116],[121.47362,25.03116],[121.4760495,25.03388107],[121.4760495,25.03388107]]}},{"type":"Feature","properties":{"route_name":"702","color":"#dc943b"},"geometry":{"type":"LineString","coordinates":[[121.367161,24.93748],[121.369458,24.935981],[121.372124,24.936067],[121.3741,24.935495],[121.37294,24.937495],[121.370933,24.938441],[121.369821,24.938765],[121.367802,24.939065],[121.3635229,24.93883104],[121.3563861,24.94094701],[121.352531,24.950267],[121.352304,24.955016],[121.353589,24.956357],[121.355054,24.95519],[121.356936,24.956605],[121.362471,24.956647],[121.364477,24.95636],[121.371496,24.95874],[121.37683,24.96213],[121.38283,24.966162],[121.386036,24.96824056],[121.38873,24.96984],[121.3935678,24.97226366],[121.397068,24.973394],[121.401953,24.975625],[121.40695,24.97919],[121.4087873,24.979984],[121.412604,24.982578],[121.415842,24.984168],[121.418065,24.98527587],[121.42122,24.98764],[121.422411,24.989525],[121.423739,24.991841],[121.424598,24.99329752],[121.427446,24.993247],[121.430407,24.992111],[121.432175,24.994874],[121.441040333834,24.9973119983033],[121.441040333834,24.9973119983033],[121.443597,24.999139],[121.443597,24.999139],[121.44574,25.00115],[121.44574,25.00115],[121.446636,25.00256772],[121.446636,25.00256772],[121.4476,25.0062],[121.4476,25.0062],[121.44981,25.00837],[121.45425,25.00964],[121.45425,25.00964],[121.4545959,25.01118631],[121.4545959,25.01118631],[121.456883,25.010986],[121.456883,25.010986],[121.458454,25.009036],[121.458454,25.009036],[121.460871,25.013298],[121.460871,25.013298]]}},{"type":"Feature","properties":{"route_name":"704","color":"#dc993b"},"geometry":{"type":"LineString","coordinates":[[121.3943511,25.140417],[121.3967844,25.143315],[121.3967844,25.143315],[121.3977429,25.145911],[121.398251,25.146813],[121.398251,25.146813],[121.400021,25.147471],[121.400021,25.147471],[121.4015,25.148318],[121.4015,25.148318],[121.402932,25.1489121],[121.402932,25.1489121],[121.404623,25.149966],[121.404623,25.149966],[121.40553,25.15186],[121.40553,25.15186],[121.40615,25.152877],[121.40615,25.152877],[121.406797,25.153621],[121.406797,25.153621],[121.408651,25.155874],[121.408651,25.155874],[121.41074,25.157441],[121.41074,25.157441],[121.41205,25.158527],[121.41205,25.158527],[121.4139447,25.15970821],[121.4139447,25.15970821],[121.416892,25.159307],[121.416892,25.159307],[121.41876,25.1596],[121.41876,25.1596],[121.42105,25.15924],[121.42105,25.15924],[121.422092,25.158932],[121.422092,25.158932],[121.424899,25.159018],[121.424899,25.159018],[121.428344,25.159046],[121.428344,25.159046],[121.43143,25.15839],[121.43143,25.15839],[121.43411,25.15823],[121.43411,25.15823],[121.43694,25.15577],[121.43694,25.15577],[121.43991,25.153561],[121.43991,25.153561],[121.44343,25.14979],[121.44343,25.14979],[121.445125,25.147643],[121.445125,25.147643],[121.44604,25.146125],[121.44604,25.146125],[121.446648,25.144385],[121.446648,25.144385],[121.447332740644,25.1425723705487],[121.4473327,25.14257237],[121.4488748,25.13871714],[121.4488748,25.13871714],[121.45006,25.13528],[121.45006,25.13528],[121.451367,25.132202],[121.451367,25.132202],[121.45128,25.13036],[121.45128,25.13036],[121.451713,25.128332],[121.451713,25.128332],[121.451964,25.127309],[121.451964,25.127309],[121.452656,25.125763],[121.452656,25.125763],[121.455706,25.12068115],[121.4568564,25.117917],[121.4555484,25.109566],[121.4533012,25.106927],[121.452647,25.10455902],[121.46086,25.0937],[121.46086,25.0937],[121.463227,25.091505],[121.463227,25.091505],[121.465804,25.089056],[121.465804,25.089056],[121.46664,25.08814],[121.46664,25.08814],[121.4677982,25.08671129],[121.4677982,25.08671129],[121.4684977,25.08574782],[121.4684977,25.08574782],[121.470464,25.08302],[121.470464,25.08302],[121.472348,25.081628],[121.472348,25.081628],[121.473209,25.081859],[121.473209,25.081859],[121.476637,25.081453],[121.476637,25.081453],[121.479191,25.080762],[121.479191,25.080762],[121.481238194798,25.0795793818446],[121.481391,25.079502],[121.483076,25.078537],[121.483076,25.078537],[121.4845214,25.07777593],[121.4845214,25.07777593],[121.4859364,25.07691628],[121.4859364,25.07691628],[121.48856950179,25.075482682654],[121.48856950179,25.075482682654],[121.491151,25.073995],[121.491151,25.073995],[121.492963,25.07293],[121.492963,25.07293],[121.49431,25.071998],[121.49431,25.071998],[121.49511101853,25.0701489438371],[121.49511101853,25.0701489438371],[121.495798,25.068994],[121.495798,25.068994],[121.49641,25.067022],[121.49641,25.067022],[121.496788,25.065609],[121.496788,25.065609],[121.4974644,25.06310647],[121.4974644,25.06310647],[121.498057,25.060928],[121.498057,25.060928],[121.4983337,25.05971795],[121.4983337,25.05971795],[121.498795,25.05760253],[121.498795,25.05760253],[121.49998,25.05707],[121.49998,25.05707],[121.503152,25.062224],[121.503152,25.062224]]}},{"type":"Feature","properties":{"route_name":"704區","color":"#afdc3b"},"geometry":{"type":"LineString","coordinates":[[121.3943511,25.140417],[121.3967844,25.143315],[121.3967844,25.143315],[121.3977429,25.145911],[121.398251,25.146813],[121.398251,25.146813],[121.400021,25.147471],[121.400021,25.147471],[121.4015,25.148318],[121.4015,25.148318],[121.402932,25.1489121],[121.402932,25.1489121],[121.404623,25.149966],[121.404623,25.149966],[121.40553,25.15186],[121.40553,25.15186],[121.40615,25.152877],[121.40615,25.152877],[121.406797,25.153621],[121.406797,25.153621],[121.408651,25.155874],[121.408651,25.155874],[121.41074,25.157441],[121.41074,25.157441],[121.41205,25.158527],[121.41205,25.158527],[121.4139447,25.15970821],[121.4139447,25.15970821],[121.416892,25.159307],[121.416892,25.159307],[121.41876,25.1596],[121.41876,25.1596],[121.42105,25.15924],[121.42105,25.15924],[121.422092,25.158932],[121.422092,25.158932],[121.424899,25.159018],[121.424899,25.159018],[121.428344,25.159046],[121.428344,25.159046],[121.43143,25.15839],[121.43143,25.15839],[121.43411,25.15823],[121.43411,25.15823],[121.43694,25.15577],[121.43694,25.15577],[121.43991,25.153561],[121.43991,25.153561],[121.44343,25.14979],[121.44343,25.14979],[121.445125,25.147643],[121.445125,25.147643],[121.44604,25.146125],[121.44604,25.146125],[121.446648,25.144385],[121.446648,25.144385],[121.447332740644,25.1425723705487],[121.4473327,25.14257237],[121.4488748,25.13871714],[121.4488748,25.13871714],[121.45006,25.13528],[121.45006,25.13528],[121.451367,25.132202],[121.451367,25.132202],[121.45128,25.13036],[121.45128,25.13036],[121.451713,25.128332],[121.451713,25.128332],[121.451964,25.127309],[121.451964,25.127309],[121.452656,25.125763],[121.452656,25.125763],[121.455706,25.12068115],[121.4568564,25.117917],[121.4555484,25.109566],[121.4533012,25.106927],[121.452647,25.10455902],[121.46086,25.0937],[121.46086,25.0937],[121.463227,25.091505],[121.463227,25.091505]]}},{"type":"Feature","properties":{"route_name":"705","color":"#dc9c3b"},"geometry":{"type":"LineString","coordinates":[[121.378934,24.941182],[121.379266,24.94237],[121.382402,24.945598],[121.38206,24.947159],[121.3797908,24.948158],[121.3776023,24.947473],[121.378919,24.944346],[121.3775706,24.94675265],[121.3765923,24.947112],[121.37483,24.94629],[121.37368,24.94489],[121.3749655,24.943183],[121.37419,24.9416],[121.3709899,24.94137],[121.369186,24.938689],[121.370724,24.938309],[121.3726289,24.937495],[121.3741879,24.93608309],[121.37565,24.932405],[121.37482,24.930115],[121.372543,24.928267],[121.37274,24.92667],[121.375272,24.927307],[121.377385,24.928825],[121.379262,24.93019],[121.381069,24.930158],[121.385095,24.931522],[121.3866366,24.93307081],[121.39106,24.93521],[121.393817,24.935708],[121.395837,24.937183],[121.395703,24.939072],[121.398554,24.941784],[121.401605,24.943434],[121.403346,24.944505],[121.404395,24.945465],[121.40683,24.94828],[121.411206,24.951976],[121.41214,24.95341],[121.414282,24.956227],[121.417136,24.958169],[121.418269,24.958842],[121.42204,24.96147],[121.425079,24.962537],[121.427371,24.963818],[121.430929,24.964872],[121.434258,24.965538],[121.4365891,24.96693499],[121.438862,24.969338],[121.44006,24.971552],[121.44158,24.974341],[121.44208,24.976352],[121.442459,24.978736],[121.4430948,24.98084349],[121.443748,24.982863],[121.443748,24.982863],[121.445547,24.986196],[121.445547,24.986196],[121.447058,24.988564],[121.447058,24.988564],[121.449,24.991567],[121.449,24.991567],[121.449607,24.992453],[121.449607,24.992453],[121.45162,24.994319],[121.45162,24.994319],[121.45373,24.995168],[121.45373,24.995168],[121.457306,24.997381],[121.457306,24.997381],[121.458394,24.999752],[121.458394,24.999752],[121.45986,25.002648],[121.45986,25.002648],[121.459931,25.00437],[121.459931,25.00437],[121.461043262981,25.0072766153747],[121.461043262981,25.0072766153747],[121.4634845,25.00860074],[121.4634845,25.00860074],[121.46366,25.010896],[121.46366,25.010896],[121.464544,25.012043],[121.464544,25.012043],[121.462602,25.012813],[121.462602,25.012813],[121.46755,25.01269],[121.46755,25.01269],[121.471041,25.014344],[121.471041,25.014344],[121.4724073,25.01497569],[121.4724073,25.01497569],[121.474547,25.016013],[121.474547,25.016013],[121.475893,25.016626],[121.475893,25.016626],[121.47829,25.017984],[121.47829,25.017984],[121.48066,25.01945],[121.48066,25.01945],[121.483153,25.02103],[121.483153,25.02103]]}},{"type":"Feature","properties":{"route_name":"706","color":"#dc9e3b"},"geometry":{"type":"LineString","coordinates":[[121.378934,24.941182],[121.379266,24.94237],[121.378919,24.944346],[121.3775706,24.94675265],[121.3765923,24.947112],[121.37483,24.94629],[121.37368,24.94489],[121.3749655,24.943183],[121.37419,24.9416],[121.3709899,24.94137],[121.369186,24.938689],[121.370724,24.938309],[121.3726289,24.937495],[121.3741879,24.93608309],[121.37551,24.932689],[121.379262,24.93019],[121.381069,24.930158],[121.385095,24.931522],[121.3866366,24.93307081],[121.39106,24.93521],[121.393817,24.935708],[121.395837,24.937183],[121.395703,24.939072],[121.398554,24.941784],[121.401605,24.943434],[121.403346,24.944505],[121.404395,24.945465],[121.40683,24.94828],[121.411206,24.951976],[121.41214,24.95341],[121.414282,24.956227],[121.417136,24.958169],[121.418269,24.958842],[121.42204,24.96147],[121.425079,24.962537],[121.427371,24.963818],[121.430929,24.964872],[121.434258,24.965538],[121.4365891,24.96693499],[121.439524,24.968824],[121.443347,24.971621],[121.445122,24.973711],[121.448771,24.976884],[121.450576,24.978201],[121.45237,24.97978],[121.454642,24.981473],[121.454642,24.981473],[121.456615,24.982947],[121.456615,24.982947],[121.459549,24.98446],[121.459549,24.98446],[121.462871,24.985364],[121.462871,24.985364],[121.465217,24.986269],[121.465217,24.986269],[121.468935,24.988257],[121.468935,24.988257],[121.47114,24.989461],[121.47114,24.989461],[121.477332,24.992043],[121.477332,24.992043],[121.4789782,24.99430779],[121.4789782,24.99430779],[121.482957,24.995553],[121.482957,24.995553],[121.484429,24.996128],[121.484429,24.996128],[121.4903845,24.99626066],[121.4903845,24.99626066],[121.492320399314,24.9965568353221],[121.492320399314,24.9965568353221],[121.4951329,24.99819818],[121.4951329,24.99819818],[121.4964382,24.99966641],[121.496428401096,24.9996352583255],[121.498554,25.001978],[121.498554,25.001978],[121.5003993,25.00264981],[121.5003993,25.00264981],[121.502608785098,25.0033780465089],[121.5026,25.00337],[121.504545,25.004905],[121.504545,25.004905],[121.506749,25.006803],[121.506749,25.006803],[121.50974,25.00919],[121.50974,25.00919],[121.51308,25.01056],[121.51308,25.01056],[121.515273,25.01258],[121.515273,25.01258],[121.5162239,25.01604284],[121.5162239,25.01604284]]}},{"type":"Feature","properties":{"route_name":"707","color":"#dca13b"},"geometry":{"type":"LineString","coordinates":[[121.378934,24.941182],[121.379266,24.94237],[121.382402,24.945598],[121.379851,24.945576],[121.3768168,24.94402239],[121.377036,24.940363],[121.385012,24.93977],[121.39106,24.93521],[121.393817,24.935708],[121.395837,24.937183],[121.395703,24.939072],[121.398554,24.941784],[121.401605,24.943434],[121.403346,24.944505],[121.404395,24.945465],[121.40683,24.94828],[121.411206,24.951976],[121.41214,24.95341],[121.414282,24.956227],[121.417136,24.958169],[121.418269,24.958842],[121.42204,24.96147],[121.425079,24.962537],[121.427371,24.963818],[121.430929,24.964872],[121.434258,24.965538],[121.4365891,24.96693499],[121.438862,24.969338],[121.44006,24.971552],[121.44158,24.974341],[121.4434479,24.975182],[121.448771,24.976884],[121.450576,24.978201],[121.452408,24.979512],[121.4556953,24.981306],[121.458552,24.981449],[121.46054,24.981837],[121.4618374,24.983292],[121.465217,24.986269],[121.465217,24.986269],[121.468935,24.988257],[121.468935,24.988257],[121.47114,24.989461],[121.47114,24.989461],[121.477332,24.992043],[121.477332,24.992043],[121.4789782,24.99430779],[121.4789782,24.99430779],[121.482957,24.995553],[121.482957,24.995553],[121.484429,24.996128],[121.484429,24.996128],[121.4903845,24.99626066],[121.4903845,24.99626066],[121.492320399314,24.9965568353221],[121.492320399314,24.9965568353221],[121.4951329,24.99819818],[121.4951329,24.99819818],[121.49693,25.000377],[121.498554,25.001978],[121.498554,25.001978],[121.5003993,25.00264981],[121.5003993,25.00264981],[121.5026,25.00337],[121.502608785098,25.0033780465089],[121.504545,25.004905],[121.504545,25.004905],[121.506749,25.006803],[121.506749,25.006803],[121.510644,25.005904],[121.513414,25.003661],[121.513414,25.003661],[121.5163,25.0041],[121.5163,25.0041],[121.521553502861,25.0031337977071],[121.521553502861,25.0031337977071],[121.522833,25.002882],[121.522833,25.002882]]}},{"type":"Feature","properties":{"route_name":"711","color":"#d4dc3b"},"geometry":{"type":"LineString","coordinates":[[121.6654731,25.07553395],[121.6654731,25.07553395],[121.6650401,25.07416824],[121.66504010128,25.0741682394737],[121.66475,25.07167],[121.66475,25.07167],[121.661689061306,25.0691766561076],[121.661689061306,25.0691766561076],[121.659997,25.067906],[121.659997,25.067906],[121.654564,25.066335],[121.654564,25.066335],[121.652863,25.06486],[121.652863,25.06486],[121.650598,25.063921],[121.650598,25.063921],[121.647015298289,25.0629554356458],[121.647015298289,25.0629554356458],[121.644615,25.062079],[121.644615,25.062079],[121.6416879,25.06245347],[121.6416879,25.06245347],[121.6397283,25.06337261],[121.6397283,25.06337261],[121.639777,25.064691],[121.639777,25.064691],[121.640802,25.067796],[121.640802,25.067796],[121.641499,25.070209],[121.641499,25.070209],[121.6436,25.07381],[121.6436,25.07381],[121.644525,25.075856],[121.644525,25.075856],[121.641733,25.075359],[121.641733,25.075359],[121.640323,25.074711],[121.640323,25.074711],[121.6390103,25.07383644],[121.6390103,25.07383644],[121.63711637178322,25.071954410613305],[121.63711637178322,25.071954410613305],[121.63581,25.07075],[121.63581,25.07075],[121.63449,25.06941],[121.63449,25.06941],[121.6317256,25.0684216],[121.6317256,25.0684216],[121.628825,25.067787],[121.628825,25.067787],[121.626867537731,25.067368167607],[121.626867537731,25.067368167607],[121.62487,25.067032],[121.62487,25.067032],[121.6212807,25.06666453],[121.621242309823,25.0666228369498],[121.618948,25.066708],[121.6188199,25.06680801]]}},{"type":"Feature","properties":{"route_name":"712","color":"#d1dc3b"},"geometry":{"type":"LineString","coordinates":[[121.417035,25.012316],[121.41744,25.013837],[121.418818,25.018709],[121.41789,25.02076],[121.41789,25.02076],[121.416282,25.02129417],[121.416282,25.02129417],[121.41471,25.022436],[121.41471,25.022436],[121.412762,25.022547],[121.412762,25.022547],[121.408892,25.017932],[121.410695,25.014922],[121.4121818,25.01301809],[121.412521,25.011393],[121.412454,25.009174],[121.412371,25.007453],[121.412873,25.005212],[121.413269,25.004148],[121.415266,25.002505],[121.415994,25.000401],[121.418579,24.997451],[121.42196,24.99529],[121.424867,24.991036],[121.42585,24.990173],[121.430908,24.989821],[121.431818,24.992455],[121.432175,24.994874],[121.4515397,24.995237],[121.453027,24.999426]]}},{"type":"Feature","properties":{"route_name":"712副","color":"#dcb93b"},"geometry":{"type":"LineString","coordinates":[[121.417035,25.012316],[121.41744,25.013837],[121.418818,25.018709],[121.41789,25.02076],[121.41789,25.02076],[121.416282,25.02129417],[121.416282,25.02129417],[121.41471,25.022436],[121.41471,25.022436],[121.412762,25.022547],[121.412762,25.022547],[121.408892,25.017932],[121.410695,25.014922],[121.4121818,25.01301809],[121.412521,25.011393],[121.412454,25.009174],[121.412371,25.007453],[121.412873,25.005212],[121.413269,25.004148],[121.415266,25.002505],[121.415994,25.000401],[121.418579,24.997451],[121.42196,24.99529],[121.424867,24.991036],[121.42585,24.990173],[121.430908,24.989821],[121.431818,24.992455],[121.432175,24.994874],[121.44857,24.99155],[121.44857,24.99155],[121.446613,24.98829459],[121.446613,24.98829459],[121.44529,24.98613],[121.44529,24.98613],[121.443694,24.983259],[121.443694,24.983259],[121.442874,24.980855],[121.4424136,24.979253],[121.44193,24.976292],[121.4434479,24.975182]]}},{"type":"Feature","properties":{"route_name":"716(台灣好行-皇冠北海岸線)","color":"#7e3bdc"},"geometry":{"type":"LineString","coordinates":[[121.4467018,25.167281],[121.444062,25.188618],[121.4691417,25.250504],[121.507723,25.248991],[121.519738,25.28204],[121.531557,25.28753],[121.538287,25.291945],[121.545697,25.289146],[121.5686869,25.295649],[121.633057,25.240674],[121.616266,25.25172],[121.6017504,25.248051],[121.6112475,25.246299],[121.621266,25.229935],[121.636933,25.222151],[121.636933,25.222151],[121.645602,25.225541],[121.6438112,25.214991],[121.6771202,25.200542],[121.69011,25.204582]]}},{"type":"Feature","properties":{"route_name":"731","color":"#3bdc49"},"geometry":{"type":"LineString","coordinates":[[121.354993,24.955077],[121.356936,24.956605],[121.358563,24.95694],[121.358715,24.955129],[121.357469,24.953915],[121.352531,24.950267],[121.350215,24.953559],[121.347515,24.953486],[121.347155,24.951228],[121.344056,24.950417],[121.34279,24.951625],[121.343324,24.953582],[121.343501,24.955734],[121.34533,24.95573],[121.34873,24.95583],[121.350498,24.953993],[121.351275,24.953856],[121.354993,24.955077]]}},{"type":"Feature","properties":{"route_name":"756","color":"#3bbcdc"},"geometry":{"type":"LineString","coordinates":[[121.448174,25.176635],[121.448174,25.176635],[121.4450254,25.17682678],[121.4450254,25.17682678],[121.441793,25.175626],[121.441793,25.175626],[121.442618297947,25.1704243596582],[121.442618297947,25.1704243596582],[121.4442,25.169611],[121.4442,25.169611],[121.446540610778,25.1674549071321],[121.446540610778,25.1674549071321],[121.450473694757,25.1644146571651],[121.450473694757,25.1644146571651],[121.452589611071,25.1621775958734],[121.452589611071,25.1621775958734],[121.45522,25.159233],[121.45522,25.159233],[121.4588816,25.15632375],[121.4588816,25.15632375],[121.459145801051,25.1538309248044],[121.459145801051,25.1538309248044],[121.459294535654,25.150520722511],[121.459294535654,25.150520722511],[121.459489,25.147167],[121.459489,25.147167],[121.4595,25.143486],[121.4595,25.143486],[121.459527,25.139953],[121.459527,25.139953],[121.459785450848,25.1362964415127],[121.459785450848,25.1362964415127],[121.458878069521,25.1330124900217],[121.458878069521,25.1330124900217]]}},{"type":"Feature","properties":{"route_name":"757","color":"#3bb9dc"},"geometry":{"type":"LineString","coordinates":[[121.42023146251,25.1850117332656],[121.42021,25.18507],[121.42182,25.18254],[121.42182,25.18254],[121.42296,25.18123],[121.42296,25.18123],[121.42388,25.17864],[121.42388,25.17864],[121.424245,25.17801],[121.424245,25.17801],[121.426080642001,25.1763359186121],[121.426080642001,25.1763359186121],[121.42796,25.17553],[121.42796,25.17553],[121.431339,25.174897],[121.431339,25.174897],[121.433254130323,25.1743599945731],[121.43328,25.1743],[121.435832,25.173232],[121.435832,25.173232],[121.438273,25.172781],[121.438273,25.172781],[121.43977,25.1724],[121.43977,25.1724],[121.442618297947,25.1704243596582],[121.442618297947,25.1704243596582],[121.4442,25.169611],[121.4442,25.169611],[121.446540610778,25.1674549071321],[121.446540610778,25.1674549071321],[121.450473694757,25.1644146571651],[121.450473694757,25.1644146571651],[121.452589611071,25.1621775958734],[121.452589611071,25.1621775958734],[121.45522,25.159233],[121.45522,25.159233],[121.4588816,25.15632375],[121.4588816,25.15632375],[121.459145801051,25.1538309248044],[121.459145801051,25.1538309248044],[121.459294535654,25.150520722511],[121.459294535654,25.150520722511],[121.459489,25.147167],[121.459489,25.147167],[121.4595,25.143486],[121.4595,25.143486],[121.459527,25.139953],[121.459527,25.139953],[121.459785450848,25.1362964415127],[121.459785450848,25.1362964415127],[121.458878069521,25.1330124900217],[121.458878069521,25.1330124900217]]}},{"type":"Feature","properties":{"route_name":"758","color":"#3bb7dc"},"geometry":{"type":"LineString","coordinates":[[121.4351234,25.07430648],[121.4351234,25.07430648],[121.43563,25.07182],[121.43563,25.07182],[121.4353791,25.06966085],[121.4353791,25.06966085],[121.43454,25.06761],[121.43454,25.06761],[121.433433,25.06526521],[121.433433,25.06526521],[121.432904,25.06216],[121.432904,25.06216],[121.432389,25.061074],[121.432389,25.061074],[121.430718,25.058131],[121.430718,25.058131],[121.430655,25.056466],[121.430655,25.056466],[121.430406,25.054419],[121.430406,25.054419],[121.4278259,25.05149832],[121.4278259,25.05149832],[121.4274415,25.04957047],[121.4274415,25.04957047],[121.42698,25.048028],[121.42698,25.048028],[121.4259089,25.0454414],[121.4259089,25.0454414],[121.4247892,25.04275923],[121.4247892,25.04275923],[121.4241632,25.03898947],[121.4241632,25.03898947],[121.423173,25.037323],[121.423173,25.037323],[121.42184,25.03513],[121.42184,25.03513],[121.42081,25.03317],[121.42081,25.03317],[121.420498,25.030166],[121.420498,25.030166],[121.422375,25.028741],[121.422375,25.028741],[121.42685,25.03016],[121.426971584029,25.0301579598983],[121.431382,25.031553],[121.431382,25.031553],[121.435466,25.032612],[121.435466,25.032612],[121.442607,25.033904],[121.442607,25.033904],[121.44483,25.034382],[121.44483,25.034382],[121.447739,25.034987],[121.447739,25.034987],[121.449908,25.035445],[121.449908,25.035445],[121.456562,25.036727],[121.456562,25.036727],[121.459593,25.038242],[121.459593,25.038242],[121.4623098,25.03991225],[121.4623098,25.03991225],[121.46516,25.041731],[121.46516,25.041731],[121.4665635,25.0427471],[121.4665635,25.0427471],[121.469408,25.045403],[121.469408,25.045403],[121.471374,25.046158],[121.471374,25.046158],[121.473986,25.047009],[121.473986,25.047009],[121.487739420364,25.0513765359288],[121.4876744,25.05142477]]}},{"type":"Feature","properties":{"route_name":"760","color":"#3b79dc"},"geometry":{"type":"LineString","coordinates":[[121.3618,25.066832],[121.358424,25.071585],[121.355357,25.069186],[121.3564468,25.072646],[121.356541,25.074174],[121.359111,25.07447],[121.358984,25.075509],[121.356439,25.077026],[121.356239,25.078396],[121.35942,25.078272],[121.361111,25.077514],[121.364548,25.076208],[121.366102,25.077715],[121.369571,25.080272],[121.370261,25.079189],[121.369036,25.077912],[121.36753,25.076856],[121.365614,25.075354],[121.36622,25.073531],[121.3640819,25.072128],[121.3628952,25.070952],[121.3617782,25.0693],[121.3618,25.066832]]}},{"type":"Feature","properties":{"route_name":"778","color":"#663bdc"},"geometry":{"type":"LineString","coordinates":[[121.367161,24.93748],[121.369458,24.935981],[121.372124,24.936067],[121.3741,24.935495],[121.37565,24.932405],[121.37482,24.930115],[121.372543,24.928267],[121.3714506,24.925683],[121.3704123,24.921569],[121.3690884,24.918619],[121.368528,24.91692],[121.369327,24.912341],[121.371353,24.912005],[121.3754905,24.912088],[121.3790952,24.91127],[121.3822231,24.912119],[121.3846532,24.912551],[121.3881156,24.912282],[121.3900369,24.911471],[121.391757,24.910081],[121.3957883,24.908258],[121.39907,24.905247]]}},{"type":"Feature","properties":{"route_name":"779","color":"#693bdc"},"geometry":{"type":"LineString","coordinates":[[121.367161,24.93748],[121.369458,24.935981],[121.372124,24.936067],[121.3741,24.935495],[121.37551,24.932689],[121.379262,24.93019],[121.381069,24.930158],[121.385095,24.931522],[121.3866366,24.93307081],[121.39106,24.93521],[121.393817,24.935708],[121.39604,24.935961],[121.3991889,24.935176],[121.401522,24.934524],[121.403223,24.93392],[121.4054299,24.932979],[121.408732,24.931416],[121.41028,24.93037],[121.4122602,24.928702],[121.4138474,24.927869],[121.4166472,24.92801],[121.4188898,24.92942],[121.4208548,24.929917],[121.4241007,24.928069],[121.42675,24.925853],[121.4275,24.923613],[121.4290445,24.923475],[121.4345551,24.924324],[121.4377,24.925665],[121.4423971,24.926268],[121.445882,24.927476],[121.4499978,24.928961],[121.4517578,24.930214],[121.4550072,24.932187],[121.4583023,24.93397],[121.4715674,24.940222],[121.47281,24.941205],[121.4748071,24.94266],[121.4764402,24.94431726],[121.4764402,24.94431726],[121.47824,24.94553],[121.47824,24.94553],[121.479176,24.945972],[121.479176,24.945972],[121.47982,24.94681],[121.47982,24.94681],[121.481962,24.948762],[121.48195,24.94877],[121.483119,24.949637],[121.483119,24.949637],[121.484465,24.95121],[121.484465,24.95121],[121.4860328,24.95159154],[121.4860328,24.95159154],[121.488385431569,24.951722671131],[121.488385431569,24.951722671131],[121.489551,24.951708],[121.489551,24.951708],[121.4915448,24.95177354],[121.4915448,24.95177354],[121.493053,24.952962],[121.493053,24.952962],[121.4946626,24.95431753],[121.4946626,24.95431753],[121.496698,24.955162],[121.496698,24.955162],[121.499054,24.956348],[121.499054,24.956348],[121.502106,24.95733611],[121.502106,24.95733611],[121.505929,24.958027],[121.505929,24.958027],[121.509284,24.959017],[121.509284,24.959017],[121.511483,24.960016],[121.511483,24.960016],[121.512648,24.962041],[121.512648,24.962041],[121.515311,24.963642],[121.515311,24.963642],[121.517942,24.963936],[121.517942,24.963936],[121.521365324681,24.9637050292789],[121.521365324681,24.9637050292789],[121.5235251,24.96347353],[121.5235251,24.96347353],[121.52598,24.962917],[121.5259804,24.96294489],[121.528339,24.961725],[121.528339,24.961725],[121.530152,24.961041],[121.530152,24.961041],[121.532361,24.960256],[121.532361,24.960256]]}},{"type":"Feature","properties":{"route_name":"780","color":"#a43bdc"},"geometry":{"type":"LineString","coordinates":[[121.866128,25.038525],[121.8649868,25.035877],[121.86199,25.035896],[121.8589151,25.038034],[121.85689,25.037484],[121.853366,25.036453],[121.84975,25.035328],[121.84435,25.034996],[121.84193,25.034908],[121.834054,25.03145],[121.8314358,25.029253],[121.8263657,25.027079],[121.821311,25.024874],[121.8134423,25.020732],[121.8102571,25.018558],[121.8078146,25.017843],[121.806577,25.017093],[121.804634,25.014771],[121.8007475,25.01198],[121.7966853,25.008652],[121.7760672,24.998326],[121.7732374,24.995807]]}},{"type":"Feature","properties":{"route_name":"781","color":"#a73bdc"},"geometry":{"type":"LineString","coordinates":[[121.866128,25.038525],[121.8649868,25.035877],[121.86199,25.035896],[121.8589151,25.038034],[121.85689,25.037484],[121.853366,25.036453],[121.84975,25.035328],[121.84435,25.034996],[121.84193,25.034908],[121.834054,25.03145],[121.8314358,25.029253],[121.8263657,25.027079],[121.821311,25.024874],[121.8134423,25.020732],[121.8102571,25.018558],[121.8078146,25.017843],[121.806577,25.017093],[121.804634,25.014771]]}},{"type":"Feature","properties":{"route_name":"782","color":"#a93bdc"},"geometry":{"type":"LineString","coordinates":[[121.866128,25.038525],[121.8649868,25.035877],[121.86199,25.035896],[121.8589151,25.038034],[121.85689,25.037484],[121.853366,25.036453],[121.84975,25.035328],[121.84435,25.034996],[121.84193,25.034908],[121.834054,25.03145],[121.8314358,25.029253],[121.8263657,25.027079],[121.821311,25.024874],[121.8134423,25.020732],[121.8102571,25.018558],[121.8078146,25.017843],[121.804634,25.014771]]}},{"type":"Feature","properties":{"route_name":"783","color":"#ac3bdc"},"geometry":{"type":"LineString","coordinates":[[121.429602,25.089897],[121.429602,25.089897],[121.43068,25.08875],[121.43068,25.08875],[121.432152,25.08828581],[121.432152,25.08828581],[121.433545,25.087079],[121.433545,25.087079],[121.435723,25.086058],[121.435723,25.086058],[121.43786,25.08499],[121.43786,25.08499],[121.43805,25.083879],[121.43805,25.083879],[121.43736,25.082498],[121.43736,25.082498],[121.436258,25.079785],[121.436258,25.079785],[121.435035,25.076625],[121.435035,25.076625],[121.4351234,25.07430648],[121.4351234,25.07430648],[121.433055,25.073209],[121.433055,25.073209],[121.4303422,25.07170492],[121.4303422,25.07170492],[121.42786,25.07087],[121.42786,25.07087],[121.428977,25.069312],[121.428977,25.069312],[121.430235,25.069328],[121.430235,25.069328],[121.432341,25.070983],[121.432341,25.070983],[121.434261,25.071148],[121.434261,25.071148],[121.4353791,25.06966085],[121.4353791,25.06966085],[121.43454,25.06761],[121.43454,25.06761],[121.433433,25.06526521],[121.433433,25.06526521],[121.432904,25.06216],[121.432904,25.06216],[121.4334,25.06083],[121.4334,25.06083],[121.434603,25.05892699],[121.434603,25.05892699],[121.4334524,25.056627],[121.4319595,25.055602],[121.4345802,25.056113],[121.43703,25.05498],[121.439476,25.052911],[121.439476,25.052911],[121.443864,25.056738],[121.443864,25.056738],[121.44468,25.05186],[121.44468,25.05186],[121.4446583,25.04961766],[121.4446583,25.04961766],[121.4438249,25.04908],[121.44267,25.045563],[121.44267,25.045563],[121.44377,25.043577],[121.44377,25.043577],[121.444856,25.041705],[121.444856,25.041705],[121.446484,25.039119],[121.446484,25.039119],[121.448147,25.036201],[121.448147,25.036201],[121.449908,25.035445],[121.449908,25.035445],[121.453081,25.036148],[121.456562,25.036727],[121.456562,25.036727],[121.459593,25.038242],[121.459593,25.038242],[121.4623098,25.03991225],[121.4623098,25.03991225],[121.46516,25.041731],[121.46516,25.041731],[121.4665635,25.0427471],[121.4665635,25.0427471],[121.469408,25.045403],[121.469408,25.045403],[121.471374,25.046158],[121.471374,25.046158],[121.473986,25.047009],[121.473986,25.047009],[121.4876744,25.05142477],[121.487739420364,25.0513765359288]]}},{"type":"Feature","properties":{"route_name":"785","color":"#b13bdc"},"geometry":{"type":"LineString","coordinates":[[121.425145,25.124817],[121.4243326,25.124288],[121.4252148,25.122084],[121.4270951,25.122376],[121.4276712,25.119076],[121.429851,25.117917],[121.4315412,25.117008],[121.4313491,25.113886],[121.4300804,25.11035],[121.431003,25.108319],[121.4314885,25.106007],[121.43514,25.104152],[121.4392173,25.102896],[121.440806,25.10216],[121.4476301,25.102678],[121.450547,25.10138],[121.451935,25.101523],[121.451935,25.101523],[121.452554712702,25.1028902266331],[121.452554712702,25.1028902266331],[121.46086,25.0937],[121.46086,25.0937],[121.463227,25.091505],[121.463227,25.091505],[121.465804,25.089056],[121.465804,25.089056],[121.46664,25.08814],[121.46664,25.08814],[121.4677982,25.08671129],[121.4677982,25.08671129],[121.4684977,25.08574782],[121.4684977,25.08574782],[121.470464,25.08302],[121.470464,25.08302],[121.472348,25.081628],[121.472348,25.081628],[121.473209,25.081859],[121.473209,25.081859],[121.476637,25.081453],[121.476637,25.081453],[121.479191,25.080762],[121.479191,25.080762],[121.481238194798,25.0795793818446],[121.481391,25.079502],[121.483076,25.078537],[121.483076,25.078537],[121.4845214,25.07777593],[121.4845214,25.07777593],[121.4859364,25.07691628],[121.4859364,25.07691628],[121.48856950179,25.075482682654],[121.48856950179,25.075482682654],[121.491151,25.073995],[121.491151,25.073995],[121.492963,25.07293],[121.492963,25.07293],[121.49431,25.071998],[121.49431,25.071998],[121.495689942899,25.0710388497354],[121.495689942899,25.0710388497354],[121.496763,25.07022903],[121.496763,25.07022903],[121.49806,25.06934],[121.49806,25.06934],[121.499510882057,25.0683597687088],[121.499510882057,25.0683597687088],[121.500788879211,25.0671811216025],[121.500788879211,25.0671811216025],[121.502278,25.064639],[121.502278,25.064639]]}},{"type":"Feature","properties":{"route_name":"786","color":"#b43bdc"},"geometry":{"type":"LineString","coordinates":[[121.363589,25.065891],[121.3618,25.066832],[121.3620503,25.069117],[121.3673052,25.070378],[121.369301,25.072082],[121.3714417,25.07396736],[121.373327,25.075512],[121.3753406,25.076119],[121.3782779,25.074676],[121.3810193,25.077514],[121.382197,25.079164],[121.3829514,25.080317],[121.3842439,25.079972],[121.3869568,25.07908],[121.389865,25.078714],[121.393112,25.078431],[121.3960159,25.078166],[121.397468,25.077518],[121.40086,25.071018],[121.402813,25.073453],[121.406718,25.072513],[121.4110158,25.070194],[121.4139394,25.067843],[121.4159818,25.066469],[121.4192594,25.065065],[121.42295,25.06359],[121.42295,25.06359],[121.42611,25.064055],[121.42611,25.064055],[121.428533,25.063667],[121.428533,25.063667],[121.432001,25.062072],[121.432001,25.062072],[121.4334,25.06083],[121.4334,25.06083],[121.434603,25.05892699],[121.434603,25.05892699],[121.43571,25.05713],[121.43571,25.05713],[121.43703,25.05498],[121.439476,25.052911],[121.439476,25.052911],[121.443864,25.056738],[121.443864,25.056738],[121.44468,25.05186],[121.44468,25.05186],[121.4446583,25.04961766],[121.4446583,25.04961766],[121.4438249,25.04908],[121.44267,25.045563],[121.44267,25.045563],[121.44377,25.043577],[121.44377,25.043577],[121.444856,25.041705],[121.444856,25.041705],[121.446484,25.039119],[121.446484,25.039119],[121.448147,25.036201],[121.448147,25.036201],[121.449908,25.035445],[121.449908,25.035445],[121.453081,25.036148],[121.455691,25.028302],[121.454312,25.026098],[121.454215,25.023423],[121.454215,25.023423],[121.454666,25.020666],[121.454666,25.020666],[121.45531395,25.01938238],[121.45531395,25.01938238],[121.456421,25.016976],[121.456421,25.016976],[121.45642,25.014996],[121.45642,25.014996],[121.4561617,25.01274499],[121.4561617,25.01274499],[121.456883,25.010986],[121.456883,25.010986],[121.458454,25.009036],[121.458454,25.009036],[121.460871,25.013298],[121.460871,25.013298]]}},{"type":"Feature","properties":{"route_name":"786區","color":"#843bdc"},"geometry":{"type":"LineString","coordinates":[[121.365217,25.068023],[121.3673052,25.070378],[121.369301,25.072082],[121.3714417,25.07396736],[121.373327,25.075512],[121.3753406,25.076119],[121.3782779,25.074676],[121.3810193,25.077514],[121.382197,25.079164],[121.3829514,25.080317],[121.3842439,25.079972],[121.3869568,25.07908],[121.389865,25.078714],[121.393112,25.078431],[121.3960159,25.078166],[121.397468,25.077518],[121.40086,25.071018],[121.402813,25.073453],[121.406718,25.072513],[121.4110158,25.070194],[121.4139394,25.067843],[121.4159818,25.066469],[121.4192594,25.065065],[121.42295,25.06359],[121.42295,25.06359],[121.42611,25.064055],[121.42611,25.064055],[121.428533,25.063667],[121.428533,25.063667],[121.432001,25.062072],[121.432001,25.062072],[121.4334,25.06083],[121.4334,25.06083],[121.434603,25.05892699],[121.434603,25.05892699],[121.43571,25.05713],[121.43571,25.05713],[121.43703,25.05498],[121.439476,25.052911],[121.439476,25.052911],[121.443864,25.056738],[121.443864,25.056738],[121.44468,25.05186],[121.44468,25.05186],[121.4446583,25.04961766],[121.4446583,25.04961766],[121.4447176,25.04788846],[121.4447176,25.04788846],[121.444642,25.044624],[121.444642,25.044624],[121.446267,25.041709],[121.446267,25.041709],[121.447989,25.042457],[121.447989,25.042457],[121.451981,25.043465],[121.451981,25.043465],[121.452475,25.042346],[121.452097,25.039359],[121.451892,25.03671]]}},{"type":"Feature","properties":{"route_name":"787","color":"#b73bdc"},"geometry":{"type":"LineString","coordinates":[[121.761328,25.099335],[121.762656,25.102241],[121.7614982,25.098772],[121.7681699,25.101003],[121.7692803,25.104316],[121.7710439,25.106251],[121.7735451,25.106539],[121.774978,25.103077],[121.7783413,25.099209],[121.781998,25.09816],[121.785722,25.10161],[121.78635,25.104573],[121.7873853,25.106251],[121.788396,25.107855],[121.790422,25.109707],[121.7924761,25.110341],[121.7938803,25.110433],[121.7967106,25.109957],[121.8013407,25.106615],[121.8037843,25.106173],[121.80905,25.105885],[121.807937,25.107778],[121.8058805,25.108227]]}},{"type":"Feature","properties":{"route_name":"787經瑞芳工業區","color":"#6c3bdc"},"geometry":{"type":"LineString","coordinates":[[121.761328,25.099335],[121.762656,25.102241],[121.7614982,25.098772],[121.7681699,25.101003],[121.7692803,25.104316],[121.7710439,25.106251],[121.7735451,25.106539],[121.774978,25.103077],[121.7783413,25.099209],[121.78208151291113,25.09742469207334],[121.7853905,25.096871],[121.7885359,25.098613],[121.7908035,25.101096],[121.792402,25.102343],[121.794013,25.10337],[121.7938803,25.110433],[121.7967106,25.109957],[121.8013407,25.106615],[121.8037843,25.106173],[121.80905,25.105885],[121.807937,25.107778],[121.8058805,25.108227]]}},{"type":"Feature","properties":{"route_name":"788","color":"#b93bdc"},"geometry":{"type":"LineString","coordinates":[[121.7980085,25.11691],[121.7990451,25.112415],[121.8025186,25.11181],[121.8046992,25.110846],[121.803841,25.108654],[121.808298,25.107574],[121.80978,25.10741],[121.8192653,25.107474],[121.8231598,25.107317],[121.8264296,25.109243],[121.829554,25.11092],[121.8331352,25.111614],[121.8389447,25.109952],[121.8410329,25.108666],[121.84294,25.109513],[121.8452439,25.110598],[121.845765,25.110364],[121.8480709,25.111958],[121.8497563,25.109993],[121.8501471,25.107685],[121.8509863,25.107894],[121.8519635,25.10672],[121.8531761,25.107299],[121.855507,25.106541],[121.856086,25.108453],[121.854744,25.110445],[121.856842,25.111312],[121.8617327,25.117791],[121.8619,25.12023],[121.863856,25.122322]]}},{"type":"Feature","properties":{"route_name":"788區","color":"#dc3b8e"},"geometry":{"type":"LineString","coordinates":[[121.7980085,25.11691],[121.7990451,25.112415],[121.8025186,25.11181],[121.8046992,25.110846],[121.803841,25.108654],[121.808298,25.107574]]}},{"type":"Feature","properties":{"route_name":"788海科館","color":"#d4dc3b"},"geometry":{"type":"LineString","coordinates":[[121.7980085,25.11691],[121.7990451,25.112415],[121.8025186,25.11181],[121.8046992,25.110846],[121.803841,25.108654],[121.808298,25.107574],[121.80978,25.10741],[121.8192653,25.107474],[121.8231598,25.107317],[121.8264296,25.109243],[121.829554,25.11092],[121.8331352,25.111614],[121.8389447,25.109952],[121.8410329,25.108666],[121.84294,25.109513],[121.8452439,25.110598],[121.845765,25.110364],[121.8480709,25.111958],[121.8497563,25.109993],[121.8501471,25.107685],[121.8509863,25.107894],[121.8519635,25.10672],[121.8531761,25.107299],[121.855507,25.106541],[121.856086,25.108453]]}},{"type":"Feature","properties":{"route_name":"789","color":"#bc3bdc"},"geometry":{"type":"LineString","coordinates":[[121.685455,25.164977],[121.6820127,25.165508],[121.680382,25.16822],[121.68426,25.171891],[121.687986,25.175981],[121.6899586,25.178152],[121.689284,25.180418],[121.687788,25.176021],[121.686895,25.175345],[121.68452,25.176048],[121.684943,25.177192],[121.6820758,25.17648],[121.6819148,25.175419],[121.683323,25.175904],[121.684526,25.177118],[121.68436,25.176118],[121.686511,25.175113],[121.6809868,25.17265],[121.6767258,25.169238],[121.6736214,25.165498],[121.6680076,25.165184],[121.66353,25.164217],[121.65901,25.164358],[121.6560919,25.166707],[121.6540494,25.164656],[121.65209,25.160808],[121.649043,25.160019],[121.6459196,25.156345]]}},{"type":"Feature","properties":{"route_name":"789區","color":"#dc3b3b"},"geometry":{"type":"LineString","coordinates":[[121.685455,25.164977],[121.6820127,25.165508],[121.680382,25.16822],[121.68426,25.171891],[121.687986,25.175981],[121.6899586,25.178152],[121.689284,25.180418],[121.687788,25.176021],[121.686895,25.175345],[121.68452,25.176048],[121.684943,25.177192],[121.6820758,25.17648],[121.6819148,25.175419],[121.683323,25.175904],[121.684526,25.177118],[121.68436,25.176118],[121.686511,25.175113],[121.6809868,25.17265],[121.6767258,25.169238],[121.6736214,25.165498],[121.6680076,25.165184],[121.665779,25.164466],[121.6637711,25.165484],[121.6560906,25.174076],[121.6547589,25.175745],[121.6507892,25.176589],[121.6510306,25.174881],[121.6415893,25.166738],[121.6382365,25.167637],[121.6359888,25.168327],[121.627786,25.170511],[121.6249408,25.17155]]}},{"type":"Feature","properties":{"route_name":"790","color":"#dc3bc1"},"geometry":{"type":"LineString","coordinates":[[121.625636,25.220012],[121.628252,25.220595],[121.628252,25.220595],[121.630204,25.221006],[121.6340338,25.221818],[121.634023,25.221782],[121.636933,25.222151],[121.636933,25.222151],[121.63897,25.22017],[121.639965,25.218996],[121.639965,25.218996],[121.6425117,25.216325],[121.6438112,25.214991],[121.644815,25.213915],[121.6459614,25.212747],[121.6508948,25.20885],[121.65602,25.2094],[121.6597035,25.207194],[121.673641,25.201147],[121.6771202,25.200542],[121.6859527,25.205696],[121.685027,25.203253],[121.682716,25.197459],[121.6812709,25.19552],[121.679873,25.191722],[121.6803737,25.18847],[121.6835872,25.185656],[121.6859578,25.184644],[121.68918,25.180301],[121.6899935,25.178364],[121.687788,25.176021],[121.6841,25.172043],[121.6803967,25.168436],[121.6819416,25.165404],[121.685633,25.164892]]}},{"type":"Feature","properties":{"route_name":"790漁港","color":"#dc3b9c"},"geometry":{"type":"LineString","coordinates":[[121.625636,25.220012],[121.628252,25.220595],[121.628252,25.220595],[121.630204,25.221006],[121.6340338,25.221818],[121.634023,25.221782],[121.636933,25.222151],[121.636933,25.222151],[121.63897,25.22017],[121.639965,25.218996],[121.639965,25.218996],[121.6425117,25.216325],[121.6438112,25.214991],[121.644815,25.213915],[121.6459614,25.212747],[121.6508948,25.20885],[121.65602,25.2094],[121.6597035,25.207194],[121.673641,25.201147],[121.6771202,25.200542],[121.6859527,25.205696],[121.685027,25.203253],[121.687411,25.20363],[121.6878756,25.204124],[121.69011,25.204582],[121.6935069,25.202905],[121.686314,25.195809],[121.6847468,25.192265],[121.683032,25.190044],[121.6829872,25.189641],[121.6835872,25.185656],[121.6859578,25.184644],[121.68918,25.180301],[121.6899935,25.178364],[121.687788,25.176021],[121.6841,25.172043],[121.6803967,25.168436],[121.6819416,25.165404],[121.685633,25.164892]]}},{"type":"Feature","properties":{"route_name":"791","color":"#dc3bbf"},"geometry":{"type":"LineString","coordinates":[[121.80493,25.134369],[121.8066834,25.133452],[121.8125524,25.131429],[121.8146191,25.12896],[121.816844,25.127536],[121.820607,25.12138],[121.8258508,25.12103],[121.82954,25.121882],[121.8310838,25.123568],[121.84933,25.12618],[121.8612,25.124548],[121.8639509,25.122354],[121.8667539,25.121825],[121.8759941,25.122954],[121.8881135,25.120618],[121.913918,25.124021],[121.916875,25.121407],[121.916118,25.117598],[121.9125304,25.114388],[121.9158522,25.110924],[121.9196933,25.10469],[121.9169654,25.099708],[121.9127115,25.090371],[121.91221,25.08679],[121.9138225,25.083059],[121.9156727,25.074562],[121.9199615,25.072174],[121.9233304,25.068512],[121.9251221,25.065952],[121.9282348,25.06076],[121.9247358,25.057401],[121.9240492,25.054313],[121.922832,25.051002],[121.9231474,25.048361],[121.925458,25.045144],[121.9259189,25.041566],[121.928687,25.035254],[121.92933,25.032717],[121.927013,25.027716],[121.9340059,25.018467],[121.9389717,25.018295],[121.9440182,25.016626]]}},{"type":"Feature","properties":{"route_name":"791區","color":"#dc3b4e"},"geometry":{"type":"LineString","coordinates":[[121.80493,25.134369],[121.8066834,25.133452],[121.8125524,25.131429],[121.8146191,25.12896],[121.816844,25.127536],[121.820607,25.12138],[121.8258508,25.12103],[121.82954,25.121882],[121.8310838,25.123568],[121.8294021,25.122058],[121.8257234,25.12118],[121.8202511,25.119062],[121.8095799,25.109026],[121.807937,25.107778],[121.8058805,25.108227]]}},{"type":"Feature","properties":{"route_name":"791經貢寮區衛生","color":"#3bdc5c"},"geometry":{"type":"LineString","coordinates":[[121.80493,25.134369],[121.8066834,25.133452],[121.8125524,25.131429],[121.8146191,25.12896],[121.816844,25.127536],[121.820607,25.12138],[121.8258508,25.12103],[121.82954,25.121882],[121.8310838,25.123568],[121.84933,25.12618],[121.8612,25.124548],[121.8639509,25.122354],[121.8667539,25.121825],[121.8759941,25.122954],[121.8881135,25.120618],[121.913918,25.124021],[121.916875,25.121407],[121.916118,25.117598],[121.9125304,25.114388],[121.9158522,25.110924],[121.9196933,25.10469],[121.9169654,25.099708],[121.9127115,25.090371],[121.91221,25.08679],[121.9138225,25.083059],[121.9156727,25.074562],[121.9199615,25.072174],[121.9233304,25.068512],[121.9251221,25.065952],[121.9282348,25.06076],[121.9247358,25.057401],[121.92736,25.054914],[121.9240492,25.054313],[121.922832,25.051002],[121.9231474,25.048361],[121.925458,25.045144],[121.9259189,25.041566],[121.928687,25.035254],[121.92933,25.032717],[121.927013,25.027716],[121.9340059,25.018467],[121.9389717,25.018295],[121.9440182,25.016626]]}},{"type":"Feature","properties":{"route_name":"791繞貢寮","color":"#c9dc3b"},"geometry":{"type":"LineString","coordinates":[[121.80493,25.134369],[121.8066834,25.133452],[121.8125524,25.131429],[121.8146191,25.12896],[121.816844,25.127536],[121.820607,25.12138],[121.8258508,25.12103],[121.82954,25.121882],[121.8310838,25.123568],[121.84933,25.12618],[121.8612,25.124548],[121.8639509,25.122354],[121.8667539,25.121825],[121.8759941,25.122954],[121.8881135,25.120618],[121.913918,25.124021],[121.916875,25.121407],[121.916118,25.117598],[121.9125304,25.114388],[121.9158522,25.110924],[121.9196933,25.10469],[121.9169654,25.099708],[121.9127115,25.090371],[121.91221,25.08679],[121.9138225,25.083059],[121.9156727,25.074562],[121.9199615,25.072174],[121.9233304,25.068512],[121.9251221,25.065952],[121.9282348,25.06076],[121.9247358,25.057401],[121.9240492,25.054313],[121.922832,25.051002],[121.9231474,25.048361],[121.925458,25.045144],[121.9259189,25.041566],[121.928687,25.035254],[121.92933,25.032717],[121.927013,25.027716],[121.9256912,25.026718],[121.9200787,25.025941],[121.915548,25.021753],[121.9101425,25.02128],[121.9074,25.019884],[121.9082023,25.016618],[121.9149934,25.014081],[121.9159891,25.01196],[121.917891,25.01083],[121.92027,25.010148],[121.9251306,25.011867],[121.926415,25.013488],[121.928327,25.017148],[121.9340059,25.018467],[121.9389717,25.018295],[121.9440182,25.016626]]}},{"type":"Feature","properties":{"route_name":"793","color":"#dc3bb9"},"geometry":{"type":"LineString","coordinates":[[121.427318,24.995035],[121.427446,24.993247],[121.430407,24.992111],[121.432175,24.994874],[121.441040333834,24.9973119983033],[121.441040333834,24.9973119983033],[121.443597,24.999139],[121.443597,24.999139],[121.44574,25.00115],[121.44574,25.00115],[121.446636,25.00256772],[121.446636,25.00256772],[121.4476,25.0062],[121.4476,25.0062],[121.44981,25.00837],[121.45425,25.00964],[121.45425,25.00964],[121.4545959,25.01118631],[121.4545959,25.01118631],[121.456883,25.010986],[121.456883,25.010986],[121.458454,25.009036],[121.458454,25.009036],[121.460871,25.013298],[121.460871,25.013298],[121.462964,25.015838],[121.462964,25.015838],[121.465129,25.018614],[121.465129,25.018614],[121.46695,25.02096],[121.46695,25.02096],[121.46882,25.024188],[121.46882,25.024188],[121.470516,25.027135],[121.470516,25.027135],[121.471658,25.028965],[121.471658,25.028965],[121.47317,25.02918],[121.4762634,25.02667891],[121.477784,25.024164],[121.4793882,25.02236217],[121.47911,25.017161],[121.47911,25.017161],[121.478906,25.014186],[121.478906,25.014186],[121.478737,25.011846],[121.478737,25.011846],[121.479178,25.008537],[121.479635,25.00686],[121.480278,25.004871],[121.480278,25.004871],[121.480636,25.00395],[121.480636,25.00395],[121.481193,25.000604],[121.481193,25.000604],[121.481181,24.997883],[121.4809504,24.99579873],[121.4809504,24.99579873],[121.48332,24.995755],[121.484429,24.996128],[121.484429,24.996128],[121.4903845,24.99626066],[121.4903845,24.99626066],[121.492320399314,24.9965568353221],[121.492320399314,24.9965568353221],[121.4951329,24.99819818],[121.4951329,24.99819818],[121.49693,25.000377],[121.498554,25.001978],[121.498554,25.001978],[121.500968,25.000553],[121.500968,25.000553],[121.502769736506,24.9996954644534],[121.502769736506,24.9996954644534],[121.5048263,24.99965591],[121.5048263,24.99965591],[121.50739,24.999571],[121.50739,24.999571],[121.5068105,24.99802917],[121.5068105,24.99802917],[121.505574,24.995927],[121.505574,24.995927],[121.505201,24.994596],[121.505201,24.994596],[121.509186,24.992776],[121.509186,24.992776],[121.512965,24.992332],[121.512965,24.992332],[121.516141,24.991961],[121.515962,24.992018],[121.519446,24.991327],[121.519446,24.991327],[121.524836,24.990204],[121.524836,24.990204],[121.534789,24.987633],[121.53708,24.98687],[121.536818,24.985271],[121.536818,24.985271],[121.538244,24.98279],[121.540005,24.982831],[121.541691,24.980858],[121.541691,24.980858],[121.542478,24.978011],[121.542478,24.978011],[121.542746,24.97475],[121.542746,24.97475],[121.544312,24.974222],[121.544312,24.974222],[121.5468506,24.97584027],[121.5468506,24.97584027],[121.547798,24.976428],[121.547798,24.976428],[121.548731,24.977046],[121.548731,24.977046],[121.551231544066,24.9786235157248],[121.551231544066,24.9786235157248]]}},{"type":"Feature","properties":{"route_name":"795往十分寮(台灣好行-木柵平溪線)","color":"#dccc3b"},"geometry":{"type":"LineString","coordinates":[[121.596216,25.004447],[121.596216,25.004447],[121.598124,25.004696],[121.598124,25.004696],[121.600788292728,25.0038538453324],[121.600788292728,25.0038538453324],[121.604254,25.00231],[121.604254,25.00231],[121.60600921462,25.001691820229],[121.60600921462,25.001691820229],[121.609715380116,25.0009612914181],[121.609871,25.00091326],[121.612128615622,25.0011405921787],[121.6121775,25.00129696],[121.614846681896,25.0024231544723],[121.614846681896,25.0024231544723],[121.616570605411,25.0030922336576],[121.616570605411,25.0030922336576],[121.619062477439,25.0040712956543],[121.619062477439,25.0040712956543],[121.622497028375,25.0049371027771],[121.622497028375,25.0049371027771],[121.624020061467,25.0055271968746],[121.624020061467,25.0055271968746],[121.627349608668,25.0074878072725],[121.627349608668,25.0074878072725],[121.629842214546,25.0087372060793],[121.629842214546,25.0087372060793],[121.63347,25.010767],[121.63347,25.010767],[121.635802,25.01065],[121.635794,25.010629],[121.63848,25.010383],[121.63848,25.010383],[121.641658,25.011094],[121.641658,25.011094],[121.643401638481,25.0120020984692],[121.643401638481,25.0120020984692],[121.645289,25.012186],[121.647256,25.010816],[121.649546,25.008739],[121.651953,25.006656],[121.6532762,25.007318],[121.6617426,25.007356],[121.6647306,25.007216],[121.666326,25.006846],[121.6684616,25.005548],[121.6712484,25.005406],[121.6727799,25.007713],[121.6769293,25.010619],[121.6801828,25.010778],[121.6838655,25.008946],[121.6876098,25.009616],[121.6881342,25.007058],[121.6927597,25.00651],[121.6940469,25.006907],[121.6964554,25.006452],[121.6997871,25.010477],[121.699036,25.014374],[121.6988859,25.016403],[121.695609,25.022123],[121.7007956,25.017623],[121.7049264,25.016596],[121.706297,25.018337],[121.7082758,25.018656],[121.710056,25.019306],[121.7149411,25.020601],[121.7173502,25.02229],[121.7200551,25.022573],[121.7211643,25.02352],[121.722627,25.023198],[121.7244366,25.021969],[121.7282265,25.022682],[121.729906,25.022352],[121.7340641,25.023257],[121.7380659,25.024535],[121.740744,25.024771],[121.7423285,25.025366],[121.7437653,25.026712],[121.744868,25.027258],[121.7466293,25.027962],[121.7464339,25.025624],[121.748815,25.024342],[121.750408,25.023852],[121.7495283,25.026057],[121.755674,25.028957],[121.7599048,25.030797],[121.762868,25.033221],[121.7653628,25.032116],[121.7712835,25.036265],[121.77479,25.038312],[121.776013,25.040147],[121.777503,25.042643],[121.7796,25.044426],[121.782645,25.04724]]}},{"type":"Feature","properties":{"route_name":"795往平溪(台灣好行-木柵平溪線)","color":"#d73bdc"},"geometry":{"type":"LineString","coordinates":[[121.596216,25.004447],[121.596216,25.004447],[121.598124,25.004696],[121.598124,25.004696],[121.600788292728,25.0038538453324],[121.600788292728,25.0038538453324],[121.604254,25.00231],[121.604254,25.00231],[121.60600921462,25.001691820229],[121.60600921462,25.001691820229],[121.609871,25.00091326],[121.609715380116,25.0009612914181],[121.612128615622,25.0011405921787],[121.6121775,25.00129696],[121.614846681896,25.0024231544723],[121.614846681896,25.0024231544723],[121.616570605411,25.0030922336576],[121.616570605411,25.0030922336576],[121.619062477439,25.0040712956543],[121.619062477439,25.0040712956543],[121.622497028375,25.0049371027771],[121.622497028375,25.0049371027771],[121.624020061467,25.0055271968746],[121.624020061467,25.0055271968746],[121.627349608668,25.0074878072725],[121.627349608668,25.0074878072725],[121.629842214546,25.0087372060793],[121.629842214546,25.0087372060793],[121.63347,25.010767],[121.63347,25.010767],[121.635802,25.01065],[121.635794,25.010629],[121.63848,25.010383],[121.63848,25.010383],[121.641658,25.011094],[121.641658,25.011094],[121.643401638481,25.0120020984692],[121.643401638481,25.0120020984692],[121.645289,25.012186],[121.647256,25.010816],[121.649546,25.008739],[121.651953,25.006656],[121.6532762,25.007318],[121.6617426,25.007356],[121.6647306,25.007216],[121.666326,25.006846],[121.6684616,25.005548],[121.6712484,25.005406],[121.6727799,25.007713],[121.6769293,25.010619],[121.6801828,25.010778],[121.6838655,25.008946],[121.6876098,25.009616],[121.6881342,25.007058],[121.6927597,25.00651],[121.6940469,25.006907],[121.6964554,25.006452],[121.6997871,25.010477],[121.699036,25.014374],[121.6988859,25.016403],[121.695609,25.022123],[121.7007956,25.017623],[121.7049264,25.016596],[121.706297,25.018337],[121.7082758,25.018656],[121.710056,25.019306],[121.7149411,25.020601],[121.7173502,25.02229],[121.7200551,25.022573],[121.7211643,25.02352],[121.722627,25.023198],[121.7244366,25.021969],[121.7282265,25.022682],[121.729906,25.022352],[121.7340641,25.023257],[121.7380659,25.024535]]}},{"type":"Feature","properties":{"route_name":"795往木柵(台灣好行-木柵平溪線)","color":"#bcdc3b"},"geometry":{"type":"LineString","coordinates":[[121.782645,25.04724],[121.779522,25.044483],[121.7773299,25.042657],[121.7759359,25.040222],[121.7746272,25.038311],[121.7710105,25.036194],[121.7653722,25.032278],[121.7628878,25.033391],[121.7598417,25.030973],[121.7554984,25.029084],[121.7489614,25.02603],[121.750498,25.023989],[121.7489278,25.024347],[121.746722,25.025465],[121.746798,25.028165],[121.744616,25.027342],[121.743637,25.026785],[121.7422457,25.02548],[121.7405954,25.024964],[121.7380416,25.024643],[121.734951,25.023807],[121.7337937,25.023326],[121.729827,25.022496],[121.7278701,25.022572],[121.724282,25.022185],[121.723139,25.023318],[121.721182,25.023891],[121.7200747,25.022719],[121.7176452,25.022649],[121.714695,25.020711],[121.710436,25.019509],[121.7082255,25.018793],[121.706361,25.018505],[121.7044219,25.016777],[121.7008278,25.01774],[121.6953373,25.021872],[121.6985854,25.017059],[121.698861,25.014806],[121.6997978,25.010603],[121.6966368,25.006542],[121.693935,25.006992],[121.69262,25.006568],[121.6882656,25.007091],[121.6878566,25.009393],[121.6839406,25.00913],[121.680189,25.011011],[121.6771921,25.010637],[121.672669,25.008069],[121.6711733,25.005513],[121.6682631,25.005868],[121.666419,25.006902],[121.6653421,25.007239],[121.6618445,25.007419],[121.6532803,25.007434],[121.651866,25.006674],[121.649795,25.00869],[121.6468,25.01134],[121.645611,25.012187],[121.643397627735,25.012111368084],[121.643397627735,25.012111368084],[121.641907166857,25.0114179020809],[121.641907166857,25.0114179020809],[121.63834845794,25.0105450492034],[121.638256,25.01058806],[121.636200049589,25.0107960445339],[121.636200049589,25.0107960445339],[121.632806777056,25.0109875470678],[121.632806777056,25.0109875470678],[121.62948718649,25.0088090999413],[121.62948718649,25.0088090999413],[121.627291972304,25.0075862762931],[121.627291972304,25.0075862762931],[121.623256,25.00535],[121.623256,25.00535],[121.621668852284,25.0046911438587],[121.621668852284,25.0046911438587],[121.618530798628,25.0039515057549],[121.618530798628,25.0039515057549],[121.616794076485,25.0033150747729],[121.616794076485,25.0033150747729],[121.614578,25.002433],[121.614578,25.002433],[121.612074528182,25.001240884043],[121.6121775,25.00129696],[121.610017,25.001078],[121.610017,25.001078],[121.606,25.00185175143],[121.606,25.00185175143],[121.603712640729,25.0027777194038],[121.603712640729,25.0027777194038],[121.600780470525,25.003972883576],[121.600780470525,25.003972883576],[121.59836661839,25.00478612556],[121.5983666,25.00478613]]}},{"type":"Feature","properties":{"route_name":"796","color":"#dc3bb1"},"geometry":{"type":"LineString","coordinates":[[121.550164,24.978108],[121.550164,24.978108],[121.548575,24.9771],[121.548575,24.9771],[121.546778,24.975953],[121.546778,24.975953],[121.54475,24.97479],[121.54475,24.97479],[121.54366,24.97395],[121.543639,24.973973],[121.5430453,24.9753],[121.5430453,24.9753],[121.542795,24.978161],[121.542795,24.978161],[121.5418387,24.98123266],[121.54183874603,24.981232663482],[121.5413983,24.98334421],[121.5413983,24.98334421],[121.540884565504,24.9862913799947],[121.540884565504,24.9862913799947],[121.5383895,24.98694835],[121.5383895,24.98694835],[121.5370088,24.987165],[121.534533,24.987934],[121.524798,24.990551],[121.524798,24.990551],[121.52296,24.99076],[121.52296,24.99076],[121.5194886,24.99170762],[121.5194886,24.99170762],[121.517292,24.992212],[121.517362,24.992238],[121.514801,24.992497],[121.510938,24.990576],[121.510938,24.990576],[121.510175,24.989578],[121.510175,24.989578],[121.508578,24.98728],[121.508578,24.98728],[121.508068,24.9882],[121.508068,24.9882],[121.5065568,24.99027862],[121.504907,24.991532],[121.505277,24.994329],[121.505277,24.994329],[121.505842,24.996308],[121.505842,24.996308],[121.507121,24.998049],[121.507121,24.998049],[121.5068521,24.99973099],[121.5068521,24.99973099],[121.5048390971732,24.999792710544224],[121.5048390971732,24.999792710544224],[121.502819563683,24.9998556483866],[121.502819563683,24.9998556483866],[121.5009078,25.00081436],[121.50090778406,25.000814361663],[121.498749,25.002187],[121.498749,25.002187],[121.496889,25.001888],[121.496889,25.001888]]}},{"type":"Feature","properties":{"route_name":"797","color":"#dc3baf"},"geometry":{"type":"LineString","coordinates":[[121.4351234,25.07430648],[121.4351234,25.07430648],[121.43563,25.07182],[121.43563,25.07182],[121.4353791,25.06966085],[121.4353791,25.06966085],[121.43454,25.06761],[121.43454,25.06761],[121.433433,25.06526521],[121.433433,25.06526521],[121.432904,25.06216],[121.432904,25.06216],[121.432389,25.061074],[121.432389,25.061074],[121.430718,25.058131],[121.430718,25.058131],[121.430655,25.056466],[121.430655,25.056466],[121.430406,25.054419],[121.430406,25.054419],[121.4278259,25.05149832],[121.4278259,25.05149832],[121.4274415,25.04957047],[121.4274415,25.04957047],[121.42698,25.048028],[121.42698,25.048028],[121.4259089,25.0454414],[121.4259089,25.0454414],[121.4247892,25.04275923],[121.4247892,25.04275923],[121.4241632,25.03898947],[121.4241632,25.03898947],[121.423173,25.037323],[121.423173,25.037323],[121.42184,25.03513],[121.42184,25.03513],[121.42081,25.03317],[121.42081,25.03317],[121.420498,25.030166],[121.420498,25.030166],[121.422375,25.028741],[121.422375,25.028741],[121.42685,25.03016],[121.426971584029,25.0301579598983],[121.431382,25.031553],[121.431382,25.031553],[121.435466,25.032612],[121.435466,25.032612],[121.442607,25.033904],[121.442607,25.033904],[121.44483,25.034382],[121.44483,25.034382],[121.447739,25.034987],[121.447739,25.034987],[121.449908,25.035445],[121.449908,25.035445],[121.456562,25.036727],[121.456562,25.036727],[121.459593,25.038242],[121.459593,25.038242],[121.4623098,25.03991225],[121.4623098,25.03991225],[121.46516,25.041731],[121.46516,25.041731],[121.4665635,25.0427471],[121.4665635,25.0427471],[121.469408,25.045403],[121.469408,25.045403],[121.471374,25.046158],[121.471374,25.046158],[121.473986,25.047009],[121.473986,25.047009],[121.4876744,25.05142477],[121.487739420364,25.0513765359288]]}},{"type":"Feature","properties":{"route_name":"799","color":"#dc3ba9"},"geometry":{"type":"LineString","coordinates":[[121.3996193,24.972523],[121.400301,24.974397],[121.401953,24.975625],[121.40695,24.97919],[121.4087873,24.979984],[121.4144552,24.986544],[121.4162031,24.98988],[121.417217,24.991451],[121.4194762,24.994063],[121.421456,24.996476],[121.422776,24.997953],[121.424737,25.000055],[121.4269584,25.002274],[121.4314506,25.005106],[121.4314506,25.005106],[121.431869,25.007867],[121.431869,25.007867],[121.4299139,25.009369],[121.4299139,25.009369],[121.4284024,25.01056501],[121.4284024,25.01056501],[121.4263087,25.01254806],[121.4263087,25.01254806],[121.4260504,25.01453194],[121.4260504,25.01453194],[121.426301,25.016748],[121.426301,25.016748],[121.426917,25.018631],[121.426917,25.018631],[121.427412,25.02033],[121.427412,25.02033],[121.426146,25.022571],[121.426146,25.022571],[121.425221,25.024026],[121.425221,25.024026],[121.4231654,25.02496015],[121.4231654,25.02496015],[121.418785,25.026334],[121.418785,25.026334],[121.422375,25.028741],[121.422375,25.028741],[121.426971584029,25.0301579598983],[121.42685,25.03016],[121.431382,25.031553],[121.431382,25.031553],[121.435466,25.032612],[121.435466,25.032612],[121.442607,25.033904],[121.442607,25.033904],[121.44483,25.034382],[121.44483,25.034382],[121.447739,25.034987],[121.447739,25.034987],[121.449908,25.035445],[121.449908,25.035445],[121.456562,25.036727],[121.456562,25.036727],[121.459593,25.038242],[121.459593,25.038242],[121.4623098,25.03991225],[121.4623098,25.03991225],[121.46516,25.041731],[121.46516,25.041731],[121.4665635,25.0427471],[121.4665635,25.0427471],[121.469408,25.045403],[121.469408,25.045403],[121.471374,25.046158],[121.471374,25.046158],[121.473986,25.047009],[121.473986,25.047009],[121.487739420364,25.0513765359288],[121.4876744,25.05142477]]}},{"type":"Feature","properties":{"route_name":"8","color":"#dcd13b"},"geometry":{"type":"LineString","coordinates":[[121.53755,24.958392],[121.53755,24.958392],[121.5319036,24.96083175],[121.5319036,24.96083175],[121.5298939,24.96132951],[121.5298939,24.96132951],[121.528356,24.961886],[121.528356,24.961886],[121.5262847,24.96306452],[121.526281,24.963037],[121.5239545,24.96359615],[121.5239545,24.96359615],[121.52120824524,24.9639074679223],[121.52132,24.96389],[121.517257,24.96503],[121.517257,24.96503],[121.518062,24.967108],[121.518062,24.967108],[121.518795,24.969329],[121.518795,24.969329],[121.51914,24.970794],[121.51914,24.970794],[121.519852,24.972839],[121.519852,24.972839],[121.51912,24.974308],[121.51912,24.974308],[121.517372,24.976061],[121.517372,24.976061],[121.5167886,24.97725375],[121.5167886,24.97725375],[121.517416,24.981146],[121.517416,24.981146],[121.517953,24.983806],[121.517953,24.983806],[121.517283,24.985335],[121.517283,24.985335],[121.513308,24.988375],[121.513308,24.988375],[121.512485,24.989999],[121.512485,24.989999],[121.507206,24.995152],[121.505574,24.995927],[121.505574,24.995927],[121.505201,24.994596],[121.505201,24.994596]]}},{"type":"Feature","properties":{"route_name":"800","color":"#913bdc"},"geometry":{"type":"LineString","coordinates":[[121.3996193,24.972523],[121.400301,24.974397],[121.401953,24.975625],[121.40695,24.97919],[121.4087873,24.979984],[121.412604,24.982578],[121.415842,24.984168],[121.418065,24.98527587],[121.42122,24.98764],[121.422411,24.989525],[121.423739,24.991841],[121.424598,24.99329752],[121.4269598,24.994232],[121.42796,24.995638],[121.430021,24.998244],[121.431245,25.000554],[121.432111,25.002077],[121.431869,25.007867],[121.431869,25.007867],[121.4299139,25.009369],[121.4299139,25.009369],[121.4284024,25.01056501],[121.4284024,25.01056501],[121.4263087,25.01254806],[121.4263087,25.01254806],[121.4260504,25.01453194],[121.4260504,25.01453194],[121.426301,25.016748],[121.426301,25.016748],[121.426917,25.018631],[121.426917,25.018631],[121.427412,25.02033],[121.427412,25.02033],[121.427927,25.020925],[121.427927,25.020925],[121.430343,25.020634],[121.430343,25.020634],[121.433273,25.02035],[121.4348185,25.021865],[121.4348185,25.021865],[121.434989,25.02727],[121.434989,25.02727],[121.43789,25.03057],[121.4408296,25.032954],[121.440631678538,25.0337008431394],[121.440623,25.03371663],[121.4359666,25.032897],[121.4359666,25.032897]]}},{"type":"Feature","properties":{"route_name":"801","color":"#943bdc"},"geometry":{"type":"LineString","coordinates":[[121.4351234,25.07430648],[121.4351234,25.07430648],[121.43563,25.07182],[121.43563,25.07182],[121.4353791,25.06966085],[121.4353791,25.06966085],[121.43454,25.06761],[121.43454,25.06761],[121.433433,25.06526521],[121.433433,25.06526521],[121.432904,25.06216],[121.432904,25.06216],[121.432389,25.061074],[121.432389,25.061074],[121.430718,25.058131],[121.430718,25.058131],[121.430655,25.056466],[121.430655,25.056466],[121.430406,25.054419],[121.430406,25.054419],[121.4278259,25.05149832],[121.4278259,25.05149832],[121.4274415,25.04957047],[121.4274415,25.04957047],[121.42698,25.048028],[121.42698,25.048028],[121.4259089,25.0454414],[121.4259089,25.0454414],[121.4247892,25.04275923],[121.4247892,25.04275923],[121.4241632,25.03898947],[121.4241632,25.03898947],[121.423173,25.037323],[121.423173,25.037323],[121.42184,25.03513],[121.42184,25.03513],[121.42081,25.03317],[121.42081,25.03317],[121.420498,25.030166],[121.420498,25.030166],[121.422375,25.028741],[121.422375,25.028741],[121.426971584029,25.0301579598983],[121.42685,25.03016],[121.431382,25.031553],[121.431382,25.031553],[121.435466,25.032612],[121.435466,25.032612],[121.442607,25.033904],[121.442607,25.033904],[121.44483,25.034382],[121.44483,25.034382],[121.447739,25.034987],[121.447739,25.034987],[121.449908,25.035445],[121.449908,25.035445],[121.456562,25.036727],[121.456562,25.036727],[121.459593,25.038242],[121.459593,25.038242],[121.4623098,25.03991225],[121.4623098,25.03991225],[121.46516,25.041731],[121.46516,25.041731],[121.4665635,25.0427471],[121.4665635,25.0427471],[121.469408,25.045403],[121.469408,25.045403],[121.471374,25.046158],[121.471374,25.046158],[121.473986,25.047009],[121.473986,25.047009],[121.487921,25.057218],[121.487921,25.057218],[121.4905425,25.05907329],[121.4905425,25.05907329],[121.4925214,25.06043253],[121.4925214,25.06043253],[121.49493,25.061403],[121.49493,25.061403],[121.498323,25.062277],[121.498323,25.062277],[121.50044,25.063054],[121.50044,25.063054],[121.501898428168,25.0636037876107],[121.501898428168,25.0636037876107]]}},{"type":"Feature","properties":{"route_name":"802","color":"#963bdc"},"geometry":{"type":"LineString","coordinates":[[121.369458,24.935981],[121.372124,24.936067],[121.3741,24.935495],[121.3756319,24.9363],[121.377027,24.937031],[121.37846,24.9395],[121.379266,24.94237],[121.380694,24.943771],[121.382402,24.945598],[121.38206,24.947159],[121.3827943,24.948492],[121.384652,24.948611],[121.386061,24.949747],[121.387879,24.953168],[121.389064,24.955979],[121.3907053,24.959534],[121.391576,24.962398],[121.39261,24.963712],[121.392885,24.971428],[121.3935678,24.97226366],[121.397068,24.973394],[121.401953,24.975625],[121.40695,24.97919],[121.4087873,24.979984],[121.412604,24.982578],[121.415842,24.984168],[121.418065,24.98527587],[121.42122,24.98764],[121.422411,24.989525],[121.423739,24.991841],[121.424598,24.99329752],[121.4269598,24.994232],[121.42796,24.995638],[121.430021,24.998244],[121.431245,25.000554],[121.432111,25.002077],[121.431869,25.007867],[121.431869,25.007867],[121.4299139,25.009369],[121.4299139,25.009369],[121.4284024,25.01056501],[121.4284024,25.01056501],[121.4263087,25.01254806],[121.4263087,25.01254806],[121.4260504,25.01453194],[121.4260504,25.01453194],[121.426301,25.016748],[121.426301,25.016748],[121.426917,25.018631],[121.426917,25.018631],[121.427412,25.02033],[121.427412,25.02033],[121.426146,25.022571],[121.426146,25.022571],[121.425221,25.024026],[121.425221,25.024026],[121.4231654,25.02496015],[121.4231654,25.02496015],[121.418785,25.026334],[121.418785,25.026334],[121.422375,25.028741],[121.422375,25.028741],[121.426971584029,25.0301579598983],[121.42685,25.03016],[121.431382,25.031553],[121.431382,25.031553],[121.435466,25.032612],[121.435466,25.032612],[121.442607,25.033904],[121.442607,25.033904],[121.44483,25.034382],[121.44483,25.034382],[121.447739,25.034987],[121.447739,25.034987],[121.449469,25.035376],[121.449469,25.035376],[121.456562,25.036727],[121.456562,25.036727],[121.459593,25.038242],[121.459593,25.038242],[121.46687,25.024488]]}},{"type":"Feature","properties":{"route_name":"802區","color":"#b73bdc"},"geometry":{"type":"LineString","coordinates":[[121.433273,25.02035],[121.433249,25.019241],[121.433249,25.019241],[121.4326327,25.01508972],[121.4326327,25.01508972],[121.432578,25.013078],[121.432578,25.013078],[121.432644,25.010087],[121.432644,25.010087],[121.432786,25.007493],[121.432786,25.007493],[121.431869,25.007867],[121.431869,25.007867],[121.4299139,25.009369],[121.4299139,25.009369],[121.4284024,25.01056501],[121.4284024,25.01056501],[121.4263087,25.01254806],[121.4263087,25.01254806],[121.4260504,25.01453194],[121.4260504,25.01453194],[121.426301,25.016748],[121.426301,25.016748],[121.426917,25.018631],[121.426917,25.018631],[121.427412,25.02033],[121.427412,25.02033],[121.426146,25.022571],[121.426146,25.022571],[121.425221,25.024026],[121.425221,25.024026],[121.4231654,25.02496015],[121.4231654,25.02496015],[121.418785,25.026334],[121.418785,25.026334],[121.422375,25.028741],[121.422375,25.028741],[121.426971584029,25.0301579598983],[121.42685,25.03016],[121.431382,25.031553],[121.431382,25.031553],[121.435466,25.032612],[121.435466,25.032612],[121.442607,25.033904],[121.442607,25.033904],[121.44483,25.034382],[121.44483,25.034382],[121.447739,25.034987],[121.447739,25.034987],[121.449469,25.035376],[121.449469,25.035376],[121.456562,25.036727],[121.456562,25.036727],[121.459593,25.038242],[121.459593,25.038242],[121.46687,25.024488]]}},{"type":"Feature","properties":{"route_name":"803","color":"#993bdc"},"geometry":{"type":"LineString","coordinates":[[121.4351234,25.07430648],[121.4351234,25.07430648],[121.433055,25.073209],[121.433055,25.073209],[121.4303422,25.07170492],[121.4303422,25.07170492],[121.42786,25.07087],[121.42786,25.07087],[121.428977,25.069312],[121.428977,25.069312],[121.430235,25.069328],[121.430235,25.069328],[121.432341,25.070983],[121.432341,25.070983],[121.434261,25.071148],[121.434261,25.071148],[121.4353791,25.06966085],[121.4353791,25.06966085],[121.43454,25.06761],[121.43454,25.06761],[121.433433,25.06526521],[121.433433,25.06526521],[121.432904,25.06216],[121.432904,25.06216],[121.4334,25.06083],[121.4334,25.06083],[121.434603,25.05892699],[121.434603,25.05892699],[121.4334524,25.056627],[121.4319595,25.055602],[121.4345802,25.056113],[121.43703,25.05498],[121.438154103996,25.0531414843833],[121.438154103996,25.0531414843833],[121.439055,25.051587],[121.439055,25.051587],[121.4438,25.048964],[121.445379037224,25.0490066229995],[121.445379037224,25.0490066229995],[121.448561,25.049077],[121.448561,25.049077],[121.451369639862,25.0491543957239],[121.451369639862,25.0491543957239],[121.452983,25.050565],[121.452983,25.050565],[121.45233725893,25.0528494498004],[121.45233725893,25.0528494498004],[121.454002,25.054271],[121.454002,25.054271],[121.457564,25.05425],[121.457564,25.05425],[121.463938,25.054437],[121.463938,25.054437],[121.466189,25.05281393],[121.466189,25.05281393],[121.4690862,25.053988],[121.469085,25.056813],[121.469108,25.060418],[121.483061607875,25.0613696251157],[121.483061607875,25.0613696251157],[121.48663201223,25.060305060826],[121.486632,25.06030506],[121.48651605944,25.0580096673922],[121.48651605944,25.0580096673922],[121.487921,25.057218],[121.487921,25.057218],[121.4905425,25.05907329],[121.4905425,25.05907329],[121.4925214,25.06043253],[121.4925214,25.06043253],[121.49493,25.061403],[121.49493,25.061403],[121.498323,25.062277],[121.498323,25.062277],[121.50044,25.063054],[121.50044,25.063054],[121.501898428168,25.0636037876107],[121.501898428168,25.0636037876107]]}},{"type":"Feature","properties":{"route_name":"805","color":"#9e3bdc"},"geometry":{"type":"LineString","coordinates":[[121.4365891,24.96693499],[121.438862,24.969338],[121.44006,24.971552],[121.44158,24.974341],[121.44208,24.976352],[121.442459,24.978736],[121.4430948,24.98084349],[121.443748,24.982863],[121.443748,24.982863],[121.445547,24.986196],[121.445547,24.986196],[121.447058,24.988564],[121.447058,24.988564],[121.449,24.991567],[121.449,24.991567],[121.449607,24.992453],[121.449607,24.992453],[121.4515397,24.995237],[121.453027,24.999426],[121.453807,25.001745],[121.4569051,25.005452],[121.458355,25.007141],[121.460151,25.009094],[121.460871,25.013298],[121.460871,25.013298],[121.462542,25.01277],[121.462542,25.01277],[121.469,25.016752],[121.469,25.016752],[121.470382,25.017856],[121.470382,25.017856],[121.469272,25.021691],[121.467453,25.024906],[121.4602315,25.0404782],[121.45849,25.044488],[121.45849,25.044488],[121.456251,25.044352],[121.456251,25.044352],[121.4518908,25.04361421],[121.4518908,25.04361421],[121.4481033,25.04265625],[121.4481033,25.04265625],[121.4467068,25.04205378],[121.4467068,25.04205378],[121.44511,25.041699],[121.44511,25.041699],[121.443917,25.043704],[121.443917,25.043704],[121.442745,25.045687],[121.442745,25.045687],[121.439144,25.051687],[121.439144,25.051687],[121.4382775,25.05312196],[121.4382775,25.05312196],[121.437108,25.05511],[121.4338791,25.05594093],[121.4338791,25.05594093],[121.4320382,25.05579621],[121.4320382,25.05579621],[121.433432,25.056432],[121.433432,25.056432],[121.434979,25.058751],[121.434979,25.058751],[121.433544,25.061058],[121.433544,25.061058],[121.43342,25.063193],[121.43342,25.063193],[121.433605,25.064906],[121.433605,25.064906],[121.43438,25.06721],[121.43438,25.06721],[121.435546,25.069564],[121.435546,25.069564],[121.434843,25.071328],[121.434843,25.071328],[121.4333476,25.071691],[121.433199,25.073164],[121.433199,25.073164],[121.435263,25.074753],[121.435263,25.074753],[121.435188,25.076722],[121.435188,25.076722],[121.436601,25.080067],[121.436601,25.080067],[121.437555,25.082438],[121.437555,25.082438],[121.438433280844,25.0842496814391],[121.438433280844,25.0842496814391],[121.4376824,25.08537405],[121.4376824,25.08537405],[121.4356073,25.08630203],[121.4356073,25.08630203],[121.4334512,25.08729976],[121.4334512,25.08729976],[121.432239,25.088405],[121.432239,25.088405],[121.43072,25.08887],[121.43072,25.08887],[121.429737,25.089987],[121.429737,25.089987]]}},{"type":"Feature","properties":{"route_name":"806","color":"#a13bdc"},"geometry":{"type":"LineString","coordinates":[[121.45973879089169,24.99400354256151],[121.45973879089169,24.99400354256151],[121.457544,24.995345],[121.457544,24.995345],[121.457306,24.997381],[121.457306,24.997381],[121.458394,24.999752],[121.458394,24.999752],[121.45986,25.002648],[121.45986,25.002648],[121.459931,25.00437],[121.459931,25.00437],[121.458797,25.007039],[121.458454,25.009036],[121.458454,25.009036],[121.460871,25.013298],[121.460871,25.013298],[121.462964,25.015838],[121.462964,25.015838],[121.465129,25.018614],[121.465129,25.018614],[121.46695,25.02096],[121.46695,25.02096],[121.469272,25.021691],[121.467453,25.024906],[121.4623098,25.03991225],[121.4623098,25.03991225],[121.46516,25.041731],[121.46516,25.041731],[121.4665635,25.0427471],[121.4665635,25.0427471],[121.469408,25.045403],[121.469408,25.045403],[121.471374,25.046158],[121.471374,25.046158],[121.473986,25.047009],[121.473986,25.047009],[121.48679940961,25.0577184292479],[121.48679940961,25.0577184292479],[121.486918256858,25.060408987468],[121.486918256858,25.060408987468],[121.48724,25.063061],[121.48724,25.063061],[121.48533,25.06562],[121.48533,25.06562],[121.48285,25.06735],[121.48285,25.06735],[121.479868,25.068996],[121.479868,25.068996],[121.4776987,25.06960674],[121.477687916123,25.0695224403088],[121.473796826188,25.0715506158941],[121.4736481,25.07162633],[121.47112,25.07213746],[121.47112,25.07213746],[121.4684027,25.07259848],[121.468381204695,25.0725757837781],[121.467750089647,25.0742021514958],[121.467750089647,25.0742021514958],[121.468953,25.077839],[121.468953,25.077839],[121.469744,25.079471],[121.469744,25.079471],[121.4716472,25.08184559],[121.4716472,25.08184559],[121.4703582,25.08330021],[121.4703582,25.08330021],[121.469088,25.085252],[121.469088,25.085252],[121.467676,25.087176],[121.467676,25.087176],[121.466902,25.08809],[121.466902,25.08809],[121.465974,25.08917992],[121.465970849851,25.0891287596823]]}},{"type":"Feature","properties":{"route_name":"807","color":"#a43bdc"},"geometry":{"type":"LineString","coordinates":[[121.367161,24.93748],[121.369458,24.935981],[121.372124,24.936067],[121.3741,24.935495],[121.37565,24.932405],[121.37482,24.930115],[121.372543,24.928267],[121.3714506,24.925683],[121.3704123,24.921569],[121.369092,24.920146],[121.3665971,24.918791],[121.3659507,24.915392],[121.365819,24.91246],[121.36596,24.90907],[121.3663769,24.907521],[121.3665174,24.90582],[121.3684835,24.902154],[121.369897,24.898612],[121.3713541,24.895397],[121.3730689,24.892873],[121.3744336,24.890849],[121.375943,24.886062],[121.377267,24.883889],[121.379974,24.879569],[121.3798993,24.878092],[121.3819702,24.876296],[121.3864896,24.87396],[121.3891413,24.873529],[121.3920179,24.873878],[121.397731,24.873541],[121.3995877,24.87343],[121.4027799,24.872745],[121.4047978,24.872206],[121.4070424,24.870518],[121.4120095,24.868987],[121.4150453,24.867448],[121.4188602,24.865879],[121.42176,24.8636],[121.4269939,24.862903],[121.4293695,24.862946],[121.4329701,24.862665],[121.4337414,24.860805],[121.4355303,24.857051],[121.436173,24.855093],[121.4369445,24.853164],[121.438092,24.852366],[121.4421149,24.850483],[121.447994,24.844609],[121.450649,24.845322],[121.449226,24.846978],[121.445877,24.84764],[121.448357,24.84048]]}},{"type":"Feature","properties":{"route_name":"808","color":"#a73bdc"},"geometry":{"type":"LineString","coordinates":[[121.808298,25.107574],[121.80978,25.10741],[121.8192653,25.107474],[121.8231598,25.107317],[121.82886,25.106327],[121.83386,25.096552],[121.833604,25.095344],[121.833251,25.094406],[121.832856,25.093047],[121.831566,25.090122],[121.83005,25.088943],[121.827546,25.087102],[121.82464,25.083586],[121.8244889,25.082274],[121.825605,25.082956]]}},{"type":"Feature","properties":{"route_name":"810","color":"#dc3bd4"},"geometry":{"type":"LineString","coordinates":[[121.4446911,24.98027123],[121.4446911,24.98027123],[121.443748,24.982863],[121.443748,24.982863],[121.445547,24.986196],[121.445547,24.986196],[121.447058,24.988564],[121.447058,24.988564],[121.449,24.991567],[121.449,24.991567],[121.449607,24.992453],[121.449607,24.992453],[121.45162,24.994319],[121.45162,24.994319],[121.45373,24.995168],[121.45373,24.995168],[121.457306,24.997381],[121.457306,24.997381],[121.458394,24.999752],[121.458394,24.999752],[121.45986,25.002648],[121.45986,25.002648],[121.459931,25.00437],[121.459931,25.00437],[121.458797,25.007039],[121.460151,25.009094],[121.46366,25.010896],[121.46366,25.010896],[121.464544,25.012043],[121.464544,25.012043],[121.462239,25.012817],[121.460677,25.01352],[121.460677,25.01352],[121.45679,25.01123],[121.45679,25.01123],[121.4563231,25.01289423],[121.4563231,25.01289423],[121.45665,25.015212],[121.45665,25.015212],[121.456234,25.01769696],[121.456234,25.01769696],[121.4556607,25.01900577],[121.4556607,25.01900577],[121.454829,25.020767],[121.454829,25.020767],[121.454395,25.022921],[121.454395,25.022921],[121.454664,25.026087],[121.454664,25.026087],[121.455857,25.028188],[121.45275,25.036281],[121.449807,25.035639],[121.449807,25.035639],[121.44814,25.035329],[121.44814,25.035329],[121.445934,25.034808],[121.445934,25.034808],[121.440623,25.03371663],[121.440631678538,25.0337008431394],[121.4359666,25.032897],[121.4359666,25.032897],[121.43029,25.031456],[121.43029,25.031456],[121.426759,25.030319],[121.426759,25.030319],[121.422143,25.028858],[121.422143,25.028858],[121.417289,25.025761],[121.417289,25.025761],[121.4146805,25.02359983],[121.4146805,25.02359983],[121.412762,25.022547],[121.412762,25.022547]]}},{"type":"Feature","properties":{"route_name":"811","color":"#dc3bd1"},"geometry":{"type":"LineString","coordinates":[[121.465804,25.089056],[121.465804,25.089056],[121.467789,25.090065],[121.467789,25.090065],[121.4638568,25.09148696],[121.4638568,25.09148696],[121.4603296,25.09231282],[121.4603296,25.09231282],[121.459433,25.090164],[121.459433,25.090164],[121.458711,25.08836259],[121.458711,25.08836259],[121.4572506,25.08798117],[121.4572506,25.08798117],[121.4573852,25.08625089],[121.4573852,25.08625089],[121.458052,25.084758],[121.458052,25.084758],[121.4593921,25.08279255],[121.4593921,25.08279255],[121.4611032,25.08115346],[121.4611032,25.08115346],[121.4631595,25.07961424],[121.4631595,25.07961424],[121.465375,25.07935],[121.465375,25.07935],[121.4665749,25.07899554],[121.4665749,25.07899554],[121.46855,25.07848],[121.46855,25.07848],[121.471915,25.079466],[121.471915,25.079466],[121.473612,25.080632],[121.473612,25.080632],[121.476637,25.081453],[121.476637,25.081453],[121.48065,25.082575],[121.48065,25.082575],[121.48116,25.08392],[121.48116,25.08392],[121.48278,25.086512],[121.48278,25.086512],[121.485125,25.08859],[121.485125,25.08859],[121.48814,25.08686],[121.48814,25.08686],[121.49,25.087666],[121.49,25.087666],[121.4933,25.087786],[121.4933,25.087786]]}},{"type":"Feature","properties":{"route_name":"812","color":"#dc3bcf"},"geometry":{"type":"LineString","coordinates":[[121.367161,24.93748],[121.364325,24.937236],[121.366622,24.935191],[121.3683972,24.933768],[121.368442,24.931468],[121.367609,24.928406],[121.367645,24.924597],[121.366978,24.921568],[121.3690634,24.919955],[121.3705211,24.921248],[121.3717061,24.925869],[121.37274,24.92667],[121.375272,24.927307],[121.377385,24.928825],[121.379262,24.93019],[121.381069,24.930158],[121.385095,24.931522],[121.3866366,24.93307081],[121.39106,24.93521],[121.393817,24.935708],[121.395837,24.937183],[121.395703,24.939072],[121.398554,24.941784],[121.401605,24.943434],[121.403346,24.944505],[121.404395,24.945465],[121.40683,24.94828],[121.411206,24.951976],[121.41214,24.95341],[121.414282,24.956227],[121.417136,24.958169],[121.418269,24.958842],[121.42204,24.96147],[121.425079,24.962537],[121.427371,24.963818],[121.430929,24.964872],[121.434258,24.965538],[121.4365891,24.96693499],[121.438862,24.969338],[121.44017,24.970248]]}},{"type":"Feature","properties":{"route_name":"813","color":"#dc3bcc"},"geometry":{"type":"LineString","coordinates":[[121.4351234,25.07430648],[121.4351234,25.07430648],[121.43563,25.07182],[121.43563,25.07182],[121.4353791,25.06966085],[121.4353791,25.06966085],[121.43454,25.06761],[121.43454,25.06761],[121.433433,25.06526521],[121.433433,25.06526521],[121.432904,25.06216],[121.432904,25.06216],[121.4334,25.06083],[121.4334,25.06083],[121.434603,25.05892699],[121.434603,25.05892699],[121.43571,25.05713],[121.43571,25.05713],[121.43703,25.05498],[121.438154103996,25.0531414843833],[121.438154103996,25.0531414843833],[121.439055,25.051587],[121.439055,25.051587],[121.4438,25.048964],[121.444921,25.049549],[121.444921,25.049549],[121.444782,25.051888],[121.444782,25.051888],[121.44715,25.05416],[121.44715,25.05416],[121.4499383,25.05424253],[121.450091499999,25.054238050248],[121.454002,25.054271],[121.454002,25.054271],[121.457564,25.05425],[121.457564,25.05425],[121.459672,25.050278],[121.459643,25.047988],[121.4596915,25.045434],[121.45976,25.04304],[121.45976,25.04304],[121.459856,25.040005],[121.459856,25.040005],[121.467161,25.023861],[121.466622,25.020964],[121.466622,25.020964],[121.465,25.018889],[121.465,25.018889],[121.465361,25.016713],[121.467668,25.014269],[121.46719,25.012734],[121.46719,25.012734],[121.46352,25.011017],[121.46352,25.011017],[121.462603,25.007484],[121.4638419943008,25.005813340145494],[121.4638419943008,25.005813340145494],[121.464213,25.003585],[121.464213,25.003585],[121.4627049,25.00172351],[121.4627049,25.00172351],[121.46337,24.998],[121.46341,24.997921],[121.4620205,24.99628371],[121.4620205,24.99628371],[121.457544,24.995345],[121.457544,24.995345],[121.4572592,24.99365253],[121.459247,24.991526],[121.4600743,24.98908532],[121.463946,24.986937],[121.465217,24.986269],[121.465217,24.986269],[121.468935,24.988257],[121.468935,24.988257],[121.47114,24.989461],[121.47114,24.989461],[121.477332,24.992043],[121.477332,24.992043]]}},{"type":"Feature","properties":{"route_name":"813區","color":"#3bacdc"},"geometry":{"type":"LineString","coordinates":[[121.47477,24.99121],[121.47477,24.99121],[121.470588,24.989443],[121.470588,24.989443],[121.468808,24.988513],[121.468808,24.988513],[121.4659091,24.98695477],[121.4659091,24.98695477],[121.464106,24.987097],[121.460218,24.989076],[121.459574,24.991557],[121.457783,24.993422],[121.457732,24.995237],[121.457732,24.995237],[121.462194,24.996111],[121.462194,24.996111],[121.464352,24.99752483],[121.464352,24.99752483],[121.463918,24.998622],[121.463918,24.998622],[121.46299,25.001439],[121.46299,25.001439],[121.464285,25.00403],[121.464285,25.00403],[121.46393390614749,25.005869973155434],[121.46393390614749,25.005869973155434],[121.4634845,25.00860074],[121.4634845,25.00860074],[121.46366,25.010896],[121.46366,25.010896],[121.46755,25.01269],[121.46755,25.01269],[121.467975,25.014223],[121.465455,25.016966],[121.465129,25.018614],[121.465129,25.018614],[121.46695,25.02096],[121.46695,25.02096],[121.469272,25.021691],[121.467453,25.024906],[121.4602315,25.0404782],[121.460044,25.042298],[121.460015,25.045673],[121.459998,25.049201],[121.458557,25.054455],[121.458557,25.054455],[121.454085,25.054408],[121.454085,25.054408],[121.450407314483,25.054415479901],[121.450407314483,25.054415479901],[121.447395,25.055723],[121.447395,25.055723],[121.4450930055579,25.05577220771311],[121.4450930055579,25.05577220771311],[121.44317079898,25.0556960199305],[121.443864,25.056738],[121.443864,25.056738],[121.44468,25.05186],[121.44468,25.05186],[121.4446583,25.04961766],[121.4446583,25.04961766],[121.4438249,25.04908]]}},{"type":"Feature","properties":{"route_name":"815","color":"#dc3bc7"},"geometry":{"type":"LineString","coordinates":[[121.473752,25.071403],[121.473752,25.071403],[121.477545,25.069419],[121.477545,25.069419],[121.48052,25.06855],[121.48052,25.06855],[121.483106,25.068867],[121.483106,25.068867],[121.48307,25.07034],[121.48307,25.07034],[121.482244,25.075074],[121.482244,25.075074],[121.4833,25.077066],[121.4833,25.077066],[121.4828427,25.0789135],[121.4828427,25.0789135],[121.480476,25.080319],[121.480476,25.080319],[121.48065,25.082575],[121.48065,25.082575],[121.48116,25.08392],[121.48116,25.08392],[121.48278,25.086512],[121.48278,25.086512],[121.485125,25.08859],[121.485125,25.08859],[121.48814,25.08686],[121.48814,25.08686],[121.49,25.087666],[121.49,25.087666],[121.4933,25.087786],[121.4933,25.087786]]}},{"type":"Feature","properties":{"route_name":"816","color":"#dc3bc4"},"geometry":{"type":"LineString","coordinates":[[121.473752,25.071403],[121.473752,25.071403],[121.476744,25.069312],[121.476744,25.069312],[121.479518,25.067757],[121.479518,25.067757],[121.481556,25.06698],[121.481556,25.06698],[121.479868,25.068996],[121.479868,25.068996],[121.477687916123,25.0695224403088],[121.4776987,25.06960674],[121.4736481,25.07162633],[121.473796826188,25.0715506158941],[121.47112,25.07213746],[121.47112,25.07213746],[121.4684027,25.07259848],[121.468381204695,25.0725757837781],[121.467750089647,25.0742021514958],[121.467750089647,25.0742021514958],[121.468953,25.077839],[121.468953,25.077839],[121.469744,25.079471],[121.469744,25.079471],[121.472348,25.081628],[121.472348,25.081628],[121.473209,25.081859],[121.473209,25.081859],[121.476637,25.081453],[121.476637,25.081453],[121.48065,25.082575],[121.48065,25.082575],[121.48116,25.08392],[121.48116,25.08392],[121.48278,25.086512],[121.48278,25.086512],[121.485125,25.08859],[121.485125,25.08859],[121.48814,25.08686],[121.48814,25.08686],[121.49,25.087666],[121.49,25.087666],[121.4933,25.087786],[121.4933,25.087786]]}},{"type":"Feature","properties":{"route_name":"817","color":"#dc3bc1"},"geometry":{"type":"LineString","coordinates":[[121.683273,25.074762],[121.683273,25.074762],[121.682809,25.072605],[121.682809,25.072605],[121.67919,25.07129],[121.67919,25.07129],[121.675147,25.073658],[121.675147,25.073658],[121.67317,25.0763],[121.67317,25.0763],[121.6676204,25.07733],[121.6676204,25.07733],[121.66475,25.07167],[121.66475,25.07167],[121.661689061306,25.0691766561076],[121.661689061306,25.0691766561076],[121.659997,25.067906],[121.659997,25.067906],[121.6559524,25.067698],[121.65474,25.07009],[121.6535172,25.07123],[121.6516651,25.07298],[121.65074,25.074347],[121.650181,25.07563],[121.644525,25.075856],[121.644525,25.075856],[121.641733,25.075359],[121.641733,25.075359],[121.640323,25.074711],[121.640323,25.074711],[121.6390103,25.07383644],[121.6390103,25.07383644],[121.63711637178322,25.071954410613305],[121.63711637178322,25.071954410613305],[121.63520142081403,25.071476446439604],[121.63344885678443,25.07141234162801],[121.6310686,25.071147],[121.6285664,25.0691974],[121.631193,25.065928],[121.631193,25.065928],[121.633187,25.063647],[121.63491,25.06172],[121.636706,25.059709],[121.634221,25.057679],[121.634221,25.057679],[121.632175626719,25.0562484993939],[121.632022,25.05616],[121.62191,25.055038],[121.62191,25.055038]]}},{"type":"Feature","properties":{"route_name":"819","color":"#dc3bbc"},"geometry":{"type":"LineString","coordinates":[[121.6169638,24.998872],[121.621334,24.999972],[121.623241,25.000387],[121.627544,25.00225],[121.629186,25.003598],[121.630868,25.0051],[121.627291972304,25.0075862762931],[121.627291972304,25.0075862762931],[121.623256,25.00535],[121.623256,25.00535],[121.621668852284,25.0046911438587],[121.621668852284,25.0046911438587],[121.618530798628,25.0039515057549],[121.618530798628,25.0039515057549],[121.616794076485,25.0033150747729],[121.616794076485,25.0033150747729],[121.614578,25.002433],[121.614578,25.002433],[121.612074528182,25.001240884043],[121.6121775,25.00129696],[121.610017,25.001078],[121.610017,25.001078],[121.606,25.00185175143],[121.606,25.00185175143],[121.603712640729,25.0027777194038],[121.603712640729,25.0027777194038],[121.600780470525,25.003972883576],[121.600780470525,25.003972883576],[121.59836661839,25.00478612556],[121.5983666,25.00478613],[121.550164,24.978108],[121.550164,24.978108],[121.548575,24.9771],[121.548575,24.9771],[121.546866,24.976856],[121.546866,24.976856],[121.54468,24.980011],[121.54468,24.980011],[121.544084,24.981602],[121.544084,24.981602],[121.542517035489,24.9829981044722],[121.542517035489,24.9829981044722],[121.541691,24.980858],[121.541691,24.980858],[121.542478,24.978011],[121.542478,24.978011],[121.542746,24.97475],[121.542746,24.97475]]}},{"type":"Feature","properties":{"route_name":"819副","color":"#3bdccf"},"geometry":{"type":"LineString","coordinates":[[121.5411399,24.98335228],[121.5411399,24.98335228],[121.541691,24.980858],[121.541691,24.980858],[121.542478,24.978011],[121.542478,24.978011],[121.542746,24.97475],[121.542746,24.97475],[121.544312,24.974222],[121.544312,24.974222],[121.5468506,24.97584027],[121.5468506,24.97584027],[121.547798,24.976428],[121.547798,24.976428],[121.548731,24.977046],[121.548731,24.977046],[121.551231544066,24.9786235157248],[121.551231544066,24.9786235157248],[121.596216,25.004447],[121.596216,25.004447],[121.598124,25.004696],[121.598124,25.004696],[121.600788292728,25.0038538453324],[121.600788292728,25.0038538453324],[121.604254,25.00231],[121.604254,25.00231],[121.60600921462,25.001691820229],[121.60600921462,25.001691820229],[121.609871,25.00091326],[121.609715380116,25.0009612914181],[121.6121775,25.00129696],[121.612128615622,25.0011405921787],[121.614846681896,25.0024231544723],[121.614846681896,25.0024231544723],[121.616570605411,25.0030922336576],[121.616570605411,25.0030922336576],[121.619062477439,25.0040712956543],[121.619062477439,25.0040712956543],[121.622497028375,25.0049371027771],[121.622497028375,25.0049371027771],[121.624020061467,25.0055271968746],[121.624020061467,25.0055271968746],[121.627349608668,25.0074878072725],[121.627349608668,25.0074878072725],[121.629842214546,25.0087372060793],[121.629842214546,25.0087372060793],[121.63347,25.010767],[121.63347,25.010767],[121.635794,25.010629],[121.635802,25.01065],[121.63848,25.010383],[121.63848,25.010383],[121.641658,25.011094],[121.641658,25.011094],[121.643401638481,25.0120020984692],[121.643401638481,25.0120020984692],[121.645289,25.012186],[121.647256,25.010816],[121.649546,25.008739],[121.65162,25.00569],[121.65199,25.00002],[121.652932,24.998089],[121.65515,24.994154],[121.657576,24.991289],[121.659028,24.991325]]}},{"type":"Feature","properties":{"route_name":"820","color":"#dc3b81"},"geometry":{"type":"LineString","coordinates":[[121.421732,25.064271],[121.421732,25.064271],[121.4193721,25.065222],[121.4193721,25.065222],[121.42295,25.06359],[121.42295,25.06359],[121.42611,25.064055],[121.42611,25.064055],[121.428533,25.063667],[121.428533,25.063667],[121.432001,25.062072],[121.432001,25.062072],[121.4334,25.06083],[121.4334,25.06083],[121.434603,25.05892699],[121.434603,25.05892699],[121.43571,25.05713],[121.43571,25.05713],[121.43703,25.05498],[121.438154103996,25.0531414843833],[121.438154103996,25.0531414843833],[121.439055,25.051587],[121.439055,25.051587],[121.44267,25.045563],[121.44267,25.045563],[121.44377,25.043577],[121.44377,25.043577],[121.444856,25.041705],[121.444856,25.041705],[121.446267,25.041709],[121.446267,25.041709],[121.447989,25.042457],[121.447989,25.042457],[121.451981,25.043465],[121.451981,25.043465],[121.456478,25.044235],[121.456478,25.044235],[121.458374,25.044339],[121.458374,25.044339],[121.46284,25.044465],[121.46284,25.044465],[121.464687,25.042702],[121.464687,25.042702],[121.4665635,25.0427471],[121.4665635,25.0427471],[121.469408,25.045403],[121.469408,25.045403],[121.471374,25.046158],[121.471374,25.046158],[121.473986,25.047009],[121.473986,25.047009],[121.487921,25.057218],[121.487921,25.057218],[121.4905425,25.05907329],[121.4905425,25.05907329],[121.4925214,25.06043253],[121.4925214,25.06043253],[121.49493,25.061403],[121.49493,25.061403],[121.498323,25.062277],[121.498323,25.062277],[121.50044,25.063054],[121.50044,25.063054],[121.501898428168,25.0636037876107],[121.501898428168,25.0636037876107]]}},{"type":"Feature","properties":{"route_name":"821","color":"#dc3b7e"},"geometry":{"type":"LineString","coordinates":[[121.501564,25.259011],[121.4972147,25.259958],[121.493405,25.260327],[121.4901563,25.261015],[121.4860695,25.262454],[121.481503,25.263626],[121.4791672,25.261908],[121.4765532,25.257758],[121.475454,25.256222],[121.4733536,25.25387],[121.472115,25.252797],[121.4693805,25.250887],[121.465893,25.24964],[121.4629414,25.248506],[121.459601,25.247022],[121.4588302,25.244595],[121.457113,25.240291],[121.4562741,25.236813],[121.4543152,25.233587],[121.4514097,25.230161],[121.4517126,25.226835],[121.4517444,25.223709],[121.4514817,25.21927],[121.453091,25.21695],[121.4518316,25.215421],[121.4491991,25.209493],[121.448788,25.206706],[121.4482743,25.202152],[121.4473208,25.19843],[121.4451937,25.196494],[121.445363,25.192206],[121.4468647,25.190072],[121.4467124,25.187913],[121.44803,25.1838],[121.4499877,25.182424],[121.4514048,25.181546],[121.451118,25.179849],[121.451118,25.179849],[121.449309,25.178874],[121.449309,25.178874],[121.447544,25.178458],[121.447544,25.178458],[121.4434655,25.177739],[121.441793,25.175626],[121.441793,25.175626],[121.442618297947,25.1704243596582],[121.442618297947,25.1704243596582],[121.4442,25.169611],[121.4442,25.169611],[121.4467018,25.167281],[121.450473694757,25.1644146571651],[121.450473694757,25.1644146571651],[121.452589611071,25.1621775958734],[121.452589611071,25.1621775958734],[121.45522,25.159233],[121.45522,25.159233],[121.4588816,25.15632375],[121.4588816,25.15632375],[121.459145801051,25.1538309248044],[121.459145801051,25.1538309248044],[121.459294535654,25.150520722511],[121.459294535654,25.150520722511],[121.459489,25.147167],[121.459489,25.147167],[121.4595,25.143486],[121.4595,25.143486],[121.459527,25.139953],[121.459527,25.139953],[121.459785450848,25.1362964415127],[121.459785450848,25.1362964415127],[121.458878069521,25.1330124900217],[121.458878069521,25.1330124900217]]}},{"type":"Feature","properties":{"route_name":"822","color":"#dc3b7c"},"geometry":{"type":"LineString","coordinates":[[121.439703,25.082891],[121.439703,25.082891],[121.433055,25.073209],[121.433055,25.073209],[121.4303422,25.07170492],[121.4303422,25.07170492],[121.42786,25.07087],[121.42786,25.07087],[121.428977,25.069312],[121.428977,25.069312],[121.430235,25.069328],[121.430235,25.069328],[121.432341,25.070983],[121.432341,25.070983],[121.434261,25.071148],[121.434261,25.071148],[121.435263,25.074753],[121.435263,25.074753],[121.435188,25.076722],[121.435188,25.076722],[121.436601,25.080067],[121.436601,25.080067],[121.437555,25.082438],[121.437555,25.082438],[121.438433280844,25.0842496814391],[121.438433280844,25.0842496814391],[121.4376824,25.08537405],[121.4376824,25.08537405],[121.4356073,25.08630203],[121.4356073,25.08630203],[121.4334512,25.08729976],[121.4334512,25.08729976],[121.432239,25.088405],[121.432239,25.088405],[121.43072,25.08887],[121.43072,25.08887],[121.429737,25.089987],[121.429737,25.089987],[121.425727,25.092849],[121.425727,25.092849],[121.420874,25.096455],[121.420874,25.096455],[121.41831,25.098116],[121.41831,25.098116],[121.413926,25.101445],[121.413926,25.101445],[121.409933,25.104889],[121.409933,25.104889],[121.40665,25.1072],[121.40665,25.1072],[121.4049783,25.1095967],[121.4049783,25.1095967],[121.40292,25.11412],[121.40292,25.11412],[121.402764,25.101171],[121.4044192,25.09846],[121.4048609,25.094946],[121.404164,25.090251],[121.4043299,25.088426],[121.4030289,25.086519],[121.4007,25.084536],[121.400042,25.082427],[121.397979,25.080432],[121.3951577,25.078518],[121.393094,25.07867],[121.3913393,25.078765],[121.389122,25.079042],[121.3872413,25.079278],[121.3844498,25.080172],[121.382632,25.080537],[121.3819138,25.079374],[121.3805499,25.077511],[121.3780103,25.074898],[121.377132,25.07423],[121.374825,25.072568],[121.371696,25.070194],[121.3705982,25.069356],[121.3697419,25.068593]]}},{"type":"Feature","properties":{"route_name":"823","color":"#dc3b79"},"geometry":{"type":"LineString","coordinates":[[121.618375,25.046054],[121.619224,25.048082],[121.619508,25.049849],[121.621437,25.053981],[121.62138,25.05483],[121.62138,25.05483],[121.632071,25.055783],[121.632071,25.055783],[121.646552,25.060656],[121.646552,25.060656],[121.648377,25.061077],[121.648377,25.061077],[121.65414,25.06234],[121.65414,25.06234],[121.657339,25.063652],[121.657339,25.063652],[121.659141,25.063906],[121.662321,25.063325],[121.6635868663242,25.064336021033988],[121.664753,25.065674],[121.664838,25.067555]]}},{"type":"Feature","properties":{"route_name":"824","color":"#dc3b76"},"geometry":{"type":"LineString","coordinates":[[121.4447909,25.0118181],[121.4447909,25.0118181],[121.447012,25.011585],[121.447012,25.011585],[121.4497662,25.00938284],[121.4497662,25.00938284],[121.449581,25.008563],[121.449581,25.008563],[121.4476185,25.00721049],[121.4476185,25.00721049],[121.446265,25.00149],[121.446845,25.000435],[121.446996,24.999114],[121.448025,24.998406],[121.446292,24.996066],[121.453807,25.001745],[121.4569051,25.005452],[121.458355,25.007141],[121.460151,25.009094],[121.460871,25.013298],[121.460871,25.013298]]}},{"type":"Feature","properties":{"route_name":"825","color":"#dc3b74"},"geometry":{"type":"LineString","coordinates":[[121.790845,25.11011],[121.7924761,25.110341],[121.7938803,25.110433],[121.7967106,25.109957],[121.8013407,25.106615],[121.8037843,25.106173],[121.808298,25.107574],[121.80978,25.10741],[121.8192653,25.107474],[121.8231598,25.107317],[121.8264296,25.109243],[121.829554,25.11092],[121.8331352,25.111614],[121.8389447,25.109952],[121.8410329,25.108666],[121.84294,25.109513],[121.8452439,25.110598],[121.845765,25.110364],[121.8480709,25.111958],[121.8497563,25.109993],[121.8501471,25.107685],[121.8509863,25.107894],[121.8519635,25.10672],[121.8531761,25.107299],[121.855507,25.106541],[121.856086,25.108453]]}},{"type":"Feature","properties":{"route_name":"826","color":"#dc3b71"},"geometry":{"type":"LineString","coordinates":[[121.831618,25.092027],[121.829299,25.106267],[121.8264296,25.109243],[121.829554,25.11092],[121.8331352,25.111614],[121.8389447,25.109952],[121.84294,25.109513],[121.8452439,25.110598],[121.845765,25.110364],[121.8480709,25.111958],[121.8501471,25.107685],[121.8509863,25.107894],[121.856086,25.108453],[121.856842,25.111312],[121.8617327,25.117791],[121.8619,25.12023],[121.863856,25.122322]]}},{"type":"Feature","properties":{"route_name":"827","color":"#dc3b6e"},"geometry":{"type":"LineString","coordinates":[[121.808298,25.107574],[121.80978,25.10741],[121.8192653,25.107474],[121.8231598,25.107317],[121.8264296,25.109243],[121.829554,25.11092],[121.8331352,25.111614],[121.8389447,25.109952],[121.8410329,25.108666],[121.84294,25.109513],[121.8452439,25.110598],[121.845765,25.110364],[121.84816,25.111842],[121.8467694,25.107669]]}},{"type":"Feature","properties":{"route_name":"835","color":"#dc563b"},"geometry":{"type":"LineString","coordinates":[[121.43571,25.05713],[121.43571,25.05713],[121.43703,25.05498],[121.439476,25.052911],[121.439476,25.052911],[121.446532,25.059084],[121.451089,25.058789],[121.451089,25.058789],[121.450092,25.06236578],[121.449031,25.065092],[121.451425,25.068098],[121.4539156,25.066522],[121.45596,25.0649],[121.456882,25.064069],[121.459313,25.062162],[121.4595888,25.05944269],[121.4595888,25.05944269],[121.45958,25.0553],[121.45958,25.0553],[121.458557,25.054455],[121.458557,25.054455],[121.454085,25.054408],[121.454085,25.054408],[121.450407314483,25.054415479901],[121.450407314483,25.054415479901],[121.44737,25.05436],[121.44737,25.05436],[121.445383787828,25.0544053736291],[121.445383787828,25.0544053736291],[121.44468,25.05186],[121.44468,25.05186],[121.4446583,25.04961766],[121.4446583,25.04961766],[121.445379037224,25.0490066229995],[121.445379037224,25.0490066229995],[121.448561,25.049077],[121.448561,25.049077],[121.451369639862,25.0491543957239],[121.451369639862,25.0491543957239],[121.4525192,25.04878785],[121.4525192,25.04878785],[121.45338,25.04652],[121.45338,25.04652],[121.453317,25.044839],[121.453317,25.044839],[121.456478,25.044235],[121.456478,25.044235],[121.458374,25.044339],[121.458374,25.044339],[121.46284,25.044465],[121.46284,25.044465],[121.464687,25.042702],[121.464687,25.042702],[121.4665635,25.0427471],[121.4665635,25.0427471],[121.469408,25.045403],[121.469408,25.045403],[121.471374,25.046158],[121.471374,25.046158],[121.473986,25.047009],[121.473986,25.047009],[121.487739420364,25.0513765359288],[121.4876744,25.05142477]]}},{"type":"Feature","properties":{"route_name":"836","color":"#dc593b"},"geometry":{"type":"LineString","coordinates":[[121.4293865,25.178458],[121.428305,25.175969],[121.431339,25.174897],[121.431339,25.174897],[121.433254130323,25.1743599945731],[121.43328,25.1743],[121.435832,25.173232],[121.435832,25.173232],[121.438273,25.172781],[121.438273,25.172781],[121.43977,25.1724],[121.43977,25.1724],[121.442618297947,25.1704243596582],[121.442618297947,25.1704243596582],[121.4442,25.169611],[121.4442,25.169611]]}},{"type":"Feature","properties":{"route_name":"837","color":"#dc5c3b"},"geometry":{"type":"LineString","coordinates":[[121.4376797,25.18197],[121.4359416,25.181196],[121.4352268,25.183075],[121.432072,25.185312],[121.4302211,25.18571],[121.4274118,25.187485],[121.4251443,25.184489],[121.423248,25.182982],[121.420679,25.181],[121.4222,25.17888],[121.4236229,25.177884],[121.426080642001,25.1763359186121],[121.426080642001,25.1763359186121],[121.42796,25.17553],[121.42796,25.17553],[121.431339,25.174897],[121.431339,25.174897],[121.433254130323,25.1743599945731],[121.43328,25.1743],[121.435832,25.173232],[121.435832,25.173232],[121.438273,25.172781],[121.438273,25.172781],[121.43977,25.1724],[121.43977,25.1724],[121.442618297947,25.1704243596582],[121.442618297947,25.1704243596582],[121.4442,25.169611],[121.4442,25.169611],[121.4467018,25.167281],[121.450473694757,25.1644146571651],[121.450473694757,25.1644146571651],[121.452589611071,25.1621775958734],[121.452589611071,25.1621775958734],[121.45522,25.159233],[121.45522,25.159233],[121.4588816,25.15632375],[121.4588816,25.15632375],[121.459132,25.154128],[121.461324,25.153734],[121.463544,25.151465],[121.4621233,25.149957],[121.46125,25.147583],[121.4612462,25.146824],[121.4618014,25.145109],[121.4632042,25.141782],[121.464648,25.13866],[121.4625337,25.138227],[121.461246,25.137934],[121.459785450848,25.1362964415127],[121.459785450848,25.1362964415127],[121.458878069521,25.1330124900217],[121.458878069521,25.1330124900217],[121.4642237,25.12566203],[121.4642237,25.12566203],[121.463546,25.126778],[121.463546,25.126778],[121.46315,25.12753327],[121.46315,25.12753327],[121.462196,25.129433],[121.462196,25.129433],[121.4617327,25.13115808],[121.4617327,25.13115808],[121.463696506855,25.1325146885381],[121.463696506855,25.1325146885381],[121.4654243,25.13400782],[121.4654243,25.13400782]]}},{"type":"Feature","properties":{"route_name":"837副","color":"#3b49dc"},"geometry":{"type":"LineString","coordinates":[[121.446540610778,25.1674549071321],[121.446540610778,25.1674549071321],[121.450473694757,25.1644146571651],[121.450473694757,25.1644146571651],[121.452589611071,25.1621775958734],[121.452589611071,25.1621775958734],[121.455762,25.160214],[121.456341,25.16069],[121.456341,25.16069],[121.4588816,25.15632375],[121.4588816,25.15632375],[121.459145801051,25.1538309248044],[121.459145801051,25.1538309248044],[121.459294535654,25.150520722511],[121.459294535654,25.150520722511],[121.459489,25.147167],[121.459489,25.147167],[121.4595,25.143486],[121.4595,25.143486],[121.461,25.137967],[121.459785450848,25.1362964415127],[121.459785450848,25.1362964415127],[121.458878069521,25.1330124900217],[121.458878069521,25.1330124900217],[121.4642237,25.12566203],[121.4642237,25.12566203],[121.463546,25.126778],[121.463546,25.126778],[121.46315,25.12753327],[121.46315,25.12753327],[121.462196,25.129433],[121.462196,25.129433],[121.4617327,25.13115808],[121.4617327,25.13115808],[121.463696506855,25.1325146885381],[121.463696506855,25.1325146885381],[121.465314,25.13411542],[121.465314,25.13411542],[121.463716,25.132674],[121.46378,25.13281],[121.4615848,25.13124715],[121.4615848,25.13124715],[121.462606,25.129311],[121.462606,25.129311],[121.463305,25.128854],[121.463305,25.128854],[121.4591607,25.13298025],[121.4591607,25.13298025],[121.4595737,25.134456],[121.46005,25.13643],[121.460119814238,25.1365919569602],[121.461,25.137967],[121.459786353662,25.1396243256043],[121.459786353662,25.1396243256043],[121.462596,25.140126],[121.4597852,25.1416553],[121.4597852,25.1416553],[121.45973,25.14631],[121.45973,25.14631],[121.459785,25.14814],[121.459785,25.14814],[121.45952,25.15123],[121.45952,25.15123],[121.4595096,25.15467673],[121.4595096,25.15467673],[121.459458505644,25.1559712262357],[121.45941,25.15586],[121.4580904,25.158465],[121.4580904,25.158465],[121.457894,25.160196],[121.458212,25.160936],[121.4578333,25.161417],[121.457193,25.162246],[121.455785,25.160497],[121.4545265,25.15972294],[121.4545265,25.15972294],[121.4525003,25.16271663],[121.4525003,25.16271663],[121.450471,25.164955],[121.450488465216,25.1649557989407],[121.446540610778,25.1674549071321],[121.446540610778,25.1674549071321]]}},{"type":"Feature","properties":{"route_name":"837區","color":"#9cdc3b"},"geometry":{"type":"LineString","coordinates":[[121.446540610778,25.1674549071321],[121.446540610778,25.1674549071321],[121.450473694757,25.1644146571651],[121.450473694757,25.1644146571651],[121.452589611071,25.1621775958734],[121.452589611071,25.1621775958734],[121.455762,25.160214],[121.4579188,25.162431],[121.458666,25.161808],[121.45961,25.159679],[121.460564,25.15711],[121.460976,25.15559],[121.461324,25.153734],[121.463544,25.151465],[121.4621233,25.149957],[121.46125,25.147583],[121.4612462,25.146824],[121.4618014,25.145109],[121.4632042,25.141782],[121.464648,25.13866],[121.4625337,25.138227],[121.461246,25.137934],[121.454796,25.161307],[121.456039,25.161746],[121.456039,25.161746],[121.456341,25.16069],[121.456341,25.16069],[121.4588816,25.15632375],[121.4588816,25.15632375],[121.459145801051,25.1538309248044],[121.459145801051,25.1538309248044],[121.459294535654,25.150520722511],[121.459294535654,25.150520722511],[121.459489,25.147167],[121.459489,25.147167],[121.4595,25.143486],[121.4595,25.143486],[121.459527,25.139953],[121.459527,25.139953],[121.459785450848,25.1362964415127],[121.459785450848,25.1362964415127],[121.46116,25.133554],[121.46214,25.134681],[121.4618875,25.136055],[121.4613414,25.137804],[121.463097,25.138222],[121.4648189,25.138622],[121.46335,25.141842],[121.461847,25.145204],[121.461345,25.147022],[121.46203,25.148294],[121.4623218,25.149991],[121.463636,25.151385],[121.4614568,25.153975],[121.4595096,25.15467673],[121.4595096,25.15467673],[121.45941,25.15586],[121.459458505644,25.1559712262357],[121.457894,25.160196],[121.458212,25.160936],[121.4578333,25.161417],[121.458666,25.161808],[121.460753,25.160295],[121.457193,25.162246],[121.454741,25.161355],[121.453401,25.162752],[121.455604,25.165935],[121.456316,25.164843],[121.4525003,25.16271663],[121.4525003,25.16271663],[121.450488465216,25.1649557989407],[121.450471,25.164955],[121.446540610778,25.1674549071321],[121.446540610778,25.1674549071321]]}},{"type":"Feature","properties":{"route_name":"838","color":"#dc5e3b"},"geometry":{"type":"LineString","coordinates":[[121.42531,25.066197],[121.4193721,25.065222],[121.4193721,25.065222],[121.42295,25.06359],[121.42295,25.06359],[121.42611,25.064055],[121.42611,25.064055],[121.428533,25.063667],[121.428533,25.063667],[121.432001,25.062072],[121.432001,25.062072],[121.43342,25.063193],[121.43342,25.063193],[121.433605,25.064906],[121.433605,25.064906],[121.43438,25.06721],[121.43438,25.06721],[121.435546,25.069564],[121.435546,25.069564],[121.43576,25.07179],[121.43576,25.07179],[121.435263,25.074753],[121.435263,25.074753],[121.435188,25.076722],[121.435188,25.076722],[121.436601,25.080067],[121.436601,25.080067],[121.437555,25.082438],[121.437555,25.082438],[121.438433280844,25.0842496814391],[121.438433280844,25.0842496814391],[121.439434,25.08586],[121.439434,25.08586],[121.441631,25.087955],[121.441631,25.087955],[121.443279,25.08947],[121.443279,25.08947],[121.44495,25.091365],[121.44495,25.091365],[121.446157,25.092835],[121.446157,25.092835],[121.448341,25.095319],[121.448341,25.095319],[121.450209,25.098031],[121.450209,25.098031],[121.451025,25.099578],[121.451025,25.099578],[121.451935,25.101523],[121.451935,25.101523],[121.452554712702,25.1028902266331],[121.452554712702,25.1028902266331],[121.4528962,25.10438],[121.4537424,25.107049],[121.455757,25.109396],[121.457038,25.118043],[121.4560749,25.12037028]]}},{"type":"Feature","properties":{"route_name":"839","color":"#dc613b"},"geometry":{"type":"LineString","coordinates":[[121.502741,24.938322],[121.5035285,24.938374],[121.503346,24.939215],[121.502314,24.940013],[121.502298,24.940666],[121.50349,24.941059],[121.504763,24.941565],[121.5048937,24.942471],[121.505178,24.948832],[121.505378,24.952293],[121.504667,24.955037],[121.505929,24.958027],[121.505929,24.958027],[121.509284,24.959017],[121.509284,24.959017],[121.511483,24.960016],[121.511483,24.960016],[121.512648,24.962041],[121.512648,24.962041],[121.515311,24.963642],[121.515311,24.963642],[121.517942,24.963936],[121.517942,24.963936],[121.521365324681,24.9637050292789],[121.521365324681,24.9637050292789],[121.5235251,24.96347353],[121.5235251,24.96347353],[121.52598,24.962917],[121.5259804,24.96294489],[121.528339,24.961725],[121.528339,24.961725],[121.530152,24.961041],[121.530152,24.961041],[121.532361,24.960256],[121.532361,24.960256],[121.53755,24.958392],[121.53755,24.958392]]}},{"type":"Feature","properties":{"route_name":"839耕莘","color":"#3bdca9"},"geometry":{"type":"LineString","coordinates":[[121.502741,24.938322],[121.5035285,24.938374],[121.503346,24.939215],[121.502314,24.940013],[121.502298,24.940666],[121.50349,24.941059],[121.504763,24.941565],[121.5048937,24.942471],[121.505178,24.948832],[121.505378,24.952293],[121.504667,24.955037],[121.505929,24.958027],[121.505929,24.958027],[121.509284,24.959017],[121.509284,24.959017],[121.511483,24.960016],[121.511483,24.960016],[121.512648,24.962041],[121.512648,24.962041],[121.515311,24.963642],[121.515311,24.963642],[121.517942,24.963936],[121.517942,24.963936],[121.521365324681,24.9637050292789],[121.521365324681,24.9637050292789],[121.5235251,24.96347353],[121.5235251,24.96347353],[121.5259804,24.96294489],[121.52598,24.962917],[121.528339,24.961725],[121.528339,24.961725],[121.530152,24.961041],[121.530152,24.961041],[121.532361,24.960256],[121.532361,24.960256],[121.53982,24.963158],[121.53982,24.963158],[121.5405875,24.96500149],[121.5405875,24.96500149],[121.54161613426882,24.96763873691205],[121.54161613426882,24.96763873691205],[121.542921,24.971513],[121.542921,24.971513],[121.5430453,24.9753],[121.5430453,24.9753],[121.5414605,24.978877],[121.5385193,24.97769404],[121.5385193,24.97769404],[121.5369817,24.97628294],[121.5369817,24.97628294]]}},{"type":"Feature","properties":{"route_name":"842","color":"#dca13b"},"geometry":{"type":"LineString","coordinates":[[121.433273,25.02035],[121.433249,25.019241],[121.433249,25.019241],[121.4326327,25.01508972],[121.4326327,25.01508972],[121.432578,25.013078],[121.432578,25.013078],[121.432644,25.010087],[121.432644,25.010087],[121.432786,25.007493],[121.432786,25.007493],[121.431869,25.007867],[121.431869,25.007867],[121.4299139,25.009369],[121.4299139,25.009369],[121.4284024,25.01056501],[121.4284024,25.01056501],[121.4263087,25.01254806],[121.4263087,25.01254806],[121.4260504,25.01453194],[121.4260504,25.01453194],[121.426301,25.016748],[121.426301,25.016748],[121.426917,25.018631],[121.426917,25.018631],[121.427412,25.02033],[121.427412,25.02033],[121.426146,25.022571],[121.426146,25.022571],[121.425221,25.024026],[121.425221,25.024026],[121.424195,25.025331],[121.424195,25.025331],[121.426468,25.02637],[121.426468,25.02637],[121.42673,25.02749],[121.42673,25.02749],[121.426971584029,25.0301579598983],[121.42685,25.03016],[121.431382,25.031553],[121.431382,25.031553],[121.435466,25.032612],[121.435466,25.032612],[121.442607,25.033904],[121.442607,25.033904],[121.44483,25.034382],[121.44483,25.034382],[121.447739,25.034987],[121.447739,25.034987],[121.449469,25.035376],[121.449469,25.035376],[121.456562,25.036727],[121.456562,25.036727],[121.459593,25.038242],[121.459593,25.038242],[121.46687,25.024488]]}},{"type":"Feature","properties":{"route_name":"843","color":"#dca43b"},"geometry":{"type":"LineString","coordinates":[[121.42796,24.995638],[121.430021,24.998244],[121.431245,25.000554],[121.432111,25.002077],[121.4314169,25.005292],[121.4314169,25.005292],[121.427744,25.005066],[121.4263218,25.007465],[121.425117,25.00966],[121.4244533,25.011713],[121.4231396,25.01413145],[121.4203598,25.015508],[121.4176708,25.015585],[121.413921,25.015699],[121.410695,25.014922],[121.4121818,25.01301809],[121.412521,25.011393],[121.412454,25.009174],[121.412371,25.007453],[121.412873,25.005212],[121.413269,25.004148],[121.415266,25.002505],[121.415994,25.000401],[121.418579,24.997451],[121.421456,24.996476],[121.422776,24.997953],[121.424737,25.000055],[121.4515397,24.995237],[121.453027,24.999426],[121.453807,25.001745],[121.4563695,25.006681],[121.458454,25.009036],[121.458454,25.009036]]}},{"type":"Feature","properties":{"route_name":"845","color":"#dca93b"},"geometry":{"type":"LineString","coordinates":[[121.433273,25.02035],[121.433249,25.019241],[121.433249,25.019241],[121.4326327,25.01508972],[121.4326327,25.01508972],[121.432578,25.013078],[121.432578,25.013078],[121.432644,25.010087],[121.432644,25.010087],[121.432786,25.007493],[121.432786,25.007493],[121.431869,25.007867],[121.431869,25.007867],[121.4299139,25.009369],[121.4299139,25.009369],[121.4284024,25.01056501],[121.4284024,25.01056501],[121.4263087,25.01254806],[121.4263087,25.01254806],[121.4260504,25.01453194],[121.4260504,25.01453194],[121.426301,25.016748],[121.426301,25.016748],[121.426917,25.018631],[121.426917,25.018631],[121.427412,25.02033],[121.427412,25.02033],[121.426146,25.022571],[121.426146,25.022571],[121.425221,25.024026],[121.425221,25.024026],[121.424195,25.025331],[121.424195,25.025331],[121.426468,25.02637],[121.426468,25.02637],[121.42673,25.02749],[121.42673,25.02749],[121.42685,25.03016],[121.426971584029,25.0301579598983],[121.431382,25.031553],[121.431382,25.031553],[121.435466,25.032612],[121.435466,25.032612],[121.442607,25.033904],[121.442607,25.033904],[121.44483,25.034382],[121.44483,25.034382],[121.447999,25.036868],[121.447999,25.036868],[121.446462,25.039479],[121.446462,25.039479],[121.44511,25.041699],[121.44511,25.041699],[121.444889,25.045135],[121.444889,25.045135],[121.444915628617,25.04801],[121.4449156,25.04801],[121.445379037224,25.0490066229995],[121.445379037224,25.0490066229995],[121.448561,25.049077],[121.448561,25.049077],[121.451369639862,25.0491543957239],[121.451369639862,25.0491543957239],[121.453486,25.049192],[121.453486,25.049192],[121.456008,25.049301],[121.456008,25.049301],[121.457859,25.049369],[121.457859,25.049369],[121.459643,25.047988],[121.4596915,25.045434],[121.45976,25.04304],[121.45976,25.04304],[121.459856,25.040005],[121.459856,25.040005],[121.46687,25.024488]]}},{"type":"Feature","properties":{"route_name":"846","color":"#dcac3b"},"geometry":{"type":"LineString","coordinates":[[121.790845,25.11011],[121.7924761,25.110341],[121.7938803,25.110433],[121.7967106,25.109957],[121.8013407,25.106615],[121.8037843,25.106173],[121.808298,25.107574],[121.80978,25.10741],[121.810467,25.107032],[121.812023,25.107226],[121.816841,25.103769],[121.818015,25.106297],[121.814399,25.107898],[121.807937,25.107778],[121.8058805,25.108227],[121.8038192,25.106304],[121.801054,25.106861],[121.7964203,25.110147],[121.7936866,25.11067],[121.793785,25.103303],[121.792422,25.102426],[121.790684,25.101184],[121.7882884,25.098563],[121.7853034,25.097016],[121.7853905,25.096871],[121.7885359,25.098613],[121.7908035,25.101096],[121.792402,25.102343],[121.7924035,25.101158],[121.795054,25.098055],[121.798458,25.090698],[121.795441,25.087699],[121.7946243,25.086968],[121.7949998,25.083416],[121.793996,25.080622],[121.7967165,25.077712],[121.793839,25.0721],[121.7894278,25.070845],[121.7876834,25.058056],[121.7878256,25.056453],[121.7836898,25.0493],[121.7808633,25.046899],[121.779522,25.044483],[121.7773299,25.042657],[121.7759359,25.040222],[121.7746272,25.038311],[121.7710105,25.036194],[121.7653722,25.032278],[121.7628878,25.033391],[121.7598417,25.030973],[121.7554984,25.029084],[121.7489614,25.02603],[121.750498,25.023989],[121.7489278,25.024347],[121.746722,25.025465],[121.746798,25.028165],[121.744616,25.027342],[121.743637,25.026785],[121.7422457,25.02548],[121.7405954,25.024964],[121.7380416,25.024643],[121.734951,25.023807],[121.7337937,25.023326]]}},{"type":"Feature","properties":{"route_name":"847","color":"#dcaf3b"},"geometry":{"type":"LineString","coordinates":[[121.3996193,24.972523],[121.3971,24.969906],[121.395265,24.968879],[121.391611,24.968642],[121.39082,24.96962],[121.38879,24.970092],[121.386827,24.968839],[121.38554,24.9684],[121.38284,24.96635],[121.377036,24.962604],[121.38283,24.966162],[121.386036,24.96824056],[121.38873,24.96984],[121.3935678,24.97226366],[121.397068,24.973394],[121.401953,24.975625],[121.40695,24.97919],[121.4087873,24.979984],[121.411425,24.980433],[121.41428,24.980199],[121.4175825,24.98027],[121.420772,24.981864],[121.422959,24.983005],[121.4274924,24.98567],[121.429454,24.987721],[121.430908,24.989821],[121.431818,24.992455],[121.432175,24.994874],[121.4515397,24.995237],[121.453027,24.999426],[121.456859,25.002899],[121.458394,24.999752],[121.458394,24.999752],[121.45986,25.002648],[121.45986,25.002648],[121.459931,25.00437],[121.459931,25.00437],[121.461043262981,25.0072766153747],[121.461043262981,25.0072766153747],[121.462603,25.007484],[121.46584,25.00839],[121.46584,25.00839],[121.468611,25.009116],[121.470184,25.00982],[121.468275,25.011323],[121.464544,25.012043],[121.464544,25.012043],[121.462239,25.012817]]}},{"type":"Feature","properties":{"route_name":"847區","color":"#dc3b99"},"geometry":{"type":"LineString","coordinates":[[121.3996193,24.972523],[121.400301,24.974397],[121.401953,24.975625],[121.40695,24.97919],[121.4087873,24.979984],[121.411425,24.980433],[121.41428,24.980199],[121.4175825,24.98027],[121.420772,24.981864],[121.422959,24.983005],[121.4262869,24.983971],[121.427283,24.982514],[121.4374704,24.975205],[121.4379618,24.974282],[121.437359,24.971284],[121.439524,24.968824],[121.443347,24.971621],[121.445122,24.973711],[121.448771,24.976884],[121.450576,24.978201],[121.449731,24.979931],[121.44803,24.98142],[121.44495,24.98234],[121.443748,24.982863],[121.443748,24.982863],[121.445547,24.986196],[121.445547,24.986196],[121.447058,24.988564],[121.447058,24.988564],[121.449,24.991567],[121.449,24.991567],[121.449607,24.992453],[121.449607,24.992453],[121.4274924,24.98567],[121.429454,24.987721],[121.430908,24.989821],[121.431818,24.992455],[121.432175,24.994874],[121.4515397,24.995237],[121.453027,24.999426]]}},{"type":"Feature","properties":{"route_name":"848","color":"#dcb13b"},"geometry":{"type":"LineString","coordinates":[[121.41855,25.009107],[121.420408,25.005489],[121.422791,25.003803],[121.424544,25.001585],[121.4515397,24.995237],[121.453027,24.999426],[121.453807,25.001745],[121.4563695,25.006681],[121.458454,25.009036],[121.458454,25.009036],[121.460871,25.013298],[121.460871,25.013298],[121.462239,25.012817]]}},{"type":"Feature","properties":{"route_name":"849","color":"#dcb43b"},"geometry":{"type":"LineString","coordinates":[[121.5511543,24.866576],[121.5488274,24.869041],[121.547669,24.87103],[121.5474005,24.874297],[121.544285,24.875842],[121.54267,24.880888],[121.5438922,24.883668],[121.545406,24.884124],[121.547466,24.883857],[121.5513702,24.890176],[121.546936,24.896284],[121.549146,24.897773],[121.550326,24.900166],[121.5521341,24.90272],[121.5541565,24.904144],[121.5532043,24.905494],[121.5509512,24.909948],[121.5498421,24.911075],[121.5485118,24.913441],[121.5478908,24.9171],[121.548752,24.918728],[121.549534,24.920924],[121.549515,24.922891],[121.54776,24.928504],[121.543947,24.92971],[121.546312,24.930246],[121.549353,24.93102],[121.545202,24.935028],[121.5466031,24.937196],[121.5461042,24.941146],[121.546789,24.951217],[121.546789,24.951217],[121.5470007,24.95262687],[121.5470007,24.95262687],[121.5428729,24.95305082],[121.5428729,24.95305082],[121.5405279,24.95347027],[121.5405279,24.95347027],[121.539103,24.955388],[121.539103,24.955388],[121.538524,24.956689],[121.538524,24.956689],[121.538126,24.958891],[121.538126,24.958891],[121.53982,24.963158],[121.53982,24.963158],[121.5405875,24.96500149],[121.5405875,24.96500149],[121.54161613426882,24.96763873691205],[121.54161613426882,24.96763873691205],[121.543317,24.970383],[121.54459,24.969823],[121.547581,24.971526],[121.547581,24.971526],[121.548434,24.97417],[121.548434,24.97417],[121.546866,24.976856],[121.546866,24.976856],[121.54468,24.980011],[121.54468,24.980011],[121.544084,24.981602],[121.544084,24.981602],[121.542517035489,24.9829981044722],[121.542517035489,24.9829981044722],[121.5413983,24.98334421],[121.5413983,24.98334421]]}},{"type":"Feature","properties":{"route_name":"849屈尺社區","color":"#693bdc"},"geometry":{"type":"LineString","coordinates":[[121.5511543,24.866576],[121.5488274,24.869041],[121.547669,24.87103],[121.5474005,24.874297],[121.544285,24.875842],[121.54267,24.880888],[121.5438922,24.883668],[121.545406,24.884124],[121.547466,24.883857],[121.5513702,24.890176],[121.546936,24.896284],[121.549146,24.897773],[121.550326,24.900166],[121.5521341,24.90272],[121.5541565,24.904144],[121.5532043,24.905494],[121.5509512,24.909948],[121.5498421,24.911075],[121.5485118,24.913441],[121.5478908,24.9171],[121.548186,24.918642],[121.546028,24.922402],[121.549515,24.922891],[121.54776,24.928504],[121.543947,24.92971],[121.546312,24.930246],[121.549353,24.93102],[121.545202,24.935028],[121.5466031,24.937196],[121.5461042,24.941146],[121.546789,24.951217],[121.546789,24.951217],[121.5470007,24.95262687],[121.5470007,24.95262687],[121.5428729,24.95305082],[121.5428729,24.95305082],[121.5405279,24.95347027],[121.5405279,24.95347027],[121.539103,24.955388],[121.539103,24.955388],[121.538524,24.956689],[121.538524,24.956689],[121.538126,24.958891],[121.538126,24.958891],[121.53982,24.963158],[121.53982,24.963158],[121.5405875,24.96500149],[121.5405875,24.96500149],[121.54161613426882,24.96763873691205],[121.54161613426882,24.96763873691205],[121.543317,24.970383],[121.54459,24.969823],[121.547581,24.971526],[121.547581,24.971526],[121.548434,24.97417],[121.548434,24.97417],[121.546866,24.976856],[121.546866,24.976856],[121.54468,24.980011],[121.54468,24.980011],[121.544084,24.981602],[121.544084,24.981602],[121.542517035489,24.9829981044722],[121.542517035489,24.9829981044722],[121.5413983,24.98334421],[121.5413983,24.98334421]]}},{"type":"Feature","properties":{"route_name":"851","color":"#c7dc3b"},"geometry":{"type":"LineString","coordinates":[[121.378934,24.941182],[121.379266,24.94237],[121.378919,24.944346],[121.3798054,24.945304],[121.38206,24.947159],[121.3797908,24.948158],[121.3776023,24.947473],[121.376949,24.948087],[121.3733375,24.94866],[121.372545,24.946327],[121.37368,24.94489],[121.3749655,24.943183],[121.37419,24.9416],[121.3709899,24.94137],[121.3683827,24.940404],[121.367802,24.939065],[121.3635229,24.93883104],[121.3563861,24.94094701],[121.352531,24.950267],[121.352304,24.955016],[121.354993,24.955077],[121.350498,24.953993],[121.351057,24.953082],[121.3517775,24.950557],[121.348783,24.949488],[121.34617,24.948404],[121.344483,24.947466],[121.342716,24.946605],[121.341668,24.945555],[121.340298,24.944043],[121.3391577,24.94259],[121.3377482,24.940779],[121.335355,24.939383],[121.333639,24.938602],[121.331133,24.937407],[121.329,24.936083],[121.328169,24.935512],[121.325332,24.934692],[121.321894,24.934568]]}},{"type":"Feature","properties":{"route_name":"852","color":"#c4dc3b"},"geometry":{"type":"LineString","coordinates":[[121.378934,24.941182],[121.379266,24.94237],[121.378919,24.944346],[121.3798054,24.945304],[121.3826686,24.946176],[121.385364,24.948118],[121.386061,24.949747],[121.387879,24.953168],[121.389064,24.955979],[121.3907053,24.959534],[121.391576,24.962398],[121.39261,24.963712],[121.392885,24.971428],[121.3935678,24.97226366],[121.397068,24.973394],[121.401953,24.975625],[121.40695,24.97919],[121.4087873,24.979984],[121.411425,24.980433],[121.41428,24.980199],[121.4175825,24.98027],[121.420772,24.981864],[121.422959,24.983005],[121.424387,24.985154],[121.42413,24.986587],[121.4245109,24.98998],[121.4250222,24.991036],[121.4269598,24.994232]]}},{"type":"Feature","properties":{"route_name":"853跳蛙","color":"#dc3b71"},"geometry":{"type":"LineString","coordinates":[[121.501564,25.259011],[121.4693805,25.250887],[121.4517126,25.226835],[121.4473208,25.19843],[121.453396,25.180185],[121.453396,25.180185],[121.459145801051,25.1538309248044],[121.459145801051,25.1538309248044]]}},{"type":"Feature","properties":{"route_name":"854","color":"#bfdc3b"},"geometry":{"type":"LineString","coordinates":[[121.3618,25.066832],[121.3620503,25.069117],[121.3644969,25.07216],[121.366216,25.073231],[121.3685872,25.074581],[121.3703745,25.075904],[121.3721254,25.077305],[121.3736201,25.079054],[121.375078,25.081006],[121.375899,25.082084],[121.377816,25.084554],[121.379246,25.086637]]}},{"type":"Feature","properties":{"route_name":"856(台灣好行-黃金福隆線)","color":"#d13bdc"},"geometry":{"type":"LineString","coordinates":[[121.808298,25.107574],[121.84294,25.109513],[121.845765,25.110364],[121.856086,25.108453],[121.856842,25.111312],[121.8617327,25.117791],[121.8619,25.12023],[121.863856,25.122322],[121.8881135,25.120618],[121.916875,25.121407],[121.916118,25.117598],[121.9158522,25.110924],[121.9169654,25.099708],[121.9156727,25.074562],[121.9240492,25.054313],[121.9259189,25.041566],[121.927013,25.027716],[121.9447062,25.016571],[121.972193,25.024488],[121.983968,25.021422],[121.988033,25.01274],[121.992149,25.011468],[122.001835,25.011289]]}},{"type":"Feature","properties":{"route_name":"857","color":"#b7dc3b"},"geometry":{"type":"LineString","coordinates":[[121.42826,25.197763],[121.427279,25.197645],[121.42783,25.195266],[121.429179,25.194762],[121.43119,25.19406],[121.43119,25.19406],[121.430782,25.191325],[121.430782,25.191325],[121.430269,25.189891],[121.429417,25.188182],[121.4251443,25.184489],[121.423248,25.182982],[121.42296,25.18123],[121.42296,25.18123],[121.42388,25.17864],[121.42388,25.17864],[121.424245,25.17801],[121.424245,25.17801],[121.426080642001,25.1763359186121],[121.426080642001,25.1763359186121],[121.42796,25.17553],[121.42796,25.17553],[121.431339,25.174897],[121.431339,25.174897],[121.433254130323,25.1743599945731],[121.43328,25.1743],[121.435832,25.173232],[121.435832,25.173232],[121.438273,25.172781],[121.438273,25.172781],[121.43977,25.1724],[121.43977,25.1724],[121.442618297947,25.1704243596582],[121.442618297947,25.1704243596582],[121.4442,25.169611],[121.4442,25.169611],[121.4467018,25.167281],[121.450473694757,25.1644146571651],[121.450473694757,25.1644146571651],[121.452589611071,25.1621775958734],[121.452589611071,25.1621775958734],[121.45522,25.159233],[121.45522,25.159233],[121.4588816,25.15632375],[121.4588816,25.15632375],[121.459145801051,25.1538309248044],[121.459145801051,25.1538309248044],[121.459294535654,25.150520722511],[121.459294535654,25.150520722511],[121.459489,25.147167],[121.459489,25.147167],[121.4595,25.143486],[121.4595,25.143486],[121.459527,25.139953],[121.459527,25.139953],[121.459785450848,25.1362964415127],[121.459785450848,25.1362964415127],[121.458878069521,25.1330124900217],[121.458878069521,25.1330124900217],[121.455706,25.12068115],[121.4568564,25.117917],[121.4555484,25.109566],[121.4533012,25.106927],[121.452647,25.10455902],[121.46086,25.0937],[121.46086,25.0937],[121.465126,25.09079],[121.465126,25.09079],[121.4681821,25.08956319],[121.46813918097,25.089515678208],[121.46984,25.08807],[121.46984,25.08807],[121.472179,25.086159],[121.472179,25.086159],[121.474196,25.084575],[121.474182,25.084581],[121.475381,25.082946],[121.475381,25.082946],[121.476637,25.081453],[121.476637,25.081453],[121.479191,25.080762],[121.479191,25.080762],[121.481238194798,25.0795793818446],[121.481391,25.079502],[121.483076,25.078537],[121.483076,25.078537],[121.4845214,25.07777593],[121.4845214,25.07777593],[121.4859364,25.07691628],[121.4859364,25.07691628],[121.48856950179,25.075482682654],[121.48856950179,25.075482682654],[121.491151,25.073995],[121.491151,25.073995],[121.492963,25.07293],[121.492963,25.07293],[121.49431,25.071998],[121.49431,25.071998],[121.494692,25.070603],[121.494692,25.070603],[121.495798,25.068994],[121.495798,25.068994],[121.49641,25.067022],[121.49641,25.067022],[121.496788,25.065609],[121.496788,25.065609],[121.4974644,25.06310647],[121.4974644,25.06310647],[121.496784994,25.061930885],[121.496784994,25.061930885],[121.494254721567,25.0614913406773],[121.494254721567,25.0614913406773],[121.492298,25.060541],[121.492298,25.060541],[121.490697,25.059479],[121.490697,25.059479],[121.4878276,25.05744645],[121.4878276,25.05744645],[121.4740976,25.04728267],[121.4740976,25.04728267],[121.47048,25.046125],[121.47048,25.046125],[121.468523,25.044972],[121.468523,25.044972],[121.466676,25.043117],[121.466676,25.043117],[121.4636349,25.041063159],[121.4636349,25.041063159],[121.462079,25.040058],[121.462079,25.040058],[121.46687,25.024488],[121.465966,25.021908],[121.4630579,25.024712],[121.460372,25.024454],[121.458487,25.023188],[121.457361,25.022638],[121.454215,25.023423],[121.454215,25.023423],[121.454666,25.020666],[121.454666,25.020666],[121.45531395,25.01938238],[121.45531395,25.01938238],[121.456421,25.016976],[121.456421,25.016976],[121.45642,25.014996],[121.45642,25.014996],[121.4561617,25.01274499],[121.4561617,25.01274499],[121.456883,25.010986],[121.456883,25.010986],[121.458454,25.009036],[121.458454,25.009036],[121.460871,25.013298],[121.460871,25.013298]]}},{"type":"Feature","properties":{"route_name":"858","color":"#b4dc3b"},"geometry":{"type":"LineString","coordinates":[[121.415842,24.984168],[121.418065,24.98527587],[121.42122,24.98764],[121.422411,24.989525],[121.423739,24.991841],[121.424598,24.99329752],[121.422099,24.995449],[121.421456,24.996476],[121.422776,24.997953],[121.424737,25.000055],[121.4269584,25.002274],[121.4314506,25.005106],[121.4314506,25.005106],[121.431869,25.007867],[121.431869,25.007867],[121.4299139,25.009369],[121.4299139,25.009369],[121.4284024,25.01056501],[121.4284024,25.01056501],[121.4263087,25.01254806],[121.4263087,25.01254806],[121.4260504,25.01453194],[121.4260504,25.01453194],[121.426301,25.016748],[121.426301,25.016748],[121.426917,25.018631],[121.426917,25.018631],[121.427412,25.02033],[121.427412,25.02033],[121.426146,25.022571],[121.426146,25.022571],[121.425221,25.024026],[121.425221,25.024026],[121.4231654,25.02496015],[121.4231654,25.02496015],[121.418785,25.026334],[121.418785,25.026334],[121.420111,25.028728],[121.420111,25.028728],[121.421012,25.032992],[121.421012,25.032992],[121.421841,25.03488],[121.421841,25.03488],[121.422989,25.036664],[121.422989,25.036664],[121.424821,25.039702],[121.424821,25.039702],[121.42495,25.042955],[121.42495,25.042955],[121.426046,25.045341],[121.426046,25.045341],[121.427172,25.04793],[121.427172,25.04793],[121.42758,25.04923],[121.42758,25.04923],[121.42809,25.051508],[121.42809,25.051508],[121.43054,25.054264],[121.43054,25.054264],[121.4308068,25.05674382],[121.4308068,25.05674382],[121.4309468,25.05829241],[121.4309468,25.05829241],[121.432411,25.0607],[121.432411,25.0607],[121.431808,25.06237887],[121.431808,25.06237887],[121.428621,25.063788],[121.428621,25.063788],[121.42629,25.0642],[121.42629,25.0642],[121.4227125,25.06372522],[121.4227125,25.06372522],[121.4193721,25.065222],[121.4193721,25.065222],[121.4159657,25.066655],[121.413561,25.068277],[121.4108146,25.070501],[121.4066599,25.072654],[121.4025869,25.073621],[121.400169,25.071563],[121.397248,25.077941],[121.3951577,25.078518],[121.393094,25.07867],[121.3913393,25.078765],[121.386686,25.077386],[121.385517,25.076185],[121.382833,25.074684],[121.380874,25.07399],[121.377132,25.07423],[121.374825,25.072568],[121.371696,25.070194],[121.370375,25.070673],[121.3670383,25.070496],[121.364914,25.068083]]}},{"type":"Feature","properties":{"route_name":"859","color":"#b1dc3b"},"geometry":{"type":"LineString","coordinates":[[121.4334524,25.056627],[121.4319595,25.055602],[121.4345802,25.056113],[121.43703,25.05498],[121.439476,25.052911],[121.439476,25.052911],[121.443864,25.056738],[121.443864,25.056738],[121.44468,25.05186],[121.44468,25.05186],[121.4446583,25.04961766],[121.4446583,25.04961766],[121.4447176,25.04788846],[121.4447176,25.04788846],[121.444642,25.044624],[121.444642,25.044624],[121.44583,25.040249],[121.44583,25.040249],[121.446484,25.039119],[121.446484,25.039119],[121.44814,25.035329],[121.44814,25.035329],[121.445934,25.034808],[121.445934,25.034808],[121.440631678538,25.0337008431394],[121.440623,25.03371663],[121.43385,25.031472],[121.43385,25.031472],[121.4345539,25.02983961],[121.4345539,25.02983961],[121.43251,25.02821],[121.43251,25.02821],[121.428706,25.027147],[121.428706,25.027147],[121.426119,25.026331],[121.426119,25.026331],[121.42461,25.02585],[121.42461,25.02585],[121.4250914,25.02401714],[121.4250914,25.02401714],[121.4261035,25.02243361],[121.4261035,25.02243361],[121.4272815,25.02045611],[121.4272815,25.02045611],[121.4268159,25.01873861],[121.4268159,25.01873861],[121.425209,25.018367],[121.425209,25.018367],[121.4221636,25.01933187],[121.4221636,25.01933187],[121.4200836,25.01999805],[121.4200836,25.01999805],[121.41789,25.02076],[121.41789,25.02076],[121.416282,25.02129417],[121.416282,25.02129417],[121.41471,25.022436],[121.41471,25.022436],[121.412762,25.022547],[121.412762,25.022547],[121.408892,25.017932],[121.413766,25.015567],[121.418245,25.015493],[121.419951,25.015489],[121.422906,25.014012],[121.4243857,25.011054],[121.425092,25.009396],[121.4261876,25.007382],[121.4261876,25.007382],[121.42762,25.00495],[121.426693,25.00233],[121.426693,25.00233],[121.424538,25.000388],[121.42248,24.998127],[121.42196,24.99529],[121.4243668,24.99325533],[121.423396,24.991576],[121.422148,24.989548],[121.421124,24.98787288],[121.418267,24.98555342],[121.416828,24.986329],[121.4138016,24.98603],[121.412604,24.982578]]}},{"type":"Feature","properties":{"route_name":"860","color":"#76dc3b"},"geometry":{"type":"LineString","coordinates":[[121.501564,25.259011],[121.4972147,25.259958],[121.493405,25.260327],[121.4901563,25.261015],[121.4860695,25.262454],[121.481503,25.263626],[121.4791672,25.261908],[121.4765532,25.257758],[121.475454,25.256222],[121.4733536,25.25387],[121.472115,25.252797],[121.4693805,25.250887],[121.465893,25.24964],[121.4629414,25.248506],[121.459601,25.247022],[121.4588302,25.244595],[121.457113,25.240291],[121.4562741,25.236813],[121.4543152,25.233587],[121.4514097,25.230161],[121.4517126,25.226835],[121.4517444,25.223709],[121.4514817,25.21927],[121.453091,25.21695],[121.4518316,25.215421],[121.4491991,25.209493],[121.448788,25.206706],[121.4482743,25.202152],[121.4473208,25.19843],[121.4451937,25.196494],[121.4440384,25.192809],[121.4439295,25.19044],[121.443985,25.188309],[121.443985,25.188309],[121.444067,25.18691],[121.444067,25.18691],[121.44428,25.184008],[121.44428,25.184008],[121.4448831,25.182892],[121.4478764,25.18289],[121.4499877,25.182424],[121.4514048,25.181546],[121.451118,25.179849],[121.451118,25.179849],[121.449309,25.178874],[121.449309,25.178874],[121.447544,25.178458],[121.447544,25.178458],[121.4434655,25.177739],[121.441793,25.175626],[121.441793,25.175626],[121.442618297947,25.1704243596582],[121.442618297947,25.1704243596582],[121.4442,25.169611],[121.4442,25.169611],[121.4467018,25.167281]]}},{"type":"Feature","properties":{"route_name":"861","color":"#74dc3b"},"geometry":{"type":"LineString","coordinates":[[121.49709,25.253731],[121.4982188,25.25313],[121.5020054,25.252032],[121.504859,25.255538],[121.504022,25.257574],[121.501564,25.259011],[121.4972147,25.259958],[121.493405,25.260327],[121.4901563,25.261015],[121.4860695,25.262454],[121.481503,25.263626],[121.4791672,25.261908],[121.4765532,25.257758],[121.475454,25.256222],[121.4733536,25.25387],[121.472115,25.252797],[121.4693805,25.250887],[121.465893,25.24964],[121.4629414,25.248506],[121.459601,25.247022],[121.4588302,25.244595],[121.457113,25.240291],[121.4562741,25.236813],[121.4543152,25.233587],[121.4514097,25.230161],[121.4517126,25.226835],[121.4517444,25.223709],[121.4514817,25.21927],[121.453091,25.21695],[121.4518316,25.215421],[121.4491991,25.209493],[121.448788,25.206706],[121.4482743,25.202152],[121.4473208,25.19843],[121.4451937,25.196494],[121.445363,25.192206],[121.4468647,25.190072],[121.4467124,25.187913],[121.44803,25.1838],[121.4499877,25.182424],[121.4514048,25.181546],[121.451118,25.179849],[121.451118,25.179849],[121.449309,25.178874],[121.449309,25.178874],[121.447544,25.178458],[121.447544,25.178458],[121.4434655,25.177739],[121.441793,25.175626],[121.441793,25.175626],[121.442618297947,25.1704243596582],[121.442618297947,25.1704243596582],[121.4442,25.169611],[121.4442,25.169611],[121.4467018,25.167281]]}},{"type":"Feature","properties":{"route_name":"862","color":"#71dc3b"},"geometry":{"type":"LineString","coordinates":[[121.685455,25.164977],[121.6820127,25.165508],[121.680382,25.16822],[121.68426,25.171891],[121.687986,25.175981],[121.6899586,25.178152],[121.689284,25.180418],[121.6866106,25.184539],[121.683438,25.186781],[121.6808458,25.188625],[121.6799822,25.191428],[121.6818302,25.195665],[121.6829631,25.197041],[121.68527,25.203478],[121.686082,25.205884],[121.6769888,25.200682],[121.6735649,25.201312],[121.6598511,25.207319],[121.6561305,25.209644],[121.6513226,25.208911],[121.6462999,25.212714],[121.645408,25.213641],[121.6440606,25.215035],[121.6423612,25.216809],[121.640352,25.218862],[121.640352,25.218862],[121.639219,25.220074],[121.637107,25.22217],[121.637107,25.22217],[121.6353948,25.224094],[121.63296,25.22565],[121.6300657,25.229859],[121.629862,25.232553],[121.629534,25.235586],[121.6306413,25.237992],[121.6332766,25.240473],[121.634341,25.246515],[121.6344823,25.248054],[121.6334322,25.257551],[121.6321756,25.260688],[121.6307806,25.263487],[121.626673,25.26887],[121.623939,25.271368],[121.617241,25.277569],[121.6140009,25.279118],[121.607726,25.280668],[121.591615,25.291071],[121.582128,25.295275],[121.5749265,25.297718],[121.571329,25.296979],[121.568388,25.294944],[121.5676543,25.292167],[121.5652269,25.291364],[121.5528746,25.291434],[121.5458915,25.289253],[121.54349,25.290223],[121.539208,25.289759],[121.531762,25.287986],[121.525029,25.285292],[121.521395,25.2844],[121.5195898,25.282325],[121.5169947,25.277158],[121.512101,25.273062],[121.5082655,25.267329],[121.5052534,25.262251],[121.5041671,25.261152],[121.501564,25.259011],[121.4972147,25.259958],[121.493405,25.260327],[121.4901563,25.261015],[121.4860695,25.262454],[121.481503,25.263626],[121.4791672,25.261908],[121.4765532,25.257758],[121.475454,25.256222],[121.4733536,25.25387],[121.472115,25.252797],[121.4693805,25.250887],[121.465893,25.24964],[121.4629414,25.248506],[121.459601,25.247022],[121.4588302,25.244595],[121.457113,25.240291],[121.4562741,25.236813],[121.4543152,25.233587],[121.4514097,25.230161],[121.4517126,25.226835],[121.4517444,25.223709],[121.4514817,25.21927],[121.453091,25.21695],[121.4518316,25.215421],[121.4491991,25.209493],[121.448788,25.206706],[121.4482743,25.202152],[121.4473208,25.19843],[121.4451937,25.196494],[121.4440384,25.192809],[121.4439295,25.19044],[121.443985,25.188309],[121.443985,25.188309],[121.444067,25.18691],[121.444067,25.18691],[121.44428,25.184008],[121.44428,25.184008],[121.444605,25.180626],[121.444605,25.180626],[121.444271,25.178799],[121.444271,25.178799],[121.4434655,25.177739],[121.441793,25.175626],[121.441793,25.175626],[121.442618297947,25.1704243596582],[121.442618297947,25.1704243596582],[121.4442,25.169611],[121.4442,25.169611],[121.4467018,25.167281]]}},{"type":"Feature","properties":{"route_name":"863","color":"#6edc3b"},"geometry":{"type":"LineString","coordinates":[[121.4467018,25.167281],[121.44588,25.16841],[121.44588,25.16841],[121.4430187,25.17060594],[121.4430187,25.17060594],[121.44194,25.175635],[121.44194,25.175635],[121.443641,25.177725],[121.444377,25.178593],[121.444377,25.178593],[121.44479166138,25.180378546534],[121.4447595,25.180451],[121.444475,25.184011],[121.444475,25.184011],[121.444265,25.187158],[121.444265,25.187158],[121.444062,25.188618],[121.4441058,25.190411],[121.4441809,25.19295],[121.445321,25.196279],[121.4473848,25.198189],[121.448846,25.202947],[121.4489778,25.20653],[121.4493848,25.209188],[121.4515866,25.21526],[121.453282,25.216877],[121.4516184,25.219534],[121.452064,25.224331],[121.4518402,25.227869],[121.4517392,25.23058],[121.454563,25.233493],[121.4565819,25.236979],[121.4575231,25.24048],[121.459021,25.244143],[121.459795,25.246807],[121.463314,25.248379],[121.4665808,25.249591],[121.4691417,25.250504],[121.4719397,25.252303],[121.4734374,25.253617],[121.4757368,25.256173],[121.4769121,25.257863],[121.479266,25.261584],[121.4815873,25.263424],[121.4862529,25.262088],[121.4902589,25.260612],[121.4939565,25.260039],[121.4970411,25.259672],[121.500999,25.258905],[121.503222,25.259994],[121.5042502,25.261042],[121.50746,25.26492],[121.5085525,25.267388],[121.509065,25.269232],[121.5126817,25.273236],[121.516925,25.276724],[121.519738,25.28204],[121.5225429,25.285141],[121.5257575,25.284937],[121.531557,25.28753],[121.539361,25.289637],[121.543511,25.29013],[121.545697,25.289146],[121.5528062,25.291123],[121.5652778,25.29117],[121.5679627,25.292451],[121.5686869,25.295649],[121.570299,25.296662],[121.574864,25.297518],[121.5780767,25.297321],[121.592023,25.290833],[121.60764,25.28039],[121.6142638,25.278865],[121.617002,25.277418],[121.623725,25.271223],[121.627022,25.268123],[121.6303802,25.263692],[121.6320602,25.260481],[121.6332753,25.257265],[121.634322,25.247883],[121.634126,25.246433],[121.633057,25.240674],[121.6305796,25.238237],[121.6293144,25.235648],[121.629616,25.232264],[121.6297905,25.229738],[121.6335164,25.225146],[121.6352853,25.224013],[121.636933,25.222151],[121.636933,25.222151],[121.63897,25.22017],[121.643657,25.225535],[121.644198,25.227659],[121.647286,25.229516]]}},{"type":"Feature","properties":{"route_name":"864","color":"#6cdc3b"},"geometry":{"type":"LineString","coordinates":[[121.501564,25.259011],[121.4972147,25.259958],[121.493405,25.260327],[121.4901563,25.261015],[121.4860695,25.262454],[121.481503,25.263626],[121.4791672,25.261908],[121.4765532,25.257758],[121.475454,25.256222],[121.4733536,25.25387],[121.472115,25.252797],[121.4693805,25.250887],[121.465893,25.24964],[121.4629414,25.248506],[121.459601,25.247022],[121.4588302,25.244595],[121.457113,25.240291],[121.4562741,25.236813],[121.4543152,25.233587],[121.4514097,25.230161],[121.4517126,25.226835],[121.4517444,25.223709],[121.4514817,25.21927],[121.453091,25.21695],[121.4518316,25.215421],[121.4491991,25.209493],[121.448788,25.206706],[121.4482743,25.202152],[121.4473208,25.19843],[121.4451937,25.196494],[121.445363,25.192206],[121.4468647,25.190072],[121.4467124,25.187913],[121.44803,25.1838],[121.4499877,25.182424],[121.4514048,25.181546],[121.451118,25.179849],[121.451118,25.179849],[121.449309,25.178874],[121.449309,25.178874],[121.447544,25.178458],[121.447544,25.178458],[121.4434655,25.177739],[121.441793,25.175626],[121.441793,25.175626],[121.442618297947,25.1704243596582],[121.442618297947,25.1704243596582],[121.4442,25.169611],[121.4442,25.169611],[121.4467018,25.167281],[121.450473694757,25.1644146571651],[121.450473694757,25.1644146571651],[121.452589611071,25.1621775958734],[121.452589611071,25.1621775958734],[121.45522,25.159233],[121.45522,25.159233],[121.4588816,25.15632375],[121.4588816,25.15632375],[121.459145801051,25.1538309248044],[121.459145801051,25.1538309248044],[121.459294535654,25.150520722511],[121.459294535654,25.150520722511],[121.459489,25.147167],[121.459489,25.147167],[121.4595,25.143486],[121.4595,25.143486],[121.459527,25.139953],[121.459527,25.139953],[121.459785450848,25.1362964415127],[121.459785450848,25.1362964415127],[121.458878069521,25.1330124900217],[121.458878069521,25.1330124900217]]}},{"type":"Feature","properties":{"route_name":"865","color":"#69dc3b"},"geometry":{"type":"LineString","coordinates":[[121.4467018,25.167281],[121.44588,25.16841],[121.44588,25.16841],[121.4430187,25.17060594],[121.4430187,25.17060594],[121.44194,25.175635],[121.44194,25.175635],[121.443641,25.177725],[121.444377,25.178593],[121.444377,25.178593],[121.44479166138,25.180378546534],[121.4447595,25.180451],[121.444475,25.184011],[121.444475,25.184011],[121.444265,25.187158],[121.444265,25.187158],[121.444062,25.188618],[121.4441058,25.190411],[121.4441809,25.19295],[121.445321,25.196279],[121.4473848,25.198189],[121.448846,25.202947],[121.4489778,25.20653],[121.4493848,25.209188],[121.4515866,25.21526],[121.453282,25.216877],[121.4516184,25.219534],[121.452064,25.224331],[121.4518402,25.227869],[121.4517392,25.23058],[121.454563,25.233493],[121.4565819,25.236979],[121.4575231,25.24048],[121.459021,25.244143],[121.459795,25.246807],[121.463314,25.248379],[121.4665808,25.249591],[121.4691417,25.250504],[121.4719397,25.252303],[121.4734374,25.253617],[121.4757368,25.256173],[121.4769121,25.257863],[121.479266,25.261584],[121.4815873,25.263424],[121.4862529,25.262088],[121.4902589,25.260612],[121.4939565,25.260039],[121.4970411,25.259672],[121.500999,25.258905],[121.503222,25.259994],[121.5042502,25.261042],[121.50746,25.26492],[121.5085525,25.267388],[121.509065,25.269232],[121.5126817,25.273236],[121.516925,25.276724],[121.519738,25.28204],[121.5225429,25.285141],[121.5257575,25.284937],[121.531557,25.28753],[121.539361,25.289637],[121.543511,25.29013],[121.545697,25.289146],[121.5528062,25.291123],[121.5652778,25.29117],[121.5679627,25.292451],[121.5686869,25.295649],[121.570299,25.296662],[121.574864,25.297518],[121.5780767,25.297321],[121.5914,25.290445],[121.59625,25.28191],[121.594898,25.276486],[121.591913,25.279533],[121.5925599,25.270175]]}},{"type":"Feature","properties":{"route_name":"866","color":"#66dc3b"},"geometry":{"type":"LineString","coordinates":[[121.4467018,25.167281],[121.44588,25.16841],[121.44588,25.16841],[121.4430187,25.17060594],[121.4430187,25.17060594],[121.44194,25.175635],[121.44194,25.175635],[121.443641,25.177725],[121.447419,25.178286],[121.447419,25.178286],[121.449371,25.17875],[121.449371,25.17875],[121.451185,25.179717],[121.4512246,25.179723],[121.4549958,25.181276],[121.459614,25.182169],[121.4627219,25.182089],[121.4647577,25.182146],[121.4715209,25.184416],[121.47668,25.185641],[121.481885,25.185191],[121.4837464,25.186402],[121.4853155,25.187725],[121.488781,25.190159],[121.4916321,25.191344],[121.4933662,25.193569],[121.49304,25.1963],[121.4938154,25.20072],[121.4961436,25.203234],[121.5013095,25.204558],[121.503112,25.206308],[121.5056721,25.208391],[121.5107723,25.209816],[121.50869,25.215633],[121.5103454,25.215611],[121.5107,25.217943],[121.51248,25.219874],[121.5159946,25.225238],[121.5114871,25.231433],[121.5072398,25.236224],[121.5029805,25.240006],[121.5027954,25.243061],[121.5017789,25.247394],[121.500901,25.250449],[121.5020054,25.252032],[121.498505,25.256536],[121.500999,25.258905],[121.5039246,25.257291],[121.5051711,25.255562],[121.5108174,25.254434],[121.5128023,25.255026],[121.5154909,25.255148],[121.5197409,25.256307],[121.5218088,25.256763],[121.523684,25.255376],[121.5258161,25.254541],[121.526836,25.255587],[121.5280503,25.257778],[121.5305475,25.259175],[121.53243,25.259538],[121.5328759,25.261886],[121.5335116,25.257627]]}},{"type":"Feature","properties":{"route_name":"867","color":"#64dc3b"},"geometry":{"type":"LineString","coordinates":[[121.4467018,25.167281],[121.44588,25.16841],[121.44588,25.16841],[121.4430187,25.17060594],[121.4430187,25.17060594],[121.44194,25.175635],[121.44194,25.175635],[121.443641,25.177725],[121.444377,25.178593],[121.444377,25.178593],[121.4447595,25.180451],[121.44479166138,25.180378546534],[121.444475,25.184011],[121.444475,25.184011],[121.444265,25.187158],[121.444265,25.187158],[121.444062,25.188618],[121.4441058,25.190411],[121.4441809,25.19295],[121.445321,25.196279],[121.4473848,25.198189],[121.448846,25.202947],[121.4489778,25.20653],[121.4493848,25.209188],[121.4515866,25.21526],[121.453282,25.216877],[121.4516184,25.219534],[121.452064,25.224331],[121.4518402,25.227869],[121.4517392,25.23058],[121.454563,25.233493],[121.4565819,25.236979],[121.4575231,25.24048],[121.459021,25.244143],[121.459795,25.246807],[121.463314,25.248379],[121.4665808,25.249591],[121.4691417,25.250504],[121.4719397,25.252303],[121.4734374,25.253617],[121.4757368,25.256173],[121.4769121,25.257863],[121.479266,25.261584],[121.4815873,25.263424],[121.4862529,25.262088],[121.4902589,25.260612],[121.4939565,25.260039],[121.4970411,25.259672],[121.500999,25.258905],[121.503222,25.259994],[121.5042502,25.261042],[121.50746,25.26492],[121.5085525,25.267388],[121.509065,25.269232],[121.5126817,25.273236],[121.516925,25.276724],[121.519738,25.28204],[121.5225429,25.285141],[121.5257575,25.284937],[121.531557,25.28753],[121.539361,25.289637],[121.543511,25.29013],[121.545697,25.289146],[121.5528062,25.291123],[121.5652778,25.29117],[121.5657698,25.289962],[121.5648783,25.28526],[121.5654962,25.279672],[121.5676527,25.276116],[121.5669258,25.271416],[121.566707,25.26619],[121.5657054,25.26346],[121.565072,25.260942],[121.5652923,25.257966],[121.566585,25.256241],[121.565881,25.252731],[121.566266,25.251189],[121.565591,25.250389],[121.5653299,25.249157],[121.566696,25.245123]]}},{"type":"Feature","properties":{"route_name":"867區","color":"#94dc3b"},"geometry":{"type":"LineString","coordinates":[[121.4467018,25.167281],[121.44588,25.16841],[121.44588,25.16841],[121.4430187,25.17060594],[121.4430187,25.17060594],[121.44194,25.175635],[121.44194,25.175635],[121.443641,25.177725],[121.447419,25.178286],[121.447419,25.178286],[121.449371,25.17875],[121.449371,25.17875],[121.4512246,25.179723],[121.451185,25.179717],[121.4518171,25.181606],[121.447599,25.183035],[121.445151,25.18305],[121.444475,25.184011],[121.444475,25.184011],[121.444265,25.187158],[121.444265,25.187158],[121.444062,25.188618],[121.4441058,25.190411],[121.4441809,25.19295],[121.445321,25.196279],[121.4473848,25.198189],[121.448846,25.202947],[121.4489778,25.20653],[121.4493848,25.209188],[121.4515866,25.21526],[121.453282,25.216877],[121.4516184,25.219534],[121.452064,25.224331],[121.4518402,25.227869],[121.4517392,25.23058],[121.454563,25.233493],[121.4565819,25.236979],[121.4575231,25.24048],[121.459021,25.244143],[121.459795,25.246807],[121.463314,25.248379],[121.4665808,25.249591],[121.4691417,25.250504],[121.4719397,25.252303],[121.4734374,25.253617],[121.4757368,25.256173],[121.4769121,25.257863],[121.479266,25.261584],[121.4815873,25.263424],[121.4862529,25.262088],[121.4902589,25.260612],[121.4939565,25.260039],[121.4970411,25.259672],[121.500999,25.258905],[121.503222,25.259994],[121.5042502,25.261042],[121.50746,25.26492],[121.5085525,25.267388],[121.509065,25.269232],[121.5126817,25.273236],[121.516925,25.276724],[121.519738,25.28204],[121.5225429,25.285141],[121.5257575,25.284937],[121.531557,25.28753],[121.539361,25.289637],[121.543511,25.29013],[121.545697,25.289146],[121.5528062,25.291123],[121.5652778,25.29117]]}},{"type":"Feature","properties":{"route_name":"868","color":"#61dc3b"},"geometry":{"type":"LineString","coordinates":[[121.438673,25.182192],[121.441534,25.181782],[121.4424276,25.181397],[121.443866,25.180868],[121.444605,25.180626],[121.444605,25.180626],[121.444271,25.178799],[121.444271,25.178799],[121.4434655,25.177739],[121.441793,25.175626],[121.441793,25.175626],[121.442618297947,25.1704243596582],[121.442618297947,25.1704243596582],[121.4442,25.169611],[121.4442,25.169611],[121.4467018,25.167281],[121.4480999,25.169193],[121.450727,25.169986],[121.454822,25.169001],[121.4574515,25.168888],[121.46022266858155,25.16880891359645],[121.4614433,25.168778],[121.469815,25.168706],[121.471905,25.168139],[121.476068,25.168222],[121.4786879,25.168083],[121.4841,25.1709],[121.4853307,25.170904],[121.487233,25.169742],[121.48713,25.165347],[121.488284,25.163775],[121.4907252,25.163599],[121.488846,25.161971],[121.4846847,25.158965],[121.484671,25.157883],[121.4834028,25.157776],[121.4796986,25.159889],[121.4762654,25.161257],[121.4718113,25.161979],[121.4698833,25.16215],[121.4664241,25.161584],[121.464714,25.161597],[121.461669,25.163716],[121.459997,25.163165],[121.4583006,25.162649],[121.456341,25.16069],[121.456341,25.16069],[121.4588816,25.15632375],[121.4588816,25.15632375],[121.459145801051,25.1538309248044],[121.459145801051,25.1538309248044],[121.461981,25.155649],[121.461911,25.156435],[121.460976,25.15559]]}},{"type":"Feature","properties":{"route_name":"869","color":"#5edc3b"},"geometry":{"type":"LineString","coordinates":[[121.430778,25.18877],[121.432079,25.185108],[121.4351578,25.183189],[121.43609,25.18058],[121.43661,25.17895],[121.4379098,25.177347],[121.4384374,25.176422],[121.439259,25.175404],[121.4388526,25.174583],[121.43977,25.1724],[121.43977,25.1724],[121.442618297947,25.1704243596582],[121.442618297947,25.1704243596582],[121.4442,25.169611],[121.4442,25.169611],[121.4467018,25.167281]]}},{"type":"Feature","properties":{"route_name":"870","color":"#3bdc54"},"geometry":{"type":"LineString","coordinates":[[121.4467018,25.167281],[121.445482,25.168631],[121.4430187,25.17060594],[121.4430187,25.17060594],[121.439321,25.17277822],[121.439321,25.17277822],[121.437784,25.173078],[121.437784,25.173078],[121.435833,25.173459],[121.435833,25.173459],[121.4343127,25.17413801],[121.4343127,25.17413801],[121.43083,25.17536],[121.43083,25.17536],[121.428,25.17582],[121.428,25.17582],[121.4261,25.176588],[121.4261,25.176588],[121.42395,25.1788],[121.42395,25.1788],[121.423174466721,25.1807589824405],[121.423174466721,25.1807589824405],[121.42199,25.18262],[121.42199,25.18262],[121.4203705,25.18497389],[121.4203705,25.18497389],[121.4202426,25.186538],[121.4228648,25.187614],[121.426215,25.190445],[121.426436,25.190968],[121.429514,25.190585],[121.431125,25.191255],[121.431125,25.191255],[121.431275,25.194337],[121.431275,25.194337],[121.429972,25.194778],[121.429972,25.194778],[121.4281146,25.195534],[121.427395,25.197582],[121.4284871,25.199831],[121.4295201,25.202088],[121.4307809,25.203275],[121.433143,25.204204],[121.435663,25.203762],[121.4383904,25.202304],[121.440174,25.200522],[121.442667,25.197219],[121.4452,25.196714],[121.4473848,25.198189],[121.4482231,25.198575],[121.4521418,25.198894],[121.4543238,25.199087],[121.457014,25.200282],[121.4595707,25.200302],[121.4608711,25.199953],[121.466985,25.199087],[121.4704238,25.199098],[121.4741829,25.199759],[121.4779313,25.200015],[121.480379,25.200297]]}},{"type":"Feature","properties":{"route_name":"871","color":"#3bdc56"},"geometry":{"type":"LineString","coordinates":[[121.4467018,25.167281],[121.44588,25.16841],[121.44588,25.16841],[121.4430187,25.17060594],[121.4430187,25.17060594],[121.44194,25.175635],[121.44194,25.175635],[121.443641,25.177725],[121.447419,25.178286],[121.447419,25.178286],[121.449371,25.17875],[121.449371,25.17875],[121.451185,25.179717],[121.4512246,25.179723],[121.4518171,25.181606],[121.447599,25.183035],[121.446104,25.184009],[121.4434195,25.185849],[121.4434222,25.186621],[121.444062,25.188618],[121.4441058,25.190411],[121.4415578,25.192856],[121.4390489,25.193185],[121.435902,25.193557],[121.4330515,25.193944],[121.431275,25.194337],[121.431275,25.194337],[121.429972,25.194778],[121.429972,25.194778],[121.4281146,25.195534],[121.42462,25.19679],[121.42486,25.19899],[121.4284871,25.199831],[121.4295201,25.202088],[121.4307809,25.203275],[121.433143,25.204204],[121.435663,25.203762],[121.4383904,25.202304],[121.440174,25.200522],[121.442667,25.197219],[121.4452,25.196714],[121.4473848,25.198189],[121.448846,25.202947],[121.4489778,25.20653],[121.4493848,25.209188],[121.4515866,25.21526],[121.4555563,25.216236],[121.4618783,25.216092],[121.46468,25.215876],[121.468502,25.216694],[121.474203,25.21488],[121.4756465,25.214091],[121.476045,25.213147],[121.4821258,25.205621],[121.4852359,25.205377]]}},{"type":"Feature","properties":{"route_name":"871經中山北路","color":"#893bdc"},"geometry":{"type":"LineString","coordinates":[[121.4467018,25.167281],[121.44588,25.16841],[121.44588,25.16841],[121.4430187,25.17060594],[121.4430187,25.17060594],[121.44194,25.175635],[121.44194,25.175635],[121.443641,25.177725],[121.447419,25.178286],[121.447419,25.178286],[121.449371,25.17875],[121.449371,25.17875],[121.4512246,25.179723],[121.451185,25.179717],[121.4518171,25.181606],[121.447599,25.183035],[121.446104,25.184009],[121.4434195,25.185849],[121.4434222,25.186621],[121.444062,25.188618],[121.4441058,25.190411],[121.4441809,25.19295],[121.445321,25.196279],[121.4473848,25.198189],[121.448846,25.202947],[121.4489778,25.20653],[121.4493848,25.209188],[121.4515866,25.21526],[121.4555563,25.216236],[121.4618783,25.216092],[121.46468,25.215876],[121.468502,25.216694],[121.474203,25.21488],[121.4756465,25.214091],[121.476016,25.213177],[121.4821258,25.205621],[121.4852359,25.205377]]}},{"type":"Feature","properties":{"route_name":"872","color":"#3bdc59"},"geometry":{"type":"LineString","coordinates":[[121.4467018,25.167281],[121.44588,25.16841],[121.44588,25.16841],[121.4430187,25.17060594],[121.4430187,25.17060594],[121.439321,25.17277822],[121.439321,25.17277822],[121.437784,25.173078],[121.437784,25.173078],[121.435833,25.173459],[121.435833,25.173459],[121.4343127,25.17413801],[121.4343127,25.17413801],[121.43083,25.17536],[121.43083,25.17536],[121.428,25.17582],[121.428,25.17582],[121.4261,25.176588],[121.4261,25.176588],[121.42395,25.1788],[121.42395,25.1788],[121.423174466721,25.1807589824405],[121.423174466721,25.1807589824405],[121.423376,25.182854],[121.425823,25.184784],[121.427549,25.187462],[121.429841,25.188042],[121.430439,25.18926],[121.431125,25.191255],[121.431125,25.191255],[121.432774,25.195899],[121.433928,25.199019],[121.434194,25.201667],[121.4307809,25.203275],[121.433143,25.204204],[121.435663,25.203762],[121.4383904,25.202304],[121.440174,25.200522],[121.442667,25.197219],[121.4452,25.196714],[121.4473848,25.198189],[121.448846,25.202947],[121.4489778,25.20653],[121.4493848,25.209188],[121.4515866,25.21526],[121.453282,25.216877],[121.4516184,25.219534],[121.452064,25.224331],[121.4518402,25.227869],[121.4517392,25.23058],[121.453621,25.231749],[121.4568717,25.229304],[121.4595137,25.229133],[121.4641593,25.226795],[121.4680766,25.226276],[121.4784823,25.224287],[121.4804685,25.22407],[121.4844676,25.223854],[121.486046,25.223049]]}},{"type":"Feature","properties":{"route_name":"872經正德國中、直行中山北路","color":"#7edc3b"},"geometry":{"type":"LineString","coordinates":[[121.4467018,25.167281],[121.44588,25.16841],[121.44588,25.16841],[121.4430187,25.17060594],[121.4430187,25.17060594],[121.44194,25.175635],[121.44194,25.175635],[121.443641,25.177725],[121.444377,25.178593],[121.444377,25.178593],[121.4447595,25.180451],[121.44479166138,25.180378546534],[121.447419,25.178286],[121.447419,25.178286],[121.449371,25.17875],[121.449371,25.17875],[121.451185,25.179717],[121.4512246,25.179723],[121.4518171,25.181606],[121.447599,25.183035],[121.445151,25.18305],[121.444475,25.184011],[121.444475,25.184011],[121.444265,25.187158],[121.444265,25.187158],[121.444062,25.188618],[121.4441058,25.190411],[121.4441809,25.19295],[121.445321,25.196279],[121.4473848,25.198189],[121.448846,25.202947],[121.4489778,25.20653],[121.4493848,25.209188],[121.4515866,25.21526],[121.453282,25.216877],[121.4516184,25.219534],[121.452064,25.224331],[121.4518402,25.227869],[121.4517392,25.23058],[121.453621,25.231749],[121.4568717,25.229304],[121.4595137,25.229133],[121.4641593,25.226795],[121.4680766,25.226276],[121.4784823,25.224287],[121.4804685,25.22407],[121.4844676,25.223854],[121.486046,25.223049]]}},{"type":"Feature","properties":{"route_name":"873","color":"#3bdc5c"},"geometry":{"type":"LineString","coordinates":[[121.4467018,25.167281],[121.445482,25.168631],[121.4430187,25.17060594],[121.4430187,25.17060594],[121.439321,25.17277822],[121.439321,25.17277822],[121.437784,25.173078],[121.437784,25.173078],[121.435833,25.173459],[121.435833,25.173459],[121.4343127,25.17413801],[121.4343127,25.17413801],[121.43083,25.17536],[121.43083,25.17536],[121.428,25.17582],[121.428,25.17582],[121.4261,25.176588],[121.4261,25.176588],[121.42395,25.1788],[121.42395,25.1788],[121.423174466721,25.1807589824405],[121.423174466721,25.1807589824405],[121.423376,25.182854],[121.425823,25.184784],[121.427549,25.187462],[121.42979,25.18695],[121.431323,25.186755],[121.4353502,25.186153],[121.43624,25.18612],[121.437694,25.187733],[121.437894,25.189144],[121.438176,25.1908],[121.438459,25.192467],[121.43893,25.19581],[121.4382207,25.200698],[121.434194,25.201667],[121.4307809,25.203275],[121.433143,25.204204],[121.435663,25.203762],[121.4383904,25.202304],[121.440174,25.200522],[121.442667,25.197219],[121.4452,25.196714],[121.4473848,25.198189],[121.448846,25.202947],[121.4489778,25.20653],[121.4493848,25.209188],[121.4515866,25.21526],[121.453282,25.216877],[121.4516184,25.219534],[121.452064,25.224331],[121.4518402,25.227869],[121.4517392,25.23058],[121.454563,25.233493],[121.456849,25.236364],[121.4615026,25.236192],[121.4643433,25.23665],[121.4692906,25.23693],[121.472205,25.237055],[121.4748978,25.235763],[121.4773855,25.234864],[121.4804137,25.233988],[121.4825635,25.233969],[121.4839073,25.232972],[121.485588,25.230621]]}},{"type":"Feature","properties":{"route_name":"873經正德國中","color":"#dc6e3b"},"geometry":{"type":"LineString","coordinates":[[121.4467018,25.167281],[121.445482,25.168631],[121.4430187,25.17060594],[121.4430187,25.17060594],[121.44194,25.175635],[121.44194,25.175635],[121.443641,25.177725],[121.447419,25.178286],[121.447419,25.178286],[121.449371,25.17875],[121.449371,25.17875],[121.451185,25.179717],[121.4512246,25.179723],[121.4518171,25.181606],[121.447599,25.183035],[121.445151,25.18305],[121.444475,25.184011],[121.444475,25.184011],[121.444265,25.187158],[121.444265,25.187158],[121.444062,25.188618],[121.4441058,25.190411],[121.4441809,25.19295],[121.445321,25.196279],[121.4473848,25.198189],[121.448846,25.202947],[121.4489778,25.20653],[121.4493848,25.209188],[121.4515866,25.21526],[121.453282,25.216877],[121.4516184,25.219534],[121.452064,25.224331],[121.4518402,25.227869],[121.4517392,25.23058],[121.454563,25.233493],[121.456849,25.236364],[121.4615026,25.236192],[121.4643433,25.23665],[121.4692906,25.23693],[121.472205,25.237055],[121.4748978,25.235763],[121.4773855,25.234864],[121.4804137,25.233988],[121.4825635,25.233969],[121.4839073,25.232972],[121.485588,25.230621]]}},{"type":"Feature","properties":{"route_name":"874","color":"#3bdc5e"},"geometry":{"type":"LineString","coordinates":[[121.4467018,25.167281],[121.44588,25.16841],[121.44588,25.16841],[121.4430187,25.17060594],[121.4430187,25.17060594],[121.44194,25.175635],[121.44194,25.175635],[121.443641,25.177725],[121.444377,25.178593],[121.444377,25.178593],[121.4447595,25.180451],[121.44479166138,25.180378546534],[121.444475,25.184011],[121.444475,25.184011],[121.444265,25.187158],[121.444265,25.187158],[121.444062,25.188618],[121.4441058,25.190411],[121.4441809,25.19295],[121.445321,25.196279],[121.4473848,25.198189],[121.448846,25.202947],[121.4489778,25.20653],[121.4493848,25.209188],[121.4515866,25.21526],[121.453282,25.216877],[121.4516184,25.219534],[121.452064,25.224331],[121.4518402,25.227869],[121.4517392,25.23058],[121.454563,25.233493],[121.4565819,25.236979],[121.4575231,25.24048],[121.459021,25.244143],[121.459795,25.246807],[121.463314,25.248379],[121.4665808,25.249591],[121.4691417,25.250504],[121.4719397,25.252303],[121.4734434,25.253176],[121.47897,25.24641],[121.482708,25.243993],[121.485331,25.24277],[121.4868759,25.241155],[121.4891303,25.238914],[121.491854,25.237023],[121.4951612,25.233043],[121.496858,25.230119],[121.4985689,25.228889],[121.502286,25.226774]]}},{"type":"Feature","properties":{"route_name":"875","color":"#3bdc61"},"geometry":{"type":"LineString","coordinates":[[121.4467018,25.167281],[121.44588,25.16841],[121.44588,25.16841],[121.4430187,25.17060594],[121.4430187,25.17060594],[121.44194,25.175635],[121.44194,25.175635],[121.443641,25.177725],[121.447419,25.178286],[121.447419,25.178286],[121.449371,25.17875],[121.449371,25.17875],[121.4512246,25.179723],[121.451185,25.179717],[121.4549958,25.181276],[121.459614,25.182169],[121.4627219,25.182089],[121.4647577,25.182146],[121.4715209,25.184416],[121.47668,25.185641],[121.481885,25.185191],[121.4837464,25.186402],[121.4853155,25.187725],[121.488781,25.190159],[121.4916321,25.191344],[121.4933662,25.193569],[121.49304,25.1963],[121.4938154,25.20072],[121.4961436,25.203234],[121.5013095,25.204558],[121.503112,25.206308]]}},{"type":"Feature","properties":{"route_name":"876","color":"#3bdc64"},"geometry":{"type":"LineString","coordinates":[[121.4467018,25.167281],[121.44588,25.16841],[121.44588,25.16841],[121.4430187,25.17060594],[121.4430187,25.17060594],[121.44194,25.175635],[121.44194,25.175635],[121.443641,25.177725],[121.447419,25.178286],[121.447419,25.178286],[121.449371,25.17875],[121.449371,25.17875],[121.4512246,25.179723],[121.451185,25.179717],[121.4549958,25.181276],[121.459614,25.182169],[121.4627219,25.182089],[121.4647577,25.182146],[121.4715209,25.184416],[121.47668,25.185641],[121.481885,25.185191],[121.4837464,25.186402],[121.4853155,25.187725],[121.488781,25.190159],[121.4916321,25.191344],[121.4933662,25.193569],[121.49304,25.1963],[121.4938154,25.20072],[121.4961436,25.203234],[121.5013095,25.204558],[121.503112,25.206308],[121.5056721,25.208391],[121.5107723,25.209816],[121.50869,25.215633],[121.5103454,25.215611],[121.5107,25.217943],[121.51248,25.219874],[121.5159946,25.225238],[121.5114871,25.231433],[121.5072398,25.236224],[121.5029805,25.240006],[121.5027954,25.243061],[121.5017789,25.247394],[121.500901,25.250449],[121.4987284,25.252955],[121.49709,25.253731],[121.4982188,25.25313],[121.5020054,25.252032],[121.504859,25.255538],[121.504022,25.257574],[121.501564,25.259011]]}},{"type":"Feature","properties":{"route_name":"877","color":"#3bdc66"},"geometry":{"type":"LineString","coordinates":[[121.4467018,25.167281],[121.44588,25.16841],[121.44588,25.16841],[121.4430187,25.17060594],[121.4430187,25.17060594],[121.44194,25.175635],[121.44194,25.175635],[121.443641,25.177725],[121.447419,25.178286],[121.447419,25.178286],[121.449371,25.17875],[121.449371,25.17875],[121.4512246,25.179723],[121.451185,25.179717],[121.4549958,25.181276],[121.459614,25.182169],[121.4627219,25.182089],[121.4647577,25.182146],[121.4715209,25.184416],[121.47668,25.185641],[121.481885,25.185191],[121.4837464,25.186402],[121.4853155,25.187725],[121.488781,25.190159],[121.4916321,25.191344],[121.4933662,25.193569],[121.49304,25.1963],[121.4938154,25.20072],[121.4961436,25.203234],[121.5013095,25.204558],[121.503112,25.206308],[121.5056721,25.208391],[121.5107723,25.209816],[121.50869,25.215633],[121.5103454,25.215611],[121.5107,25.217943],[121.51248,25.219874],[121.5159946,25.225238],[121.5114871,25.231433],[121.5072398,25.236224],[121.5029805,25.240006],[121.5027954,25.243061],[121.5017789,25.247394],[121.500901,25.250449],[121.5020054,25.252032],[121.498505,25.256536],[121.500999,25.258905],[121.5039246,25.257291],[121.5051711,25.255562],[121.5108174,25.254434],[121.5128023,25.255026],[121.5154909,25.255148],[121.5197409,25.256307],[121.5218088,25.256763],[121.523684,25.255376],[121.5258161,25.254541],[121.526836,25.255587],[121.5280503,25.257778],[121.5305475,25.259175],[121.53243,25.259538],[121.5312314,25.263617],[121.531154,25.269257],[121.535234,25.270037],[121.5361412,25.270519],[121.539153,25.271187],[121.5374756,25.27454],[121.5365637,25.278452],[121.537161,25.283419],[121.539811,25.288762],[121.543511,25.29013],[121.545697,25.289146],[121.5528062,25.291123],[121.5652778,25.29117],[121.5679627,25.292451]]}},{"type":"Feature","properties":{"route_name":"878","color":"#3bdc69"},"geometry":{"type":"LineString","coordinates":[[121.405981,25.153505],[121.405981,25.153505],[121.406691,25.150818],[121.406691,25.150818],[121.4040856,25.14869],[121.4040856,25.14869],[121.4002943,25.14583],[121.4002943,25.14583],[121.3985723,25.144765],[121.3985723,25.144765],[121.396419,25.143191],[121.396419,25.143191],[121.391316,25.141783],[121.391316,25.141783],[121.392294,25.142951],[121.392294,25.142951],[121.3937287,25.14397311],[121.3937287,25.14397311],[121.396532,25.145555],[121.396532,25.145555],[121.398251,25.146813],[121.398251,25.146813],[121.400021,25.147471],[121.400021,25.147471],[121.4015,25.148318],[121.4015,25.148318],[121.402932,25.1489121],[121.402932,25.1489121],[121.404623,25.149966],[121.404623,25.149966],[121.40553,25.15186],[121.40553,25.15186],[121.40615,25.152877],[121.40615,25.152877],[121.406797,25.153621],[121.406797,25.153621],[121.408651,25.155874],[121.408651,25.155874],[121.41074,25.157441],[121.41074,25.157441],[121.41205,25.158527],[121.41205,25.158527],[121.4139447,25.15970821],[121.4139447,25.15970821],[121.416892,25.159307],[121.416892,25.159307],[121.41876,25.1596],[121.41876,25.1596],[121.42105,25.15924],[121.42105,25.15924],[121.422092,25.158932],[121.422092,25.158932],[121.424899,25.159018],[121.424899,25.159018],[121.428344,25.159046],[121.428344,25.159046],[121.43143,25.15839],[121.43143,25.15839],[121.43411,25.15823],[121.43411,25.15823],[121.43694,25.15577],[121.43694,25.15577],[121.43991,25.153561],[121.43991,25.153561],[121.44343,25.14979],[121.44343,25.14979],[121.445125,25.147643],[121.445125,25.147643],[121.44604,25.146125],[121.44604,25.146125],[121.446648,25.144385],[121.446648,25.144385],[121.4473327,25.14257237],[121.447332740644,25.1425723705487],[121.4488748,25.13871714],[121.4488748,25.13871714],[121.45006,25.13528],[121.45006,25.13528],[121.451367,25.132202],[121.451367,25.132202],[121.45128,25.13036],[121.45128,25.13036],[121.451713,25.128332],[121.451713,25.128332],[121.451964,25.127309],[121.451964,25.127309],[121.452656,25.125763],[121.452656,25.125763],[121.4591607,25.13298025],[121.4591607,25.13298025],[121.46005,25.13643],[121.460119814238,25.1365919569602],[121.459786353662,25.1396243256043],[121.459786353662,25.1396243256043],[121.4597852,25.1416553],[121.4597852,25.1416553],[121.45973,25.14631],[121.45973,25.14631],[121.459785,25.14814],[121.459785,25.14814],[121.45952,25.15123],[121.45952,25.15123],[121.4595096,25.15467673],[121.4595096,25.15467673],[121.459458505644,25.1559712262357],[121.45941,25.15586],[121.4561149,25.1591222],[121.4561149,25.1591222],[121.4545265,25.15972294],[121.4545265,25.15972294],[121.4525003,25.16271663],[121.4525003,25.16271663],[121.450471,25.164955],[121.450488465216,25.1649557989407],[121.445482,25.168631],[121.4430187,25.17060594],[121.4430187,25.17060594],[121.44194,25.175635],[121.44194,25.175635],[121.443641,25.177725],[121.444377,25.178593],[121.444377,25.178593],[121.4447595,25.180451],[121.44479166138,25.180378546534],[121.4448831,25.182892],[121.4478764,25.18289],[121.448662,25.183609]]}},{"type":"Feature","properties":{"route_name":"878區","color":"#dc3b3e"},"geometry":{"type":"LineString","coordinates":[[121.405981,25.153505],[121.405981,25.153505],[121.406691,25.150818],[121.406691,25.150818],[121.4040856,25.14869],[121.4040856,25.14869],[121.4002943,25.14583],[121.4002943,25.14583],[121.3985723,25.144765],[121.3985723,25.144765],[121.396419,25.143191],[121.396419,25.143191],[121.391316,25.141783],[121.391316,25.141783],[121.392294,25.142951],[121.392294,25.142951],[121.3937287,25.14397311],[121.3937287,25.14397311],[121.396532,25.145555],[121.396532,25.145555],[121.398251,25.146813],[121.398251,25.146813],[121.400021,25.147471],[121.400021,25.147471],[121.4015,25.148318],[121.4015,25.148318],[121.402932,25.1489121],[121.402932,25.1489121],[121.404623,25.149966],[121.404623,25.149966],[121.40553,25.15186],[121.40553,25.15186],[121.40615,25.152877],[121.40615,25.152877],[121.406797,25.153621],[121.406797,25.153621],[121.408651,25.155874],[121.408651,25.155874],[121.41074,25.157441],[121.41074,25.157441],[121.41205,25.158527],[121.41205,25.158527],[121.4139447,25.15970821],[121.4139447,25.15970821],[121.416892,25.159307],[121.416892,25.159307],[121.41876,25.1596],[121.41876,25.1596],[121.42105,25.15924],[121.42105,25.15924],[121.422092,25.158932],[121.422092,25.158932],[121.424899,25.159018],[121.424899,25.159018],[121.428344,25.159046],[121.428344,25.159046],[121.43143,25.15839],[121.43143,25.15839],[121.43411,25.15823],[121.43411,25.15823],[121.43694,25.15577],[121.43694,25.15577],[121.43991,25.153561],[121.43991,25.153561],[121.44343,25.14979],[121.44343,25.14979],[121.445125,25.147643],[121.445125,25.147643],[121.44604,25.146125],[121.44604,25.146125],[121.446648,25.144385],[121.446648,25.144385],[121.447332740644,25.1425723705487],[121.4473327,25.14257237],[121.4488748,25.13871714],[121.4488748,25.13871714],[121.45006,25.13528],[121.45006,25.13528],[121.451367,25.132202],[121.451367,25.132202],[121.45128,25.13036],[121.45128,25.13036],[121.451713,25.128332],[121.451713,25.128332],[121.451964,25.127309],[121.451964,25.127309],[121.452656,25.125763],[121.452656,25.125763],[121.4591607,25.13298025],[121.4591607,25.13298025],[121.460119814238,25.1365919569602],[121.46005,25.13643]]}},{"type":"Feature","properties":{"route_name":"879","color":"#3bdc6c"},"geometry":{"type":"LineString","coordinates":[[121.49709,25.253731],[121.4982188,25.25313],[121.5020054,25.252032],[121.504859,25.255538],[121.504022,25.257574],[121.501564,25.259011],[121.4972147,25.259958],[121.493405,25.260327],[121.4901563,25.261015],[121.4860695,25.262454],[121.481503,25.263626],[121.4791672,25.261908],[121.4765532,25.257758],[121.475454,25.256222],[121.4733536,25.25387],[121.472115,25.252797],[121.4693805,25.250887],[121.465893,25.24964],[121.4629414,25.248506],[121.459601,25.247022],[121.4588302,25.244595],[121.457113,25.240291],[121.4562741,25.236813],[121.4543152,25.233587],[121.4514097,25.230161],[121.4517126,25.226835],[121.4517444,25.223709],[121.4514817,25.21927],[121.453091,25.21695],[121.4518316,25.215421],[121.4491991,25.209493],[121.448788,25.206706],[121.4482743,25.202152],[121.4473208,25.19843],[121.4451937,25.196494],[121.445363,25.192206],[121.4468647,25.190072],[121.4467124,25.187913],[121.44803,25.1838],[121.4499877,25.182424],[121.4514048,25.181546],[121.453396,25.180185],[121.453396,25.180185],[121.455158,25.178154],[121.455158,25.178154],[121.456798,25.175673],[121.456798,25.175673],[121.459249,25.171934],[121.459249,25.171934],[121.4584969,25.165591],[121.458469,25.165536],[121.456039,25.161746],[121.456039,25.161746],[121.456341,25.16069],[121.456341,25.16069],[121.4588816,25.15632375],[121.4588816,25.15632375],[121.459145801051,25.1538309248044],[121.459145801051,25.1538309248044],[121.459294535654,25.150520722511],[121.459294535654,25.150520722511],[121.459489,25.147167],[121.459489,25.147167],[121.4595,25.143486],[121.4595,25.143486],[121.459527,25.139953],[121.459527,25.139953],[121.459785450848,25.1362964415127],[121.459785450848,25.1362964415127],[121.458878069521,25.1330124900217],[121.458878069521,25.1330124900217]]}},{"type":"Feature","properties":{"route_name":"880","color":"#3bdca7"},"geometry":{"type":"LineString","coordinates":[[121.3996193,24.972523],[121.400301,24.974397],[121.401953,24.975625],[121.40695,24.97919],[121.4087873,24.979984],[121.412604,24.982578],[121.415842,24.984168],[121.418065,24.98527587],[121.42122,24.98764],[121.422411,24.989525],[121.423739,24.991841],[121.424598,24.99329752],[121.4269598,24.994232],[121.42796,24.995638],[121.430021,24.998244],[121.431245,25.000554],[121.432111,25.002077],[121.432929,25.007876],[121.432929,25.007876],[121.432866,25.00947],[121.432866,25.00947],[121.432869,25.010698],[121.432794,25.010704],[121.4327276,25.01294458],[121.4327276,25.01294458],[121.432839,25.015233],[121.432839,25.015233],[121.4337502,25.01986167],[121.4337502,25.01986167],[121.4348185,25.021865],[121.4348185,25.021865],[121.435108,25.024536],[121.435108,25.024536],[121.434989,25.02727],[121.434989,25.02727],[121.434521,25.030458],[121.434521,25.030458],[121.432716,25.032179],[121.43029,25.031456],[121.43029,25.031456],[121.426759,25.030319],[121.426759,25.030319],[121.422143,25.028858],[121.422143,25.028858],[121.420111,25.028728],[121.420111,25.028728],[121.421012,25.032992],[121.421012,25.032992],[121.421841,25.03488],[121.421841,25.03488],[121.422989,25.036664],[121.422989,25.036664],[121.424821,25.039702],[121.424821,25.039702],[121.42495,25.042955],[121.42495,25.042955],[121.426046,25.045341],[121.426046,25.045341],[121.427172,25.04793],[121.427172,25.04793],[121.42758,25.04923],[121.42758,25.04923],[121.42809,25.051508],[121.42809,25.051508],[121.43054,25.054264],[121.43054,25.054264],[121.4308068,25.05674382],[121.4308068,25.05674382],[121.4309468,25.05829241],[121.4309468,25.05829241],[121.432411,25.0607],[121.432411,25.0607],[121.43342,25.063193],[121.43342,25.063193],[121.433605,25.064906],[121.433605,25.064906],[121.43438,25.06721],[121.43438,25.06721],[121.435546,25.069564],[121.435546,25.069564],[121.43576,25.07179],[121.43576,25.07179],[121.435263,25.074753],[121.435263,25.074753],[121.435188,25.076722],[121.435188,25.076722],[121.436601,25.080067],[121.436601,25.080067],[121.437555,25.082438],[121.437555,25.082438],[121.438433280844,25.0842496814391],[121.438433280844,25.0842496814391],[121.439434,25.08586],[121.439434,25.08586],[121.441631,25.087955],[121.441631,25.087955],[121.443279,25.08947],[121.443279,25.08947],[121.44495,25.091365],[121.44495,25.091365],[121.446157,25.092835],[121.446157,25.092835],[121.448341,25.095319],[121.448341,25.095319],[121.450209,25.098031],[121.450209,25.098031],[121.451025,25.099578],[121.451025,25.099578],[121.451935,25.101523],[121.451935,25.101523],[121.452554712702,25.1028902266331],[121.452554712702,25.1028902266331],[121.4528962,25.10438],[121.4537424,25.107049],[121.455757,25.109396],[121.457038,25.118043],[121.4560749,25.12037028],[121.4591607,25.13298025],[121.4591607,25.13298025],[121.46005,25.13643],[121.460119814238,25.1365919569602],[121.459786353662,25.1396243256043],[121.459786353662,25.1396243256043],[121.4597852,25.1416553],[121.4597852,25.1416553],[121.45973,25.14631],[121.45973,25.14631],[121.459785,25.14814],[121.459785,25.14814],[121.45952,25.15123],[121.45952,25.15123],[121.4595096,25.15467673],[121.4595096,25.15467673],[121.45941,25.15586],[121.459458505644,25.1559712262357],[121.4561149,25.1591222],[121.4561149,25.1591222],[121.4545265,25.15972294],[121.4545265,25.15972294],[121.4525003,25.16271663],[121.4525003,25.16271663],[121.450471,25.164955],[121.450488465216,25.1649557989407],[121.445482,25.168631],[121.4430187,25.17060594],[121.4430187,25.17060594],[121.439321,25.17277822],[121.439321,25.17277822],[121.437784,25.173078],[121.437784,25.173078],[121.435833,25.173459],[121.435833,25.173459],[121.4343127,25.17413801],[121.4343127,25.17413801],[121.43083,25.17536],[121.43083,25.17536],[121.428,25.17582],[121.428,25.17582],[121.4261,25.176588],[121.4261,25.176588],[121.4237999,25.178085],[121.421019,25.180977],[121.423376,25.182854],[121.425823,25.184784],[121.427549,25.187462],[121.429841,25.188042],[121.430439,25.18926],[121.431125,25.191255],[121.431125,25.191255],[121.431275,25.194337],[121.431275,25.194337],[121.429972,25.194778],[121.429972,25.194778],[121.4281146,25.195534],[121.427395,25.197582],[121.4284871,25.199831],[121.429244,25.201498],[121.429244,25.201498]]}},{"type":"Feature","properties":{"route_name":"881","color":"#3bdca9"},"geometry":{"type":"LineString","coordinates":[[121.42021,25.18507],[121.42023146251,25.1850117332656],[121.42182,25.18254],[121.42182,25.18254],[121.423376,25.182854],[121.425823,25.184784],[121.427549,25.187462],[121.4300159,25.185697],[121.432079,25.185108],[121.4353502,25.186153],[121.43624,25.18612],[121.437694,25.187733],[121.437894,25.189144],[121.4274905,25.188922],[121.426215,25.190445],[121.426436,25.190968],[121.429514,25.190585],[121.431513,25.190349],[121.431513,25.190349],[121.43496,25.189912],[121.43496,25.189912],[121.437445,25.189596],[121.437445,25.189596],[121.439794,25.189296],[121.439794,25.189296],[121.443985,25.188309],[121.443985,25.188309],[121.444067,25.18691],[121.444067,25.18691],[121.44428,25.184008],[121.44428,25.184008],[121.444605,25.180626],[121.444605,25.180626],[121.444271,25.178799],[121.444271,25.178799],[121.4434655,25.177739],[121.441793,25.175626],[121.441793,25.175626],[121.442618297947,25.1704243596582],[121.442618297947,25.1704243596582],[121.4442,25.169611],[121.4442,25.169611],[121.4467018,25.167281]]}},{"type":"Feature","properties":{"route_name":"882","color":"#3bdcac"},"geometry":{"type":"LineString","coordinates":[[121.49709,25.253731],[121.4982188,25.25313],[121.5020054,25.252032],[121.504859,25.255538],[121.504022,25.257574],[121.501564,25.259011],[121.4972147,25.259958],[121.493405,25.260327],[121.4901563,25.261015],[121.4860695,25.262454],[121.481503,25.263626],[121.4791672,25.261908],[121.4765532,25.257758],[121.475454,25.256222],[121.4733536,25.25387],[121.472115,25.252797],[121.4693805,25.250887],[121.465893,25.24964],[121.4629414,25.248506],[121.459601,25.247022],[121.4588302,25.244595],[121.457113,25.240291],[121.4562741,25.236813],[121.4543152,25.233587],[121.4514097,25.230161],[121.4517126,25.226835],[121.4517444,25.223709],[121.4514817,25.21927],[121.453091,25.21695],[121.4518316,25.215421],[121.4491991,25.209493],[121.448788,25.206706],[121.4482743,25.202152],[121.4473208,25.19843],[121.4451937,25.196494],[121.445363,25.192206],[121.4468647,25.190072],[121.4467124,25.187913],[121.44803,25.1838],[121.4499877,25.182424],[121.4514048,25.181546],[121.453396,25.180185],[121.453396,25.180185],[121.455158,25.178154],[121.455158,25.178154],[121.456798,25.175673],[121.456798,25.175673],[121.459249,25.171934],[121.459249,25.171934],[121.4584969,25.165591],[121.458469,25.165536],[121.456039,25.161746],[121.456039,25.161746],[121.456341,25.16069],[121.456341,25.16069],[121.4588816,25.15632375],[121.4588816,25.15632375],[121.459132,25.154128]]}},{"type":"Feature","properties":{"route_name":"883","color":"#3bdcaf"},"geometry":{"type":"LineString","coordinates":[[121.42023146251,25.1850117332656],[121.42021,25.18507],[121.42182,25.18254],[121.42182,25.18254],[121.42296,25.18123],[121.42296,25.18123],[121.42388,25.17864],[121.42388,25.17864],[121.424245,25.17801],[121.424245,25.17801],[121.426080642001,25.1763359186121],[121.426080642001,25.1763359186121],[121.42796,25.17553],[121.42796,25.17553],[121.431339,25.174897],[121.431339,25.174897],[121.433254130323,25.1743599945731],[121.43328,25.1743],[121.435832,25.173232],[121.435832,25.173232],[121.438273,25.172781],[121.438273,25.172781],[121.43977,25.1724],[121.43977,25.1724],[121.442618297947,25.1704243596582],[121.442618297947,25.1704243596582],[121.4442,25.169611],[121.4442,25.169611],[121.446540610778,25.1674549071321],[121.446540610778,25.1674549071321],[121.450473694757,25.1644146571651],[121.450473694757,25.1644146571651],[121.452589611071,25.1621775958734],[121.452589611071,25.1621775958734],[121.45522,25.159233],[121.45522,25.159233],[121.4588816,25.15632375],[121.4588816,25.15632375],[121.459145801051,25.1538309248044],[121.459145801051,25.1538309248044],[121.459294535654,25.150520722511],[121.459294535654,25.150520722511],[121.459489,25.147167],[121.459489,25.147167],[121.4595,25.143486],[121.4595,25.143486],[121.459527,25.139953],[121.459527,25.139953],[121.459785450848,25.1362964415127],[121.459785450848,25.1362964415127],[121.458878069521,25.1330124900217],[121.458878069521,25.1330124900217],[121.455706,25.12068115],[121.4568564,25.117917],[121.4555484,25.109566],[121.4533012,25.106927],[121.452647,25.10455902],[121.452299,25.10265],[121.4515372,25.10107435],[121.4515372,25.10107435],[121.4507744,25.09954372],[121.4507744,25.09954372],[121.449986,25.098013],[121.449986,25.098013],[121.4480911,25.09536596],[121.4480911,25.09536596],[121.44624,25.09329],[121.44624,25.09329],[121.44472,25.091373],[121.44472,25.091373],[121.4421924,25.08890012],[121.4421924,25.08890012],[121.44059,25.087479],[121.44059,25.087479],[121.43939,25.08606],[121.43939,25.08606],[121.43805,25.083879],[121.43805,25.083879],[121.43736,25.082498],[121.43736,25.082498],[121.436258,25.079785],[121.436258,25.079785],[121.435035,25.076625],[121.435035,25.076625],[121.4351234,25.07430648],[121.4351234,25.07430648],[121.43563,25.07182],[121.43563,25.07182],[121.4353791,25.06966085],[121.4353791,25.06966085],[121.43454,25.06761],[121.43454,25.06761],[121.433433,25.06526521],[121.433433,25.06526521],[121.432904,25.06216],[121.432904,25.06216],[121.432389,25.061074],[121.432389,25.061074],[121.430718,25.058131],[121.430718,25.058131],[121.430655,25.056466],[121.430655,25.056466],[121.430406,25.054419],[121.430406,25.054419],[121.4278259,25.05149832],[121.4278259,25.05149832],[121.4274415,25.04957047],[121.4274415,25.04957047],[121.42698,25.048028],[121.42698,25.048028],[121.4259089,25.0454414],[121.4259089,25.0454414],[121.4247892,25.04275923],[121.4247892,25.04275923],[121.4241632,25.03898947],[121.4241632,25.03898947],[121.423173,25.037323],[121.423173,25.037323],[121.42184,25.03513],[121.42184,25.03513],[121.42081,25.03317],[121.42081,25.03317],[121.422143,25.028858],[121.422143,25.028858],[121.420111,25.028728],[121.420111,25.028728]]}},{"type":"Feature","properties":{"route_name":"885","color":"#3bdcb4"},"geometry":{"type":"LineString","coordinates":[[121.367109,24.938186],[121.369458,24.935981],[121.372124,24.936067],[121.3741,24.935495],[121.3756319,24.9363],[121.377027,24.937031],[121.37846,24.9395],[121.379266,24.94237],[121.3768168,24.94402239],[121.3753109,24.94310583],[121.373877,24.944914],[121.37486,24.94605],[121.3777681,24.947308],[121.379996,24.947989],[121.3827943,24.948492],[121.384652,24.948611],[121.386061,24.949747],[121.387879,24.953168],[121.389064,24.955979],[121.3907053,24.959534],[121.391576,24.962398],[121.39261,24.963712],[121.392885,24.971428],[121.3935678,24.97226366],[121.397068,24.973394],[121.401953,24.975625],[121.40695,24.97919],[121.4087873,24.979984],[121.412604,24.982578],[121.415842,24.984168],[121.418065,24.98527587],[121.42122,24.98764],[121.422411,24.989525],[121.423739,24.991841],[121.424598,24.99329752],[121.4269598,24.994232],[121.42796,24.995638],[121.430021,24.998244],[121.431245,25.000554],[121.432111,25.002077],[121.432929,25.007876],[121.432929,25.007876],[121.432866,25.00947],[121.432866,25.00947],[121.432794,25.010704],[121.432869,25.010698],[121.4327276,25.01294458],[121.4327276,25.01294458],[121.432839,25.015233],[121.432839,25.015233],[121.4337502,25.01986167],[121.4337502,25.01986167],[121.4348185,25.021865],[121.4348185,25.021865],[121.434989,25.02727],[121.434989,25.02727],[121.43789,25.03057],[121.4408296,25.032954],[121.442607,25.033904],[121.442607,25.033904],[121.44483,25.034382],[121.44483,25.034382],[121.447739,25.034987],[121.447739,25.034987],[121.449469,25.035376],[121.449469,25.035376],[121.456562,25.036727],[121.456562,25.036727],[121.459593,25.038242],[121.459593,25.038242],[121.46687,25.024488]]}},{"type":"Feature","properties":{"route_name":"886","color":"#3bdcb7"},"geometry":{"type":"LineString","coordinates":[[121.808298,25.107574],[121.8097838,25.109016],[121.820442,25.118969],[121.821531,25.11957],[121.8258508,25.12103],[121.82954,25.121882],[121.8310838,25.123568],[121.84933,25.12618],[121.8612,25.124548],[121.863542,25.122114],[121.861545,25.121971],[121.863856,25.122322],[121.8639509,25.122354],[121.8667539,25.121825],[121.86865,25.12086],[121.8759941,25.122954],[121.8881135,25.120618],[121.913918,25.124021],[121.916875,25.121407],[121.916118,25.117598],[121.9125304,25.114388],[121.915339,25.111658],[121.918248,25.111741],[121.919128,25.112353]]}},{"type":"Feature","properties":{"route_name":"886區","color":"#3bdcd7"},"geometry":{"type":"LineString","coordinates":[[121.808298,25.107574],[121.8097838,25.109016],[121.820442,25.118969],[121.821531,25.11957],[121.8258508,25.12103],[121.82954,25.121882],[121.8310838,25.123568],[121.84933,25.12618],[121.8612,25.124548],[121.863542,25.122114],[121.861545,25.121971]]}},{"type":"Feature","properties":{"route_name":"889","color":"#3bdcbf"},"geometry":{"type":"LineString","coordinates":[[121.367161,24.93748],[121.36797,24.938865],[121.369186,24.938689],[121.370724,24.938309],[121.3726289,24.937495],[121.3756319,24.9363],[121.377027,24.937031],[121.37846,24.9395],[121.379266,24.94237],[121.380694,24.943771],[121.383532,24.944521],[121.385364,24.948118],[121.386061,24.949747],[121.387879,24.953168],[121.389064,24.955979],[121.3907053,24.959534],[121.391576,24.962398],[121.39261,24.963712],[121.392885,24.971428],[121.3935678,24.97226366],[121.397068,24.973394],[121.401953,24.975625],[121.40695,24.97919],[121.4087873,24.979984],[121.411425,24.980433],[121.41428,24.980199],[121.4175825,24.98027],[121.420772,24.981864],[121.422959,24.983005],[121.4274924,24.98567],[121.429454,24.987721],[121.430908,24.989821],[121.431818,24.992455],[121.432175,24.994874],[121.4515397,24.995237],[121.453027,24.999426],[121.446556,24.996185],[121.448066,24.998234]]}},{"type":"Feature","properties":{"route_name":"890","color":"#3bbfdc"},"geometry":{"type":"LineString","coordinates":[[121.661689061306,25.0691766561076],[121.661689061306,25.0691766561076],[121.659997,25.067906],[121.659997,25.067906],[121.654564,25.066335],[121.654564,25.066335],[121.652863,25.06486],[121.652863,25.06486],[121.652781,25.070908],[121.6516651,25.07298],[121.65074,25.074347],[121.649997,25.076248],[121.6500076,25.077925],[121.649302,25.079489],[121.649542,25.082057],[121.64826,25.084205],[121.6467886,25.088144],[121.64572,25.089498],[121.644927,25.090465],[121.643416,25.090882],[121.643177,25.091845],[121.644095,25.09349],[121.6422722,25.097152],[121.6421891,25.098663],[121.643859,25.103001],[121.644183,25.104595],[121.644996,25.105042]]}},{"type":"Feature","properties":{"route_name":"891","color":"#3bbcdc"},"geometry":{"type":"LineString","coordinates":[[121.856086,25.108453],[121.856842,25.111312],[121.8596369,25.110907],[121.8617327,25.117791],[121.86611799498378,25.118001580543083],[121.8650829,25.118204],[121.8619,25.12023],[121.863856,25.122322],[121.861545,25.121971],[121.861579,25.120069],[121.8550852,25.115258],[121.854671,25.116113],[121.8508584,25.112656],[121.8500238,25.109418],[121.8519635,25.10672],[121.856086,25.108453]]}},{"type":"Feature","properties":{"route_name":"894","color":"#3bb4dc"},"geometry":{"type":"LineString","coordinates":[[121.430307,25.201368],[121.4315176,25.200863],[121.430555,25.199545],[121.430555,25.199545],[121.429185,25.200031],[121.429185,25.200031],[121.4280892,25.19944],[121.427279,25.197645],[121.42783,25.195266],[121.429179,25.194762],[121.43119,25.19406],[121.43119,25.19406],[121.430782,25.191325],[121.430782,25.191325],[121.430269,25.189891],[121.429417,25.188182],[121.42979,25.18695],[121.431323,25.186755],[121.4353502,25.186153],[121.43624,25.18612],[121.437694,25.187733],[121.437894,25.189144],[121.439794,25.189296],[121.439794,25.189296],[121.443985,25.188309],[121.443985,25.188309],[121.444067,25.18691],[121.444067,25.18691],[121.44428,25.184008],[121.44428,25.184008],[121.4431515,25.181216],[121.4424954,25.181536],[121.441427,25.181942],[121.4386875,25.182381],[121.4376797,25.18197],[121.43609,25.18058],[121.43661,25.17895],[121.4379098,25.177347],[121.4384374,25.176422],[121.439259,25.175404],[121.4388526,25.174583],[121.43977,25.1724],[121.43977,25.1724],[121.442618297947,25.1704243596582],[121.442618297947,25.1704243596582],[121.4442,25.169611],[121.4442,25.169611],[121.4467018,25.167281]]}},{"type":"Feature","properties":{"route_name":"895","color":"#3bb1dc"},"geometry":{"type":"LineString","coordinates":[[121.49673,24.977984],[121.49673,24.977984],[121.49882,24.979722],[121.49882,24.979722],[121.500808,24.980249],[121.500808,24.980249],[121.503256,24.981908],[121.503256,24.981908],[121.504014,24.982892],[121.504014,24.982892],[121.504585,24.983668],[121.504585,24.983668],[121.506781,24.985024],[121.506781,24.985024],[121.508692,24.987269],[121.509748,24.988657],[121.510841,24.990197],[121.510841,24.990197],[121.509353,24.993096],[121.509353,24.993096],[121.505277,24.994329],[121.505277,24.994329],[121.505842,24.996308],[121.505842,24.996308],[121.507121,24.998049],[121.507121,24.998049],[121.509133,25.000374],[121.509133,25.000374],[121.51094,25.002402],[121.51094,25.002402],[121.513414,25.003661],[121.513414,25.003661],[121.5163,25.0041],[121.5163,25.0041],[121.5206401,25.005498],[121.5206401,25.005498],[121.522301,25.007816],[121.522301,25.007816]]}},{"type":"Feature","properties":{"route_name":"896","color":"#3bafdc"},"geometry":{"type":"LineString","coordinates":[[121.644816,25.105065],[121.6439911,25.104621],[121.6437904,25.103162],[121.642038,25.098575],[121.6420523,25.09722],[121.644057,25.093758],[121.643058,25.091852],[121.643412,25.090723],[121.64479,25.090384],[121.645666,25.089352],[121.646559,25.088186],[121.648244,25.083826],[121.648912,25.082423],[121.6493127,25.079195],[121.649909,25.077722],[121.649804,25.076269],[121.650181,25.07563],[121.644525,25.075856],[121.644525,25.075856],[121.641733,25.075359],[121.641733,25.075359],[121.640323,25.074711],[121.640323,25.074711],[121.6390103,25.07383644],[121.6390103,25.07383644],[121.63711637178322,25.071954410613305],[121.63711637178322,25.071954410613305],[121.63520142081403,25.071476446439604],[121.63344885678443,25.07141234162801],[121.6310686,25.071147],[121.6276293,25.069422],[121.625833,25.068229],[121.62487,25.067032],[121.62487,25.067032],[121.6212807,25.06666453],[121.621242309823,25.0666228369498],[121.6188199,25.06680801],[121.618948,25.066708]]}},{"type":"Feature","properties":{"route_name":"897","color":"#3bacdc"},"geometry":{"type":"LineString","coordinates":[[121.5092721,24.953469],[121.511381,24.957582],[121.512736,24.959031],[121.514404,24.961478],[121.515311,24.963642],[121.515311,24.963642],[121.517257,24.96503],[121.517257,24.96503],[121.518062,24.967108],[121.518062,24.967108],[121.518795,24.969329],[121.518795,24.969329],[121.51914,24.970794],[121.51914,24.970794],[121.519852,24.972839],[121.519852,24.972839],[121.51912,24.974308],[121.51912,24.974308],[121.517372,24.976061],[121.517372,24.976061],[121.5167886,24.97725375],[121.5167886,24.97725375],[121.517416,24.981146],[121.517416,24.981146],[121.517953,24.983806],[121.517953,24.983806],[121.517283,24.985335],[121.517283,24.985335],[121.513308,24.988375],[121.513308,24.988375],[121.512485,24.989999],[121.512485,24.989999],[121.511308,24.992884],[121.51133,24.99291],[121.509353,24.993096],[121.509353,24.993096],[121.505277,24.994329],[121.505277,24.994329],[121.505842,24.996308],[121.505842,24.996308],[121.507121,24.998049],[121.507121,24.998049],[121.509133,25.000374],[121.509133,25.000374],[121.51094,25.002402],[121.51094,25.002402],[121.510771,25.005904],[121.50639288518,25.006740270571],[121.50639288518,25.006740270571],[121.504269,25.004997],[121.504269,25.004997],[121.5024348,25.00349205],[121.502349060048,25.003392616885],[121.500513343799,25.0028038820612],[121.500513343799,25.0028038820612],[121.498247,25.002636],[121.498247,25.002636],[121.496157,25.002436],[121.496157,25.002436],[121.493465,25.00229],[121.493465,25.00229],[121.491807,25.003079],[121.491807,25.003079],[121.490533,25.004414],[121.490533,25.004437],[121.4863334,25.00500509],[121.4863334,25.00500509],[121.482114,25.005232],[121.479221,25.006146],[121.479221,25.006146],[121.475774,25.005992],[121.475774,25.005992],[121.47349,25.00638],[121.47349,25.00638],[121.4707676,25.00682585],[121.4707676,25.00682585],[121.468177,25.007745],[121.468177,25.007745],[121.4656708,25.00864249],[121.4656708,25.00864249],[121.46366,25.010896],[121.46366,25.010896],[121.464544,25.012043],[121.464544,25.012043]]}},{"type":"Feature","properties":{"route_name":"897區","color":"#8cdc3b"},"geometry":{"type":"LineString","coordinates":[[121.5092721,24.953469],[121.511381,24.957582],[121.512736,24.959031],[121.514404,24.961478],[121.515311,24.963642],[121.515311,24.963642],[121.517257,24.96503],[121.517257,24.96503],[121.518062,24.967108],[121.518062,24.967108],[121.518795,24.969329],[121.518795,24.969329],[121.51914,24.970794],[121.51914,24.970794],[121.519852,24.972839],[121.519852,24.972839],[121.51912,24.974308],[121.51912,24.974308],[121.517372,24.976061],[121.517372,24.976061],[121.5167886,24.97725375],[121.5167886,24.97725375],[121.517416,24.981146],[121.517416,24.981146],[121.517953,24.983806],[121.517953,24.983806],[121.517283,24.985335],[121.517283,24.985335],[121.513308,24.988375],[121.513308,24.988375],[121.512485,24.989999],[121.512485,24.989999],[121.5115327,24.993642],[121.508797,24.994954],[121.5069998,24.995913],[121.505574,24.995927],[121.505574,24.995927],[121.505201,24.994596],[121.505201,24.994596]]}},{"type":"Feature","properties":{"route_name":"898","color":"#3ba9dc"},"geometry":{"type":"LineString","coordinates":[[121.415079,25.009745],[121.413452,25.011775],[121.412268,25.013393],[121.4110483,25.0149032],[121.409252,25.017727],[121.411687,25.021617],[121.411687,25.021617],[121.413948,25.023734],[121.413948,25.023734],[121.4131231,25.02484743],[121.4131231,25.02484743],[121.412419,25.027136],[121.412419,25.027136],[121.41329,25.027967],[121.41329,25.027967],[121.415224,25.027524],[121.415224,25.027524],[121.420111,25.028728],[121.420111,25.028728],[121.423082,25.033264],[121.4271969,25.03701],[121.429036,25.040355],[121.42495,25.042955],[121.42495,25.042955],[121.426046,25.045341],[121.426046,25.045341],[121.427172,25.04793],[121.427172,25.04793],[121.42758,25.04923],[121.42758,25.04923],[121.42809,25.051508],[121.42809,25.051508],[121.43054,25.054264],[121.43054,25.054264],[121.4308068,25.05674382],[121.4308068,25.05674382],[121.4309468,25.05829241],[121.4309468,25.05829241],[121.432411,25.0607],[121.432411,25.0607],[121.431808,25.06237887],[121.431808,25.06237887],[121.428621,25.063788],[121.428621,25.063788],[121.42629,25.0642],[121.42629,25.0642],[121.4227125,25.06372522],[121.4227125,25.06372522],[121.4193721,25.065222],[121.4193721,25.065222],[121.4159657,25.066655],[121.413561,25.068277],[121.4108146,25.070501],[121.4066599,25.072654],[121.4025869,25.073621],[121.400169,25.071563],[121.397248,25.077941],[121.3951577,25.078518],[121.393094,25.07867],[121.3913393,25.078765],[121.389122,25.079042],[121.3872413,25.079278],[121.3844498,25.080172],[121.382632,25.080537],[121.3819138,25.079374],[121.3805499,25.077511],[121.380858,25.075604],[121.380874,25.07399],[121.377132,25.07423],[121.374825,25.072568],[121.371696,25.070194],[121.370375,25.070673],[121.368132,25.072667],[121.36622,25.073531],[121.3640819,25.072128],[121.3617782,25.0693],[121.3609493,25.066488]]}},{"type":"Feature","properties":{"route_name":"899","color":"#3ba7dc"},"geometry":{"type":"LineString","coordinates":[[121.465804,25.089056],[121.465804,25.089056],[121.467789,25.090065],[121.467789,25.090065],[121.4647878,25.09124688],[121.4647878,25.09124688],[121.4619116,25.09296818],[121.4619116,25.09296818],[121.452067,25.10246],[121.452067,25.10246],[121.4515372,25.10107435],[121.4515372,25.10107435],[121.4507744,25.09954372],[121.4507744,25.09954372],[121.449986,25.098013],[121.449986,25.098013],[121.4480911,25.09536596],[121.4480911,25.09536596],[121.447042,25.093227],[121.44643,25.090606],[121.445198,25.089019],[121.443406,25.086897],[121.441345,25.083785],[121.439172,25.084073],[121.439172,25.084073],[121.43805,25.083879],[121.43805,25.083879],[121.43736,25.082498],[121.43736,25.082498],[121.436258,25.079785],[121.436258,25.079785],[121.435035,25.076625],[121.435035,25.076625],[121.4351234,25.07430648],[121.4351234,25.07430648],[121.433055,25.073209],[121.433055,25.073209],[121.4303422,25.07170492],[121.4303422,25.07170492],[121.42786,25.07087],[121.42786,25.07087],[121.428977,25.069312],[121.428977,25.069312],[121.430235,25.069328],[121.430235,25.069328],[121.432341,25.070983],[121.432341,25.070983],[121.434261,25.071148],[121.434261,25.071148],[121.4353791,25.06966085],[121.4353791,25.06966085],[121.43454,25.06761],[121.43454,25.06761],[121.433433,25.06526521],[121.433433,25.06526521],[121.4334,25.06083],[121.4334,25.06083],[121.434603,25.05892699],[121.434603,25.05892699],[121.43571,25.05713],[121.43571,25.05713],[121.449031,25.065092],[121.451425,25.068098],[121.4539156,25.066522],[121.45596,25.0649],[121.456882,25.064069],[121.459313,25.062162]]}},{"type":"Feature","properties":{"route_name":"905","color":"#3bdca1"},"geometry":{"type":"LineString","coordinates":[[121.479176,24.945972],[121.479176,24.945972],[121.47982,24.94681],[121.47982,24.94681],[121.48195,24.94877],[121.481962,24.948762],[121.483119,24.949637],[121.483119,24.949637],[121.484465,24.95121],[121.484465,24.95121],[121.4860328,24.95159154],[121.4860328,24.95159154],[121.488385431569,24.951722671131],[121.488385431569,24.951722671131],[121.489551,24.951708],[121.489551,24.951708],[121.4915448,24.95177354],[121.4915448,24.95177354],[121.493053,24.952962],[121.493053,24.952962],[121.4946626,24.95431753],[121.4946626,24.95431753],[121.496698,24.955162],[121.496698,24.955162],[121.499054,24.956348],[121.499054,24.956348],[121.502106,24.95733611],[121.502106,24.95733611],[121.505929,24.958027],[121.505929,24.958027],[121.509284,24.959017],[121.509284,24.959017],[121.511483,24.960016],[121.511483,24.960016],[121.512648,24.962041],[121.512648,24.962041],[121.515311,24.963642],[121.515311,24.963642],[121.517942,24.963936],[121.517942,24.963936],[121.521365324681,24.9637050292789],[121.521365324681,24.9637050292789],[121.5235251,24.96347353],[121.5235251,24.96347353],[121.5259804,24.96294489],[121.52598,24.962917],[121.528339,24.961725],[121.528339,24.961725],[121.530152,24.961041],[121.530152,24.961041],[121.532361,24.960256],[121.532361,24.960256],[121.53982,24.963158],[121.53982,24.963158],[121.5405875,24.96500149],[121.5405875,24.96500149],[121.54161613426882,24.96763873691205],[121.54161613426882,24.96763873691205],[121.541397,24.971908],[121.541397,24.971908],[121.54022,24.972713],[121.54022,24.972713],[121.537621,24.974454],[121.537621,24.974454],[121.535279,24.97615],[121.535279,24.97615],[121.534303,24.978013],[121.534303,24.978013],[121.534014,24.979496],[121.534014,24.979496],[121.533911,24.981939],[121.533911,24.981939],[121.533806,24.983471],[121.533806,24.983471],[121.533644,24.98633],[121.533644,24.98633],[121.53405,24.990206],[121.53405,24.990206]]}},{"type":"Feature","properties":{"route_name":"905副","color":"#a4dc3b"},"geometry":{"type":"LineString","coordinates":[[121.479176,24.945972],[121.479176,24.945972],[121.47982,24.94681],[121.47982,24.94681],[121.481962,24.948762],[121.48195,24.94877],[121.483119,24.949637],[121.483119,24.949637],[121.484465,24.95121],[121.484465,24.95121],[121.4860328,24.95159154],[121.4860328,24.95159154],[121.488385431569,24.951722671131],[121.488385431569,24.951722671131],[121.489551,24.951708],[121.489551,24.951708],[121.4915448,24.95177354],[121.4915448,24.95177354],[121.493053,24.952962],[121.493053,24.952962],[121.4946626,24.95431753],[121.4946626,24.95431753],[121.496698,24.955162],[121.496698,24.955162],[121.499054,24.956348],[121.499054,24.956348],[121.502106,24.95733611],[121.502106,24.95733611],[121.505929,24.958027],[121.505929,24.958027],[121.509284,24.959017],[121.509284,24.959017],[121.511483,24.960016],[121.511483,24.960016],[121.512648,24.962041],[121.512648,24.962041],[121.515311,24.963642],[121.515311,24.963642],[121.517257,24.96503],[121.517257,24.96503],[121.518062,24.967108],[121.518062,24.967108],[121.518795,24.969329],[121.518795,24.969329],[121.51914,24.970794],[121.51914,24.970794],[121.519852,24.972839],[121.519852,24.972839],[121.51912,24.974308],[121.51912,24.974308],[121.517372,24.976061],[121.517372,24.976061],[121.5167886,24.97725375],[121.5167886,24.97725375]]}},{"type":"Feature","properties":{"route_name":"906","color":"#3bdca4"},"geometry":{"type":"LineString","coordinates":[[121.4756978,24.943391],[121.4764402,24.94431726],[121.4764402,24.94431726],[121.47824,24.94553],[121.47824,24.94553],[121.479176,24.945972],[121.479176,24.945972],[121.47982,24.94681],[121.47982,24.94681],[121.48195,24.94877],[121.481962,24.948762],[121.483119,24.949637],[121.483119,24.949637],[121.484465,24.95121],[121.484465,24.95121],[121.4860328,24.95159154],[121.4860328,24.95159154],[121.488385431569,24.951722671131],[121.488385431569,24.951722671131],[121.489551,24.951708],[121.489551,24.951708],[121.4915448,24.95177354],[121.4915448,24.95177354],[121.493053,24.952962],[121.493053,24.952962],[121.4946626,24.95431753],[121.4946626,24.95431753],[121.496698,24.955162],[121.496698,24.955162],[121.499054,24.956348],[121.499054,24.956348],[121.502106,24.95733611],[121.502106,24.95733611],[121.505929,24.958027],[121.505929,24.958027],[121.509284,24.959017],[121.509284,24.959017],[121.511483,24.960016],[121.511483,24.960016],[121.512648,24.962041],[121.512648,24.962041],[121.515311,24.963642],[121.515311,24.963642],[121.517942,24.963936],[121.517942,24.963936],[121.521365324681,24.9637050292789],[121.521365324681,24.9637050292789],[121.5235251,24.96347353],[121.5235251,24.96347353],[121.5259804,24.96294489],[121.52598,24.962917],[121.528339,24.961725],[121.528339,24.961725],[121.530152,24.961041],[121.530152,24.961041],[121.532361,24.960256],[121.532361,24.960256],[121.537062,24.962758],[121.537062,24.962758],[121.537161,24.966387],[121.537161,24.966387],[121.531284,24.971285],[121.531284,24.971285],[121.530184,24.973506],[121.530184,24.973506],[121.531576,24.975463],[121.531576,24.975463],[121.532852,24.977453],[121.532852,24.977453],[121.534014,24.979496],[121.534014,24.979496],[121.533911,24.981939],[121.533911,24.981939],[121.533806,24.983471],[121.533806,24.983471],[121.533644,24.98633],[121.533644,24.98633],[121.53405,24.990206],[121.53405,24.990206]]}},{"type":"Feature","properties":{"route_name":"907","color":"#3bdca7"},"geometry":{"type":"LineString","coordinates":[[121.646552,25.060656],[121.646552,25.060656],[121.648377,25.061077],[121.648377,25.061077],[121.65414,25.06234],[121.65414,25.06234],[121.657339,25.063652],[121.657339,25.063652],[121.6593,25.06458],[121.6593,25.06458],[121.662214,25.066644],[121.662214,25.066644],[121.664157,25.068624],[121.664157,25.068624],[121.666069,25.07144],[121.665955449534,25.0714240132516],[121.666245,25.073527],[121.666245,25.073527],[121.66712,25.076035],[121.667086798777,25.0759828471852]]}},{"type":"Feature","properties":{"route_name":"907通勤","color":"#563bdc"},"geometry":{"type":"LineString","coordinates":[[121.646552,25.060656],[121.646552,25.060656],[121.648377,25.061077],[121.648377,25.061077],[121.65414,25.06234],[121.65414,25.06234],[121.657339,25.063652],[121.657339,25.063652],[121.6593,25.06458],[121.6593,25.06458],[121.662214,25.066644],[121.662214,25.066644],[121.664157,25.068624],[121.664157,25.068624],[121.665955449534,25.0714240132516],[121.666069,25.07144],[121.666245,25.073527],[121.666245,25.073527],[121.667086798777,25.0759828471852],[121.66712,25.076035],[121.666894790178,25.0757709941611],[121.666894790178,25.0757709941611],[121.666124,25.073617],[121.666124,25.073617],[121.665938786409,25.0718638857203],[121.665938786409,25.0718638857203],[121.664158,25.068761],[121.664158,25.068761],[121.661871,25.066476],[121.661871,25.066476],[121.65913,25.06478],[121.65913,25.06478],[121.656,25.063336],[121.656,25.063336],[121.652972,25.062102],[121.652972,25.062102],[121.64922,25.06145],[121.64922,25.06145],[121.646151832258,25.0608168661478],[121.646153,25.060814]]}},{"type":"Feature","properties":{"route_name":"908","color":"#3bdca9"},"geometry":{"type":"LineString","coordinates":[[121.367161,24.93748],[121.369458,24.935981],[121.370229,24.937122],[121.369821,24.938765],[121.367802,24.939065],[121.3635229,24.93883104],[121.36251,24.940937],[121.480986,24.988708],[121.485429,24.997541],[121.485429,24.997541],[121.484429,24.996128],[121.484429,24.996128],[121.4903845,24.99626066],[121.4903845,24.99626066],[121.492320399314,24.9965568353221],[121.492320399314,24.9965568353221],[121.4951329,24.99819818],[121.4951329,24.99819818],[121.49693,25.000377],[121.4996731019886,24.998331595875737],[121.4996731019886,24.998331595875737],[121.50137333996481,24.995456001390632],[121.50137333996481,24.995456001390632],[121.503843,24.993774]]}},{"type":"Feature","properties":{"route_name":"908延","color":"#3bdc74"},"geometry":{"type":"LineString","coordinates":[[121.3743177,24.932701],[121.371938,24.930262],[121.3710349,24.927763],[121.37274,24.92667],[121.375272,24.927307],[121.377385,24.928825],[121.378308,24.93064],[121.375808,24.932687],[121.370229,24.937122],[121.369821,24.938765],[121.367802,24.939065],[121.3635229,24.93883104],[121.36251,24.940937],[121.480986,24.988708],[121.485429,24.997541],[121.485429,24.997541],[121.484429,24.996128],[121.484429,24.996128],[121.4903845,24.99626066],[121.4903845,24.99626066],[121.492320399314,24.9965568353221],[121.492320399314,24.9965568353221],[121.4951329,24.99819818],[121.4951329,24.99819818],[121.49693,25.000377],[121.4996731019886,24.998331595875737],[121.4996731019886,24.998331595875737],[121.50137333996481,24.995456001390632],[121.50137333996481,24.995456001390632],[121.503843,24.993774]]}},{"type":"Feature","properties":{"route_name":"909","color":"#3bdcac"},"geometry":{"type":"LineString","coordinates":[[121.4756978,24.943391],[121.4764402,24.94431726],[121.4764402,24.94431726],[121.47824,24.94553],[121.47824,24.94553],[121.479176,24.945972],[121.479176,24.945972],[121.47982,24.94681],[121.47982,24.94681],[121.481962,24.948762],[121.48195,24.94877],[121.483119,24.949637],[121.483119,24.949637],[121.484465,24.95121],[121.484465,24.95121],[121.4860328,24.95159154],[121.4860328,24.95159154],[121.488385431569,24.951722671131],[121.488385431569,24.951722671131],[121.489551,24.951708],[121.489551,24.951708],[121.4915448,24.95177354],[121.4915448,24.95177354],[121.494962,24.950291],[121.494962,24.950291],[121.49542,24.94692],[121.49542,24.94692],[121.49595,24.94818],[121.49595,24.94818],[121.495196,24.950275],[121.495196,24.950275],[121.493053,24.952962],[121.493053,24.952962],[121.4946626,24.95431753],[121.4946626,24.95431753],[121.496698,24.955162],[121.496698,24.955162],[121.499054,24.956348],[121.499054,24.956348],[121.502106,24.95733611],[121.502106,24.95733611],[121.505929,24.958027],[121.505929,24.958027],[121.509284,24.959017],[121.509284,24.959017],[121.511483,24.960016],[121.511483,24.960016],[121.512648,24.962041],[121.512648,24.962041],[121.515311,24.963642],[121.515311,24.963642],[121.517942,24.963936],[121.517942,24.963936],[121.521365324681,24.9637050292789],[121.521365324681,24.9637050292789],[121.5235251,24.96347353],[121.5235251,24.96347353],[121.52598,24.962917],[121.5259804,24.96294489],[121.528339,24.961725],[121.528339,24.961725],[121.530152,24.961041],[121.530152,24.961041],[121.532361,24.960256],[121.532361,24.960256],[121.53982,24.963158],[121.53982,24.963158],[121.5405875,24.96500149],[121.5405875,24.96500149],[121.5403802,24.967665],[121.5403802,24.967665],[121.538845,24.969422],[121.538845,24.969422],[121.53715,24.97099],[121.53715,24.97099],[121.535357,24.972058],[121.535357,24.972058],[121.534027,24.973586],[121.534027,24.973586],[121.53529,24.97519],[121.53529,24.97519],[121.537003,24.975918],[121.537003,24.975918],[121.538881,24.977759],[121.538881,24.977759],[121.5384812,24.97949646],[121.537769,24.981383],[121.535467,24.982885],[121.535467,24.982885],[121.533806,24.983471],[121.533806,24.983471],[121.533644,24.98633],[121.533644,24.98633],[121.53405,24.990206],[121.53405,24.990206]]}},{"type":"Feature","properties":{"route_name":"910","color":"#3bd1dc"},"geometry":{"type":"LineString","coordinates":[[121.367161,24.93748],[121.369458,24.935981],[121.372124,24.936067],[121.3741,24.935495],[121.3743177,24.932701],[121.371938,24.930262],[121.3710349,24.927763],[121.37274,24.92667],[121.375272,24.927307],[121.377385,24.928825],[121.378308,24.93064],[121.375808,24.932687],[121.374048,24.936578],[121.37294,24.937495],[121.370933,24.938441],[121.369821,24.938765],[121.367802,24.939065],[121.3635229,24.93883104],[121.36251,24.940937],[121.426491,24.959255],[121.4563695,25.006681],[121.458454,25.009036],[121.458454,25.009036]]}},{"type":"Feature","properties":{"route_name":"912","color":"#3bccdc"},"geometry":{"type":"LineString","coordinates":[[121.643397627735,25.012111368084],[121.643397627735,25.012111368084],[121.641907166857,25.0114179020809],[121.641907166857,25.0114179020809],[121.638256,25.01058806],[121.63834845794,25.0105450492034],[121.636200049589,25.0107960445339],[121.636200049589,25.0107960445339],[121.632806777056,25.0109875470678],[121.632806777056,25.0109875470678],[121.62948718649,25.0088090999413],[121.62948718649,25.0088090999413],[121.627291972304,25.0075862762931],[121.627291972304,25.0075862762931],[121.623256,25.00535],[121.623256,25.00535],[121.621668852284,25.0046911438587],[121.621668852284,25.0046911438587],[121.618530798628,25.0039515057549],[121.618530798628,25.0039515057549],[121.616794076485,25.0033150747729],[121.616794076485,25.0033150747729],[121.614578,25.002433],[121.614578,25.002433],[121.6121775,25.00129696],[121.612074528182,25.001240884043],[121.610017,25.001078],[121.610017,25.001078],[121.606,25.00185175143],[121.606,25.00185175143],[121.603712640729,25.0027777194038],[121.603712640729,25.0027777194038],[121.600780470525,25.003972883576],[121.600780470525,25.003972883576],[121.5983666,25.00478613],[121.59836661839,25.00478612556]]}},{"type":"Feature","properties":{"route_name":"913","color":"#3bc9dc"},"geometry":{"type":"LineString","coordinates":[[121.4756978,24.943391],[121.4764402,24.94431726],[121.4764402,24.94431726],[121.47824,24.94553],[121.47824,24.94553],[121.479176,24.945972],[121.479176,24.945972],[121.47982,24.94681],[121.47982,24.94681],[121.48195,24.94877],[121.481962,24.948762],[121.483119,24.949637],[121.483119,24.949637],[121.484465,24.95121],[121.484465,24.95121],[121.4860328,24.95159154],[121.4860328,24.95159154],[121.488385431569,24.951722671131],[121.488385431569,24.951722671131],[121.489551,24.951708],[121.489551,24.951708],[121.4915448,24.95177354],[121.4915448,24.95177354],[121.493053,24.952962],[121.493053,24.952962],[121.4946626,24.95431753],[121.4946626,24.95431753],[121.496698,24.955162],[121.496698,24.955162],[121.499054,24.956348],[121.499054,24.956348],[121.502106,24.95733611],[121.502106,24.95733611],[121.505929,24.958027],[121.505929,24.958027],[121.509284,24.959017],[121.509284,24.959017],[121.511483,24.960016],[121.511483,24.960016],[121.512648,24.962041],[121.512648,24.962041],[121.515311,24.963642],[121.515311,24.963642],[121.517257,24.96503],[121.517257,24.96503],[121.518062,24.967108],[121.518062,24.967108],[121.518795,24.969329],[121.518795,24.969329],[121.51914,24.970794],[121.51914,24.970794],[121.519852,24.972839],[121.519852,24.972839],[121.51912,24.974308],[121.51912,24.974308],[121.517372,24.976061],[121.517372,24.976061],[121.5167886,24.97725375],[121.5167886,24.97725375],[121.534258,24.993144]]}},{"type":"Feature","properties":{"route_name":"916","color":"#3bc1dc"},"geometry":{"type":"LineString","coordinates":[[121.367161,24.93748],[121.369458,24.935981],[121.372124,24.936067],[121.3741,24.935495],[121.3756319,24.9363],[121.377027,24.937031],[121.37846,24.9395],[121.379266,24.94237],[121.378919,24.944346],[121.3775706,24.94675265],[121.3765923,24.947112],[121.37483,24.94629],[121.37368,24.94489],[121.3749655,24.943183],[121.37419,24.9416],[121.3709899,24.94137],[121.3683827,24.940404],[121.367802,24.939065],[121.3635229,24.93883104],[121.395164,24.950708],[121.426491,24.959255],[121.434258,24.965538],[121.4365891,24.96693499],[121.439524,24.968824],[121.440187,24.9704]]}},{"type":"Feature","properties":{"route_name":"917","color":"#3bbfdc"},"geometry":{"type":"LineString","coordinates":[[121.357768,24.953744],[121.358852,24.954907],[121.354993,24.955077],[121.351399,24.957165],[121.350498,24.953993],[121.350215,24.953559],[121.347515,24.953486],[121.3469728,24.955067],[121.34873,24.95583],[121.350498,24.953993],[121.351057,24.953082],[121.352637,24.94957114],[121.360137,24.942004],[121.3648599,24.94297],[121.3724734,24.948053],[121.374955,24.949139],[121.378352,24.950251],[121.381509,24.950885],[121.385623,24.951229],[121.401652,24.95063],[121.434258,24.965538],[121.4365891,24.96693499],[121.439524,24.968824]]}},{"type":"Feature","properties":{"route_name":"918","color":"#3bbcdc"},"geometry":{"type":"LineString","coordinates":[[121.421732,25.064271],[121.421732,25.064271],[121.4193721,25.065222],[121.4193721,25.065222],[121.42295,25.06359],[121.42295,25.06359],[121.42611,25.064055],[121.42611,25.064055],[121.428533,25.063667],[121.428533,25.063667],[121.432001,25.062072],[121.432001,25.062072],[121.4334,25.06083],[121.4334,25.06083],[121.434603,25.05892699],[121.434603,25.05892699],[121.43571,25.05713],[121.43571,25.05713],[121.43703,25.05498],[121.438154103996,25.0531414843833],[121.438154103996,25.0531414843833],[121.439055,25.051587],[121.439055,25.051587],[121.4438,25.048964],[121.445379037224,25.0490066229995],[121.445379037224,25.0490066229995],[121.448561,25.049077],[121.448561,25.049077],[121.451369639862,25.0491543957239],[121.451369639862,25.0491543957239],[121.452983,25.050565],[121.452983,25.050565],[121.45233725893,25.0528494498004],[121.45233725893,25.0528494498004],[121.454002,25.054271],[121.454002,25.054271],[121.457564,25.05425],[121.457564,25.05425],[121.459672,25.050278],[121.459643,25.047988],[121.4596915,25.045434],[121.45976,25.04304],[121.45976,25.04304],[121.459856,25.040005],[121.459856,25.040005],[121.46687,25.024488],[121.468393,25.021831],[121.485116,24.998133],[121.534789,24.987633],[121.53708,24.98687],[121.536818,24.985271],[121.536818,24.985271],[121.538244,24.98279],[121.540005,24.982831],[121.541691,24.980858],[121.541691,24.980858],[121.542478,24.978011],[121.542478,24.978011],[121.54279,24.974123],[121.54279,24.974123],[121.5426501,24.97141],[121.5426501,24.97141],[121.541385,24.967768],[121.541385,24.967768],[121.5403802,24.967665],[121.5403802,24.967665],[121.538845,24.969422],[121.538845,24.969422],[121.53715,24.97099],[121.53715,24.97099],[121.535357,24.972058],[121.535357,24.972058],[121.534027,24.973586],[121.534027,24.973586],[121.53529,24.97519],[121.53529,24.97519],[121.537963,24.974051],[121.537963,24.974051],[121.540277,24.972496],[121.540277,24.972496]]}},{"type":"Feature","properties":{"route_name":"918區","color":"#7c3bdc"},"geometry":{"type":"LineString","coordinates":[[121.421732,25.064271],[121.421732,25.064271],[121.4193721,25.065222],[121.4193721,25.065222],[121.42295,25.06359],[121.42295,25.06359],[121.42611,25.064055],[121.42611,25.064055],[121.428533,25.063667],[121.428533,25.063667],[121.432001,25.062072],[121.432001,25.062072],[121.4334,25.06083],[121.4334,25.06083],[121.434603,25.05892699],[121.434603,25.05892699],[121.43571,25.05713],[121.43571,25.05713],[121.43703,25.05498],[121.438154103996,25.0531414843833],[121.438154103996,25.0531414843833],[121.439055,25.051587],[121.439055,25.051587],[121.4438,25.048964],[121.445379037224,25.0490066229995],[121.445379037224,25.0490066229995],[121.448561,25.049077],[121.448561,25.049077],[121.451369639862,25.0491543957239],[121.451369639862,25.0491543957239],[121.452983,25.050565],[121.452983,25.050565],[121.45233725893,25.0528494498004],[121.45233725893,25.0528494498004],[121.454002,25.054271],[121.454002,25.054271],[121.457564,25.05425],[121.457564,25.05425],[121.459672,25.050278],[121.459643,25.047988],[121.4596915,25.045434],[121.45976,25.04304],[121.45976,25.04304],[121.459856,25.040005],[121.459856,25.040005],[121.467161,25.023861],[121.466622,25.020964],[121.466622,25.020964],[121.465,25.018889],[121.465,25.018889],[121.462646,25.016025],[121.462646,25.016025],[121.460871,25.013298],[121.460871,25.013298]]}},{"type":"Feature","properties":{"route_name":"919","color":"#3bb9dc"},"geometry":{"type":"LineString","coordinates":[[121.683273,25.074762],[121.683273,25.074762],[121.682809,25.072605],[121.682809,25.072605],[121.67919,25.07129],[121.67919,25.07129],[121.675147,25.073658],[121.675147,25.073658],[121.67317,25.0763],[121.67317,25.0763],[121.6676204,25.07733],[121.6676204,25.07733],[121.66475,25.07167],[121.66475,25.07167],[121.661689061306,25.0691766561076],[121.661689061306,25.0691766561076],[121.659997,25.067906],[121.659997,25.067906],[121.654564,25.066335],[121.654564,25.066335],[121.652863,25.06486],[121.652863,25.06486],[121.650598,25.063921],[121.650598,25.063921],[121.647015298289,25.0629554356458],[121.647015298289,25.0629554356458],[121.644615,25.062079],[121.644615,25.062079],[121.64195,25.061],[121.64195,25.061],[121.638218,25.05933],[121.638218,25.05933],[121.634221,25.057679],[121.634221,25.057679],[121.632022,25.05616],[121.632175626719,25.0562484993939],[121.62191,25.055038],[121.62191,25.055038]]}},{"type":"Feature","properties":{"route_name":"920","color":"#3b7edc"},"geometry":{"type":"LineString","coordinates":[[121.368811,25.080503],[121.365628,25.077656],[121.3643095,25.075454],[121.365538,25.074482],[121.3685872,25.074581],[121.3703745,25.075904],[121.3721254,25.077305],[121.3736201,25.079054],[121.375078,25.081006],[121.375899,25.082084],[121.377965,25.083582],[121.3805347,25.081946],[121.3842439,25.079972],[121.3869568,25.07908],[121.389865,25.078714],[121.393112,25.078431],[121.3960159,25.078166],[121.3963579,25.076726],[121.3940716,25.075973],[121.390969,25.076524],[121.388861,25.076704],[121.385517,25.076185],[121.382833,25.074684],[121.380874,25.07399],[121.378317,25.074204],[121.3758913,25.075993],[121.373143,25.07574],[121.3708094,25.073744],[121.3691045,25.072273],[121.3670383,25.070496],[121.364914,25.068083],[121.364271,25.066587],[121.380368,25.06486],[121.424462,25.066502],[121.454573,25.059899],[121.4572695,25.058714],[121.45958,25.0553],[121.45958,25.0553],[121.459672,25.050278],[121.459643,25.047988],[121.4596915,25.045434],[121.45976,25.04304],[121.45976,25.04304],[121.459856,25.040005],[121.459856,25.040005],[121.467161,25.023861],[121.466622,25.020964],[121.466622,25.020964],[121.465,25.018889],[121.465,25.018889],[121.462646,25.016025],[121.462646,25.016025],[121.460677,25.01352],[121.460677,25.01352],[121.458454,25.009036],[121.458454,25.009036]]}},{"type":"Feature","properties":{"route_name":"920A","color":"#563bdc"},"geometry":{"type":"LineString","coordinates":[[121.368811,25.080503],[121.365628,25.077656],[121.3643095,25.075454],[121.365538,25.074482],[121.3685872,25.074581],[121.3703745,25.075904],[121.3721254,25.077305],[121.3736201,25.079054],[121.375078,25.081006],[121.375899,25.082084],[121.377965,25.083582],[121.3805347,25.081946],[121.3842439,25.079972],[121.3869568,25.07908],[121.389865,25.078714],[121.393112,25.078431],[121.3960159,25.078166],[121.3963579,25.076726],[121.3940716,25.075973],[121.390969,25.076524],[121.388861,25.076704],[121.385517,25.076185],[121.382833,25.074684],[121.380874,25.07399],[121.378317,25.074204],[121.3758913,25.075993],[121.373143,25.07574],[121.3708094,25.073744],[121.3691045,25.072273],[121.3670383,25.070496],[121.364914,25.068083],[121.364271,25.066587],[121.380368,25.06486],[121.424462,25.066502],[121.454573,25.059899],[121.4572695,25.058714],[121.45958,25.0553],[121.45958,25.0553],[121.459672,25.050278],[121.459643,25.047988],[121.4596915,25.045434],[121.45976,25.04304],[121.45976,25.04304],[121.459856,25.040005],[121.459856,25.040005],[121.467161,25.023861],[121.466622,25.020964],[121.466622,25.020964],[121.465,25.018889],[121.465,25.018889],[121.462646,25.016025],[121.462646,25.016025],[121.460677,25.01352],[121.460677,25.01352],[121.458454,25.009036],[121.458454,25.009036]]}},{"type":"Feature","properties":{"route_name":"920副","color":"#dcbc3b"},"geometry":{"type":"LineString","coordinates":[[121.362354,25.066728],[121.424462,25.066502],[121.454573,25.059899],[121.4572695,25.058714],[121.45958,25.0553],[121.45958,25.0553],[121.459672,25.050278],[121.459643,25.047988],[121.4596915,25.045434],[121.45976,25.04304],[121.45976,25.04304],[121.459856,25.040005],[121.459856,25.040005],[121.467161,25.023861],[121.466622,25.020964],[121.466622,25.020964],[121.465,25.018889],[121.465,25.018889],[121.462646,25.016025],[121.462646,25.016025],[121.460677,25.01352],[121.460677,25.01352],[121.458454,25.009036],[121.458454,25.009036]]}},{"type":"Feature","properties":{"route_name":"921","color":"#3b7cdc"},"geometry":{"type":"LineString","coordinates":[[121.378934,24.941182],[121.379266,24.94237],[121.380694,24.943771],[121.382402,24.945598],[121.38206,24.947159],[121.3797908,24.948158],[121.3776023,24.947473],[121.3765923,24.947112],[121.37483,24.94629],[121.37368,24.94489],[121.3749655,24.943183],[121.37419,24.9416],[121.3709899,24.94137],[121.3683827,24.940404],[121.367802,24.939065],[121.3635229,24.93883104],[121.36251,24.940937],[121.480986,24.988708],[121.485429,24.997541],[121.485429,24.997541],[121.484429,24.996128],[121.484429,24.996128],[121.4903845,24.99626066],[121.4903845,24.99626066],[121.492320399314,24.9965568353221],[121.492320399314,24.9965568353221],[121.4951329,24.99819818],[121.4951329,24.99819818],[121.49693,25.000377],[121.4996731019886,24.998331595875737],[121.4996731019886,24.998331595875737],[121.50137333996481,24.995456001390632],[121.50137333996481,24.995456001390632],[121.50421,24.99367],[121.50421,24.99367]]}},{"type":"Feature","properties":{"route_name":"922","color":"#3b79dc"},"geometry":{"type":"LineString","coordinates":[[121.378934,24.941182],[121.379266,24.94237],[121.378919,24.944346],[121.3798054,24.945304],[121.3826686,24.946176],[121.385364,24.948118],[121.3843777,24.948895],[121.3819842,24.948622],[121.3797908,24.948158],[121.3776023,24.947473],[121.3765923,24.947112],[121.37483,24.94629],[121.372978,24.946045],[121.3724734,24.948053],[121.374955,24.949139],[121.378352,24.950251],[121.381509,24.950885],[121.385623,24.951229],[121.401652,24.95063],[121.434258,24.965538],[121.4365891,24.96693499]]}},{"type":"Feature","properties":{"route_name":"923","color":"#3b76dc"},"geometry":{"type":"LineString","coordinates":[[121.709876,24.935506],[121.712961,24.93705],[121.711219,24.94415],[121.6422517,25.00877],[121.6305868,25.005201],[121.6274888,25.002557],[121.6232469,25.000673],[121.621305,25.000203],[121.61604,24.99886],[121.615986,24.998836],[121.611603,24.998231],[121.611603,24.998231],[121.6091801,24.998692],[121.6091801,24.998607],[121.54502,24.969788],[121.541385,24.967768],[121.541385,24.967768],[121.5404224,24.96516884],[121.5404224,24.96516884],[121.53963,24.963276],[121.53755,24.958392],[121.53755,24.958392]]}},{"type":"Feature","properties":{"route_name":"925","color":"#3b71dc"},"geometry":{"type":"LineString","coordinates":[[121.368811,25.080503],[121.3712972,25.079012],[121.375826,25.077974],[121.3763166,25.081632],[121.375899,25.082084],[121.377965,25.083582],[121.3805347,25.081946],[121.3842439,25.079972],[121.3869568,25.07908],[121.389865,25.078714],[121.393112,25.078431],[121.3960159,25.078166],[121.3963579,25.076726],[121.3940716,25.075973],[121.390969,25.076524],[121.388861,25.076704],[121.385517,25.076185],[121.382833,25.074684],[121.380874,25.07399],[121.377132,25.07423],[121.3766,25.071198],[121.376983,25.069309],[121.3756862,25.068333],[121.3722966,25.068819],[121.370375,25.070673],[121.3670383,25.070496],[121.364914,25.068083],[121.364271,25.066587],[121.380368,25.06486],[121.424462,25.066502],[121.4924535,25.07349256],[121.4924535,25.07349256],[121.490969,25.074357],[121.490969,25.074357],[121.4873983,25.07639978],[121.4873983,25.07639978],[121.486132,25.07710199],[121.486132,25.07710199],[121.4844874,25.0780278],[121.4844874,25.0780278],[121.4828427,25.0789135],[121.4828427,25.0789135],[121.480476,25.080319],[121.480476,25.080319],[121.4791180235,25.0810914736106],[121.4791180235,25.0810914736106],[121.47682,25.08167],[121.47682,25.08167],[121.4757728,25.08281724],[121.4757728,25.08281724],[121.473682,25.085397],[121.473682,25.085397],[121.4725592,25.08630081],[121.4725592,25.08630081],[121.47086,25.087643],[121.47086,25.087643],[121.469135,25.089033],[121.469135,25.089033],[121.4647878,25.09124688],[121.4647878,25.09124688]]}},{"type":"Feature","properties":{"route_name":"925A","color":"#dcb43b"},"geometry":{"type":"LineString","coordinates":[[121.368811,25.080503],[121.3712972,25.079012],[121.375826,25.077974],[121.3763166,25.081632],[121.375899,25.082084],[121.377965,25.083582],[121.3805347,25.081946],[121.3842439,25.079972],[121.3869568,25.07908],[121.389865,25.078714],[121.393112,25.078431],[121.3960159,25.078166],[121.3963579,25.076726],[121.3940716,25.075973],[121.390969,25.076524],[121.388861,25.076704],[121.385517,25.076185],[121.382833,25.074684],[121.380874,25.07399],[121.377132,25.07423],[121.3766,25.071198],[121.376983,25.069309],[121.3756862,25.068333],[121.3722966,25.068819],[121.370375,25.070673],[121.3670383,25.070496],[121.364914,25.068083],[121.364271,25.066587],[121.380368,25.06486],[121.424462,25.066502],[121.4924535,25.07349256],[121.4924535,25.07349256],[121.490969,25.074357],[121.490969,25.074357],[121.4873983,25.07639978],[121.4873983,25.07639978],[121.486132,25.07710199],[121.486132,25.07710199],[121.4844874,25.0780278],[121.4844874,25.0780278],[121.4828427,25.0789135],[121.4828427,25.0789135],[121.480476,25.080319],[121.480476,25.080319],[121.4791180235,25.0810914736106],[121.4791180235,25.0810914736106],[121.47682,25.08167],[121.47682,25.08167],[121.4757728,25.08281724],[121.4757728,25.08281724],[121.473682,25.085397],[121.473682,25.085397],[121.4725592,25.08630081],[121.4725592,25.08630081],[121.47086,25.087643],[121.47086,25.087643],[121.469135,25.089033],[121.469135,25.089033],[121.4647878,25.09124688],[121.4647878,25.09124688]]}},{"type":"Feature","properties":{"route_name":"927","color":"#3b6cdc"},"geometry":{"type":"LineString","coordinates":[[121.48817,25.08941],[121.48817,25.08941],[121.489793,25.089507],[121.489793,25.089507],[121.489294,25.087346],[121.489294,25.087346],[121.4879548,25.08727296],[121.4879548,25.08727296],[121.484541,25.088503],[121.48288,25.087002],[121.48288,25.087002],[121.4808989,25.08402005],[121.4808989,25.08402005],[121.47994,25.08181],[121.47994,25.08181],[121.4791180235,25.0810914736106],[121.4791180235,25.0810914736106],[121.47682,25.08167],[121.47682,25.08167],[121.4735458,25.08207017],[121.4735458,25.08207017],[121.4714493,25.08145684],[121.4714493,25.08145684],[121.4694739,25.0795305],[121.4694739,25.0795305],[121.4668572,25.080799],[121.463516,25.08252],[121.4605977,25.083105],[121.4592928,25.082454],[121.447847,25.088918],[121.3977429,25.145911],[121.398251,25.146813],[121.398251,25.146813],[121.400021,25.147471],[121.400021,25.147471],[121.4015,25.148318],[121.4015,25.148318],[121.402932,25.1489121],[121.402932,25.1489121],[121.404623,25.149966],[121.404623,25.149966],[121.40553,25.15186],[121.40553,25.15186],[121.40615,25.152877],[121.40615,25.152877],[121.406797,25.153621],[121.406797,25.153621],[121.408651,25.155874],[121.408651,25.155874],[121.41074,25.157441],[121.41074,25.157441],[121.41205,25.158527],[121.41205,25.158527],[121.4139447,25.15970821],[121.4139447,25.15970821],[121.416892,25.159307],[121.416892,25.159307],[121.41876,25.1596],[121.41876,25.1596],[121.42105,25.15924],[121.42105,25.15924],[121.422092,25.158932],[121.422092,25.158932],[121.424899,25.159018],[121.424899,25.159018],[121.428344,25.159046],[121.428344,25.159046],[121.4296279,25.160474]]}},{"type":"Feature","properties":{"route_name":"927經台北港","color":"#433bdc"},"geometry":{"type":"LineString","coordinates":[[121.48817,25.08941],[121.48817,25.08941],[121.489793,25.089507],[121.489793,25.089507],[121.489294,25.087346],[121.489294,25.087346],[121.4879548,25.08727296],[121.4879548,25.08727296],[121.484541,25.088503],[121.48288,25.087002],[121.48288,25.087002],[121.4808989,25.08402005],[121.4808989,25.08402005],[121.47994,25.08181],[121.47994,25.08181],[121.4791180235,25.0810914736106],[121.4791180235,25.0810914736106],[121.47682,25.08167],[121.47682,25.08167],[121.4735458,25.08207017],[121.4735458,25.08207017],[121.4714493,25.08145684],[121.4714493,25.08145684],[121.4694739,25.0795305],[121.4694739,25.0795305],[121.4668572,25.080799],[121.463516,25.08252],[121.4605977,25.083105],[121.4592928,25.082454],[121.447847,25.088918],[121.391415,25.151191],[121.3977429,25.145911],[121.398251,25.146813],[121.398251,25.146813],[121.400021,25.147471],[121.400021,25.147471],[121.4015,25.148318],[121.4015,25.148318],[121.402932,25.1489121],[121.402932,25.1489121],[121.404623,25.149966],[121.404623,25.149966],[121.40553,25.15186],[121.40553,25.15186],[121.40615,25.152877],[121.40615,25.152877],[121.406797,25.153621],[121.406797,25.153621],[121.408651,25.155874],[121.408651,25.155874],[121.41074,25.157441],[121.41074,25.157441],[121.41205,25.158527],[121.41205,25.158527],[121.4139447,25.15970821],[121.4139447,25.15970821],[121.416892,25.159307],[121.416892,25.159307],[121.41876,25.1596],[121.41876,25.1596],[121.42105,25.15924],[121.42105,25.15924],[121.422092,25.158932],[121.422092,25.158932],[121.424899,25.159018],[121.424899,25.159018],[121.428344,25.159046],[121.428344,25.159046],[121.4296279,25.160474]]}},{"type":"Feature","properties":{"route_name":"928","color":"#3b69dc"},"geometry":{"type":"LineString","coordinates":[[121.48817,25.08941],[121.48817,25.08941],[121.489793,25.089507],[121.489793,25.089507],[121.489294,25.087346],[121.489294,25.087346],[121.4879548,25.08727296],[121.4879548,25.08727296],[121.484541,25.088503],[121.48288,25.087002],[121.48288,25.087002],[121.4808989,25.08402005],[121.4808989,25.08402005],[121.47994,25.08181],[121.47994,25.08181],[121.4791180235,25.0810914736106],[121.4791180235,25.0810914736106],[121.47682,25.08167],[121.47682,25.08167],[121.4735458,25.08207017],[121.4735458,25.08207017],[121.4714493,25.08145684],[121.4714493,25.08145684],[121.4694739,25.0795305],[121.4694739,25.0795305],[121.4668572,25.080799],[121.463516,25.08252],[121.4605977,25.083105],[121.4592928,25.082454],[121.447847,25.088918],[121.3977429,25.145911],[121.398251,25.146813],[121.398251,25.146813],[121.400021,25.147471],[121.400021,25.147471],[121.4015,25.148318],[121.4015,25.148318],[121.402932,25.1489121],[121.402932,25.1489121],[121.404623,25.149966],[121.404623,25.149966],[121.40553,25.15186],[121.40553,25.15186],[121.40615,25.152877],[121.40615,25.152877],[121.406797,25.153621],[121.406797,25.153621],[121.408651,25.155874],[121.408651,25.155874],[121.41074,25.157441],[121.41074,25.157441],[121.41205,25.158527],[121.41205,25.158527],[121.4139447,25.15970821],[121.4139447,25.15970821],[121.416892,25.159307],[121.416892,25.159307],[121.41876,25.1596],[121.41876,25.1596],[121.42105,25.15924],[121.42105,25.15924],[121.422092,25.158932],[121.422092,25.158932],[121.4295288,25.160633],[121.42872,25.15918],[121.42872,25.15918],[121.424892,25.159319],[121.424892,25.159319],[121.4202768,25.157411],[121.41463,25.154754],[121.406691,25.150818],[121.406691,25.150818],[121.4040856,25.14869],[121.4040856,25.14869],[121.4002943,25.14583],[121.4002943,25.14583],[121.3985723,25.144765],[121.3985723,25.144765],[121.396419,25.143191],[121.396419,25.143191]]}},{"type":"Feature","properties":{"route_name":"930","color":"#4b3bdc"},"geometry":{"type":"LineString","coordinates":[[121.5450033,24.95104968],[121.5450033,24.95104968],[121.546789,24.951217],[121.546789,24.951217],[121.5470007,24.95262687],[121.5470007,24.95262687],[121.5428729,24.95305082],[121.5428729,24.95305082],[121.5405279,24.95347027],[121.5405279,24.95347027],[121.539103,24.955388],[121.539103,24.955388],[121.538524,24.956689],[121.538524,24.956689],[121.538126,24.958891],[121.538126,24.958891],[121.53982,24.963158],[121.53982,24.963158],[121.5405875,24.96500149],[121.5405875,24.96500149],[121.54161613426882,24.96763873691205],[121.54161613426882,24.96763873691205],[121.542921,24.971513],[121.542921,24.971513],[121.5430453,24.9753],[121.5430453,24.9753],[121.542795,24.978161],[121.542795,24.978161],[121.5414605,24.978877],[121.5385193,24.97769404],[121.5385193,24.97769404],[121.5369817,24.97628294],[121.5369817,24.97628294],[121.535279,24.97615],[121.535279,24.97615],[121.534303,24.978013],[121.534303,24.978013],[121.534014,24.979496],[121.534014,24.979496],[121.533911,24.981939],[121.533911,24.981939],[121.533806,24.983471],[121.533806,24.983471],[121.533644,24.98633],[121.533644,24.98633],[121.489018,24.994309],[121.469272,25.021691],[121.467161,25.023861],[121.466622,25.020964],[121.466622,25.020964],[121.465,25.018889],[121.465,25.018889],[121.462646,25.016025],[121.462646,25.016025],[121.460677,25.01352],[121.460677,25.01352]]}},{"type":"Feature","properties":{"route_name":"930延","color":"#663bdc"},"geometry":{"type":"LineString","coordinates":[[121.564029,24.953492],[121.564029,24.953492],[121.5616522,24.95414482],[121.5616522,24.95414482],[121.5591371,24.95437159],[121.5591371,24.95437159],[121.557333,24.953935],[121.557333,24.953935],[121.554816,24.953628],[121.554816,24.953628],[121.551785,24.95324],[121.551785,24.95324],[121.55011,24.952342],[121.55011,24.952342],[121.5470007,24.95262687],[121.5470007,24.95262687],[121.5428729,24.95305082],[121.5428729,24.95305082],[121.5405279,24.95347027],[121.5405279,24.95347027],[121.539103,24.955388],[121.539103,24.955388],[121.538524,24.956689],[121.538524,24.956689],[121.538126,24.958891],[121.538126,24.958891],[121.53982,24.963158],[121.53982,24.963158],[121.5405875,24.96500149],[121.5405875,24.96500149],[121.54161613426882,24.96763873691205],[121.54161613426882,24.96763873691205],[121.542921,24.971513],[121.542921,24.971513],[121.5430453,24.9753],[121.5430453,24.9753],[121.542795,24.978161],[121.542795,24.978161],[121.5414605,24.978877],[121.5385193,24.97769404],[121.5385193,24.97769404],[121.5369817,24.97628294],[121.5369817,24.97628294],[121.535279,24.97615],[121.535279,24.97615],[121.534303,24.978013],[121.534303,24.978013],[121.534014,24.979496],[121.534014,24.979496],[121.533911,24.981939],[121.533911,24.981939],[121.533806,24.983471],[121.533806,24.983471],[121.533644,24.98633],[121.533644,24.98633],[121.489018,24.994309],[121.469272,25.021691],[121.467161,25.023861],[121.466622,25.020964],[121.466622,25.020964],[121.465,25.018889],[121.465,25.018889],[121.462646,25.016025],[121.462646,25.016025],[121.460677,25.01352],[121.460677,25.01352]]}},{"type":"Feature","properties":{"route_name":"932","color":"#513bdc"},"geometry":{"type":"LineString","coordinates":[[121.378934,24.941182],[121.379266,24.94237],[121.378919,24.944346],[121.3798054,24.945304],[121.3826686,24.946176],[121.385364,24.948118],[121.3843777,24.948895],[121.3819842,24.948622],[121.3797908,24.948158],[121.3776023,24.947473],[121.3765923,24.947112],[121.37483,24.94629],[121.37368,24.94489],[121.3749655,24.943183],[121.37419,24.9416],[121.3709899,24.94137],[121.3683827,24.940404],[121.367802,24.939065],[121.3635229,24.93883104],[121.36251,24.940937],[121.426491,24.959255],[121.4563695,25.006681],[121.458454,25.009036],[121.458454,25.009036],[121.460871,25.013298],[121.460871,25.013298],[121.46261,25.012769],[121.46261,25.012769]]}},{"type":"Feature","properties":{"route_name":"932繞國家教育研究院","color":"#563bdc"},"geometry":{"type":"LineString","coordinates":[[121.377027,24.937031],[121.37846,24.9395],[121.378934,24.941182],[121.379266,24.94237],[121.378919,24.944346],[121.3798054,24.945304],[121.3826686,24.946176],[121.385364,24.948118],[121.3843777,24.948895],[121.3819842,24.948622],[121.3797908,24.948158],[121.3776023,24.947473],[121.3765923,24.947112],[121.37483,24.94629],[121.37368,24.94489],[121.3749655,24.943183],[121.37419,24.9416],[121.3709899,24.94137],[121.3683827,24.940404],[121.367802,24.939065],[121.3635229,24.93883104],[121.36251,24.940937],[121.426491,24.959255],[121.4563695,25.006681],[121.458454,25.009036],[121.458454,25.009036],[121.460871,25.013298],[121.460871,25.013298],[121.46261,25.012769],[121.46261,25.012769]]}},{"type":"Feature","properties":{"route_name":"933","color":"#543bdc"},"geometry":{"type":"LineString","coordinates":[[121.473752,25.071403],[121.473752,25.071403],[121.477545,25.069419],[121.477545,25.069419],[121.48052,25.06855],[121.48052,25.06855],[121.482737,25.067158],[121.482737,25.067158],[121.485383,25.065423],[121.485383,25.065423],[121.488646,25.063275],[121.488646,25.063275],[121.4902448,25.062809],[121.4940315,25.05927578],[121.4940315,25.05927578],[121.4939169,25.05705719],[121.4939169,25.05705719],[121.493086,25.053451],[121.493086,25.053451],[121.492024,25.051484],[121.462903,25.032126],[121.4638057,25.03029],[121.4651306,25.027651],[121.467161,25.023861],[121.468393,25.021831],[121.4940855,24.993784],[121.497652,24.993563],[121.500082,24.99346],[121.504297,24.993354],[121.504297,24.993354],[121.509186,24.992776],[121.509186,24.992776],[121.512965,24.992332],[121.512965,24.992332],[121.516141,24.991961],[121.515962,24.992018],[121.519446,24.991327],[121.519446,24.991327],[121.524836,24.990204],[121.524836,24.990204],[121.534789,24.987633],[121.53708,24.98687],[121.538791,24.986624],[121.538791,24.986624]]}},{"type":"Feature","properties":{"route_name":"935","color":"#593bdc"},"geometry":{"type":"LineString","coordinates":[[121.4756978,24.943391],[121.4764402,24.94431726],[121.4764402,24.94431726],[121.47824,24.94553],[121.47824,24.94553],[121.479176,24.945972],[121.479176,24.945972],[121.47982,24.94681],[121.47982,24.94681],[121.48195,24.94877],[121.481962,24.948762],[121.483119,24.949637],[121.483119,24.949637],[121.484465,24.95121],[121.484465,24.95121],[121.4860328,24.95159154],[121.4860328,24.95159154],[121.488385431569,24.951722671131],[121.488385431569,24.951722671131],[121.489551,24.951708],[121.489551,24.951708],[121.4915448,24.95177354],[121.4915448,24.95177354],[121.493053,24.952962],[121.493053,24.952962],[121.4946626,24.95431753],[121.4946626,24.95431753],[121.496698,24.955162],[121.496698,24.955162],[121.499054,24.956348],[121.499054,24.956348],[121.502106,24.95733611],[121.502106,24.95733611],[121.505929,24.958027],[121.505929,24.958027],[121.509284,24.959017],[121.509284,24.959017],[121.511483,24.960016],[121.511483,24.960016],[121.512648,24.962041],[121.512648,24.962041],[121.515311,24.963642],[121.515311,24.963642],[121.517257,24.96503],[121.517257,24.96503],[121.518062,24.967108],[121.518062,24.967108],[121.518795,24.969329],[121.518795,24.969329],[121.51914,24.970794],[121.51914,24.970794],[121.519852,24.972839],[121.519852,24.972839],[121.51912,24.974308],[121.51912,24.974308],[121.517372,24.976061],[121.517372,24.976061],[121.5167886,24.97725375],[121.5167886,24.97725375],[121.534258,24.993144]]}},{"type":"Feature","properties":{"route_name":"936","color":"#5c3bdc"},"geometry":{"type":"LineString","coordinates":[[121.397601,25.068117],[121.398807,25.0729],[121.3965859,25.075827],[121.396482,25.076396],[121.3951577,25.078518],[121.393094,25.07867],[121.3913393,25.078765],[121.389122,25.079042],[121.3872413,25.079278],[121.3844498,25.080172],[121.384357,25.082907],[121.38415,25.085072],[121.381028,25.08626],[121.379871,25.083034],[121.3787964,25.081728],[121.375432,25.077957],[121.373143,25.07574],[121.3708094,25.073744],[121.3691045,25.072273],[121.368132,25.072667],[121.36622,25.073531],[121.3640819,25.072128],[121.3617782,25.0693],[121.3609493,25.066488],[121.380368,25.06486],[121.424462,25.066502]]}},{"type":"Feature","properties":{"route_name":"936A","color":"#dc3baf"},"geometry":{"type":"LineString","coordinates":[[121.397601,25.068117],[121.398807,25.0729],[121.3965859,25.075827],[121.396482,25.076396],[121.3951577,25.078518],[121.393094,25.07867],[121.3913393,25.078765],[121.389122,25.079042],[121.3872413,25.079278],[121.3844498,25.080172],[121.384357,25.082907],[121.38415,25.085072],[121.381028,25.08626],[121.379871,25.083034],[121.3787964,25.081728],[121.375432,25.077957],[121.373143,25.07574],[121.3708094,25.073744],[121.3691045,25.072273],[121.368132,25.072667],[121.36622,25.073531],[121.3640819,25.072128],[121.3617782,25.0693],[121.3609493,25.066488],[121.380368,25.06486]]}},{"type":"Feature","properties":{"route_name":"937","color":"#5e3bdc"},"geometry":{"type":"LineString","coordinates":[[121.371235,25.079923],[121.37365,25.08263],[121.3746486,25.084434],[121.37602,25.086185],[121.377734,25.088808],[121.379766,25.08832],[121.378817,25.086452],[121.378129,25.085503],[121.377965,25.083582],[121.3805347,25.081946],[121.382632,25.080537],[121.3819138,25.079374],[121.378885,25.080271],[121.3763166,25.081632],[121.375053,25.0814],[121.373807,25.079696],[121.3719628,25.077529],[121.370178,25.076112],[121.3683595,25.07479],[121.36622,25.073531],[121.3640819,25.072128],[121.3617782,25.0693],[121.3609493,25.066488],[121.380368,25.06486],[121.424462,25.066502]]}},{"type":"Feature","properties":{"route_name":"937A","color":"#dc3b5c"},"geometry":{"type":"LineString","coordinates":[[121.371235,25.079923],[121.37365,25.08263],[121.3746486,25.084434],[121.37602,25.086185],[121.377734,25.088808],[121.379766,25.08832],[121.378817,25.086452],[121.378129,25.085503],[121.377965,25.083582],[121.3805347,25.081946],[121.382632,25.080537],[121.3819138,25.079374],[121.378885,25.080271],[121.3763166,25.081632],[121.375053,25.0814],[121.373807,25.079696],[121.3719628,25.077529],[121.370178,25.076112],[121.3683595,25.07479],[121.36622,25.073531],[121.3640819,25.072128],[121.3617782,25.0693],[121.3609493,25.066488],[121.380368,25.06486]]}},{"type":"Feature","properties":{"route_name":"937副","color":"#3bdc81"},"geometry":{"type":"LineString","coordinates":[[121.362354,25.066854],[121.424462,25.066502]]}},{"type":"Feature","properties":{"route_name":"938","color":"#613bdc"},"geometry":{"type":"LineString","coordinates":[[121.4351234,25.07430648],[121.4351234,25.07430648],[121.43563,25.07182],[121.43563,25.07182],[121.4353791,25.06966085],[121.4353791,25.06966085],[121.43454,25.06761],[121.43454,25.06761],[121.433433,25.06526521],[121.433433,25.06526521],[121.432904,25.06216],[121.432904,25.06216],[121.4334,25.06083],[121.4334,25.06083],[121.434603,25.05892699],[121.434603,25.05892699],[121.4334524,25.056627],[121.4319595,25.055602],[121.4345802,25.056113],[121.43703,25.05498],[121.438154103996,25.0531414843833],[121.438154103996,25.0531414843833],[121.477399,25.061469]]}},{"type":"Feature","properties":{"route_name":"939","color":"#643bdc"},"geometry":{"type":"LineString","coordinates":[[121.367161,24.93748],[121.369458,24.935981],[121.372124,24.936067],[121.3741,24.935495],[121.3756319,24.9363],[121.377027,24.937031],[121.37846,24.9395],[121.379266,24.94237],[121.380694,24.943771],[121.382402,24.945598],[121.379851,24.945576],[121.3768168,24.94402239],[121.3753109,24.94310583],[121.373877,24.944914],[121.37486,24.94605],[121.3777681,24.947308],[121.379996,24.947989],[121.3827943,24.948492],[121.384652,24.948611],[121.386061,24.949747],[121.401652,24.95063],[121.426491,24.959255],[121.521323,24.973006]]}},{"type":"Feature","properties":{"route_name":"939副","color":"#3b91dc"},"geometry":{"type":"LineString","coordinates":[[121.357768,24.953744],[121.358852,24.954907],[121.358124,24.957106],[121.354993,24.955077],[121.3536,24.956804],[121.351399,24.957165],[121.350498,24.953993],[121.351057,24.953082],[121.352637,24.94957114],[121.37486,24.94605],[121.3777681,24.947308],[121.379996,24.947989],[121.3827943,24.948492],[121.384652,24.948611],[121.401652,24.95063],[121.426491,24.959255],[121.521323,24.973006]]}},{"type":"Feature","properties":{"route_name":"939跳蛙","color":"#b43bdc"},"geometry":{"type":"LineString","coordinates":[[121.382497,24.94639],[121.3753109,24.94310583],[121.373877,24.944914],[121.37486,24.94605],[121.3777681,24.947308],[121.379996,24.947989],[121.3827943,24.948492],[121.384652,24.948611],[121.401652,24.95063],[121.426491,24.959255],[121.521323,24.973006]]}},{"type":"Feature","properties":{"route_name":"940","color":"#9e3bdc"},"geometry":{"type":"LineString","coordinates":[[121.367161,24.93748],[121.364325,24.937236],[121.366622,24.935191],[121.3683972,24.933768],[121.368442,24.931468],[121.367609,24.928406],[121.367645,24.924597],[121.366978,24.921568],[121.3690634,24.919955],[121.3705211,24.921248],[121.3717061,24.925869],[121.37274,24.92667],[121.375272,24.927307],[121.377385,24.928825],[121.378308,24.93064],[121.375808,24.932687],[121.3756319,24.9363],[121.377027,24.937031],[121.37846,24.9395],[121.379266,24.94237],[121.378919,24.944346],[121.3798054,24.945304],[121.3826686,24.946176],[121.385364,24.948118],[121.386061,24.949747],[121.401652,24.95063],[121.426491,24.959255],[121.4563695,25.006681],[121.458454,25.009036],[121.458454,25.009036]]}},{"type":"Feature","properties":{"route_name":"941","color":"#a13bdc"},"geometry":{"type":"LineString","coordinates":[[121.367161,24.93748],[121.37434,24.94144],[121.3753109,24.94310583],[121.373877,24.944914],[121.37486,24.94605],[121.3777681,24.947308],[121.379996,24.947989],[121.3827943,24.948492],[121.384652,24.948611],[121.401652,24.95063],[121.426491,24.959255],[121.521323,24.973006],[121.530184,24.973506],[121.530184,24.973506],[121.531576,24.975463],[121.531576,24.975463],[121.53501,24.97613],[121.53501,24.97613],[121.537963,24.974051],[121.537963,24.974051],[121.540277,24.972496],[121.540277,24.972496],[121.542921,24.971513],[121.542921,24.971513],[121.5430453,24.9753],[121.5430453,24.9753],[121.542795,24.978161],[121.542795,24.978161],[121.54183874603,24.981232663482],[121.5418387,24.98123266],[121.5413983,24.98334421],[121.5413983,24.98334421],[121.540884565504,24.9862913799947],[121.540884565504,24.9862913799947]]}},{"type":"Feature","properties":{"route_name":"943","color":"#a73bdc"},"geometry":{"type":"LineString","coordinates":[[121.372978,24.946045],[121.3724734,24.948053],[121.374955,24.949139],[121.378352,24.950251],[121.381509,24.950885],[121.385623,24.951229],[121.401652,24.95063],[121.426491,24.959255],[121.521323,24.973006]]}},{"type":"Feature","properties":{"route_name":"945","color":"#ac3bdc"},"geometry":{"type":"LineString","coordinates":[[121.386755,25.088879],[121.386587,25.087582],[121.384741,25.084189],[121.383977,25.083025],[121.3842439,25.079972],[121.3869568,25.07908],[121.389865,25.078714],[121.393112,25.078431],[121.3960159,25.078166],[121.3963579,25.076726],[121.3940716,25.075973],[121.390969,25.076524],[121.388861,25.076704],[121.385517,25.076185],[121.382833,25.074684],[121.381031,25.075748],[121.3810193,25.077514],[121.382197,25.079164],[121.382388,25.081303],[121.3787964,25.081728],[121.375432,25.077957],[121.373143,25.07574],[121.3708094,25.073744],[121.3691045,25.072273],[121.368132,25.072667],[121.36622,25.073531],[121.3640819,25.072128],[121.3617782,25.0693],[121.3609493,25.066488],[121.380368,25.06486],[121.424462,25.066502]]}},{"type":"Feature","properties":{"route_name":"946","color":"#af3bdc"},"geometry":{"type":"LineString","coordinates":[[121.386755,25.088879],[121.385863,25.089841],[121.382059,25.091441],[121.378817,25.086452],[121.378129,25.085503],[121.377965,25.083582],[121.3805347,25.081946],[121.3842439,25.079972],[121.3869568,25.07908],[121.389865,25.078714],[121.393112,25.078431],[121.3960159,25.078166],[121.3963579,25.076726],[121.3940716,25.075973],[121.390969,25.076524],[121.388861,25.076704],[121.385517,25.076185],[121.382833,25.074684],[121.380874,25.07399],[121.378317,25.074204],[121.3758913,25.075993],[121.3719628,25.077529],[121.370178,25.076112],[121.3683595,25.07479],[121.36622,25.073531],[121.3640819,25.072128],[121.3617782,25.0693],[121.3609493,25.066488],[121.380368,25.06486],[121.424462,25.066502]]}},{"type":"Feature","properties":{"route_name":"946副","color":"#dc3b46"},"geometry":{"type":"LineString","coordinates":[[121.386755,25.088879],[121.385863,25.089841],[121.382059,25.091441],[121.378817,25.086452],[121.378129,25.085503],[121.3765451,25.083296],[121.375053,25.0814],[121.373807,25.079696],[121.3719628,25.077529],[121.370178,25.076112],[121.3683595,25.07479],[121.365722,25.0747],[121.361657,25.07749],[121.359678,25.077064],[121.359962,25.074739],[121.364084,25.073008],[121.3640819,25.072128],[121.3617782,25.0693],[121.3609493,25.066488],[121.380368,25.06486],[121.424462,25.066502]]}},{"type":"Feature","properties":{"route_name":"947","color":"#b13bdc"},"geometry":{"type":"LineString","coordinates":[[121.429244,25.201498],[121.429244,25.201498],[121.430307,25.201368],[121.4315176,25.200863],[121.430555,25.199545],[121.430555,25.199545],[121.429185,25.200031],[121.429185,25.200031],[121.4280892,25.19944],[121.427279,25.197645],[121.42783,25.195266],[121.429179,25.194762],[121.43119,25.19406],[121.43119,25.19406],[121.432882,25.19364],[121.435909,25.19332],[121.439243,25.19284],[121.44213,25.192477],[121.4439295,25.19044],[121.443985,25.188309],[121.443985,25.188309],[121.444067,25.18691],[121.444067,25.18691],[121.44428,25.184008],[121.44428,25.184008],[121.444605,25.180626],[121.444605,25.180626],[121.444271,25.178799],[121.444271,25.178799],[121.4434655,25.177739],[121.441793,25.175626],[121.441793,25.175626],[121.442618297947,25.1704243596582],[121.442618297947,25.1704243596582],[121.4442,25.169611],[121.4442,25.169611],[121.4467018,25.167281],[121.450473694757,25.1644146571651],[121.450473694757,25.1644146571651],[121.452589611071,25.1621775958734],[121.452589611071,25.1621775958734],[121.45522,25.159233],[121.45522,25.159233],[121.4588816,25.15632375],[121.4588816,25.15632375],[121.459145801051,25.1538309248044],[121.459145801051,25.1538309248044],[121.459294535654,25.150520722511],[121.459294535654,25.150520722511],[121.459489,25.147167],[121.459489,25.147167],[121.4595,25.143486],[121.4595,25.143486],[121.459527,25.139953],[121.459527,25.139953],[121.459785450848,25.1362964415127],[121.459785450848,25.1362964415127],[121.458878069521,25.1330124900217],[121.458878069521,25.1330124900217],[121.455706,25.12068115],[121.4568564,25.117917],[121.4555484,25.109566],[121.4533012,25.106927],[121.452647,25.10455902],[121.452299,25.10265],[121.4515372,25.10107435],[121.4515372,25.10107435],[121.4507744,25.09954372],[121.4507744,25.09954372],[121.449986,25.098013],[121.449986,25.098013],[121.4480911,25.09536596],[121.4480911,25.09536596],[121.44624,25.09329],[121.44624,25.09329],[121.44472,25.091373],[121.44472,25.091373],[121.4421924,25.08890012],[121.4421924,25.08890012],[121.44059,25.087479],[121.44059,25.087479],[121.43939,25.08606],[121.43939,25.08606],[121.43805,25.083879],[121.43805,25.083879],[121.4383484,25.082744],[121.44217,25.08137],[121.44217,25.08137],[121.479527,25.04199],[121.468393,25.021831],[121.469996,25.01788],[121.469996,25.01788],[121.468616,25.016898],[121.468616,25.016898]]}},{"type":"Feature","properties":{"route_name":"948","color":"#b43bdc"},"geometry":{"type":"LineString","coordinates":[[121.368811,25.080503],[121.3712972,25.079012],[121.3736201,25.079054],[121.375078,25.081006],[121.375899,25.082084],[121.377965,25.083582],[121.3805347,25.081946],[121.382632,25.080537],[121.3819138,25.079374],[121.3805499,25.077511],[121.3780103,25.074898],[121.377132,25.07423],[121.3766,25.071198],[121.376983,25.069309],[121.3756862,25.068333],[121.3722966,25.068819],[121.370375,25.070673],[121.368132,25.072667],[121.36622,25.073531],[121.3640819,25.072128],[121.3617782,25.0693],[121.3609493,25.066488],[121.380368,25.06486],[121.424462,25.066502],[121.442282,25.025376],[121.449895,25.013919],[121.4569051,25.005452],[121.458355,25.007141],[121.460151,25.009094],[121.460871,25.013298],[121.460871,25.013298],[121.462239,25.012817]]}},{"type":"Feature","properties":{"route_name":"949","color":"#b73bdc"},"geometry":{"type":"LineString","coordinates":[[121.643397627735,25.012111368084],[121.643397627735,25.012111368084],[121.641907166857,25.0114179020809],[121.641907166857,25.0114179020809],[121.638256,25.01058806],[121.63834845794,25.0105450492034],[121.636200049589,25.0107960445339],[121.636200049589,25.0107960445339],[121.632806777056,25.0109875470678],[121.632806777056,25.0109875470678],[121.62948718649,25.0088090999413],[121.62948718649,25.0088090999413],[121.627291972304,25.0075862762931],[121.627291972304,25.0075862762931],[121.623256,25.00535],[121.623256,25.00535],[121.621668852284,25.0046911438587],[121.621668852284,25.0046911438587],[121.618530798628,25.0039515057549],[121.618530798628,25.0039515057549],[121.616794076485,25.0033150747729],[121.616794076485,25.0033150747729],[121.614578,25.002433],[121.614578,25.002433],[121.612074528182,25.001240884043],[121.6121775,25.00129696],[121.610017,25.001078],[121.610017,25.001078],[121.606,25.00185175143],[121.606,25.00185175143],[121.603712640729,25.0027777194038],[121.603712640729,25.0027777194038],[121.600780470525,25.003972883576],[121.600780470525,25.003972883576],[121.59836661839,25.00478612556],[121.5983666,25.00478613]]}},{"type":"Feature","properties":{"route_name":"950","color":"#dc3bc7"},"geometry":{"type":"LineString","coordinates":[[121.477332,24.992043],[121.477332,24.992043],[121.4789782,24.99430779],[121.4789782,24.99430779],[121.482957,24.995553],[121.482957,24.995553],[121.484429,24.996128],[121.484429,24.996128],[121.4903845,24.99626066],[121.4903845,24.99626066],[121.492320399314,24.9965568353221],[121.492320399314,24.9965568353221],[121.4951329,24.99819818],[121.4951329,24.99819818],[121.496428401096,24.9996352583255],[121.4964382,24.99966641],[121.498554,25.001978],[121.498554,25.001978],[121.500968,25.000553],[121.500968,25.000553],[121.502769736506,24.9996954644534],[121.502769736506,24.9996954644534],[121.5048263,24.99965591],[121.5048263,24.99965591],[121.50739,24.999571],[121.50739,24.999571],[121.509133,25.000374],[121.509133,25.000374],[121.51094,25.002402],[121.51094,25.002402],[121.513414,25.003661],[121.513414,25.003661],[121.5163,25.0041],[121.5163,25.0041],[121.517263,25.005156],[121.517263,25.005156],[121.5188661,25.00531696],[121.5188661,25.00531696],[121.521553502861,25.0031337977071],[121.521553502861,25.0031337977071],[121.522833,25.002882],[121.522833,25.002882]]}},{"type":"Feature","properties":{"route_name":"951","color":"#dc3bc4"},"geometry":{"type":"LineString","coordinates":[[121.6654731,25.07553395],[121.6654731,25.07553395],[121.66504010128,25.0741682394737],[121.6650401,25.07416824],[121.666894790178,25.0757709941611],[121.666894790178,25.0757709941611],[121.666124,25.073617],[121.666124,25.073617],[121.665938786409,25.0718638857203],[121.665938786409,25.0718638857203],[121.664158,25.068761],[121.664158,25.068761],[121.661871,25.066476],[121.661871,25.066476],[121.65913,25.06478],[121.65913,25.06478],[121.656,25.063336],[121.656,25.063336],[121.652972,25.062102],[121.652972,25.062102],[121.64922,25.06145],[121.64922,25.06145],[121.646151832258,25.0608168661478],[121.646153,25.060814],[121.632022,25.05616],[121.632175626719,25.0562484993939],[121.62191,25.055038],[121.62191,25.055038],[121.624553,25.042462],[121.548434,24.97417],[121.548434,24.97417],[121.546866,24.976856],[121.546866,24.976856],[121.54468,24.980011],[121.54468,24.980011],[121.544084,24.981602],[121.544084,24.981602],[121.542517035489,24.9829981044722],[121.542517035489,24.9829981044722],[121.539702,24.982991],[121.538676,24.983033],[121.535467,24.982885],[121.535467,24.982885],[121.53367,24.98182],[121.53367,24.98182],[121.533849,24.979589],[121.533849,24.979589],[121.534109,24.977862],[121.534109,24.977862],[121.53501,24.97613],[121.53501,24.97613],[121.537963,24.974051],[121.537963,24.974051],[121.540277,24.972496],[121.540277,24.972496],[121.5419,24.97122],[121.5419,24.97122],[121.541385,24.967768],[121.541385,24.967768],[121.5404224,24.96516884],[121.5404224,24.96516884],[121.539199,24.962441],[121.539199,24.962441],[121.5319036,24.96083175],[121.5319036,24.96083175],[121.5298939,24.96132951],[121.5298939,24.96132951],[121.528356,24.961886],[121.528356,24.961886],[121.526281,24.963037],[121.5262847,24.96306452],[121.5239545,24.96359615],[121.5239545,24.96359615],[121.52120824524,24.9639074679223],[121.52132,24.96389],[121.5182441,24.96414395],[121.5182441,24.96414395],[121.517257,24.96503],[121.517257,24.96503],[121.518062,24.967108],[121.518062,24.967108]]}},{"type":"Feature","properties":{"route_name":"952","color":"#dc3bc1"},"geometry":{"type":"LineString","coordinates":[[121.462239,25.012817],[121.459946,25.009314],[121.457562,25.006612],[121.4561457,25.005009],[121.442466,25.025353],[121.424034,25.067271],[121.378936,25.065919]]}},{"type":"Feature","properties":{"route_name":"953","color":"#dc3bbf"},"geometry":{"type":"LineString","coordinates":[[121.625636,25.220012],[121.630204,25.221006],[121.6340338,25.221818],[121.634023,25.221782],[121.636933,25.222151],[121.636933,25.222151],[121.639965,25.218996],[121.639965,25.218996],[121.6438112,25.214991],[121.6459614,25.212747],[121.6508948,25.20885],[121.65602,25.2094],[121.6597035,25.207194],[121.685101,25.203637],[121.687411,25.20363],[121.68975,25.203867],[121.6935069,25.202905],[121.686314,25.195809],[121.6847468,25.192265],[121.683032,25.190044],[121.6835872,25.185656],[121.6859578,25.184644],[121.68918,25.180301],[121.6899935,25.178364],[121.687788,25.176021]]}},{"type":"Feature","properties":{"route_name":"953區","color":"#dc3b4e"},"geometry":{"type":"LineString","coordinates":[[121.625636,25.220012],[121.630204,25.221006],[121.634023,25.221782],[121.6340338,25.221818],[121.636933,25.222151],[121.636933,25.222151],[121.639965,25.218996],[121.639965,25.218996],[121.6438112,25.214991],[121.6459614,25.212747],[121.6508948,25.20885],[121.65602,25.2094],[121.6597035,25.207194],[121.685101,25.203637],[121.687411,25.20363],[121.68975,25.203867],[121.6935069,25.202905],[121.686314,25.195809],[121.6847468,25.192265],[121.683032,25.190044],[121.6835872,25.185656],[121.6859578,25.184644],[121.68918,25.180301],[121.6899935,25.178364],[121.687788,25.176021]]}},{"type":"Feature","properties":{"route_name":"955","color":"#dc3bb9"},"geometry":{"type":"LineString","coordinates":[[121.683273,25.074762],[121.683273,25.074762],[121.682809,25.072605],[121.682809,25.072605],[121.67919,25.07129],[121.67919,25.07129],[121.675147,25.073658],[121.675147,25.073658],[121.67317,25.0763],[121.67317,25.0763],[121.6676204,25.07733],[121.6676204,25.07733],[121.66475,25.07167],[121.66475,25.07167],[121.661689061306,25.0691766561076],[121.661689061306,25.0691766561076],[121.659997,25.067906],[121.659997,25.067906],[121.654564,25.066335],[121.654564,25.066335],[121.652863,25.06486],[121.652863,25.06486],[121.650598,25.063921],[121.650598,25.063921],[121.647015298289,25.0629554356458],[121.647015298289,25.0629554356458],[121.644615,25.062079],[121.644615,25.062079],[121.64195,25.061],[121.64195,25.061],[121.638218,25.05933],[121.638218,25.05933],[121.634221,25.057679],[121.634221,25.057679],[121.632022,25.05616],[121.632175626719,25.0562484993939],[121.62191,25.055038],[121.62191,25.055038]]}},{"type":"Feature","properties":{"route_name":"957","color":"#dc3bb4"},"geometry":{"type":"LineString","coordinates":[[121.429244,25.201498],[121.429244,25.201498],[121.429072,25.199819],[121.43135,25.19904],[121.43045,25.19645],[121.43119,25.19406],[121.43119,25.19406],[121.430782,25.191325],[121.430782,25.191325],[121.431513,25.190349],[121.431513,25.190349],[121.43496,25.189912],[121.43496,25.189912],[121.437445,25.189596],[121.437445,25.189596],[121.439794,25.189296],[121.439794,25.189296],[121.443985,25.188309],[121.443985,25.188309],[121.444067,25.18691],[121.444067,25.18691],[121.44428,25.184008],[121.44428,25.184008],[121.444605,25.180626],[121.444605,25.180626],[121.444271,25.178799],[121.444271,25.178799],[121.447419,25.178286],[121.447419,25.178286],[121.449371,25.17875],[121.449371,25.17875],[121.451185,25.179717],[121.4512246,25.179723],[121.453396,25.180185],[121.453396,25.180185],[121.455158,25.178154],[121.455158,25.178154],[121.456798,25.175673],[121.456798,25.175673],[121.459249,25.171934],[121.459249,25.171934],[121.458469,25.165536],[121.4584969,25.165591],[121.456039,25.161746],[121.456039,25.161746],[121.456341,25.16069],[121.456341,25.16069],[121.4588816,25.15632375],[121.4588816,25.15632375],[121.459145801051,25.1538309248044],[121.459145801051,25.1538309248044],[121.459294535654,25.150520722511],[121.459294535654,25.150520722511],[121.459489,25.147167],[121.459489,25.147167],[121.4595,25.143486],[121.4595,25.143486],[121.459527,25.139953],[121.459527,25.139953],[121.459785450848,25.1362964415127],[121.459785450848,25.1362964415127],[121.458878069521,25.1330124900217],[121.458878069521,25.1330124900217]]}},{"type":"Feature","properties":{"route_name":"958","color":"#dc3bb1"},"geometry":{"type":"LineString","coordinates":[[121.472127,25.048412],[121.472182,25.051504],[121.472195,25.056347],[121.472173,25.058857],[121.466776101293,25.0616455497332],[121.466776101293,25.0616455497332],[121.465158,25.064289],[121.46219,25.06728],[121.460366,25.068174],[121.45596,25.0649],[121.456882,25.064069],[121.459313,25.062162]]}},{"type":"Feature","properties":{"route_name":"959","color":"#dc3baf"},"geometry":{"type":"LineString","coordinates":[[121.472127,25.048412],[121.472182,25.051504],[121.468222,25.052528],[121.462203,25.052585],[121.459962,25.054801],[121.459962,25.054801],[121.460104,25.059334],[121.460104,25.059334],[121.460032,25.061139],[121.4587179,25.06288],[121.457635,25.063771],[121.458039,25.067858],[121.4559,25.069598],[121.453951,25.07049]]}},{"type":"Feature","properties":{"route_name":"960","color":"#dc3b74"},"geometry":{"type":"LineString","coordinates":[[121.451892,25.03671],[121.449807,25.035639],[121.449807,25.035639],[121.447999,25.036868],[121.447999,25.036868],[121.4502147,25.039626],[121.4527197,25.04201587],[121.4527197,25.04201587],[121.4518908,25.04361421],[121.4518908,25.04361421],[121.448428,25.043088],[121.447773,25.046058],[121.445371964966,25.049113403307],[121.445371964966,25.049113403307],[121.444921,25.049549],[121.444921,25.049549],[121.444782,25.051888],[121.444782,25.051888],[121.444029,25.056918],[121.444029,25.056918],[121.446532,25.059084]]}},{"type":"Feature","properties":{"route_name":"963","color":"#dc3b6c"},"geometry":{"type":"LineString","coordinates":[[121.405981,25.153505],[121.405981,25.153505],[121.406691,25.150818],[121.406691,25.150818],[121.4040856,25.14869],[121.4040856,25.14869],[121.4002943,25.14583],[121.4002943,25.14583],[121.3985723,25.144765],[121.3985723,25.144765],[121.396419,25.143191],[121.396419,25.143191],[121.391316,25.141783],[121.391316,25.141783],[121.392294,25.142951],[121.392294,25.142951],[121.3937287,25.14397311],[121.3937287,25.14397311],[121.396532,25.145555],[121.396532,25.145555],[121.398251,25.146813],[121.398251,25.146813],[121.400021,25.147471],[121.400021,25.147471],[121.4015,25.148318],[121.4015,25.148318],[121.402932,25.1489121],[121.402932,25.1489121],[121.404623,25.149966],[121.404623,25.149966],[121.40553,25.15186],[121.40553,25.15186],[121.40615,25.152877],[121.40615,25.152877],[121.406797,25.153621],[121.406797,25.153621],[121.408651,25.155874],[121.408651,25.155874],[121.41074,25.157441],[121.41074,25.157441],[121.41205,25.158527],[121.41205,25.158527],[121.4139447,25.15970821],[121.4139447,25.15970821],[121.416892,25.159307],[121.416892,25.159307],[121.41876,25.1596],[121.41876,25.1596],[121.42105,25.15924],[121.42105,25.15924],[121.422092,25.158932],[121.422092,25.158932],[121.424899,25.159018],[121.424899,25.159018],[121.428344,25.159046],[121.428344,25.159046],[121.43143,25.15839],[121.43143,25.15839],[121.43411,25.15823],[121.43411,25.15823],[121.43694,25.15577],[121.43694,25.15577],[121.43991,25.153561],[121.43991,25.153561],[121.44343,25.14979],[121.44343,25.14979],[121.445125,25.147643],[121.445125,25.147643],[121.44604,25.146125],[121.44604,25.146125],[121.446648,25.144385],[121.446648,25.144385],[121.4473327,25.14257237],[121.447332740644,25.1425723705487],[121.4488748,25.13871714],[121.4488748,25.13871714],[121.45006,25.13528],[121.45006,25.13528],[121.451367,25.132202],[121.451367,25.132202],[121.45128,25.13036],[121.45128,25.13036],[121.451713,25.128332],[121.451713,25.128332],[121.451964,25.127309],[121.451964,25.127309],[121.452656,25.125763],[121.452656,25.125763],[121.455706,25.12068115],[121.4568564,25.117917],[121.4555484,25.109566],[121.4533012,25.106927],[121.452647,25.10455902],[121.452299,25.10265],[121.4515372,25.10107435],[121.4515372,25.10107435],[121.4507744,25.09954372],[121.4507744,25.09954372],[121.449986,25.098013],[121.449986,25.098013],[121.4480911,25.09536596],[121.4480911,25.09536596],[121.44624,25.09329],[121.44624,25.09329],[121.44472,25.091373],[121.44472,25.091373],[121.4421924,25.08890012],[121.4421924,25.08890012],[121.44059,25.087479],[121.44059,25.087479],[121.43939,25.08606],[121.43939,25.08606],[121.43805,25.083879],[121.43805,25.083879],[121.4383484,25.082744],[121.44217,25.08137],[121.44217,25.08137],[121.479527,25.04199],[121.468393,25.021831],[121.469996,25.01788],[121.469996,25.01788],[121.468616,25.016898],[121.468616,25.016898]]}},{"type":"Feature","properties":{"route_name":"965(台灣好行-九份金瓜石線)","color":"#9c3bdc"},"geometry":{"type":"LineString","coordinates":[[121.458454,25.009036],[121.458454,25.009036],[121.462602,25.012813],[121.462602,25.012813],[121.803841,25.108654],[121.808298,25.107574],[121.80978,25.10741],[121.8192653,25.107474],[121.8231598,25.107317],[121.8264296,25.109243],[121.829554,25.11092],[121.8331352,25.111614],[121.8389447,25.109952],[121.8410329,25.108666],[121.84294,25.109513],[121.8452439,25.110598],[121.845765,25.110364],[121.8480709,25.111958],[121.8497563,25.109993],[121.8501471,25.107685],[121.8509863,25.107894],[121.8519635,25.10672],[121.8531761,25.107299],[121.855507,25.106541],[121.856086,25.108453],[121.854744,25.110445],[121.856842,25.111312]]}},{"type":"Feature","properties":{"route_name":"966","color":"#dc3b64"},"geometry":{"type":"LineString","coordinates":[[121.386755,25.088879],[121.389422,25.084765],[121.391333,25.083628],[121.388805,25.080159],[121.389865,25.078714],[121.393112,25.078431],[121.3960159,25.078166],[121.3963579,25.076726],[121.3940716,25.075973],[121.390969,25.076524],[121.388861,25.076704],[121.385517,25.076185],[121.382833,25.074684],[121.380874,25.07399],[121.377132,25.07423],[121.3766,25.071198],[121.376983,25.069309],[121.3756862,25.068333],[121.3722966,25.068819],[121.370375,25.070673],[121.3670383,25.070496],[121.364914,25.068083],[121.364271,25.066587],[121.380368,25.06486],[121.424462,25.066502],[121.440814,25.069226]]}},{"type":"Feature","properties":{"route_name":"966A","color":"#dc3ba7"},"geometry":{"type":"LineString","coordinates":[[121.386755,25.088879],[121.389422,25.084765],[121.391333,25.083628],[121.388805,25.080159],[121.389865,25.078714],[121.393112,25.078431],[121.3960159,25.078166],[121.3963579,25.076726],[121.3940716,25.075973],[121.390969,25.076524],[121.388861,25.076704],[121.385517,25.076185],[121.382833,25.074684],[121.380874,25.07399],[121.377132,25.07423],[121.3766,25.071198],[121.376983,25.069309],[121.3756862,25.068333],[121.3722966,25.068819],[121.370375,25.070673],[121.3670383,25.070496],[121.364914,25.068083],[121.364271,25.066587],[121.380368,25.06486],[121.440814,25.069226]]}},{"type":"Feature","properties":{"route_name":"966副","color":"#41dc3b"},"geometry":{"type":"LineString","coordinates":[[121.362365,25.066974],[121.380368,25.06486],[121.424462,25.066502],[121.440814,25.069226]]}},{"type":"Feature","properties":{"route_name":"967","color":"#dc3b61"},"geometry":{"type":"LineString","coordinates":[[121.364506,25.066515],[121.365217,25.068023],[121.3673052,25.070378],[121.369301,25.072082],[121.3714417,25.07396736],[121.373327,25.075512],[121.3753406,25.076119],[121.376666,25.075156],[121.38103,25.073847],[121.383213,25.074674],[121.385794,25.076093],[121.386864,25.07724],[121.3872413,25.079278],[121.3844498,25.080172],[121.382632,25.080537],[121.3819138,25.079374],[121.3805499,25.077511],[121.3780103,25.074898],[121.377132,25.07423],[121.3766,25.071198],[121.376983,25.069309],[121.3756862,25.068333],[121.3722966,25.068819],[121.3705982,25.069356],[121.380368,25.06486],[121.424462,25.066502]]}},{"type":"Feature","properties":{"route_name":"967副","color":"#3bdc89"},"geometry":{"type":"LineString","coordinates":[[121.362365,25.066974],[121.424462,25.066502]]}},{"type":"Feature","properties":{"route_name":"967直","color":"#3bdc6c"},"geometry":{"type":"LineString","coordinates":[[121.364506,25.066515],[121.365217,25.068023],[121.3673052,25.070378],[121.369491,25.071108],[121.3705982,25.069356],[121.380368,25.06486],[121.424462,25.066502]]}},{"type":"Feature","properties":{"route_name":"981","color":"#dcac3b"},"geometry":{"type":"LineString","coordinates":[[121.378934,24.941182],[121.379266,24.94237],[121.378919,24.944346],[121.3798054,24.945304],[121.38206,24.947159],[121.3797908,24.948158],[121.3776023,24.947473],[121.3765923,24.947112],[121.37483,24.94629],[121.37368,24.94489],[121.3749655,24.943183],[121.377036,24.940363],[121.3780709,24.939573],[121.376462,24.936979],[121.3754102,24.936437],[121.374048,24.936578],[121.37294,24.937495],[121.370933,24.938441],[121.369821,24.938765],[121.367802,24.939065],[121.3635229,24.93883104],[121.3563861,24.94094701],[121.357768,24.953744],[121.358852,24.954907],[121.358715,24.955129],[121.357469,24.953915],[121.352531,24.950267],[121.352304,24.955016],[121.355054,24.95519],[121.356936,24.956605],[121.351399,24.957165],[121.348671,24.955937],[121.345438,24.955875],[121.343493,24.955831],[121.339468,24.95616],[121.337543,24.955103],[121.33686,24.959181],[121.335178,24.960175],[121.334061,24.961966],[121.332991,24.964579],[121.332211,24.965768],[121.331339,24.966986],[121.330887,24.968169],[121.333045,24.969613],[121.3315,24.973172],[121.330355,24.974914]]}},{"type":"Feature","properties":{"route_name":"982","color":"#dcaf3b"},"geometry":{"type":"LineString","coordinates":[[121.4450930055579,25.05577220771311],[121.4450930055579,25.05577220771311],[121.445677,25.056756],[121.445677,25.056756],[121.447343,25.057725],[121.447343,25.057725],[121.451089,25.058789],[121.451089,25.058789],[121.450092,25.06236578],[121.449031,25.065092],[121.451425,25.068098],[121.4539156,25.066522],[121.45596,25.0649],[121.456882,25.064069],[121.459313,25.062162],[121.4595888,25.05944269],[121.4595888,25.05944269],[121.45958,25.0553],[121.45958,25.0553],[121.459672,25.050278],[121.459643,25.047988],[121.4596915,25.045434],[121.45976,25.04304],[121.45976,25.04304],[121.459856,25.040005],[121.459856,25.040005],[121.467161,25.023861],[121.466622,25.020964],[121.466622,25.020964],[121.465,25.018889],[121.465,25.018889],[121.462542,25.01277],[121.462542,25.01277],[121.46755,25.01269],[121.46755,25.01269],[121.471041,25.014344],[121.471041,25.014344],[121.472167,25.014557],[121.472167,25.014557],[121.47322,25.013841],[121.47322,25.013841],[121.475816,25.012269],[121.475799,25.012227],[121.47769,25.011351],[121.484953,25.007731],[121.4869685,25.006801],[121.490119,25.004677],[121.490119,25.004677],[121.492374,25.002543],[121.492374,25.002543],[121.493912,25.002028],[121.493889,25.002035],[121.495441,25.002211],[121.495441,25.002211],[121.498123,25.002407],[121.498123,25.002407],[121.499736,25.001903],[121.499736,25.001903],[121.4994011,25.00029878],[121.4996731019886,24.998331595875737],[121.4996731019886,24.998331595875737],[121.50137333996481,24.995456001390632],[121.50137333996481,24.995456001390632],[121.504297,24.993354],[121.504297,24.993354],[121.509186,24.992776],[121.509186,24.992776],[121.512965,24.992332],[121.512965,24.992332],[121.516141,24.991961],[121.515962,24.992018],[121.519446,24.991327],[121.519446,24.991327],[121.524836,24.990204],[121.524836,24.990204],[121.534789,24.987633],[121.53708,24.98687],[121.536818,24.985271],[121.536818,24.985271],[121.538244,24.98279],[121.540005,24.982831],[121.5413983,24.98334421],[121.5413983,24.98334421]]}},{"type":"Feature","properties":{"route_name":"982區","color":"#dc3b99"},"geometry":{"type":"LineString","coordinates":[[121.4450930055579,25.05577220771311],[121.4450930055579,25.05577220771311],[121.445677,25.056756],[121.445677,25.056756],[121.447343,25.057725],[121.447343,25.057725],[121.451089,25.058789],[121.451089,25.058789],[121.450092,25.06236578],[121.449031,25.065092],[121.451425,25.068098],[121.4539156,25.066522],[121.45596,25.0649],[121.456882,25.064069],[121.459313,25.062162],[121.4595888,25.05944269],[121.4595888,25.05944269],[121.45958,25.0553],[121.45958,25.0553],[121.459672,25.050278],[121.459643,25.047988],[121.4596915,25.045434],[121.45976,25.04304],[121.45976,25.04304],[121.459856,25.040005],[121.459856,25.040005],[121.46687,25.024488]]}},{"type":"Feature","properties":{"route_name":"982直達","color":"#433bdc"},"geometry":{"type":"LineString","coordinates":[[121.5413983,24.98334421],[121.5413983,24.98334421],[121.52047,24.99128],[121.504583,24.993701],[121.489018,24.994309],[121.467453,25.024906],[121.4602315,25.0404782],[121.44317079898,25.0556960199305]]}},{"type":"Feature","properties":{"route_name":"982直達新埔線","color":"#3bafdc"},"geometry":{"type":"LineString","coordinates":[[121.467453,25.024906],[121.4602315,25.0404782],[121.44317079898,25.0556960199305]]}},{"type":"Feature","properties":{"route_name":"983","color":"#dcb13b"},"geometry":{"type":"LineString","coordinates":[[121.429244,25.201498],[121.429244,25.201498],[121.430307,25.201368],[121.4315176,25.200863],[121.436479,25.197894],[121.4385,25.197643],[121.43879,25.19589],[121.4381812,25.192489],[121.438,25.19075],[121.439794,25.189296],[121.439794,25.189296],[121.443985,25.188309],[121.443985,25.188309],[121.444067,25.18691],[121.444067,25.18691],[121.44428,25.184008],[121.44428,25.184008],[121.4448831,25.182892],[121.4478764,25.18289],[121.4499877,25.182424],[121.4514048,25.181546],[121.453396,25.180185],[121.453396,25.180185],[121.455158,25.178154],[121.455158,25.178154],[121.456798,25.175673],[121.456798,25.175673],[121.459249,25.171934],[121.459249,25.171934],[121.458469,25.165536],[121.4584969,25.165591],[121.456039,25.161746],[121.456039,25.161746],[121.456341,25.16069],[121.456341,25.16069],[121.4588816,25.15632375],[121.4588816,25.15632375],[121.459145801051,25.1538309248044],[121.459145801051,25.1538309248044],[121.459294535654,25.150520722511],[121.459294535654,25.150520722511],[121.459489,25.147167],[121.459489,25.147167],[121.4595,25.143486],[121.4595,25.143486],[121.459527,25.139953],[121.459527,25.139953],[121.459785450848,25.1362964415127],[121.459785450848,25.1362964415127],[121.458878069521,25.1330124900217],[121.458878069521,25.1330124900217]]}},{"type":"Feature","properties":{"route_name":"985萬大樹林先導公車","color":"#dc3b89"},"geometry":{"type":"LineString","coordinates":[[121.4314506,25.005106],[121.4314506,25.005106],[121.432929,25.007876],[121.432929,25.007876],[121.432866,25.00947],[121.432866,25.00947],[121.432794,25.010704],[121.432869,25.010698],[121.4327276,25.01294458],[121.4327276,25.01294458],[121.432839,25.015233],[121.432839,25.015233],[121.4337502,25.01986167],[121.4337502,25.01986167],[121.4348185,25.021865],[121.4348185,25.021865],[121.435108,25.024536],[121.435108,25.024536],[121.434989,25.02727],[121.434989,25.02727],[121.434521,25.030458],[121.434521,25.030458],[121.432716,25.032179],[121.43029,25.031456],[121.43029,25.031456],[121.426759,25.030319],[121.426759,25.030319],[121.422143,25.028858],[121.422143,25.028858],[121.417289,25.025761],[121.417289,25.025761],[121.4146805,25.02359983],[121.4146805,25.02359983],[121.412762,25.022547],[121.412762,25.022547],[121.408892,25.017932],[121.410695,25.014922],[121.413053,25.011823],[121.416089,25.008386],[121.417172,25.007451],[121.420408,25.005489],[121.422791,25.003803],[121.424544,25.001585],[121.424538,25.000388],[121.42248,24.998127],[121.419118,24.994183],[121.41708,24.991639],[121.4159792,24.990106],[121.4138016,24.98603],[121.412495,24.984404],[121.411425,24.980433],[121.41428,24.980199],[121.4175825,24.98027],[121.420772,24.981864],[121.422959,24.983005],[121.4262869,24.983971],[121.427283,24.982514],[121.4393605,24.977624],[121.440714,24.978901],[121.442459,24.978736],[121.4430948,24.98084349],[121.443748,24.982863],[121.443748,24.982863],[121.445547,24.986196],[121.445547,24.986196],[121.447058,24.988564],[121.447058,24.988564],[121.4484215,24.98807],[121.4504345,24.986865],[121.451898,24.98593],[121.4533715,24.984441],[121.454736,24.982689],[121.456615,24.982947],[121.456615,24.982947],[121.459549,24.98446],[121.459549,24.98446],[121.462871,24.985364],[121.462871,24.985364],[121.465217,24.986269],[121.465217,24.986269],[121.468935,24.988257],[121.468935,24.988257],[121.47114,24.989461],[121.47114,24.989461],[121.477332,24.992043],[121.477332,24.992043],[121.4789782,24.99430779],[121.4789782,24.99430779],[121.482957,24.995553],[121.482957,24.995553],[121.484429,24.996128],[121.484429,24.996128],[121.492320399314,24.9965568353221],[121.492320399314,24.9965568353221],[121.4951329,24.99819818],[121.4951329,24.99819818],[121.496889,25.001888],[121.496889,25.001888],[121.496762,25.003062],[121.496762,25.003062]]}},{"type":"Feature","properties":{"route_name":"99","color":"#dc7c3b"},"geometry":{"type":"LineString","coordinates":[[121.4302215,25.02083833],[121.4302215,25.02083833],[121.4278873,25.02104618],[121.4278873,25.02104618],[121.426146,25.022571],[121.426146,25.022571],[121.425221,25.024026],[121.425221,25.024026],[121.424195,25.025331],[121.424195,25.025331],[121.426468,25.02637],[121.426468,25.02637],[121.42673,25.02749],[121.42673,25.02749],[121.426971584029,25.0301579598983],[121.42685,25.03016],[121.431382,25.031553],[121.431382,25.031553],[121.435466,25.032612],[121.435466,25.032612],[121.442607,25.033904],[121.442607,25.033904],[121.44483,25.034382],[121.44483,25.034382],[121.447999,25.036868],[121.447999,25.036868],[121.446462,25.039479],[121.446462,25.039479],[121.445653,25.040714],[121.445653,25.040714],[121.446267,25.041709],[121.446267,25.041709],[121.447989,25.042457],[121.447989,25.042457],[121.451981,25.043465],[121.451981,25.043465],[121.45344230802844,25.044798002588216],[121.45344230802844,25.044798002588216],[121.453663,25.046303],[121.453663,25.046303],[121.452927,25.047732],[121.452927,25.047732],[121.453486,25.049192],[121.453486,25.049192],[121.456008,25.049301],[121.456008,25.049301],[121.457859,25.049369],[121.457859,25.049369],[121.459643,25.047988],[121.4596915,25.045434],[121.45976,25.04304],[121.45976,25.04304],[121.459856,25.040005],[121.459856,25.040005],[121.467161,25.023861],[121.466622,25.020964],[121.466622,25.020964],[121.465,25.018889],[121.465,25.018889],[121.465361,25.016713],[121.462239,25.012817],[121.459946,25.009314],[121.457226,25.008773],[121.4560447,25.006528],[121.453862,25.00238],[121.452517,24.998579],[121.451532,24.995799],[121.450379,24.993821],[121.450379,24.993821]]}},{"type":"Feature","properties":{"route_name":"F101坪頂","color":"#dc3bc7"},"geometry":{"type":"LineString","coordinates":[[121.4467018,25.167281],[121.450473694757,25.1644146571651],[121.450473694757,25.1644146571651],[121.452589611071,25.1621775958734],[121.452589611071,25.1621775958734],[121.455762,25.160214],[121.4579188,25.162431],[121.4600512,25.16305],[121.46129,25.163498],[121.464575,25.161548],[121.4662994,25.16145],[121.469297,25.162047],[121.471902,25.161832],[121.4760629,25.161183],[121.4795739,25.159826],[121.483069,25.157896],[121.484314,25.15742],[121.48496,25.155903],[121.481407,25.147986],[121.485122,25.15574],[121.4848,25.15786],[121.4847509,25.158851],[121.48974,25.162315],[121.491699,25.164207],[121.493299,25.164682],[121.4916667,25.165733],[121.490858,25.165335],[121.4873201,25.165266],[121.48723,25.169873],[121.486061,25.170819],[121.483317,25.173116],[121.4840167,25.1746],[121.483123,25.173376],[121.4852629,25.171029],[121.483698,25.170886],[121.4784434,25.168128],[121.4760254,25.168368],[121.469887,25.168825],[121.4673,25.168512],[121.4613468,25.168909],[121.4574578,25.168978],[121.455196,25.169282],[121.451346,25.170081],[121.451395,25.171023],[121.4491908,25.171269],[121.4478578,25.169],[121.44588,25.16841],[121.44588,25.16841],[121.4430187,25.17060594],[121.4430187,25.17060594],[121.439321,25.17277822],[121.439321,25.17277822],[121.437784,25.173078],[121.437784,25.173078],[121.4467018,25.167281]]}},{"type":"Feature","properties":{"route_name":"F101樹興","color":"#dc3bc9"},"geometry":{"type":"LineString","coordinates":[[121.4467018,25.167281],[121.4480999,25.169193],[121.4494646,25.171206],[121.4512608,25.170978],[121.45136,25.169985],[121.454822,25.169001],[121.457442,25.168873],[121.4614433,25.168778],[121.467301,25.168374],[121.469815,25.168706],[121.476068,25.168222],[121.4786879,25.168083],[121.4841,25.1709],[121.4853307,25.170904],[121.483317,25.173116],[121.4851137,25.174939],[121.486298,25.177149],[121.485406,25.178665],[121.484219,25.178561],[121.484253,25.180243],[121.483123,25.173376],[121.487233,25.169742],[121.487437,25.164896],[121.490918,25.165261],[121.491871,25.165392],[121.493181,25.164689],[121.491635,25.16427],[121.488846,25.161971],[121.4846847,25.158965],[121.484671,25.157883],[121.48496,25.155903],[121.481407,25.147986],[121.485122,25.15574],[121.4834028,25.157776],[121.4796986,25.159889],[121.4762654,25.161257],[121.4718113,25.161979],[121.4698833,25.16215],[121.4664241,25.161584],[121.464714,25.161597],[121.461669,25.163716],[121.459997,25.163165],[121.4583006,25.162649],[121.457193,25.162246],[121.455785,25.160497],[121.4545265,25.15972294],[121.4545265,25.15972294],[121.4525003,25.16271663],[121.4525003,25.16271663],[121.450488465216,25.1649557989407],[121.450471,25.164955],[121.44588,25.16841],[121.44588,25.16841],[121.4430187,25.17060594],[121.4430187,25.17060594],[121.439321,25.17277822],[121.439321,25.17277822],[121.437784,25.173078],[121.437784,25.173078],[121.4467018,25.167281]]}},{"type":"Feature","properties":{"route_name":"F102","color":"#9e3bdc"},"geometry":{"type":"LineString","coordinates":[[121.4467018,25.167281],[121.4430187,25.17060594],[121.4430187,25.17060594],[121.4406719,25.172743],[121.44194,25.175635],[121.44194,25.175635],[121.443641,25.177725],[121.4454456,25.177847],[121.447419,25.178286],[121.447419,25.178286],[121.449371,25.17875],[121.449371,25.17875],[121.451185,25.179717],[121.4512246,25.179723],[121.4549958,25.181276],[121.459614,25.182169],[121.4627219,25.182089],[121.4647577,25.182146],[121.4671832,25.182438],[121.4715209,25.184416],[121.473862,25.184789],[121.47668,25.185641],[121.474886,25.188094],[121.477516,25.190912],[121.479541,25.193054],[121.483127,25.192814],[121.485614,25.194249],[121.4875532,25.195059],[121.4888889,25.195331],[121.48273,25.196467],[121.481386,25.19582],[121.482691,25.196337],[121.488796,25.19545],[121.4875264,25.195156],[121.485483,25.194278],[121.4760577,25.194431],[121.476329,25.193713],[121.475653,25.197743],[121.474159,25.199776],[121.4779313,25.200015],[121.480389,25.201278],[121.4810368,25.202618],[121.4778455,25.200141],[121.474156,25.199948],[121.4706084,25.198997],[121.471558,25.193857],[121.473694,25.191595],[121.469725,25.195243],[121.4664322,25.195087],[121.4640021,25.193985],[121.4687442,25.191684],[121.475285,25.189257],[121.474732,25.188079],[121.471657,25.187722],[121.467557,25.189513],[121.462667,25.190917],[121.476697,25.185788],[121.457575,25.186584],[121.47384,25.184906],[121.471198,25.184411],[121.467151,25.182583],[121.464736,25.182311],[121.4626106,25.182246],[121.45982,25.182419],[121.4548097,25.18138],[121.451118,25.179849],[121.451118,25.179849],[121.449309,25.178874],[121.449309,25.178874],[121.447544,25.178458],[121.447544,25.178458],[121.445604,25.178083],[121.4434655,25.177739],[121.441793,25.175626],[121.441793,25.175626],[121.4409324,25.173667],[121.442618297947,25.1704243596582],[121.442618297947,25.1704243596582],[121.4442,25.169611],[121.4442,25.169611],[121.4467018,25.167281]]}},{"type":"Feature","properties":{"route_name":"F103","color":"#a13bdc"},"geometry":{"type":"LineString","coordinates":[[121.446540610778,25.1674549071321],[121.446540610778,25.1674549071321],[121.4430187,25.17060594],[121.4430187,25.17060594],[121.4406719,25.172743],[121.44194,25.175635],[121.44194,25.175635],[121.443641,25.177725],[121.4454456,25.177847],[121.447419,25.178286],[121.447419,25.178286],[121.449371,25.17875],[121.449371,25.17875],[121.451185,25.179717],[121.4512246,25.179723],[121.4549958,25.181276],[121.459614,25.182169],[121.4627219,25.182089],[121.4647577,25.182146],[121.4671832,25.182438],[121.4715209,25.184416],[121.473862,25.184789],[121.47668,25.185641],[121.478082,25.182788],[121.477777,25.181235],[121.479226,25.184774],[121.481885,25.185191],[121.4832416,25.184347],[121.4857897,25.1826],[121.484253,25.180243],[121.484289,25.17842],[121.485279,25.178541],[121.486192,25.177026],[121.4851137,25.174939],[121.4837464,25.186402],[121.4853155,25.187725],[121.488781,25.190159],[121.491529,25.187311],[121.492539,25.189911],[121.4916321,25.191344],[121.49882,25.18762],[121.502488,25.186079],[121.501418,25.188877],[121.501798,25.191154],[121.4915449,25.191474],[121.488561,25.190213],[121.485003,25.187793],[121.4835989,25.18656],[121.482514,25.185373],[121.4810392,25.185541],[121.476697,25.185788],[121.47384,25.184906],[121.471198,25.184411],[121.467151,25.182583],[121.464736,25.182311],[121.4626106,25.182246],[121.45982,25.182419],[121.4548097,25.18138],[121.451118,25.179849],[121.451118,25.179849],[121.449309,25.178874],[121.449309,25.178874],[121.447544,25.178458],[121.447544,25.178458],[121.445604,25.178083],[121.4434655,25.177739],[121.441793,25.175626],[121.441793,25.175626],[121.4409324,25.173667],[121.442618297947,25.1704243596582],[121.442618297947,25.1704243596582],[121.4442,25.169611],[121.4442,25.169611],[121.4467018,25.167281]]}},{"type":"Feature","properties":{"route_name":"F105","color":"#a73bdc"},"geometry":{"type":"LineString","coordinates":[[121.4467018,25.167281],[121.4430187,25.17060594],[121.4430187,25.17060594],[121.4406719,25.172743],[121.44194,25.175635],[121.44194,25.175635],[121.443641,25.177725],[121.444377,25.178593],[121.444377,25.178593],[121.44479166138,25.180378546534],[121.4447595,25.180451],[121.4448831,25.182892],[121.4478764,25.18289],[121.4471692,25.190121],[121.4465853,25.193051],[121.4473848,25.198189],[121.4482743,25.200446],[121.448846,25.202947],[121.4489778,25.20653],[121.4493848,25.209188],[121.4515866,25.21526],[121.453282,25.216877],[121.4516184,25.219534],[121.452064,25.224331],[121.4518402,25.227869],[121.454563,25.233493],[121.456849,25.236364],[121.4615026,25.236192],[121.4643433,25.23665],[121.4692906,25.23693],[121.470772,25.235702],[121.472537,25.232204],[121.472205,25.237055],[121.4748978,25.235763],[121.4773855,25.234864],[121.4804137,25.233988],[121.4825635,25.233969],[121.4839073,25.232972],[121.485588,25.230621],[121.4887812,25.22876],[121.491738,25.225878],[121.4899521,25.224048],[121.493741,25.224018],[121.497907,25.216243],[121.493712,25.218023],[121.491806,25.219278],[121.48895,25.221504],[121.486439,25.223018],[121.486089,25.223202],[121.480359,25.224236],[121.477782,25.22481],[121.4751734,25.221819],[121.471793,25.218598],[121.468428,25.216886],[121.464703,25.215995],[121.4623605,25.216153],[121.462287,25.214035],[121.46468,25.215876],[121.468502,25.216694],[121.4804212,25.214543],[121.474203,25.21488],[121.4756465,25.214091],[121.4852359,25.205377],[121.4810368,25.202618],[121.482146,25.205748],[121.474287,25.2053],[121.4713165,25.205524],[121.4682534,25.205148],[121.463766,25.204709],[121.4602188,25.205175],[121.4556336,25.205447],[121.449303,25.206449],[121.4482743,25.202152],[121.4480022,25.200093],[121.4473208,25.19843],[121.44617,25.19321],[121.4468647,25.190072],[121.4467124,25.187913],[121.447599,25.183035],[121.445151,25.18305],[121.444605,25.180626],[121.444605,25.180626],[121.444271,25.178799],[121.444271,25.178799],[121.4434655,25.177739],[121.441793,25.175626],[121.441793,25.175626],[121.4409324,25.173667],[121.442618297947,25.1704243596582],[121.442618297947,25.1704243596582],[121.4442,25.169611],[121.4442,25.169611],[121.4467018,25.167281]]}},{"type":"Feature","properties":{"route_name":"F105反","color":"#5e3bdc"},"geometry":{"type":"LineString","coordinates":[[121.4467018,25.167281],[121.4430187,25.17060594],[121.4430187,25.17060594],[121.4406719,25.172743],[121.44194,25.175635],[121.44194,25.175635],[121.443641,25.177725],[121.444377,25.178593],[121.444377,25.178593],[121.4447595,25.180451],[121.44479166138,25.180378546534],[121.4448831,25.182892],[121.4478764,25.18289],[121.4471692,25.190121],[121.4465853,25.193051],[121.4473848,25.198189],[121.4482743,25.200446],[121.448846,25.202947],[121.449333,25.206308],[121.455556,25.205318],[121.460145,25.205085],[121.463924,25.204646],[121.4683017,25.205046],[121.471464,25.205428],[121.4740845,25.205267],[121.4821258,25.205621],[121.4810368,25.202618],[121.4852359,25.205377],[121.4756465,25.214091],[121.474259,25.214923],[121.4804212,25.214543],[121.468428,25.216886],[121.464703,25.215995],[121.4623605,25.216153],[121.46468,25.215876],[121.468502,25.216694],[121.471951,25.218591],[121.475295,25.221829],[121.4784823,25.224287],[121.4804685,25.22407],[121.486046,25.223049],[121.497907,25.216243],[121.493712,25.218023],[121.491806,25.219278],[121.48895,25.221504],[121.486439,25.223018],[121.493741,25.224018],[121.490179,25.224182],[121.491855,25.225896],[121.488845,25.228875],[121.4856646,25.230719],[121.4839529,25.233076],[121.4823811,25.234119],[121.4803749,25.23409],[121.4776133,25.234926],[121.475036,25.235855],[121.472199,25.237195],[121.469201,25.237059],[121.464291,25.236776],[121.461588,25.236441],[121.4566535,25.236443],[121.4543152,25.233587],[121.4517126,25.226835],[121.4467643,25.224968],[121.4517444,25.223709],[121.4514817,25.21927],[121.453091,25.21695],[121.4518316,25.215421],[121.4491991,25.209493],[121.448788,25.206706],[121.4482743,25.202152],[121.4480022,25.200093],[121.4473208,25.19843],[121.44617,25.19321],[121.4468647,25.190072],[121.4467124,25.187913],[121.447599,25.183035],[121.445151,25.18305],[121.444605,25.180626],[121.444605,25.180626],[121.444271,25.178799],[121.444271,25.178799],[121.4434655,25.177739],[121.441793,25.175626],[121.441793,25.175626],[121.4409324,25.173667],[121.442618297947,25.1704243596582],[121.442618297947,25.1704243596582],[121.4442,25.169611],[121.4442,25.169611],[121.4467018,25.167281]]}},{"type":"Feature","properties":{"route_name":"F106","color":"#a93bdc"},"geometry":{"type":"LineString","coordinates":[[121.4467018,25.167281],[121.4430187,25.17060594],[121.4430187,25.17060594],[121.4406719,25.172743],[121.44194,25.175635],[121.44194,25.175635],[121.443641,25.177725],[121.444377,25.178593],[121.444377,25.178593],[121.44479166138,25.180378546534],[121.4447595,25.180451],[121.4448831,25.182892],[121.4478764,25.18289],[121.4471692,25.190121],[121.4465853,25.193051],[121.4473848,25.198189],[121.4482743,25.200446],[121.448846,25.202947],[121.4489778,25.20653],[121.4493848,25.209188],[121.4501591,25.218586],[121.449057,25.223927],[121.4467643,25.224968],[121.4484833,25.223883],[121.452789,25.22396],[121.458376,25.224642],[121.462338,25.2262],[121.4518402,25.227869],[121.4533327,25.232285],[121.457454,25.229056],[121.4595137,25.229133],[121.4641593,25.226795],[121.459689,25.229281],[121.457448,25.229221],[121.454563,25.233493],[121.468135,25.226328],[121.4784823,25.224287],[121.4804685,25.22407],[121.4788833,25.22635],[121.4766167,25.227533],[121.468858,25.232777],[121.465875,25.232918],[121.461442,25.232275],[121.457922,25.232438],[121.454935,25.233632],[121.4565819,25.236979],[121.453161,25.240879],[121.456647,25.240038],[121.4562741,25.236813],[121.455304,25.23671],[121.453596,25.237763],[121.452944,25.239378],[121.450444,25.240611],[121.45158,25.240164],[121.452839,25.239368],[121.453468,25.237755],[121.455307,25.236588],[121.4543152,25.233587],[121.4532967,25.23266],[121.4517126,25.226835],[121.449057,25.223927],[121.4467643,25.224968],[121.4484833,25.223883],[121.4517444,25.223709],[121.449119,25.218426],[121.443455,25.220867],[121.445752,25.217943],[121.442033,25.218972],[121.449886,25.218336],[121.4491991,25.209493],[121.448788,25.206706],[121.448249,25.204467],[121.4463013,25.208066],[121.445062,25.21068],[121.440762,25.211549],[121.4389333,25.211783],[121.440787,25.211494],[121.444933,25.21065],[121.446241,25.207906],[121.447026,25.206145],[121.443161,25.205584],[121.448242,25.204377],[121.4482743,25.202152],[121.4480022,25.200093],[121.4473208,25.19843],[121.44617,25.19321],[121.4468647,25.190072],[121.4467124,25.187913],[121.447599,25.183035],[121.445151,25.18305],[121.444605,25.180626],[121.444605,25.180626],[121.444271,25.178799],[121.444271,25.178799],[121.4434655,25.177739],[121.441793,25.175626],[121.441793,25.175626],[121.4409324,25.173667],[121.442618297947,25.1704243596582],[121.442618297947,25.1704243596582],[121.4442,25.169611],[121.4442,25.169611],[121.446540610778,25.1674549071321],[121.446540610778,25.1674549071321]]}},{"type":"Feature","properties":{"route_name":"F109","color":"#b13bdc"},"geometry":{"type":"LineString","coordinates":[[121.4467018,25.167281],[121.4430187,25.17060594],[121.4430187,25.17060594],[121.4406719,25.172743],[121.44194,25.175635],[121.44194,25.175635],[121.443641,25.177725],[121.4454456,25.177847],[121.447419,25.178286],[121.447419,25.178286],[121.449371,25.17875],[121.449371,25.17875],[121.4512246,25.179723],[121.451185,25.179717],[121.453396,25.180185],[121.453396,25.180185],[121.455158,25.178154],[121.455158,25.178154],[121.4572271,25.176069],[121.4595297,25.176503],[121.4641437,25.175422],[121.4656544,25.176218],[121.469203,25.178447],[121.46042,25.178523],[121.45832,25.178826],[121.45463,25.18129],[121.452533,25.182933],[121.4487265,25.183717],[121.45174038229595,25.186552353480682],[121.4626516,25.190904],[121.447462,25.18832],[121.4471692,25.190121],[121.4465853,25.193051],[121.450074,25.196407],[121.4492536,25.19747],[121.452031,25.197995],[121.452303,25.198881],[121.4543238,25.199087],[121.457014,25.200282],[121.4595707,25.200302],[121.4606561,25.200019],[121.4703031,25.199222],[121.459658,25.198568],[121.461315,25.197843],[121.4608333,25.196183],[121.460427,25.200177],[121.459387,25.200476],[121.457121,25.200456],[121.4539671,25.199025],[121.452396,25.199045],[121.4473208,25.19843],[121.44617,25.19321],[121.4468647,25.190072],[121.4467124,25.187913],[121.454587,25.181248],[121.458263,25.178734],[121.460384,25.178421],[121.469203,25.178447],[121.465842,25.17731],[121.464129,25.175596],[121.459491,25.176662],[121.45722,25.176207],[121.454879,25.176446],[121.451831,25.177243],[121.449309,25.178874],[121.449309,25.178874],[121.447544,25.178458],[121.447544,25.178458],[121.445604,25.178083],[121.4434655,25.177739],[121.441793,25.175626],[121.441793,25.175626],[121.4409324,25.173667],[121.442618297947,25.1704243596582],[121.442618297947,25.1704243596582],[121.4442,25.169611],[121.4442,25.169611],[121.4467018,25.167281]]}},{"type":"Feature","properties":{"route_name":"F121","color":"#dc3b76"},"geometry":{"type":"LineString","coordinates":[[121.404001,25.149766],[121.404001,25.149766],[121.399938,25.147601],[121.399938,25.147601],[121.3705,25.13675],[121.384237,25.141043],[121.3907228,25.125668],[121.39554,25.115256],[121.392253,25.128764],[121.3967844,25.143315],[121.3967844,25.143315]]}},{"type":"Feature","properties":{"route_name":"F122","color":"#dc3b74"},"geometry":{"type":"LineString","coordinates":[[121.404001,25.149766],[121.404001,25.149766],[121.40302,25.14918],[121.40302,25.14918],[121.40112,25.148269],[121.40112,25.148269],[121.399938,25.147601],[121.399938,25.147601],[121.397998,25.146847],[121.397998,25.146847],[121.399533,25.141453],[121.404001,25.149766],[121.404001,25.149766]]}},{"type":"Feature","properties":{"route_name":"F123-0640","color":"#dc843b"},"geometry":{"type":"LineString","coordinates":[[121.3967844,25.143315],[121.3967844,25.143315],[121.3977429,25.145911],[121.399533,25.141453],[121.412558,25.146518],[121.423508,25.149904],[121.425497,25.15186],[121.43005,25.153764],[121.434178,25.158433],[121.434178,25.158433],[121.4319282,25.1586444],[121.4319282,25.1586444],[121.42872,25.15918],[121.42872,25.15918],[121.424892,25.159319],[121.424892,25.159319],[121.421824,25.159146],[121.421824,25.159146],[121.420828,25.159516],[121.420828,25.159516],[121.419357,25.160551],[121.424899,25.159018],[121.424899,25.159018],[121.428344,25.159046],[121.428344,25.159046],[121.43143,25.15839],[121.43143,25.15839],[121.43411,25.15823],[121.43411,25.15823],[121.43694,25.15577],[121.43694,25.15577],[121.434803,25.144384],[121.432466,25.142628],[121.432447,25.143379],[121.434257,25.144172],[121.439376,25.14861],[121.440034,25.149963],[121.445125,25.147643],[121.445125,25.147643],[121.44604,25.146125],[121.44604,25.146125]]}},{"type":"Feature","properties":{"route_name":"F123-1205","color":"#cf3bdc"},"geometry":{"type":"LineString","coordinates":[[121.446226,25.146145],[121.446226,25.146145],[121.445337,25.147707],[121.445337,25.147707],[121.44428,25.14926],[121.44428,25.14926],[121.439968,25.150019],[121.439261,25.148628],[121.434803,25.144384],[121.432466,25.142628],[121.432447,25.143379],[121.434257,25.144172],[121.437602,25.155481],[121.437602,25.155481],[121.434178,25.158433],[121.434178,25.158433],[121.4319282,25.1586444],[121.4319282,25.1586444],[121.42872,25.15918],[121.42872,25.15918],[121.424892,25.159319],[121.424892,25.159319],[121.421824,25.159146],[121.421824,25.159146],[121.420828,25.159516],[121.420828,25.159516],[121.424899,25.159018],[121.424899,25.159018],[121.428344,25.159046],[121.428344,25.159046],[121.43143,25.15839],[121.43143,25.15839],[121.43411,25.15823],[121.43411,25.15823],[121.43001,25.15391],[121.425384,25.151836],[121.423414,25.149948],[121.412658,25.146526],[121.3995,25.141907],[121.396419,25.143191],[121.396419,25.143191]]}},{"type":"Feature","properties":{"route_name":"F123-1525","color":"#dc3b3b"},"geometry":{"type":"LineString","coordinates":[[121.3967844,25.143315],[121.3967844,25.143315],[121.3977429,25.145911],[121.399533,25.141453],[121.412558,25.146518],[121.398251,25.146813],[121.398251,25.146813],[121.400021,25.147471],[121.400021,25.147471],[121.4015,25.148318],[121.4015,25.148318],[121.402932,25.1489121],[121.402932,25.1489121],[121.404623,25.149966],[121.404623,25.149966],[121.40553,25.15186],[121.40553,25.15186],[121.40615,25.152877],[121.40615,25.152877],[121.406797,25.153621],[121.406797,25.153621],[121.408651,25.155874],[121.408651,25.155874],[121.41074,25.157441],[121.41074,25.157441],[121.41205,25.158527],[121.41205,25.158527],[121.4139447,25.15970821],[121.4139447,25.15970821],[121.416892,25.159307],[121.416892,25.159307],[121.41876,25.1596],[121.41876,25.1596],[121.42105,25.15924],[121.42105,25.15924],[121.422092,25.158932],[121.422092,25.158932],[121.424899,25.159018],[121.424899,25.159018],[121.428344,25.159046],[121.428344,25.159046],[121.43143,25.15839],[121.43143,25.15839],[121.43411,25.15823],[121.43411,25.15823],[121.43694,25.15577],[121.43694,25.15577],[121.43991,25.153561],[121.43991,25.153561],[121.44343,25.14979],[121.44343,25.14979],[121.445125,25.147643],[121.445125,25.147643],[121.44604,25.146125],[121.44604,25.146125],[121.439968,25.150019],[121.439261,25.148628],[121.434803,25.144384],[121.432466,25.142628],[121.432447,25.143379],[121.434257,25.144172],[121.437602,25.155481],[121.437602,25.155481],[121.43001,25.15391],[121.425384,25.151836],[121.423414,25.149948],[121.412658,25.146526],[121.3995,25.141907],[121.396419,25.143191],[121.396419,25.143191]]}},{"type":"Feature","properties":{"route_name":"F123下罟經八療","color":"#dc3b56"},"geometry":{"type":"LineString","coordinates":[[121.3705,25.13675],[121.384237,25.141043],[121.3977429,25.145911],[121.399533,25.141453],[121.412558,25.146518],[121.3995,25.141907],[121.3977429,25.145911],[121.384113,25.141261],[121.3705,25.13675]]}},{"type":"Feature","properties":{"route_name":"F123八療","color":"#3bc9dc"},"geometry":{"type":"LineString","coordinates":[[121.3977429,25.145911],[121.399533,25.141453],[121.412558,25.146518],[121.3995,25.141907],[121.3977429,25.145911]]}},{"type":"Feature","properties":{"route_name":"F123十三行文化公園經八療","color":"#3bdc89"},"geometry":{"type":"LineString","coordinates":[[121.3977429,25.145911],[121.399533,25.141453],[121.412558,25.146518],[121.423508,25.149904],[121.425497,25.15186],[121.43005,25.153764],[121.434178,25.158433],[121.434178,25.158433],[121.4319282,25.1586444],[121.4319282,25.1586444],[121.42872,25.15918],[121.42872,25.15918],[121.424892,25.159319],[121.424892,25.159319],[121.413455,25.162107],[121.413376,25.161945],[121.424899,25.159018],[121.424899,25.159018],[121.428344,25.159046],[121.428344,25.159046],[121.43143,25.15839],[121.43143,25.15839],[121.43411,25.15823],[121.43411,25.15823],[121.43001,25.15391],[121.425384,25.151836],[121.423414,25.149948],[121.412658,25.146526],[121.3995,25.141907],[121.3977429,25.145911]]}},{"type":"Feature","properties":{"route_name":"F126","color":"#dc3b69"},"geometry":{"type":"LineString","coordinates":[[121.3977429,25.145911],[121.398251,25.146813],[121.398251,25.146813],[121.399874,25.146794],[121.396419,25.143191],[121.396419,25.143191],[121.39295,25.138517],[121.39215,25.12882],[121.390733,25.127284],[121.3907228,25.125668],[121.396665,25.077883],[121.388861,25.076704],[121.380874,25.07399],[121.3697419,25.068593]]}},{"type":"Feature","properties":{"route_name":"F126江厝","color":"#dc743b"},"geometry":{"type":"LineString","coordinates":[[121.3977429,25.145911],[121.398251,25.146813],[121.398251,25.146813],[121.399874,25.146794],[121.396419,25.143191],[121.396419,25.143191],[121.39295,25.138517],[121.38944,25.138784],[121.390733,25.127284],[121.3907228,25.125668],[121.396665,25.077883],[121.388861,25.076704],[121.380874,25.07399],[121.3697419,25.068593]]}},{"type":"Feature","properties":{"route_name":"F126經里中","color":"#9edc3b"},"geometry":{"type":"LineString","coordinates":[[121.3977429,25.145911],[121.398251,25.146813],[121.398251,25.146813],[121.399874,25.146794],[121.396419,25.143191],[121.396419,25.143191],[121.39295,25.138517],[121.39215,25.12882],[121.390733,25.127284],[121.3907228,25.125668],[121.396665,25.077883],[121.388861,25.076704],[121.380874,25.07399],[121.3697419,25.068593]]}},{"type":"Feature","properties":{"route_name":"F131","color":"#dc543b"},"geometry":{"type":"LineString","coordinates":[[121.501724,25.258922],[121.4795167,25.257683],[121.502645,25.239802],[121.496858,25.230119],[121.5046167,25.2238],[121.501683,25.204647],[121.4974167,25.2055],[121.4937081,25.201224],[121.4932361,25.193648],[121.5013095,25.204558],[121.507874,25.203691],[121.511131,25.201944],[121.512614,25.202022]]}},{"type":"Feature","properties":{"route_name":"F132","color":"#dc563b"},"geometry":{"type":"LineString","coordinates":[[121.500969,25.25892],[121.518588,25.245089],[121.508413,25.248615],[121.512905,25.236908],[121.5204,25.22855],[121.5176,25.225421],[121.528761,25.220716],[121.530533,25.225879],[121.531527,25.228458],[121.537351,25.226434],[121.537631,25.238493],[121.537442,25.226599],[121.531527,25.228458],[121.530419,25.225908],[121.528544,25.220779],[121.51775,25.225372],[121.5204,25.22855],[121.512997,25.237087],[121.508468,25.24848],[121.518588,25.245089],[121.50173,25.25897]]}},{"type":"Feature","properties":{"route_name":"F132經青山","color":"#dc3b3b"},"geometry":{"type":"LineString","coordinates":[[121.500969,25.25892],[121.518588,25.245089],[121.508413,25.248615],[121.512905,25.236908],[121.5204,25.22855],[121.5176,25.225421],[121.528761,25.220716],[121.53799,25.219672],[121.532976,25.221901]]}},{"type":"Feature","properties":{"route_name":"F133假日","color":"#3bdcd4"},"geometry":{"type":"LineString","coordinates":[[121.50173,25.25897],[121.5053833,25.243133],[121.51151,25.231632],[121.5159302,25.225063],[121.518294,25.215009],[121.521136,25.215099],[121.5159946,25.225238],[121.511637,25.231643],[121.504912,25.243797],[121.501081,25.258882]]}},{"type":"Feature","properties":{"route_name":"F133平日","color":"#dc3b99"},"geometry":{"type":"LineString","coordinates":[[121.50173,25.25897],[121.5053833,25.243133],[121.51151,25.231632],[121.5159302,25.225063],[121.504216,25.205924],[121.5183333,25.20735],[121.518294,25.215009],[121.521136,25.215099],[121.5159946,25.225238],[121.511637,25.231643],[121.504912,25.243797],[121.501081,25.258882]]}},{"type":"Feature","properties":{"route_name":"F133末班","color":"#dc893b"},"geometry":{"type":"LineString","coordinates":[[121.500969,25.25892],[121.518588,25.245089],[121.512905,25.236908],[121.530419,25.225908],[121.5159302,25.225063],[121.521136,25.215099],[121.5159946,25.225238],[121.511637,25.231643],[121.504912,25.243797],[121.501081,25.258882]]}},{"type":"Feature","properties":{"route_name":"F136","color":"#dc613b"},"geometry":{"type":"LineString","coordinates":[[121.501724,25.258922],[121.4762667,25.2556],[121.4777333,25.254167],[121.480088,25.252878],[121.482185,25.250565],[121.4920364,25.237042],[121.489204,25.239071],[121.4872667,25.237217],[121.485687,25.235371],[121.473,25.242567],[121.466609,25.243484],[121.463648,25.244832],[121.459848,25.246648],[121.458905,25.244737]]}},{"type":"Feature","properties":{"route_name":"F137","color":"#dc643b"},"geometry":{"type":"LineString","coordinates":[[121.501724,25.258922],[121.460188,25.139294]]}},{"type":"Feature","properties":{"route_name":"F138內橫山","color":"#3bdc84"},"geometry":{"type":"LineString","coordinates":[[121.500969,25.25892],[121.5128023,25.255026],[121.516897,25.254945],[121.5258161,25.254541],[121.5280503,25.257778],[121.5305475,25.259175],[121.532154,25.259328],[121.5360247,25.257117],[121.542668,25.258762],[121.544133,25.258077],[121.53836,25.26289],[121.537925,25.26284],[121.532154,25.259328],[121.5298018,25.259049],[121.5278036,25.257739],[121.5261433,25.255108],[121.516747,25.254957],[121.5125941,25.255078],[121.501724,25.258922]]}},{"type":"Feature","properties":{"route_name":"F138新古庄","color":"#dca73b"},"geometry":{"type":"LineString","coordinates":[[121.500969,25.25892],[121.510562,25.268402],[121.512261,25.272811],[121.516407,25.265591],[121.518297,25.263515],[121.50738,25.276512],[121.500782,25.272396],[121.494367,25.271874],[121.4889167,25.269083],[121.48635,25.265767],[121.482699,25.264194],[121.500969,25.25892]]}},{"type":"Feature","properties":{"route_name":"F139行經101線","color":"#dc3b3b"},"geometry":{"type":"LineString","coordinates":[[121.501081,25.258882],[121.446540610778,25.1674549071321],[121.446540610778,25.1674549071321]]}},{"type":"Feature","properties":{"route_name":"F139行經台2線","color":"#dc3bd1"},"geometry":{"type":"LineString","coordinates":[[121.501081,25.258882],[121.446540610778,25.1674549071321],[121.446540610778,25.1674549071321]]}},{"type":"Feature","properties":{"route_name":"F151-0605","color":"#b93bdc"},"geometry":{"type":"LineString","coordinates":[[121.566971,25.290901],[121.580451,25.269328],[121.58288,25.258722],[121.580621,25.269534],[121.567687,25.291564]]}},{"type":"Feature","properties":{"route_name":"F151-0620","color":"#3b56dc"},"geometry":{"type":"LineString","coordinates":[[121.5657698,25.289962],[121.5657054,25.26346],[121.5653299,25.249157],[121.559199,25.247117],[121.5655532,25.249214],[121.5658127,25.263314],[121.572043,25.273852],[121.574274,25.27516],[121.567687,25.291564]]}},{"type":"Feature","properties":{"route_name":"F151-0655、1040","color":"#513bdc"},"geometry":{"type":"LineString","coordinates":[[121.567687,25.291564],[121.5528746,25.291434],[121.5458915,25.289253],[121.559989,25.268216],[121.561684,25.267751],[121.548213,25.282879],[121.545697,25.289146],[121.5528062,25.291123],[121.567687,25.291564]]}},{"type":"Feature","properties":{"route_name":"F151-0730","color":"#dc3bac"},"geometry":{"type":"LineString","coordinates":[[121.566971,25.290901],[121.580451,25.269328],[121.58288,25.258722],[121.580579,25.245421],[121.580621,25.269534],[121.5749265,25.297718],[121.567687,25.291564]]}},{"type":"Feature","properties":{"route_name":"F151-0810","color":"#3bdc6e"},"geometry":{"type":"LineString","coordinates":[[121.5657698,25.289962],[121.5657054,25.26346],[121.5653299,25.249157],[121.566696,25.245123],[121.5655532,25.249214],[121.5658127,25.263314],[121.572043,25.273852],[121.574274,25.27516],[121.567687,25.291564]]}},{"type":"Feature","properties":{"route_name":"F151-0840、1705","color":"#dcb73b"},"geometry":{"type":"LineString","coordinates":[[121.567687,25.291564],[121.5528746,25.291434],[121.5458915,25.289253],[121.561684,25.267751],[121.548213,25.282879],[121.545697,25.289146],[121.5528062,25.291123],[121.567687,25.291564]]}},{"type":"Feature","properties":{"route_name":"F151-0930","color":"#3bb1dc"},"geometry":{"type":"LineString","coordinates":[[121.567687,25.291564],[121.574864,25.297518],[121.580451,25.269328],[121.58288,25.258722],[121.580579,25.245421],[121.580621,25.269534],[121.5749265,25.297718],[121.567687,25.291564]]}},{"type":"Feature","properties":{"route_name":"F151-1010","color":"#dc3b46"},"geometry":{"type":"LineString","coordinates":[[121.5657698,25.289962],[121.5657054,25.26346],[121.5653299,25.249157],[121.566696,25.245123],[121.5655532,25.249214],[121.5658127,25.263314],[121.574274,25.27516],[121.567687,25.291564]]}},{"type":"Feature","properties":{"route_name":"F151-1605","color":"#dc663b"},"geometry":{"type":"LineString","coordinates":[[121.567687,25.291564],[121.574864,25.297518],[121.580451,25.269328],[121.580579,25.245421],[121.58288,25.258722],[121.580621,25.269534],[121.567654,25.292223]]}},{"type":"Feature","properties":{"route_name":"F151-1635","color":"#af3bdc"},"geometry":{"type":"LineString","coordinates":[[121.566971,25.290901],[121.574274,25.27516],[121.5676527,25.276116],[121.5657054,25.26346],[121.5653299,25.249157],[121.5658127,25.263314],[121.567818,25.276152],[121.567687,25.291564]]}},{"type":"Feature","properties":{"route_name":"F151-1730","color":"#dcb93b"},"geometry":{"type":"LineString","coordinates":[[121.567687,25.291564],[121.574864,25.297518],[121.580451,25.269328],[121.58288,25.258722],[121.580579,25.245421],[121.580621,25.269534],[121.567687,25.291564]]}},{"type":"Feature","properties":{"route_name":"F151-1810","color":"#3b5cdc"},"geometry":{"type":"LineString","coordinates":[[121.5657698,25.289962],[121.5657054,25.26346],[121.5653299,25.249157],[121.566696,25.245123],[121.5655532,25.249214],[121.5658127,25.263314],[121.567818,25.276152],[121.574274,25.27516],[121.567687,25.291564]]}},{"type":"Feature","properties":{"route_name":"F152-0600","color":"#3bdc74"},"geometry":{"type":"LineString","coordinates":[[121.5458915,25.289253],[121.521395,25.2844],[121.5189958,25.272987],[121.531154,25.269257],[121.5225429,25.285141],[121.531557,25.28753],[121.534276,25.288474],[121.539361,25.289637],[121.545697,25.289146]]}},{"type":"Feature","properties":{"route_name":"F152-0620、0745","color":"#513bdc"},"geometry":{"type":"LineString","coordinates":[[121.5458915,25.289253],[121.535143,25.293897],[121.539361,25.289637],[121.5404,25.281133],[121.546235,25.268174],[121.5428245,25.28885],[121.545697,25.289146]]}},{"type":"Feature","properties":{"route_name":"F152-0635","color":"#dcaf3b"},"geometry":{"type":"LineString","coordinates":[[121.545697,25.289146],[121.548027,25.282852],[121.549597,25.275114],[121.552601,25.26055],[121.5458915,25.289253]]}},{"type":"Feature","properties":{"route_name":"F152-0700","color":"#713bdc"},"geometry":{"type":"LineString","coordinates":[[121.5458915,25.289253],[121.539208,25.289759],[121.5371032,25.283931],[121.539047,25.271267],[121.5361627,25.270616],[121.53099,25.269356],[121.518724,25.273321],[121.531557,25.28753],[121.539361,25.289637],[121.545697,25.289146]]}},{"type":"Feature","properties":{"route_name":"F152-0810","color":"#dc3b5c"},"geometry":{"type":"LineString","coordinates":[[121.545697,25.289146],[121.548027,25.282852],[121.549597,25.275114],[121.552601,25.26055],[121.5565236,25.249483],[121.559199,25.247117],[121.5649499,25.241978],[121.5458915,25.289253],[121.54349,25.290223]]}},{"type":"Feature","properties":{"route_name":"F152-0845","color":"#563bdc"},"geometry":{"type":"LineString","coordinates":[[121.5458915,25.289253],[121.521395,25.2844],[121.5189958,25.272987],[121.531154,25.269257],[121.5225429,25.285141],[121.531557,25.28753],[121.539361,25.289637],[121.545697,25.289146],[121.5528062,25.291123],[121.5668883,25.290961],[121.586377,25.291951]]}},{"type":"Feature","properties":{"route_name":"F152-0925","color":"#bfdc3b"},"geometry":{"type":"LineString","coordinates":[[121.567687,25.291564],[121.5528746,25.291434],[121.5458915,25.289253],[121.539208,25.289759],[121.535143,25.293897],[121.5371032,25.283931],[121.539047,25.271267],[121.5428217,25.270368],[121.546235,25.268174],[121.5428245,25.28885],[121.545697,25.289146]]}},{"type":"Feature","properties":{"route_name":"F152-0950","color":"#dc3b69"},"geometry":{"type":"LineString","coordinates":[[121.545697,25.289146],[121.548027,25.282852],[121.549597,25.275114],[121.552601,25.26055],[121.5565236,25.249483],[121.559199,25.247117],[121.5649499,25.241978],[121.5458915,25.289253]]}},{"type":"Feature","properties":{"route_name":"F152-1545","color":"#dc3b6c"},"geometry":{"type":"LineString","coordinates":[[121.5458915,25.289253],[121.539208,25.289759],[121.531762,25.287986],[121.521395,25.2844],[121.5189958,25.272987],[121.531154,25.269257],[121.5225429,25.285141],[121.534276,25.288474],[121.545697,25.289146],[121.5528062,25.291123],[121.5668883,25.290961]]}},{"type":"Feature","properties":{"route_name":"F152-1630","color":"#3bdc69"},"geometry":{"type":"LineString","coordinates":[[121.567687,25.291564],[121.5528746,25.291434],[121.5458915,25.289253],[121.540096,25.288739],[121.5404,25.281133],[121.546235,25.268174],[121.5428245,25.28885],[121.545697,25.289146]]}},{"type":"Feature","properties":{"route_name":"F152-1655","color":"#c1dc3b"},"geometry":{"type":"LineString","coordinates":[[121.545697,25.289146],[121.548027,25.282852],[121.549597,25.275114],[121.552601,25.26055],[121.5565236,25.249483],[121.5649499,25.241978],[121.5458915,25.289253]]}},{"type":"Feature","properties":{"route_name":"F152-1720","color":"#b93bdc"},"geometry":{"type":"LineString","coordinates":[[121.5458915,25.289253],[121.521395,25.2844],[121.5189958,25.272987],[121.531154,25.269257],[121.5225429,25.285141],[121.531557,25.28753],[121.539361,25.289637],[121.545697,25.289146]]}},{"type":"Feature","properties":{"route_name":"F152-1740","color":"#3b64dc"},"geometry":{"type":"LineString","coordinates":[[121.5458915,25.289253],[121.540096,25.288739],[121.5404,25.281133],[121.546235,25.268174],[121.5428245,25.28885],[121.545697,25.289146]]}},{"type":"Feature","properties":{"route_name":"F152-1800","color":"#5cdc3b"},"geometry":{"type":"LineString","coordinates":[[121.545697,25.289146],[121.548027,25.282852],[121.549597,25.275114],[121.552601,25.26055],[121.5458915,25.289253],[121.5668883,25.290961]]}},{"type":"Feature","properties":{"route_name":"F153-0620","color":"#bc3bdc"},"geometry":{"type":"LineString","coordinates":[[121.567687,25.291564],[121.5914,25.290445],[121.592458,25.270038],[121.602922,25.265137],[121.61612,25.255917],[121.602922,25.265137],[121.606676,25.280843],[121.5914,25.290445],[121.5925599,25.270175],[121.592067,25.279565],[121.598124,25.270044],[121.59631,25.28183],[121.567265,25.291878],[121.56452,25.291188],[121.567687,25.291564]]}},{"type":"Feature","properties":{"route_name":"F153-0730","color":"#dc663b"},"geometry":{"type":"LineString","coordinates":[[121.567687,25.291564],[121.5914,25.290445],[121.592318,25.269629],[121.592094,25.254656],[121.593573,25.247403],[121.592458,25.270038],[121.602922,25.265137],[121.606676,25.280843],[121.56452,25.291188],[121.567687,25.291564]]}},{"type":"Feature","properties":{"route_name":"F153-0830","color":"#3bdc64"},"geometry":{"type":"LineString","coordinates":[[121.567687,25.291564],[121.606478,25.280995],[121.607077,25.274271],[121.616081,25.256083],[121.602874,25.265315],[121.5925599,25.270175],[121.592094,25.254656],[121.592458,25.270038],[121.591577,25.290474],[121.567687,25.291564]]}},{"type":"Feature","properties":{"route_name":"F153-0945","color":"#3b76dc"},"geometry":{"type":"LineString","coordinates":[[121.567687,25.291564],[121.5914,25.290445],[121.591913,25.279533],[121.592067,25.269856],[121.592094,25.254656],[121.602922,25.265137],[121.606676,25.280843],[121.567687,25.291564]]}},{"type":"Feature","properties":{"route_name":"F153-1030","color":"#dc3b51"},"geometry":{"type":"LineString","coordinates":[[121.567687,25.291564],[121.606478,25.280995],[121.607077,25.274271],[121.602874,25.265315],[121.5925599,25.270175],[121.592094,25.254656],[121.593573,25.247403],[121.592067,25.279565],[121.598124,25.270044],[121.591577,25.290474],[121.567687,25.291564]]}},{"type":"Feature","properties":{"route_name":"F153-1605","color":"#b7dc3b"},"geometry":{"type":"LineString","coordinates":[[121.567687,25.291564],[121.56452,25.291188],[121.606478,25.280995],[121.602874,25.265315],[121.5925599,25.270175],[121.592094,25.254656],[121.593573,25.247403],[121.592318,25.269629],[121.591577,25.290474],[121.60764,25.28039],[121.620924,25.25826],[121.616081,25.256083],[121.602874,25.265315],[121.5925599,25.270175],[121.591577,25.290474],[121.567687,25.291564]]}},{"type":"Feature","properties":{"route_name":"F153-1730","color":"#64dc3b"},"geometry":{"type":"LineString","coordinates":[[121.567687,25.291564],[121.5925599,25.270175],[121.592318,25.269629],[121.602922,25.265137],[121.606676,25.280843],[121.567687,25.291564]]}},{"type":"Feature","properties":{"route_name":"F154","color":"#b7dc3b"},"geometry":{"type":"LineString","coordinates":[[121.5458915,25.289253],[121.5398419,25.288936],[121.535234,25.270037],[121.540654,25.281967],[121.545697,25.289146],[121.548027,25.282852],[121.549597,25.275114],[121.552601,25.26055],[121.5565236,25.249483],[121.559199,25.247117],[121.5649499,25.241978],[121.566793,25.245124],[121.566419,25.251309],[121.56598,25.25257],[121.5658127,25.263314],[121.567687,25.291564],[121.551814,25.290807],[121.5458915,25.289253]]}},{"type":"Feature","properties":{"route_name":"F161","color":"#6cdc3b"},"geometry":{"type":"LineString","coordinates":[[121.607726,25.280668],[121.591615,25.291071],[121.5749265,25.297718],[121.5652269,25.291364],[121.5528746,25.291434],[121.5458915,25.289253],[121.539208,25.289759],[121.531762,25.287986],[121.525029,25.285292],[121.5169947,25.277158],[121.459145801051,25.1538309248044],[121.459145801051,25.1538309248044],[121.460188,25.139294]]}},{"type":"Feature","properties":{"route_name":"F161-0615","color":"#643bdc"},"geometry":{"type":"LineString","coordinates":[[121.567687,25.291564],[121.5914,25.290445],[121.592067,25.269856],[121.606676,25.280843],[121.56452,25.291188],[121.567687,25.291564]]}},{"type":"Feature","properties":{"route_name":"F201","color":"#3bdc9e"},"geometry":{"type":"LineString","coordinates":[[121.450132,25.035933],[121.4482681,25.03724],[121.4457655,25.036563],[121.444336,25.037304],[121.443206,25.035662],[121.443206,25.035662],[121.4429743,25.033716],[121.443112,25.030497],[121.4431013,25.028994],[121.444447,25.028532],[121.443819,25.026915],[121.438,25.021139],[121.4351027,25.023839],[121.434521,25.030458],[121.434521,25.030458],[121.4339717,25.031677],[121.4339717,25.031677],[121.4262926,25.028689],[121.4262926,25.028689],[121.426713,25.027122],[121.426713,25.027122],[121.42802,25.026803],[121.428528,25.025432],[121.426279,25.024115],[121.425612,25.023236],[121.424127,25.021253],[121.4221636,25.01933187],[121.4221636,25.01933187],[121.4200836,25.01999805],[121.4200836,25.01999805],[121.41789,25.02076],[121.41789,25.02076],[121.416282,25.02129417],[121.416282,25.02129417],[121.41471,25.022436],[121.41471,25.022436],[121.411687,25.021617],[121.411687,25.021617],[121.41477,25.0233425],[121.41477,25.0233425],[121.4172783,25.027056],[121.416794,25.028869],[121.415418,25.029496],[121.4142581,25.029871],[121.41291,25.02988],[121.412201,25.028966],[121.412956,25.027614]]}},{"type":"Feature","properties":{"route_name":"F202","color":"#3bdca1"},"geometry":{"type":"LineString","coordinates":[[121.4449156,25.04801],[121.444915628617,25.04801],[121.444921,25.049549],[121.444921,25.049549],[121.445243,25.052717],[121.4478902,25.05259563],[121.4478902,25.05259563],[121.4511289,25.050723],[121.4550749,25.050815],[121.457786,25.051721],[121.458103,25.054027],[121.460104,25.059334],[121.460104,25.059334],[121.460032,25.061139],[121.4587179,25.06288],[121.457635,25.063771],[121.457701,25.065632],[121.458881,25.066827],[121.462186,25.067114],[121.465044,25.064412],[121.4646778,25.062552],[121.464999,25.059503],[121.464999,25.059503],[121.465415,25.05756729],[121.465415,25.05756729],[121.46593,25.0558],[121.46593,25.0558],[121.466189,25.05281393],[121.466189,25.05281393],[121.46599,25.05106],[121.46599,25.05106],[121.465617,25.048181],[121.465617,25.048181],[121.4654593,25.046008],[121.46269,25.04461],[121.46269,25.04461],[121.45976,25.04304],[121.45976,25.04304],[121.459856,25.040005],[121.459856,25.040005],[121.4579171,25.045232],[121.4554818,25.045491],[121.453317,25.044839],[121.453317,25.044839],[121.4548368,25.041697],[121.4553611,25.038678],[121.45275,25.036281],[121.450132,25.035933],[121.4502147,25.039626],[121.4525817,25.04064],[121.4527197,25.04201587],[121.4527197,25.04201587],[121.4518908,25.04361421],[121.4518908,25.04361421],[121.448428,25.043088],[121.4482034,25.045097],[121.451854,25.046438],[121.4495166,25.04774],[121.446896,25.04914],[121.4447176,25.04788846],[121.4447176,25.04788846]]}},{"type":"Feature","properties":{"route_name":"F205","color":"#3bdca9"},"geometry":{"type":"LineString","coordinates":[[121.460595,25.065762],[121.464893,25.059946],[121.4659345,25.054933],[121.466189,25.05281393],[121.466189,25.05281393],[121.4658136,25.05024],[121.4577241,25.051924],[121.457966,25.048217],[121.4577133,25.045887],[121.456336,25.040628],[121.4549281,25.041815],[121.453663,25.046303],[121.453663,25.046303],[121.4523735,25.050872],[121.44878,25.04917],[121.447964,25.044765],[121.452475,25.042346],[121.446462,25.039479],[121.446462,25.039479],[121.443917,25.043704],[121.443917,25.043704],[121.442745,25.045687],[121.442745,25.045687],[121.4449156,25.04801],[121.444915628617,25.04801]]}},{"type":"Feature","properties":{"route_name":"F206","color":"#3bdcac"},"geometry":{"type":"LineString","coordinates":[[121.4453914,25.036998],[121.443066,25.032415],[121.443112,25.030497],[121.4431013,25.028994],[121.443376,25.026359],[121.432111,25.002077],[121.432698,25.003144],[121.43312,25.005886],[121.4327276,25.01294458],[121.4327276,25.01294458],[121.4348185,25.021865],[121.4348185,25.021865],[121.434521,25.030458],[121.434521,25.030458],[121.427796,25.029625],[121.420103,25.025914],[121.415911,25.024242],[121.415911,25.024242],[121.412762,25.022547],[121.412762,25.022547],[121.413082,25.028],[121.413082,25.028],[121.409184,25.027852]]}},{"type":"Feature","properties":{"route_name":"F207","color":"#3bdcaf"},"geometry":{"type":"LineString","coordinates":[[121.423825,25.024575],[121.426468,25.02637],[121.426468,25.02637],[121.428477,25.025371],[121.4261035,25.02243361],[121.4261035,25.02243361],[121.42809,25.017313],[121.426796,25.011749],[121.421607,25.019465],[121.419569,25.022936],[121.420103,25.025914],[121.413082,25.028],[121.413082,25.028],[121.41291,25.02988]]}},{"type":"Feature","properties":{"route_name":"F211","color":"#3bc7dc"},"geometry":{"type":"LineString","coordinates":[[121.433898,25.05631],[121.4278259,25.05149832],[121.4278259,25.05149832],[121.4274415,25.04957047],[121.4274415,25.04957047],[121.42698,25.048028],[121.42698,25.048028],[121.4259089,25.0454414],[121.4259089,25.0454414],[121.4247892,25.04275923],[121.4247892,25.04275923],[121.4241632,25.03898947],[121.4241632,25.03898947],[121.423173,25.037323],[121.423173,25.037323],[121.42184,25.03513],[121.42184,25.03513],[121.421777,25.033095],[121.421012,25.032992],[121.421012,25.032992],[121.421841,25.03488],[121.421841,25.03488],[121.422989,25.036664],[121.422989,25.036664],[121.424821,25.039702],[121.424821,25.039702],[121.42495,25.042955],[121.42495,25.042955],[121.426046,25.045341],[121.426046,25.045341],[121.427172,25.04793],[121.427172,25.04793],[121.42758,25.04923],[121.42758,25.04923],[121.42809,25.051508],[121.42809,25.051508],[121.43054,25.054264],[121.43054,25.054264],[121.4308068,25.05674382],[121.4308068,25.05674382],[121.433432,25.056432],[121.433432,25.056432]]}},{"type":"Feature","properties":{"route_name":"F212","color":"#3bc4dc"},"geometry":{"type":"LineString","coordinates":[[121.433898,25.05631],[121.434979,25.058751],[121.434979,25.058751],[121.433544,25.061058],[121.433544,25.061058],[121.431808,25.06237887],[121.431808,25.06237887],[121.428621,25.063788],[121.428621,25.063788],[121.42629,25.0642],[121.42629,25.0642],[121.4227125,25.06372522],[121.4227125,25.06372522],[121.4285011,25.065788],[121.433433,25.06526521],[121.433433,25.06526521],[121.432904,25.06216],[121.432904,25.06216],[121.4334,25.06083],[121.4334,25.06083],[121.434603,25.05892699],[121.434603,25.05892699],[121.433898,25.05631]]}},{"type":"Feature","properties":{"route_name":"F212副","color":"#dc3ba1"},"geometry":{"type":"LineString","coordinates":[[121.433898,25.05631],[121.43703,25.05498],[121.438154103996,25.0531414843833],[121.438154103996,25.0531414843833],[121.439476,25.052911],[121.439476,25.052911],[121.440717,25.044935],[121.438956,25.046414],[121.439231,25.05314],[121.439231,25.05314],[121.4382775,25.05312196],[121.4382775,25.05312196],[121.437108,25.05511],[121.435831,25.057291],[121.435831,25.057291],[121.434979,25.058751],[121.434979,25.058751],[121.433544,25.061058],[121.433544,25.061058],[121.43342,25.063193],[121.43342,25.063193],[121.433605,25.064906],[121.433605,25.064906],[121.43438,25.06721],[121.43438,25.06721],[121.435546,25.069564],[121.435546,25.069564],[121.434843,25.071328],[121.434843,25.071328],[121.432196,25.071094],[121.432196,25.071094],[121.4305,25.06951],[121.430352,25.069443],[121.4289885,25.06949668],[121.4289885,25.06949668],[121.428224,25.070105],[121.42796,25.07085],[121.42796,25.07085],[121.430247,25.071548],[121.430247,25.071548],[121.434261,25.071148],[121.434261,25.071148],[121.4353791,25.06966085],[121.4353791,25.06966085],[121.43454,25.06761],[121.43454,25.06761],[121.433433,25.06526521],[121.433433,25.06526521],[121.432904,25.06216],[121.432904,25.06216],[121.4334,25.06083],[121.4334,25.06083],[121.434603,25.05892699],[121.434603,25.05892699],[121.433898,25.05631]]}},{"type":"Feature","properties":{"route_name":"F212楓江","color":"#3bdc7e"},"geometry":{"type":"LineString","coordinates":[[121.433898,25.05631],[121.434979,25.058751],[121.434979,25.058751],[121.433544,25.061058],[121.433544,25.061058],[121.431808,25.06237887],[121.431808,25.06237887],[121.428621,25.063788],[121.428621,25.063788],[121.42629,25.0642],[121.42629,25.0642],[121.4227125,25.06372522],[121.4227125,25.06372522],[121.4285011,25.065788],[121.433433,25.06526521],[121.433433,25.06526521],[121.434743,25.061948],[121.4395461,25.06486],[121.435033,25.064565],[121.432904,25.06216],[121.432904,25.06216],[121.4334,25.06083],[121.4334,25.06083],[121.434603,25.05892699],[121.434603,25.05892699],[121.433898,25.05631]]}},{"type":"Feature","properties":{"route_name":"F213","color":"#3bc1dc"},"geometry":{"type":"LineString","coordinates":[[121.433898,25.05631],[121.434979,25.058751],[121.434979,25.058751],[121.433544,25.061058],[121.433544,25.061058],[121.431808,25.06237887],[121.431808,25.06237887],[121.428621,25.063788],[121.428621,25.063788],[121.42629,25.0642],[121.42629,25.0642],[121.4227125,25.06372522],[121.4227125,25.06372522],[121.410686,25.059942],[121.4077318,25.057964],[121.399123,25.058347],[121.392149,25.064924],[121.3867177,25.066104],[121.405483,25.055092],[121.415674,25.060328],[121.4202056,25.063116],[121.42295,25.06359],[121.42295,25.06359],[121.42611,25.064055],[121.42611,25.064055],[121.428533,25.063667],[121.428533,25.063667],[121.432001,25.062072],[121.432001,25.062072],[121.4334,25.06083],[121.4334,25.06083],[121.434603,25.05892699],[121.434603,25.05892699],[121.433898,25.05631]]}},{"type":"Feature","properties":{"route_name":"F213黎明","color":"#3bc1dc"},"geometry":{"type":"LineString","coordinates":[[121.433898,25.05631],[121.434979,25.058751],[121.434979,25.058751],[121.433544,25.061058],[121.433544,25.061058],[121.431808,25.06237887],[121.431808,25.06237887],[121.428621,25.063788],[121.428621,25.063788],[121.42629,25.0642],[121.42629,25.0642],[121.4227125,25.06372522],[121.4227125,25.06372522],[121.4193721,25.065222],[121.4193721,25.065222],[121.410686,25.059942],[121.4077318,25.057964],[121.399123,25.058347],[121.392149,25.064924],[121.3867177,25.066104],[121.405483,25.055092],[121.415674,25.060328],[121.4202056,25.063116],[121.42295,25.06359],[121.42295,25.06359],[121.42611,25.064055],[121.42611,25.064055],[121.428533,25.063667],[121.428533,25.063667],[121.432001,25.062072],[121.432001,25.062072],[121.4334,25.06083],[121.4334,25.06083],[121.434603,25.05892699],[121.434603,25.05892699],[121.433898,25.05631]]}},{"type":"Feature","properties":{"route_name":"F217","color":"#3bb7dc"},"geometry":{"type":"LineString","coordinates":[[121.421841,25.03488],[121.421841,25.03488],[121.424821,25.039702],[121.424821,25.039702],[121.42495,25.042955],[121.42495,25.042955],[121.426046,25.045341],[121.426046,25.045341],[121.42758,25.04923],[121.42758,25.04923],[121.42809,25.051508],[121.42809,25.051508],[121.43054,25.054264],[121.43054,25.054264],[121.4308068,25.05674382],[121.4308068,25.05674382],[121.4309468,25.05829241],[121.4309468,25.05829241],[121.431808,25.06237887],[121.431808,25.06237887],[121.428621,25.063788],[121.428621,25.063788],[121.42629,25.0642],[121.42629,25.0642],[121.4227125,25.06372522],[121.4227125,25.06372522],[121.410686,25.059942],[121.404824,25.056411],[121.386748,25.066259]]}},{"type":"Feature","properties":{"route_name":"F218","color":"#3bb4dc"},"geometry":{"type":"LineString","coordinates":[[121.421841,25.03488],[121.421841,25.03488],[121.424821,25.039702],[121.424821,25.039702],[121.42495,25.042955],[121.42495,25.042955],[121.426046,25.045341],[121.426046,25.045341],[121.42758,25.04923],[121.42758,25.04923],[121.42809,25.051508],[121.42809,25.051508],[121.43054,25.054264],[121.43054,25.054264],[121.4308068,25.05674382],[121.4308068,25.05674382],[121.4309468,25.05829241],[121.4309468,25.05829241],[121.4334,25.06083],[121.4334,25.06083],[121.434603,25.05892699],[121.434603,25.05892699],[121.45976,25.04304],[121.45976,25.04304]]}},{"type":"Feature","properties":{"route_name":"F233","color":"#5c3bdc"},"geometry":{"type":"LineString","coordinates":[[121.402764,25.101171],[121.4044192,25.09846],[121.4048609,25.094946],[121.404164,25.090251],[121.4043299,25.088426],[121.4030289,25.086519],[121.4007,25.084536],[121.400042,25.082427],[121.397979,25.080432],[121.396665,25.077883],[121.3963579,25.076726],[121.39677,25.075621],[121.398604,25.072878],[121.397911,25.068339],[121.40065,25.065883],[121.403453,25.065256],[121.399924,25.066153],[121.397601,25.068117],[121.398807,25.0729],[121.3965859,25.075827],[121.3940716,25.075973],[121.390969,25.076524],[121.389589,25.075949],[121.389417,25.074558],[121.391486,25.071669],[121.389519,25.070303],[121.388478,25.074201],[121.386379,25.073993],[121.383853,25.07325],[121.385794,25.076093],[121.386864,25.07724],[121.3877704,25.078383],[121.389083,25.080194],[121.388605,25.081436],[121.38691,25.08231],[121.385512,25.080043],[121.383289,25.076441],[121.381031,25.075748],[121.379117,25.077247],[121.377336,25.075846]]}},{"type":"Feature","properties":{"route_name":"F235","color":"#613bdc"},"geometry":{"type":"LineString","coordinates":[[121.3753406,25.076119],[121.38103,25.073847],[121.383213,25.074674],[121.385794,25.076093],[121.388861,25.07654],[121.391375,25.076308],[121.3939165,25.075892],[121.396482,25.076396],[121.3951577,25.078518],[121.393094,25.07867],[121.3913393,25.078765],[121.3900342,25.079518],[121.388605,25.081436],[121.38691,25.08231],[121.385512,25.080043],[121.3844498,25.080172],[121.384357,25.082907],[121.38626,25.086201],[121.386771,25.089281],[121.385863,25.089841],[121.385099,25.091181],[121.38635,25.094068],[121.386632,25.096184],[121.387253,25.097637],[121.387985,25.09821],[121.387179,25.099466],[121.384436,25.1014],[121.38503,25.10654],[121.384879,25.108064],[121.379706,25.11265],[121.378379,25.114732],[121.37659,25.11531],[121.376038,25.119316],[121.375507,25.120151],[121.374145,25.122852],[121.367423,25.12534],[121.364742,25.126089],[121.352926,25.128307],[121.349031,25.126711],[121.348476,25.128156],[121.3521833,25.12995],[121.35757,25.132112],[121.363375,25.134552],[121.36491,25.13489],[121.363096,25.134887],[121.35771,25.13258],[121.348247,25.128113]]}},{"type":"Feature","properties":{"route_name":"F236","color":"#643bdc"},"geometry":{"type":"LineString","coordinates":[[121.3540833,25.116833],[121.353359,25.11829],[121.341358,25.124687],[121.344573,25.126696],[121.348476,25.128156],[121.33657,25.124],[121.32755,25.121783],[121.31595,25.12168],[121.31617,25.1212],[121.327693,25.121448],[121.336741,25.123649],[121.335134,25.118696],[121.33984,25.11773],[121.341206,25.116037],[121.34292,25.11329],[121.34689,25.108736],[121.34309,25.113312],[121.341352,25.116035],[121.33998,25.11773],[121.335245,25.118763],[121.3325226,25.119982],[121.3382167,25.111717],[121.33978,25.10798],[121.34294,25.10226],[121.3465557,25.099726],[121.3571967,25.09874],[121.37707,25.08935],[121.377541,25.088813],[121.379017,25.087984],[121.378817,25.086452],[121.378129,25.085503],[121.3765451,25.083296],[121.375053,25.0814],[121.37737,25.07805],[121.379244,25.077055],[121.382988,25.0775],[121.385742,25.080025],[121.38694,25.082168],[121.388583,25.081154],[121.389816,25.079419],[121.393112,25.078431],[121.3960159,25.078166]]}},{"type":"Feature","properties":{"route_name":"F237","color":"#663bdc"},"geometry":{"type":"LineString","coordinates":[[121.28977,25.11197],[121.292972,25.11849],[121.29475,25.1195],[121.298281,25.117558],[121.30094,25.115827],[121.302637,25.114099],[121.305934,25.111463],[121.309778,25.115],[121.31175,25.11112],[121.314799,25.10984],[121.316297,25.109014],[121.318994,25.107958],[121.3226731,25.107249],[121.325579,25.105666],[121.3284998,25.103519],[121.330153,25.100817],[121.334947,25.097547],[121.333837,25.094469],[121.3418075,25.087443],[121.347575,25.085811],[121.351082,25.083912],[121.351983,25.081876],[121.354548,25.080318],[121.356105,25.078393],[121.356212,25.076946],[121.356974,25.075531],[121.35774188114294,25.074662079134825],[121.359111,25.07447],[121.3632913,25.075063],[121.3643095,25.075454],[121.365538,25.074482],[121.368186,25.072356],[121.369491,25.071108],[121.37617,25.0731],[121.37704,25.075668],[121.379244,25.077055],[121.382988,25.0775],[121.3867809,25.077631],[121.3877704,25.078383],[121.389865,25.078714],[121.393112,25.078431],[121.3960159,25.078166]]}},{"type":"Feature","properties":{"route_name":"F238","color":"#693bdc"},"geometry":{"type":"LineString","coordinates":[[121.298281,25.117558],[121.30094,25.115827],[121.302637,25.114099],[121.305934,25.111463],[121.31175,25.11112],[121.314799,25.10984],[121.316297,25.109014],[121.317101,25.106139],[121.317579,25.101758],[121.32212,25.099666],[121.323382,25.096268],[121.325826,25.096661],[121.328095,25.093549],[121.329921,25.089443],[121.345518,25.084177],[121.34888,25.083125],[121.351983,25.081876],[121.354548,25.080318],[121.356105,25.078393],[121.356212,25.076946],[121.356974,25.075531],[121.35774188114294,25.074662079134825],[121.359111,25.07447],[121.3632913,25.075063],[121.3643095,25.075454],[121.365538,25.074482],[121.368186,25.072356],[121.369491,25.071108],[121.3718328,25.068956],[121.3761482,25.068204],[121.377114,25.069596],[121.376864,25.070737],[121.37617,25.0731],[121.37704,25.075668],[121.379244,25.077055],[121.3810193,25.077514],[121.3829514,25.080317],[121.3842439,25.079972],[121.385742,25.080025],[121.38694,25.082168],[121.388583,25.081154],[121.389816,25.079419],[121.393112,25.078431],[121.3960159,25.078166]]}},{"type":"Feature","properties":{"route_name":"F239","color":"#6c3bdc"},"geometry":{"type":"LineString","coordinates":[[121.298281,25.117558],[121.30094,25.115827],[121.302637,25.114099],[121.305934,25.111463],[121.31175,25.11112],[121.314799,25.10984],[121.316297,25.109014],[121.318994,25.107958],[121.3226731,25.107249],[121.325579,25.105666],[121.3284998,25.103519],[121.33213,25.104649],[121.333607,25.10669],[121.337178,25.106922],[121.338005,25.10869],[121.339727,25.107459],[121.3465557,25.099726],[121.3571967,25.09874],[121.375027,25.089002],[121.369571,25.080272],[121.3712972,25.079012],[121.374089,25.076969],[121.3753406,25.076119],[121.38103,25.073847],[121.383213,25.074674],[121.385794,25.076093],[121.386864,25.07724],[121.3877704,25.078383],[121.3842439,25.079972],[121.389083,25.080194],[121.389816,25.079419],[121.393112,25.078431],[121.3960159,25.078166]]}},{"type":"Feature","properties":{"route_name":"F250","color":"#dc3bbf"},"geometry":{"type":"LineString","coordinates":[[121.376592,25.115214],[121.378236,25.114615],[121.379489,25.112633],[121.384586,25.108116],[121.38489,25.10653],[121.384238,25.10141],[121.381526,25.096655],[121.3784,25.096879],[121.377465,25.097117],[121.376713,25.095757],[121.37518,25.09238],[121.377025,25.091111],[121.38061,25.09309],[121.37664,25.09121],[121.375027,25.089002],[121.3756615,25.085512],[121.376719,25.084548],[121.377965,25.083582],[121.3805347,25.081946],[121.3823914,25.083844],[121.384027,25.084941],[121.388583,25.081154],[121.388805,25.080159],[121.387783,25.078653],[121.386686,25.077386],[121.385517,25.076185],[121.382833,25.074684],[121.380874,25.07399],[121.3758913,25.075993]]}},{"type":"Feature","properties":{"route_name":"F301","color":"#dca13b"},"geometry":{"type":"LineString","coordinates":[[121.48857,25.061249],[121.48857,25.061249],[121.490697,25.059479],[121.490697,25.059479],[121.4878276,25.05744645],[121.4878276,25.05744645],[121.4740976,25.04728267],[121.4740976,25.04728267],[121.47048,25.046125],[121.47048,25.046125],[121.469613,25.046481],[121.469768,25.048914],[121.469083,25.053549],[121.46934,25.055936],[121.4720167,25.054933],[121.4720167,25.051833],[121.4719167,25.05005],[121.474368,25.049188],[121.4758333,25.050667],[121.476155,25.052086],[121.474218,25.055673],[121.476204,25.055954],[121.47223198125391,25.065709856494315],[121.477545,25.069419],[121.477545,25.069419],[121.4776199,25.065345],[121.4806168,25.065576],[121.482737,25.067158],[121.482737,25.067158],[121.485383,25.065423],[121.485383,25.065423],[121.488646,25.063275],[121.488646,25.063275],[121.4902448,25.062809],[121.494254721567,25.0614913406773],[121.494254721567,25.0614913406773],[121.492298,25.060541],[121.492298,25.060541],[121.488152,25.061474],[121.488152,25.061474]]}},{"type":"Feature","properties":{"route_name":"F302","color":"#dca43b"},"geometry":{"type":"LineString","coordinates":[[121.48857,25.061249],[121.48857,25.061249],[121.490767288608,25.0612882442498],[121.490767288608,25.0612882442498],[121.49493,25.061403],[121.49493,25.061403],[121.4975969,25.06353227],[121.4975969,25.06353227],[121.496909993597,25.0657327321884],[121.496909993597,25.0657327321884],[121.496507,25.067084],[121.496507,25.067084],[121.496081127723,25.0686318968407],[121.496081127723,25.0686318968407],[121.495103,25.070313],[121.495103,25.070313],[121.4957652,25.07213708],[121.4957652,25.07213708],[121.495781,25.073447],[121.495352,25.074288],[121.496195,25.075294],[121.4987211,25.07629],[121.497877,25.07973],[121.497877,25.07973],[121.49725399388493,25.080851822963247],[121.496004,25.080522],[121.492915,25.078441],[121.492996,25.077062],[121.491833,25.078664],[121.4925695,25.079207]]}},{"type":"Feature","properties":{"route_name":"F303","color":"#dca73b"},"geometry":{"type":"LineString","coordinates":[[121.48857,25.061249],[121.48857,25.061249],[121.490181,25.065856],[121.487561,25.067361],[121.486554,25.068021],[121.485412,25.068769],[121.481324,25.066998],[121.481324,25.066998],[121.480144,25.064795],[121.477536,25.064294],[121.477658,25.065446],[121.4794833,25.07155],[121.480272,25.072246],[121.483666,25.072961],[121.484352,25.075063],[121.483227835672,25.077220861943],[121.483227835672,25.077220861943],[121.481709,25.076521],[121.480992,25.075063],[121.479331,25.074981],[121.479392,25.077326],[121.4814,25.07973],[121.4814,25.07973],[121.482412,25.080529],[121.484717,25.081225],[121.484717,25.081225],[121.48704,25.082041],[121.4875434,25.0833122],[121.4875434,25.0833122],[121.489743,25.083333],[121.492533,25.08536],[121.494474,25.086317],[121.495359,25.085454],[121.494458,25.081759],[121.494458,25.081759],[121.493053,25.080933],[121.491814,25.078635],[121.490164,25.078466],[121.490164,25.078466],[121.488641,25.07667469],[121.488641,25.07667469],[121.4872153,25.07479901],[121.487215334702,25.0747990058591],[121.486855,25.072367],[121.486855,25.072367],[121.488742,25.069746],[121.488742,25.069746],[121.4901147,25.06884451],[121.490039523138,25.0689190842076],[121.48910250793,25.066958309947],[121.4891025,25.06695831],[121.488646,25.063275],[121.488646,25.063275],[121.48857,25.061249],[121.48857,25.061249]]}},{"type":"Feature","properties":{"route_name":"F304","color":"#dca93b"},"geometry":{"type":"LineString","coordinates":[[121.471353,25.068243],[121.472926,25.068223],[121.474431,25.06744],[121.475694,25.066468],[121.477077,25.064339],[121.480655,25.059007],[121.4834352,25.055492],[121.4834352,25.055492],[121.486749,25.050352],[121.486891,25.048582],[121.485973,25.049415],[121.4834352,25.055492],[121.4834352,25.055492],[121.480916,25.059193],[121.478641,25.063148],[121.477536,25.064294],[121.471353,25.068243]]}},{"type":"Feature","properties":{"route_name":"F312","color":"#c1dc3b"},"geometry":{"type":"LineString","coordinates":[[121.4727013,25.085415],[121.471294,25.084746],[121.469088,25.085252],[121.469088,25.085252],[121.467676,25.087176],[121.467676,25.087176],[121.466902,25.08809],[121.466902,25.08809],[121.465970849851,25.0891287596823],[121.465974,25.08917992],[121.4638568,25.09148696],[121.4638568,25.09148696],[121.4619116,25.09296818],[121.4619116,25.09296818],[121.4618606,25.09622],[121.4622964,25.095078],[121.4628798,25.093625],[121.463947,25.091832],[121.46902,25.0898],[121.46902,25.0898],[121.469892,25.090869],[121.469626,25.092893],[121.470586,25.093923],[121.47105,25.094026],[121.4717238,25.09346],[121.472546,25.092135],[121.474332,25.091451],[121.473198,25.090187],[121.473099,25.088752],[121.474741,25.087373],[121.476441,25.0873],[121.476441,25.0873],[121.478197,25.088768],[121.478197,25.088768],[121.480682,25.089853],[121.482243,25.089261],[121.481314,25.087241],[121.47943,25.086226],[121.47943,25.086226],[121.4785,25.08544],[121.4785,25.08544],[121.475778,25.084108],[121.475778,25.084108],[121.4745156,25.084647]]}},{"type":"Feature","properties":{"route_name":"F317","color":"#b4dc3b"},"geometry":{"type":"LineString","coordinates":[[121.474182,25.084581],[121.474196,25.084575],[121.476637,25.081453],[121.476637,25.081453],[121.48116,25.08392],[121.48116,25.08392]]}},{"type":"Feature","properties":{"route_name":"F319","color":"#afdc3b"},"geometry":{"type":"LineString","coordinates":[[121.474182,25.084581],[121.474196,25.084575],[121.475381,25.082946],[121.475381,25.082946],[121.4755697,25.081868],[121.4735458,25.08207017],[121.4735458,25.08207017],[121.4716472,25.08184559],[121.4716472,25.08184559],[121.4698986,25.082276],[121.468846,25.081369],[121.4668572,25.080799],[121.4649099,25.080944],[121.46489,25.07899],[121.46489,25.07899],[121.4632078,25.0797309],[121.4632078,25.0797309],[121.461196,25.081292],[121.461196,25.081292],[121.45954,25.08286],[121.45954,25.08286],[121.4581955,25.08487762],[121.4581955,25.08487762],[121.4575421,25.08631773],[121.4575421,25.08631773],[121.4573378,25.08775826],[121.4573378,25.08775826],[121.458329,25.089466],[121.459388,25.090496],[121.4597668,25.08679659],[121.4597668,25.08679659],[121.46132,25.084376],[121.46132,25.084376],[121.4629311,25.08459665],[121.4629311,25.08459665],[121.4636218,25.085413],[121.4626006,25.0870808],[121.4626006,25.0870808],[121.463227,25.091505],[121.463227,25.091505],[121.464929,25.090179],[121.464929,25.090179],[121.465804,25.089056],[121.465804,25.089056],[121.46664,25.08814],[121.46664,25.08814],[121.4677982,25.08671129],[121.4677982,25.08671129],[121.4684977,25.08574782],[121.4684977,25.08574782],[121.470661,25.084031],[121.4727013,25.085415]]}},{"type":"Feature","properties":{"route_name":"F320","color":"#74dc3b"},"geometry":{"type":"LineString","coordinates":[[121.4727013,25.085415],[121.471294,25.084746],[121.469094,25.083207],[121.466092,25.082357],[121.464696,25.081938],[121.461196,25.081292],[121.461196,25.081292],[121.45954,25.08286],[121.45954,25.08286],[121.4581955,25.08487762],[121.4581955,25.08487762],[121.4575421,25.08631773],[121.4575421,25.08631773],[121.4573378,25.08775826],[121.4573378,25.08775826],[121.458516,25.088157],[121.458516,25.088157],[121.459668,25.090129],[121.4597036,25.0902768],[121.4606387,25.0923306],[121.4606387,25.0923306],[121.465126,25.09079],[121.465126,25.09079],[121.46813918097,25.089515678208],[121.4681821,25.08956319],[121.46984,25.08807],[121.46984,25.08807],[121.472179,25.086159],[121.472179,25.086159],[121.474196,25.084575],[121.474182,25.084581],[121.475381,25.082946],[121.475381,25.082946],[121.47348,25.080837],[121.47348,25.080837],[121.47232,25.079376],[121.4744009,25.078688],[121.4756862,25.076709],[121.477674,25.077349],[121.480476,25.080319],[121.480476,25.080319],[121.48065,25.082575],[121.48065,25.082575],[121.48116,25.08392],[121.48116,25.08392],[121.481314,25.087241],[121.47943,25.086226],[121.47943,25.086226],[121.4785,25.08544],[121.4785,25.08544],[121.475778,25.084108],[121.475778,25.084108]]}},{"type":"Feature","properties":{"route_name":"F512","color":"#3bbcdc"},"geometry":{"type":"LineString","coordinates":[[121.471731,24.998145],[121.466047,24.995031],[121.4650036,24.995994],[121.4666933,24.99657],[121.4680277,24.99736807],[121.468087386348,24.9973835862678],[121.46864,24.99984],[121.46864,24.99984],[121.46895,25.00154],[121.46895,25.00154],[121.469849,25.003839],[121.469849,25.003839],[121.471385,25.004455],[121.471385,25.004455],[121.4723162,25.001946],[121.474417,25.001437],[121.4740245,25.003814],[121.47394,25.005686],[121.47597,25.005765],[121.47597,25.005765],[121.4767679,25.006862],[121.4782185,25.009322],[121.479635,25.00686],[121.480636,25.00395],[121.480636,25.00395],[121.478185,24.999703],[121.4828339,25.001118],[121.4837224,24.999833],[121.483618,24.996736],[121.484429,24.996128],[121.484429,24.996128],[121.488434,24.994093],[121.4940855,24.993784],[121.497652,24.993563],[121.500082,24.99346]]}},{"type":"Feature","properties":{"route_name":"F512副","color":"#dccf3b"},"geometry":{"type":"LineString","coordinates":[[121.499336,24.972209],[121.498603,24.973447],[121.500776,24.973084],[121.5012929,24.973646],[121.50119,24.97642],[121.5004593,24.977792],[121.49882,24.979722],[121.49882,24.979722],[121.500808,24.980249],[121.500808,24.980249],[121.504585,24.983668],[121.504585,24.983668],[121.505467,24.982592],[121.5066096,24.981758],[121.5062895,24.979354],[121.508382,24.978988],[121.507652,24.982289],[121.5079934,24.98420596],[121.5079934,24.98420596],[121.506781,24.985024],[121.506781,24.985024],[121.508692,24.987269],[121.509748,24.988657],[121.508358,24.990241],[121.504085,24.990253],[121.503843,24.993774],[121.50208667210215,24.99516898447116],[121.50208667210215,24.99516898447116],[121.49960332023917,24.99880695334873],[121.49960332023917,24.99880695334873],[121.499868,25.001862],[121.499868,25.001862],[121.4995324,25.00307486],[121.4985819,25.007401],[121.488592,25.009175],[121.485484,25.011145],[121.483706,25.013846]]}},{"type":"Feature","properties":{"route_name":"F513","color":"#3bb9dc"},"geometry":{"type":"LineString","coordinates":[[121.483441,24.984797],[121.482143,24.985716],[121.4811616,24.987641],[121.4820864,24.989899],[121.4809043,24.993828],[121.48332,24.995755],[121.485207,24.995399],[121.4878283,24.993476],[121.490745,24.992417],[121.4909948,24.98982846],[121.493285,24.990811],[121.494419,24.991656],[121.495666,24.993046],[121.496766,24.994297],[121.497641,24.995294],[121.49861,24.9957],[121.50001,24.99699],[121.50137333996481,24.995456001390632],[121.50137333996481,24.995456001390632],[121.505277,24.994329],[121.505277,24.994329],[121.505842,24.996308],[121.505842,24.996308],[121.507121,24.998049],[121.507121,24.998049],[121.509133,25.000374],[121.509133,25.000374],[121.511322,25.002884],[121.512357,25.002081],[121.512357,25.002081],[121.510781,25.000004],[121.511791,24.997722],[121.511791,24.997722],[121.51246,24.99621],[121.51246,24.99621],[121.5125768,24.99403299],[121.5125768,24.99403299],[121.512965,24.992332],[121.512965,24.992332],[121.515962,24.992018],[121.516141,24.991961],[121.519446,24.991327],[121.519446,24.991327],[121.524836,24.990204],[121.524836,24.990204],[121.522982,24.992477],[121.5220764,24.994738],[121.519995,24.99488],[121.52026055769093,24.994126762334457]]}},{"type":"Feature","properties":{"route_name":"F521","color":"#3b6cdc"},"geometry":{"type":"LineString","coordinates":[[121.5155769771344,25.014430464101867],[121.5155769771344,25.014430464101867],[121.5147464,25.0115956],[121.5147464,25.0115956],[121.5109527,25.011124],[121.5105,25.013284],[121.5081667,25.0145],[121.5071126,25.01333],[121.5071533,25.012307],[121.507813,25.01169],[121.5089117,25.010575],[121.50956,25.009358],[121.50956,25.009358],[121.508125,25.008724],[121.50588,25.00985],[121.5033866,25.00793778],[121.501063,25.007924],[121.500233,25.009456],[121.502094,25.010941],[121.5058618,25.014181],[121.50905,25.016833],[121.51129,25.015795],[121.5155769771344,25.014430464101867],[121.5155769771344,25.014430464101867]]}},{"type":"Feature","properties":{"route_name":"F522","color":"#3b69dc"},"geometry":{"type":"LineString","coordinates":[[121.515273,25.01258],[121.515273,25.01258],[121.5162239,25.01604284],[121.5162239,25.01604284],[121.5178446,25.017372],[121.520123,25.015965],[121.521751,25.013867],[121.5230691,25.011764],[121.524673,25.009345],[121.526298,25.006927],[121.527514,25.005069],[121.528674,25.002466],[121.5288191,24.999438],[121.528218,24.997514],[121.52782,24.996528],[121.528187,25.000444],[121.526897,25.001578],[121.526445,25.002836],[121.525718,25.003855],[121.5242587,25.004645],[121.523588,25.006785],[121.5213586,25.005961],[121.520668,25.009245],[121.520115,25.011264],[121.520115,25.011264],[121.5184907,25.012241],[121.515273,25.01258],[121.515273,25.01258]]}},{"type":"Feature","properties":{"route_name":"F523","color":"#3b66dc"},"geometry":{"type":"LineString","coordinates":[[121.5046678,25.008923],[121.5033866,25.00793778],[121.501063,25.007924],[121.500233,25.009456],[121.502094,25.010941],[121.503239,25.010779],[121.505873,25.009682],[121.507356,25.009328],[121.5086225,25.007934],[121.510644,25.005904],[121.511926,25.003795],[121.510832,25.002521],[121.510832,25.002521],[121.5068521,24.99973099],[121.5068521,24.99973099],[121.505547,24.999775],[121.505547,24.999775],[121.5066055,25.003781],[121.5086976,25.004873],[121.510035,25.006778],[121.508125,25.008724],[121.50588,25.00985],[121.504299,25.009879]]}},{"type":"Feature","properties":{"route_name":"F525","color":"#3b61dc"},"geometry":{"type":"LineString","coordinates":[[121.519912,24.997742],[121.5228225,24.998297],[121.519428,25.000223],[121.519428,25.000223],[121.516997,24.999014],[121.516997,24.999014],[121.5159271,24.997942],[121.51401799691,24.9955699494036],[121.51401799691,24.9955699494036],[121.51244,24.99634],[121.51244,24.99634],[121.51347,24.99948],[121.51347,24.99948],[121.5148467,25.001056],[121.514726,25.003288],[121.512357,25.002081],[121.512357,25.002081],[121.511322,25.002884],[121.512837,25.004572],[121.512837,25.004572],[121.514104,25.005973],[121.514104,25.005973],[121.5160789,25.004866],[121.5180036,25.003354],[121.5216177,25.002155],[121.5245494,25.0015],[121.5258289,25.00144],[121.5266787,24.999939],[121.5265805,24.99805],[121.526661,24.996905],[121.5239922,24.99955447],[121.52277,24.99886],[121.5208745,24.996392],[121.519912,24.997742]]}},{"type":"Feature","properties":{"route_name":"F526","color":"#3b5edc"},"geometry":{"type":"LineString","coordinates":[[121.52782,24.996528],[121.527483,24.995675],[121.528187,25.000444],[121.526897,25.001578],[121.526445,25.002836],[121.525653,25.003405],[121.524015,25.002833],[121.52146366371,25.0033491522373],[121.52146366371,25.0033491522373],[121.518372,25.004519],[121.516066,25.004236],[121.515146,25.004025],[121.512357,25.002081],[121.512357,25.002081],[121.510775,24.999972],[121.511791,24.997722],[121.511791,24.997722],[121.509133,25.000374],[121.509133,25.000374],[121.511322,25.002884],[121.515036,25.003784],[121.5163,25.0041],[121.5163,25.0041],[121.518831,25.004359],[121.521553502861,25.0031337977071],[121.521553502861,25.0031337977071],[121.5231567,25.002595],[121.524082,25.002932],[121.525744,25.003322],[121.527021,25.003268],[121.527514,25.005069],[121.528674,25.002466],[121.5288191,24.999438],[121.528218,24.997514]]}},{"type":"Feature","properties":{"route_name":"F611","color":"#bcdc3b"},"geometry":{"type":"LineString","coordinates":[[121.3777681,24.947308],[121.3827943,24.948492],[121.386061,24.949747],[121.389064,24.955979],[121.3935678,24.97226366],[121.401953,24.975625],[121.40695,24.97919],[121.4087873,24.979984],[121.412604,24.982578],[121.4138016,24.98603],[121.4175825,24.98027],[121.420772,24.981864],[121.4245109,24.98998],[121.422099,24.995449],[121.415362,25.002904],[121.412649,25.011514],[121.409252,25.017727]]}},{"type":"Feature","properties":{"route_name":"F623","color":"#64dc3b"},"geometry":{"type":"LineString","coordinates":[[121.36904,24.93604],[121.366616,24.935222],[121.3683972,24.933768],[121.368442,24.931468],[121.36787,24.93],[121.367609,24.928406],[121.365669,24.926329],[121.365651,24.925327],[121.362498,24.922673],[121.358124,24.920728],[121.35595,24.91989],[121.351768,24.916773],[121.347958,24.915181],[121.342897,24.913559],[121.339789,24.911154],[121.339893,24.911113],[121.342936,24.913463],[121.347973,24.915071],[121.351872,24.916704],[121.356008,24.9198],[121.358131,24.920591],[121.362643,24.922572],[121.365624,24.925202],[121.365718,24.926325],[121.367824,24.92841],[121.36787,24.93],[121.3686052,24.931529],[121.3685085,24.934089],[121.366685,24.93534],[121.369458,24.935981]]}},{"type":"Feature","properties":{"route_name":"F625","color":"#5edc3b"},"geometry":{"type":"LineString","coordinates":[[121.367188,24.936955],[121.366616,24.935222],[121.368388,24.933715],[121.36895,24.931385],[121.36962,24.93017],[121.366481,24.925955],[121.365651,24.925327],[121.363718,24.921236],[121.363117,24.9186],[121.36256,24.915654],[121.362808,24.91186],[121.3625,24.911],[121.359873,24.908697],[121.358303,24.908629],[121.360588,24.906484],[121.3585833,24.905717],[121.357393,24.904861],[121.356543,24.904106],[121.354498,24.903649],[121.352692,24.903687],[121.354498,24.903649],[121.356468,24.903768],[121.357393,24.904861],[121.3585833,24.905717],[121.360588,24.906484],[121.3623333,24.906617],[121.3638635,24.907042],[121.3623333,24.906617],[121.3606637,24.906297],[121.359873,24.908697],[121.36255,24.910927],[121.362965,24.911939],[121.362716,24.915732],[121.363311,24.918694],[121.363841,24.921211],[121.365624,24.925202],[121.366575,24.925877],[121.36962,24.93017],[121.368983,24.93154],[121.368388,24.933715],[121.366685,24.93534],[121.364801,24.9372],[121.367055,24.936945]]}},{"type":"Feature","properties":{"route_name":"F626","color":"#5cdc3b"},"geometry":{"type":"LineString","coordinates":[[121.369458,24.935981],[121.372124,24.936067],[121.3741,24.935495],[121.376325,24.933113],[121.379262,24.93019],[121.381069,24.930158],[121.3866366,24.93307081],[121.39106,24.93521],[121.393797,24.935752],[121.39604,24.935961],[121.3991889,24.935176],[121.401522,24.934524],[121.403223,24.93392],[121.4054299,24.932979],[121.408732,24.931416],[121.41028,24.93037],[121.4121,24.92884],[121.4138474,24.927869],[121.4166472,24.92801],[121.4188898,24.92942],[121.4208548,24.929917],[121.4241007,24.928069],[121.426702,24.9257],[121.426644,24.922814],[121.425246,24.921701],[121.42326,24.920867],[121.422758,24.921368],[121.42326,24.920867],[121.420841,24.918961],[121.415359,24.917917],[121.4108,24.915405],[121.408691,24.911136],[121.406409,24.911613],[121.403793,24.908241],[121.399147,24.905243],[121.403762,24.908124],[121.406409,24.911613],[121.408691,24.911136],[121.4108,24.915405],[121.415359,24.917917],[121.420841,24.918961],[121.425307,24.92165],[121.42532,24.920179],[121.4234,24.918518],[121.4215,24.914833],[121.420943,24.914022],[121.4194667,24.911083],[121.4208333,24.909667],[121.4194667,24.911083],[121.420943,24.914022],[121.4215,24.914833],[121.4234,24.918518],[121.42532,24.920179],[121.426644,24.922814],[121.426702,24.9257],[121.424155,24.928224],[121.4208548,24.929917],[121.4188796,24.929628],[121.4166595,24.928146],[121.4139478,24.927942],[121.4121,24.92884],[121.41028,24.93055],[121.408732,24.931416],[121.4053246,24.933143],[121.403223,24.93392],[121.401671,24.934642],[121.3993932,24.93523],[121.396151,24.936053],[121.393382,24.935861],[121.39094,24.935396],[121.386343,24.933125],[121.381844,24.93057],[121.378884,24.930482],[121.376325,24.933264],[121.3741,24.935495],[121.3724548,24.93623484],[121.36904,24.93604]]}},{"type":"Feature","properties":{"route_name":"F626-0815","color":"#dc9e3b"},"geometry":{"type":"LineString","coordinates":[[121.369458,24.935981],[121.372124,24.936067],[121.3741,24.935495],[121.376325,24.933113],[121.379262,24.93019],[121.381069,24.930158],[121.3866366,24.93307081],[121.39106,24.93521],[121.393797,24.935752],[121.39604,24.935961],[121.3991889,24.935176],[121.401522,24.934524],[121.403223,24.93392],[121.4054299,24.932979],[121.408732,24.931416],[121.41028,24.93037],[121.4121,24.92884],[121.4138474,24.927869],[121.4166472,24.92801],[121.4188898,24.92942],[121.4208548,24.929917],[121.4241007,24.928069],[121.426702,24.9257],[121.426644,24.922814],[121.42532,24.920179],[121.4234,24.918518],[121.4215,24.914833],[121.420943,24.914022],[121.4194667,24.911083],[121.4208333,24.909667],[121.4194667,24.911083],[121.420943,24.914022],[121.4215,24.914833],[121.4234,24.918518],[121.42532,24.920179],[121.425246,24.921701],[121.420841,24.918961],[121.415359,24.917917],[121.4108,24.915405],[121.408691,24.911136],[121.406409,24.911613],[121.403793,24.908241],[121.399147,24.905243],[121.403762,24.908124],[121.406409,24.911613],[121.408691,24.911136],[121.4108,24.915405],[121.415359,24.917917],[121.420841,24.918961],[121.42326,24.920867],[121.422758,24.921368],[121.42326,24.920867],[121.425307,24.92165],[121.426644,24.922814],[121.426702,24.9257],[121.424155,24.928224],[121.4208548,24.929917],[121.4188796,24.929628],[121.4166595,24.928146],[121.4139478,24.927942],[121.4121,24.92884],[121.41028,24.93055],[121.408732,24.931416],[121.4053246,24.933143],[121.403223,24.93392],[121.401671,24.934642],[121.3993932,24.93523],[121.396151,24.936053],[121.393382,24.935861],[121.39094,24.935396],[121.386343,24.933125],[121.381844,24.93057],[121.378884,24.930482],[121.376325,24.933264],[121.3741,24.935495],[121.3724548,24.93623484],[121.36904,24.93604]]}},{"type":"Feature","properties":{"route_name":"F627","color":"#59dc3b"},"geometry":{"type":"LineString","coordinates":[[121.369458,24.935981],[121.372124,24.936067],[121.3741,24.935495],[121.376325,24.933113],[121.377693,24.932557],[121.378296,24.930016],[121.376549,24.9281],[121.375276,24.929141],[121.373309,24.927952],[121.3727284,24.926849],[121.3714506,24.925683],[121.3705,24.92166],[121.3665971,24.918791],[121.3659507,24.915392],[121.365819,24.91246],[121.365947,24.909812],[121.36645,24.907],[121.366677,24.905751],[121.3684835,24.902154],[121.369897,24.898612],[121.3713541,24.895397],[121.373377,24.892312],[121.3744336,24.890849],[121.375943,24.886062],[121.377267,24.883889],[121.379974,24.879569],[121.3798993,24.878092],[121.380092,24.8756],[121.3779333,24.872817],[121.376098,24.87169],[121.374713,24.870228],[121.372589,24.868275],[121.370518,24.866458],[121.367704,24.864658],[121.365523,24.862858],[121.361233,24.860633],[121.3594167,24.858033],[121.357054,24.854555],[121.357216,24.854511],[121.3594167,24.858033],[121.361233,24.860633],[121.365523,24.862858],[121.367704,24.864658],[121.370518,24.866458],[121.372589,24.868275],[121.374713,24.870228],[121.376098,24.87169],[121.3779333,24.872817],[121.380092,24.8756],[121.380145,24.877938],[121.3801233,24.879793],[121.3773697,24.88402],[121.375943,24.886062],[121.374595,24.891055],[121.373377,24.892312],[121.371395,24.895513],[121.369762,24.898961],[121.3686391,24.902407],[121.3665174,24.90582],[121.36645,24.907],[121.366051,24.909897],[121.3660308,24.913017],[121.3661627,24.915484],[121.3667889,24.918753],[121.370689,24.921758],[121.3717061,24.925869],[121.37274,24.92667],[121.373457,24.927887],[121.375157,24.929032],[121.376549,24.9281],[121.378401,24.929965],[121.377693,24.932557],[121.376325,24.933264],[121.3741,24.935495],[121.3724548,24.93623484],[121.36904,24.93604]]}},{"type":"Feature","properties":{"route_name":"F628","color":"#56dc3b"},"geometry":{"type":"LineString","coordinates":[[121.369458,24.935981],[121.372124,24.936067],[121.374104,24.935503],[121.3743177,24.932701],[121.372463,24.930953],[121.371669,24.926914],[121.3714506,24.925683],[121.3704123,24.921569],[121.3690884,24.918619],[121.368528,24.91692],[121.369327,24.912341],[121.3698931,24.911695],[121.369781,24.910329],[121.370798,24.908471],[121.372,24.906083],[121.3728833,24.904083],[121.3737,24.902217],[121.374134,24.900951],[121.374887,24.899293],[121.375908,24.897434],[121.375541,24.893616],[121.377079,24.889292],[121.377871,24.884671],[121.38017,24.880837],[121.3806202,24.878162],[121.38028,24.880966],[121.377871,24.884671],[121.377079,24.889292],[121.375541,24.893616],[121.375908,24.897434],[121.374887,24.899293],[121.375046,24.899354],[121.3737,24.902217],[121.3728833,24.904083],[121.372,24.906083],[121.370798,24.908471],[121.369781,24.910329],[121.3698931,24.911695],[121.369257,24.912477],[121.368635,24.916889],[121.3691889,24.918483],[121.3705211,24.921248],[121.3717061,24.925869],[121.371669,24.926914],[121.372463,24.930953],[121.374501,24.932663],[121.374026,24.935624],[121.3724548,24.93623484],[121.36904,24.93604]]}},{"type":"Feature","properties":{"route_name":"F629","color":"#54dc3b"},"geometry":{"type":"LineString","coordinates":[[121.36904,24.93604],[121.369186,24.938689],[121.3741879,24.93608309],[121.376325,24.933113],[121.379262,24.93019],[121.381069,24.930158],[121.3866366,24.93307081],[121.39106,24.93521],[121.393797,24.935752],[121.39604,24.935961],[121.3991889,24.935176],[121.401522,24.934524],[121.4033,24.934],[121.4054299,24.932979],[121.408732,24.931416],[121.41028,24.93037],[121.4121,24.92884],[121.4138474,24.927869],[121.4166472,24.92801],[121.4188898,24.92942],[121.4208548,24.929917],[121.4241007,24.928069],[121.426702,24.9257],[121.426644,24.922814],[121.4294129,24.922512],[121.431741,24.920152],[121.4325994,24.917862],[121.4334333,24.912983],[121.4338833,24.910867],[121.433934,24.910247],[121.434454,24.909556],[121.433934,24.910247],[121.4338833,24.910867],[121.4334333,24.912983],[121.4325994,24.917862],[121.4318484,24.9204],[121.4294344,24.922628],[121.429,24.92352],[121.4346,24.9244],[121.4423,24.9263],[121.4465,24.9272],[121.447416,24.926715],[121.448402,24.92624],[121.45145,24.924283],[121.457203,24.922115],[121.4675167,24.910833],[121.457203,24.922115],[121.45145,24.924283],[121.44852,24.92634],[121.447477,24.926822],[121.4465,24.9272],[121.4499,24.9289],[121.4548,24.9322],[121.45647,24.93211],[121.460514,24.932123],[121.46379,24.931424],[121.460527,24.932192],[121.456468,24.93223],[121.4548,24.9322],[121.4499,24.9289],[121.4423,24.9263],[121.4346,24.9244],[121.429,24.92352],[121.4276915,24.923609],[121.4275,24.923613],[121.426702,24.9257],[121.4241007,24.928069],[121.4209067,24.930026],[121.4188796,24.929628],[121.4166595,24.928146],[121.4139478,24.927942],[121.4121,24.92884],[121.41028,24.93055],[121.408732,24.931416],[121.4054299,24.932979],[121.4033,24.934],[121.401671,24.934642],[121.3993932,24.93523],[121.396151,24.936053],[121.393382,24.935861],[121.39094,24.935396],[121.3866366,24.93307081],[121.381844,24.93057],[121.378884,24.930482],[121.376325,24.933264],[121.374048,24.936578],[121.369458,24.935981]]}},{"type":"Feature","properties":{"route_name":"F630","color":"#3bdc5e"},"geometry":{"type":"LineString","coordinates":[[121.372278,24.932058],[121.37324,24.931581],[121.374501,24.932663],[121.37406,24.93569],[121.36904,24.93604],[121.367188,24.936955],[121.3635229,24.93883104],[121.3563861,24.94094701]]}},{"type":"Feature","properties":{"route_name":"F651","color":"#3bb1dc"},"geometry":{"type":"LineString","coordinates":[[121.354993,24.955077],[121.358563,24.95694],[121.362471,24.956647],[121.377036,24.962604],[121.3700954,24.95833731],[121.36458,24.9566],[121.36216,24.95699],[121.359804,24.957062],[121.355671,24.954302],[121.353191,24.952988],[121.352527,24.953667],[121.350944,24.953891],[121.3517775,24.950557],[121.348783,24.949488],[121.34617,24.948404],[121.344483,24.947466],[121.342716,24.946605],[121.340298,24.944043],[121.3391577,24.94259],[121.3377482,24.940779],[121.337175,24.942302],[121.335355,24.939383],[121.3377173,24.940647],[121.3393454,24.942707],[121.340491,24.944107],[121.3414134,24.945024],[121.333639,24.938602],[121.331133,24.937407],[121.329,24.936083],[121.328169,24.935512],[121.325332,24.934692],[121.321894,24.934568],[121.325421,24.934583],[121.32808,24.935247],[121.329122,24.934511],[121.331834,24.933694],[121.337231,24.934572],[121.340365,24.936342],[121.339685,24.940011],[121.3419828,24.941749],[121.342117,24.943501],[121.3427344,24.946346],[121.344647,24.947398],[121.345979,24.948152],[121.349452,24.949491],[121.351023,24.950038],[121.352527,24.953667],[121.354993,24.955077]]}},{"type":"Feature","properties":{"route_name":"F652","color":"#3bafdc"},"geometry":{"type":"LineString","coordinates":[[121.354072,24.955708],[121.350944,24.953891],[121.352049,24.951064],[121.352637,24.94957114],[121.352796,24.947855],[121.356868,24.941914],[121.358485,24.943458],[121.3635229,24.93883104],[121.356868,24.941914],[121.358485,24.943458],[121.352881,24.948859],[121.352037,24.951333],[121.352527,24.953667],[121.354322,24.955716]]}},{"type":"Feature","properties":{"route_name":"F653A","color":"#9edc3b"},"geometry":{"type":"LineString","coordinates":[[121.354993,24.955077],[121.34916,24.95714],[121.345631,24.957108],[121.344029,24.957112],[121.342772,24.961765],[121.342796,24.964552],[121.345167,24.970288],[121.346246,24.971586],[121.346362,24.972515],[121.347966,24.972732],[121.35277,24.971341],[121.351542,24.972242],[121.349676,24.973619],[121.347433,24.977619],[121.347204,24.972882],[121.345753,24.973091],[121.342001,24.972868],[121.339766,24.972002],[121.340211,24.974988],[121.338585,24.973752],[121.336636,24.975053],[121.3354867,24.977898],[121.336016,24.976469],[121.332856,24.976467],[121.33106,24.97866],[121.33599,24.9729],[121.338338,24.964716],[121.339494,24.959748],[121.343501,24.955734],[121.345075,24.954088],[121.3469728,24.955067],[121.34873,24.95583],[121.349945,24.956931],[121.354993,24.955077]]}},{"type":"Feature","properties":{"route_name":"F653B","color":"#9cdc3b"},"geometry":{"type":"LineString","coordinates":[[121.354993,24.955077],[121.348671,24.955937],[121.346807,24.954544],[121.345149,24.95414],[121.343493,24.955831],[121.339598,24.959908],[121.338507,24.964711],[121.339633,24.968536],[121.33599,24.9729],[121.33667,24.973163],[121.33573,24.973967],[121.332856,24.976467],[121.33106,24.97866],[121.3354867,24.977898],[121.336016,24.976469],[121.336605,24.974942],[121.33864,24.973683],[121.340211,24.974988],[121.339766,24.972002],[121.345686,24.972933],[121.347966,24.972732],[121.35277,24.971341],[121.351542,24.972242],[121.349676,24.973619],[121.347433,24.977619],[121.347204,24.972882],[121.346124,24.971618],[121.345214,24.970548],[121.342634,24.964371],[121.342625,24.962079],[121.344019,24.956979],[121.345616,24.95692],[121.349945,24.956931],[121.354993,24.955077]]}},{"type":"Feature","properties":{"route_name":"F655","color":"#3ba7dc"},"geometry":{"type":"LineString","coordinates":[[121.354322,24.955716],[121.34916,24.95714],[121.345631,24.957108],[121.344029,24.957112],[121.342772,24.961765],[121.342796,24.964552],[121.345167,24.970288],[121.346246,24.971586],[121.346362,24.972515],[121.347966,24.972732],[121.347457,24.977766]]}},{"type":"Feature","properties":{"route_name":"F656","color":"#3ba4dc"},"geometry":{"type":"LineString","coordinates":[[121.354993,24.955077],[121.350944,24.953891],[121.347515,24.953486],[121.347155,24.951228],[121.344056,24.950417],[121.342287,24.951678],[121.340848,24.953144],[121.338654,24.954487],[121.339709,24.956067],[121.339839,24.957446],[121.33686,24.959181],[121.335178,24.960175],[121.334061,24.961966],[121.332991,24.964579],[121.331917,24.966917],[121.333152,24.967843],[121.33496,24.96938],[121.336003,24.970376],[121.33655,24.972503],[121.331239,24.975736],[121.32899,24.975607],[121.327104,24.974477],[121.325434,24.972458],[121.328914,24.969229],[121.330276,24.968103],[121.331105,24.966984],[121.332201,24.965577],[121.333569,24.963328],[121.333098,24.959553],[121.333853,24.958128],[121.33524,24.95993],[121.336639,24.959109],[121.339763,24.957419],[121.339468,24.95616],[121.338404,24.954464],[121.34059,24.953139],[121.342257,24.951317],[121.344692,24.950232],[121.347089,24.951107],[121.347471,24.953382],[121.351275,24.953856],[121.354993,24.955077]]}},{"type":"Feature","properties":{"route_name":"F657","color":"#3ba1dc"},"geometry":{"type":"LineString","coordinates":[[121.339709,24.956067],[121.339839,24.957446],[121.33686,24.959181],[121.335178,24.960175],[121.334061,24.961966],[121.332991,24.964579],[121.331917,24.966917],[121.333152,24.967843],[121.33496,24.96938],[121.336003,24.970376],[121.33655,24.972503],[121.331239,24.975736],[121.32899,24.975607],[121.327104,24.974477],[121.325434,24.972458],[121.328914,24.969229],[121.330887,24.968169],[121.339766,24.972002]]}},{"type":"Feature","properties":{"route_name":"F703","color":"#b13bdc"},"geometry":{"type":"LineString","coordinates":[[121.484177,24.946678],[121.485321,24.947603],[121.485546,24.948559],[121.485402,24.949582],[121.485864,24.951269],[121.491215,24.951094],[121.489992,24.950027],[121.488987,24.949004],[121.488772,24.947398],[121.488694,24.946885],[121.488688,24.946265],[121.491234,24.950861],[121.4923226,24.948784],[121.49235,24.948183],[121.527662,24.961815],[121.5251482,24.959895],[121.52376,24.959439],[121.523196,24.956005]]}},{"type":"Feature","properties":{"route_name":"F703前三班","color":"#433bdc"},"geometry":{"type":"LineString","coordinates":[[121.484177,24.946678],[121.485321,24.947603],[121.485546,24.948559],[121.485402,24.949582],[121.485864,24.951269],[121.491215,24.951094],[121.489992,24.950027],[121.488987,24.949004],[121.488772,24.947398],[121.488694,24.946885],[121.488688,24.946265],[121.491234,24.950861],[121.4923226,24.948784],[121.49235,24.948183]]}},{"type":"Feature","properties":{"route_name":"F711","color":"#dc3bb9"},"geometry":{"type":"LineString","coordinates":[[121.615344,25.00098],[121.619062477439,25.0040712956543],[121.619062477439,25.0040712956543],[121.622282,25.005121],[121.622282,25.005121],[121.62110021035,25.0083431949348],[121.62110021035,25.0083431949348],[121.62065,25.00937],[121.62065,25.00937],[121.621489074884,25.0105193440793],[121.621489074884,25.0105193440793],[121.622431,25.01310198],[121.622431,25.01310198],[121.622976136162,25.0140743021165],[121.6229761,25.0140743],[121.62507,25.01446],[121.62507,25.01446],[121.62613,25.01496],[121.62613,25.01496],[121.626589625706,25.0161533237965],[121.626589625706,25.0161533237965],[121.627645,25.016898],[121.629884,25.018206],[121.634776,25.017334],[121.640676,25.011253],[121.63834845794,25.0105450492034],[121.638256,25.01058806],[121.636200049589,25.0107960445339],[121.636200049589,25.0107960445339],[121.632806777056,25.0109875470678],[121.632806777056,25.0109875470678],[121.62948718649,25.0088090999413],[121.62948718649,25.0088090999413],[121.633286,25.008126],[121.631839,25.005537],[121.628169,25.00487],[121.626642,25.003568],[121.621828,25.001016],[121.617119,25.00198]]}},{"type":"Feature","properties":{"route_name":"F712","color":"#dc3bb7"},"geometry":{"type":"LineString","coordinates":[[121.617119,25.00198],[121.614578,25.002433],[121.614578,25.002433],[121.612732,25.000848],[121.610102,24.994749],[121.606905,24.990612],[121.605326,24.987767],[121.606905,24.990612],[121.61017,24.994639],[121.613031,24.997699],[121.614438,24.994236],[121.620833,24.988512],[121.621248,24.985075],[121.617984,24.989152],[121.618579,24.985249],[121.616074,24.982386],[121.614371,24.979322],[121.61548,24.975358]]}},{"type":"Feature","properties":{"route_name":"F713","color":"#dc3bb4"},"geometry":{"type":"LineString","coordinates":[[121.615344,25.00098],[121.617157,25.001829],[121.619062477439,25.0040712956543],[121.619062477439,25.0040712956543],[121.622282,25.005121],[121.622282,25.005121],[121.62110021035,25.0083431949348],[121.62110021035,25.0083431949348],[121.62065,25.00937],[121.62065,25.00937],[121.615211,25.015474],[121.60997,25.016538],[121.605257,25.013525],[121.601015,25.009473],[121.601845,25.00842],[121.598587,25.006476],[121.606887,24.99861],[121.610102,24.994749],[121.606905,24.990612],[121.605326,24.987767]]}},{"type":"Feature","properties":{"route_name":"F721","color":"#dc3b66"},"geometry":{"type":"LineString","coordinates":[[121.712961,24.93705],[121.736736,24.959963],[121.727408,24.967205],[121.73664,24.95987],[121.769723,24.965115],[121.7783,24.968742]]}},{"type":"Feature","properties":{"route_name":"F722","color":"#dc3b64"},"geometry":{"type":"LineString","coordinates":[[121.7128823,24.937262],[121.708388,24.934877],[121.705438,24.935192],[121.688088,24.934368],[121.681149,24.915175],[121.67276,24.898265],[121.66546,24.884427]]}},{"type":"Feature","properties":{"route_name":"F723","color":"#dc3b61"},"geometry":{"type":"LineString","coordinates":[[121.7128823,24.937262],[121.7121079,24.934526],[121.70476,24.932167],[121.702128,24.933275],[121.697449,24.925391],[121.681149,24.915175],[121.67276,24.898265],[121.66546,24.884427]]}},{"type":"Feature","properties":{"route_name":"F723上石嘈","color":"#3b49dc"},"geometry":{"type":"LineString","coordinates":[[121.712961,24.93705],[121.7119,24.935534],[121.707489,24.930815],[121.706879,24.919521],[121.717663,24.910019],[121.719096,24.905658],[121.720082,24.901867],[121.728781,24.894058],[121.73162,24.895045],[121.734092,24.89542],[121.743163,24.893119],[121.744722,24.89096],[121.758012,24.87612],[121.761891,24.875278]]}},{"type":"Feature","properties":{"route_name":"F723下石嘈","color":"#dc3b4b"},"geometry":{"type":"LineString","coordinates":[[121.7128823,24.937262],[121.7119,24.935534],[121.707489,24.930815],[121.706879,24.919521],[121.708896,24.915372],[121.709314,24.908458],[121.710088,24.906274],[121.704422,24.90559],[121.710088,24.906274],[121.709314,24.908458],[121.708945,24.915574],[121.707003,24.919635],[121.70666,24.921625],[121.707743,24.924467],[121.707586,24.930919],[121.712961,24.93705]]}},{"type":"Feature","properties":{"route_name":"F724","color":"#dc3b5e"},"geometry":{"type":"LineString","coordinates":[[121.7128823,24.937262],[121.733921,24.940719]]}},{"type":"Feature","properties":{"route_name":"F801","color":"#3bdcaf"},"geometry":{"type":"LineString","coordinates":[[121.808298,25.107574],[121.808948,25.107432],[121.8038192,25.106304],[121.801054,25.106861],[121.7936866,25.11067],[121.7883469,25.108179],[121.7860254,25.104408],[121.781986,25.098399],[121.778043,25.103401],[121.76523,25.100256],[121.763394,25.099643],[121.761571,25.100292],[121.763077,25.094671],[121.761706,25.100215],[121.7626626,25.102165],[121.763462,25.102668],[121.761862,25.102938],[121.760916,25.103194],[121.759048,25.103871],[121.7603,25.110783]]}},{"type":"Feature","properties":{"route_name":"F802","color":"#3bdcb1"},"geometry":{"type":"LineString","coordinates":[[121.797814,25.112348],[121.803841,25.108654],[121.808298,25.107574],[121.808948,25.107432],[121.8190193,25.107566],[121.8331352,25.111614],[121.841152,25.115362],[121.843893,25.110468],[121.842899,25.109625],[121.8452439,25.110598],[121.845765,25.110364],[121.8467694,25.107669],[121.84565,25.104603],[121.848867,25.112561],[121.8509863,25.107894],[121.8519635,25.10672],[121.856086,25.108453],[121.851078,25.112582],[121.856842,25.111312],[121.8563,25.112703],[121.855586,25.114562],[121.853689,25.114205],[121.85124,25.11187],[121.84983,25.109899],[121.8594744,25.110389]]}},{"type":"Feature","properties":{"route_name":"F803","color":"#3bdcb4"},"geometry":{"type":"LineString","coordinates":[[121.808298,25.107574],[121.808948,25.107432],[121.8038192,25.106304],[121.801054,25.106861],[121.7936866,25.11067],[121.7937255,25.102979],[121.795054,25.098055],[121.798458,25.090698],[121.795252,25.09815],[121.79399,25.10334],[121.7883469,25.108179],[121.7860254,25.104408],[121.781986,25.098399],[121.778125,25.094305],[121.778043,25.103401],[121.766416,25.103056],[121.76523,25.100256],[121.763394,25.099643],[121.761571,25.100292],[121.763077,25.094671],[121.761706,25.100215],[121.7626626,25.102165],[121.763462,25.102668],[121.761862,25.102938],[121.760916,25.103194],[121.759048,25.103871],[121.7603,25.110783]]}},{"type":"Feature","properties":{"route_name":"F805","color":"#3bdcb9"},"geometry":{"type":"LineString","coordinates":[[121.797814,25.112348],[121.803841,25.108654],[121.808298,25.107574],[121.808948,25.107432],[121.8097838,25.109016],[121.820442,25.118969],[121.8208995,25.121401],[121.8168011,25.127796],[121.818539,25.129991],[121.819759,25.131595],[121.8201,25.133157],[121.8127245,25.131453],[121.8068206,25.133629],[121.8125524,25.131429],[121.816844,25.127536],[121.820607,25.12138],[121.8258508,25.12103],[121.83277,25.116659],[121.8310838,25.123568],[121.8617512,25.119865],[121.86173,25.120092],[121.861214,25.123341],[121.861579,25.120069],[121.860769,25.120035],[121.86072,25.120849],[121.860472,25.121881],[121.860664,25.120824],[121.86073,25.120026],[121.86611799498378,25.118001580543083],[121.8619,25.12023],[121.8667539,25.121825],[121.86865,25.12086],[121.8881135,25.120618],[121.914455,25.124],[121.919128,25.112353]]}},{"type":"Feature","properties":{"route_name":"F806","color":"#3bdcbc"},"geometry":{"type":"LineString","coordinates":[[121.797814,25.112348],[121.803841,25.108654],[121.808298,25.107574],[121.808948,25.107432],[121.8097838,25.109016],[121.820442,25.118969],[121.8208995,25.121401],[121.8168011,25.127796],[121.818539,25.129991],[121.819759,25.131595],[121.8201,25.133157],[121.8127245,25.131453],[121.8068206,25.133629],[121.8125524,25.131429],[121.816844,25.127536],[121.820607,25.12138],[121.8258508,25.12103],[121.83277,25.116659],[121.8310838,25.123568]]}},{"type":"Feature","properties":{"route_name":"F807上午線","color":"#dc3b99"},"geometry":{"type":"LineString","coordinates":[[121.78635,25.104573],[121.788396,25.107855],[121.8013407,25.106615],[121.80905,25.105885],[121.80978,25.10741],[121.81039,25.106956],[121.812023,25.107226],[121.814524,25.107814],[121.817211,25.107127],[121.817869,25.106187],[121.816841,25.103769],[121.818997,25.10458],[121.821342,25.102932],[121.825909,25.104955],[121.821645,25.105874],[121.8190676,25.107718],[121.809858,25.107608],[121.8091416,25.107587],[121.8058805,25.108227],[121.803954,25.108753]]}},{"type":"Feature","properties":{"route_name":"F807下午線","color":"#9cdc3b"},"geometry":{"type":"LineString","coordinates":[[121.803841,25.108654],[121.8059629,25.108091],[121.80905,25.105885],[121.80978,25.10741],[121.81039,25.106956],[121.812023,25.107226],[121.814524,25.107814],[121.817211,25.107127],[121.817869,25.106187],[121.816841,25.103769],[121.818997,25.10458],[121.821342,25.102932],[121.825909,25.104955],[121.821645,25.105874],[121.8190676,25.107718],[121.809858,25.107608],[121.8091416,25.107587],[121.8058805,25.108227],[121.803954,25.108753]]}},{"type":"Feature","properties":{"route_name":"F808","color":"#3bdcc1"},"geometry":{"type":"LineString","coordinates":[[121.797814,25.112348],[121.803841,25.108654],[121.808298,25.107574],[121.808948,25.107432],[121.81039,25.106956],[121.812023,25.107226],[121.814524,25.107814],[121.817211,25.107127],[121.817869,25.106187],[121.816841,25.103769],[121.818997,25.10458],[121.821342,25.102932],[121.825909,25.104955],[121.821645,25.105874],[121.8190193,25.107566],[121.82886,25.106327],[121.833604,25.095344],[121.8328118,25.09298],[121.83005,25.088943],[121.827546,25.087102],[121.8244889,25.082274],[121.825605,25.082956],[121.823321,25.060933],[121.820293,25.057697]]}},{"type":"Feature","properties":{"route_name":"F811","color":"#3bb7dc"},"geometry":{"type":"LineString","coordinates":[[121.9226375,25.053581],[121.906247,25.059451],[121.894634,25.057615],[121.88868,25.056164],[121.883907,25.053842],[121.879446,25.053334],[121.8691575,25.047969],[121.866128,25.038525],[121.8644612,25.035368],[121.8659148,25.033711],[121.8680708,25.031447],[121.872995,25.023915],[121.8766167,25.020567],[121.880852,25.020624],[121.883626,25.021751],[121.8983,25.020438],[121.903839,25.020664],[121.907267,25.020542]]}},{"type":"Feature","properties":{"route_name":"F812","color":"#3bb4dc"},"geometry":{"type":"LineString","coordinates":[[121.854369,25.080561],[121.8522089,25.061813],[121.8518884,25.058957],[121.85065,25.056297],[121.852926,25.056023],[121.857966,25.052574],[121.8604741,25.049988],[121.8654362,25.054418],[121.864678,25.05674],[121.861972,25.046922],[121.8645994,25.04385],[121.866128,25.038525],[121.8644612,25.035368],[121.863265,25.036918],[121.8605519,25.036792],[121.8462142,25.031408],[121.8376351,25.030564],[121.827496,25.024146],[121.826242,25.015608],[121.827655,25.008388],[121.828856,25.001378],[121.8223264,25.022285],[121.821311,25.024874],[121.8134423,25.020732],[121.808169,25.017957],[121.8033649,25.016866],[121.801149,25.014508],[121.7797078,25.000752],[121.7732374,24.995807]]}},{"type":"Feature","properties":{"route_name":"F813","color":"#3bb1dc"},"geometry":{"type":"LineString","coordinates":[[121.9226375,25.053581],[121.906247,25.059451],[121.894634,25.057615],[121.88868,25.056164],[121.883907,25.053842],[121.879446,25.053334],[121.8691575,25.047969],[121.866128,25.038525],[121.8518884,25.058957],[121.8362283,25.06796],[121.8313526,25.084096],[121.8302165,25.088064],[121.8329252,25.092961],[121.833722,25.095158],[121.829299,25.106267],[121.8190676,25.107718],[121.809858,25.107608],[121.807937,25.107778],[121.8058805,25.108227],[121.803841,25.108654],[121.808298,25.107574],[121.80978,25.10741],[121.8190193,25.107566],[121.82886,25.106327],[121.833604,25.095344],[121.8328118,25.09298],[121.8302174,25.088064],[121.8313523,25.084102],[121.836109,25.067892],[121.8518884,25.058957],[121.866128,25.038525]]}},{"type":"Feature","properties":{"route_name":"F815","color":"#3bacdc"},"geometry":{"type":"LineString","coordinates":[[121.866128,25.038525],[121.8644612,25.035368],[121.85812,25.031031],[121.8458333,24.9981],[121.845593,24.982419],[121.840198,24.981344],[121.832013,24.978867],[121.827578,24.972703],[121.820655,24.967837],[121.82389,24.970034],[121.813024,24.970401],[121.819684,24.966016],[121.832817,24.940068],[121.83062,24.929586],[121.8114,24.928783]]}},{"type":"Feature","properties":{"route_name":"F815嶺頭觀目","color":"#3edc3b"},"geometry":{"type":"LineString","coordinates":[[121.88868,25.056164],[121.883907,25.053842],[121.879446,25.053334],[121.8691575,25.047969],[121.866128,25.038525],[121.8644612,25.035368],[121.85812,25.031031],[121.8458333,24.9981],[121.845593,24.982419],[121.840198,24.981344],[121.832013,24.978867],[121.827578,24.972703],[121.821303,24.968532],[121.82389,24.970034],[121.813024,24.970401],[121.819684,24.966016],[121.832817,24.940068],[121.83062,24.929586],[121.8114,24.928783]]}},{"type":"Feature","properties":{"route_name":"F816","color":"#3ba9dc"},"geometry":{"type":"LineString","coordinates":[[121.927172,25.054849],[121.9226375,25.053581],[121.906247,25.059451],[121.894634,25.057615],[121.88868,25.056164],[121.883907,25.053842],[121.879446,25.053334],[121.8691575,25.047969],[121.866128,25.038525],[121.863306,25.03491],[121.836179,25.03099],[121.834054,25.03145],[121.8078146,25.017843],[121.803556,25.017389],[121.794273,25.019256]]}},{"type":"Feature","properties":{"route_name":"F821","color":"#3b64dc"},"geometry":{"type":"LineString","coordinates":[[121.7380659,25.024535],[121.740744,25.024771],[121.744868,25.027258],[121.750344,25.023806],[121.762868,25.033221],[121.776013,25.040147],[121.777503,25.042643],[121.7796,25.044426],[121.780699,25.045554],[121.783832,25.04927],[121.7879096,25.057755],[121.793016,25.059183]]}},{"type":"Feature","properties":{"route_name":"F822","color":"#3b61dc"},"geometry":{"type":"LineString","coordinates":[[121.7380659,25.024535],[121.740744,25.024771],[121.744868,25.027258],[121.750344,25.023806],[121.752002,25.020228],[121.752029,25.014946],[121.750447,25.005318]]}},{"type":"Feature","properties":{"route_name":"F823","color":"#3b5edc"},"geometry":{"type":"LineString","coordinates":[[121.706297,25.018337],[121.7149411,25.020601],[121.722627,25.023198],[121.7244366,25.021969],[121.7340641,25.023257],[121.7380659,25.024535],[121.740744,25.024771],[121.744868,25.027258],[121.747863,25.029974],[121.750344,25.023806],[121.762868,25.033221],[121.776013,25.040147],[121.777503,25.042643],[121.7796,25.044426],[121.780473,25.026498],[121.794241,25.019015],[121.812641,25.020868],[121.821295,25.024719],[121.83134,25.029081],[121.834152,25.031362],[121.8444685,25.034832],[121.85899,25.037916],[121.8605519,25.036792],[121.8632781,25.034764],[121.8646231,25.035363],[121.866128,25.038525],[121.8698925,25.032062],[121.879263,25.026635],[121.883376,25.02645],[121.887865,25.02592],[121.891337,25.026011],[121.893938,25.02399],[121.897565,25.02346],[121.908576,25.022102],[121.910274,25.021674],[121.906029,25.020662],[121.9074,25.019884],[121.9082023,25.016618],[121.914,25.015806],[121.9149934,25.014081],[121.9251306,25.011867],[121.932397,25.018101],[121.9447062,25.016571]]}},{"type":"Feature","properties":{"route_name":"F823區","color":"#893bdc"},"geometry":{"type":"LineString","coordinates":[[121.776013,25.040147],[121.777503,25.042643],[121.7796,25.044426],[121.780473,25.026498],[121.794241,25.019015],[121.812641,25.020868],[121.821295,25.024719],[121.83134,25.029081],[121.834152,25.031362],[121.8444685,25.034832],[121.85899,25.037916],[121.8605519,25.036792],[121.8632781,25.034764],[121.8646231,25.035363],[121.866128,25.038525],[121.8698925,25.032062],[121.879263,25.026635],[121.883376,25.02645],[121.887865,25.02592],[121.891337,25.026011],[121.893938,25.02399],[121.897565,25.02346],[121.908576,25.022102],[121.910274,25.021674],[121.906029,25.020662],[121.9074,25.019884],[121.9082023,25.016618],[121.914,25.015806],[121.9149934,25.014081],[121.9251306,25.011867],[121.932397,25.018101],[121.9447062,25.016571],[121.946795,25.016917],[121.948953,25.017851],[121.950153,25.0195]]}},{"type":"Feature","properties":{"route_name":"F825","color":"#3b59dc"},"geometry":{"type":"LineString","coordinates":[[121.706297,25.018337],[121.7380659,25.024535],[121.744868,25.027258],[121.762868,25.033221],[121.776013,25.040147],[121.777503,25.042643],[121.8632781,25.034764],[121.866128,25.038525],[121.863306,25.03491],[121.777503,25.042643]]}},{"type":"Feature","properties":{"route_name":"F835","color":"#713bdc"},"geometry":{"type":"LineString","coordinates":[[121.908576,25.022102],[121.905937,25.020824],[121.9082023,25.016618],[121.912576,25.016334],[121.926998,25.027219],[121.92617,25.041681],[121.9256632,25.04514],[121.9232049,25.048589],[121.9234748,25.052362],[121.924918,25.05321],[121.92736,25.054914],[121.926454,25.056754]]}},{"type":"Feature","properties":{"route_name":"F836","color":"#743bdc"},"geometry":{"type":"LineString","coordinates":[[121.926578,25.056645],[121.927172,25.054849],[121.924901,25.053358],[121.922832,25.051002],[121.9231474,25.048361],[121.925458,25.045144],[121.9259189,25.041566],[121.927013,25.027716],[121.9340059,25.018467],[121.9447062,25.016571],[121.9584748,25.004317],[121.944876,25.015988],[121.948953,25.017851],[121.95027,25.019478],[121.962747,25.020808],[121.972193,25.024488],[121.977603,25.02368],[121.983968,25.021422],[121.986515,25.019854],[121.987893,25.013253],[121.990369,25.012034],[122.001565,25.012929],[121.996978,25.00407],[121.97612,24.991698]]}},{"type":"Feature","properties":{"route_name":"F837","color":"#763bdc"},"geometry":{"type":"LineString","coordinates":[[121.908576,25.022102],[121.905937,25.020824],[121.9257878,25.026636],[121.931504,25.025469],[121.931481,25.02712],[121.92878,25.030126],[121.92617,25.041681],[121.9256632,25.04514],[121.9232049,25.048589],[121.9234748,25.052362],[121.924918,25.05321],[121.92736,25.054914],[121.926454,25.056754],[121.925323,25.055398],[121.924993,25.057492],[121.928501,25.060694],[121.923435,25.068887],[121.9198167,25.072367],[121.9154927,25.074912],[121.91401,25.082995],[121.913312,25.09075],[121.917308,25.100147],[121.91995,25.104947],[121.9158527,25.111054],[121.919128,25.112353],[121.912696,25.114295],[121.9161432,25.117436]]}},{"type":"Feature","properties":{"route_name":"F838","color":"#793bdc"},"geometry":{"type":"LineString","coordinates":[[121.908576,25.022102],[121.905937,25.020824],[121.92878,25.030126],[121.92617,25.041681],[121.9256632,25.04514],[121.9232049,25.048589],[121.9234748,25.052362],[121.924918,25.05321],[121.92736,25.054914],[121.926454,25.056754],[121.925323,25.055398],[121.913005,25.057174],[121.906046,25.059447],[121.905275,25.05397],[121.894634,25.057615],[121.899648,25.063017],[121.902069,25.064227],[121.912979,25.057014],[121.924918,25.05321],[121.92736,25.054914],[121.926454,25.056754],[121.925323,25.055398],[121.9240492,25.054313],[121.922832,25.051002],[121.9231474,25.048361],[121.925458,25.045144],[121.9259189,25.041566],[121.928782,25.029937],[121.931487,25.027033],[121.93156,25.02558],[121.9256912,25.026718],[121.905937,25.020824],[121.90861,25.022231]]}},{"type":"Feature","properties":{"route_name":"F839","color":"#7c3bdc"},"geometry":{"type":"LineString","coordinates":[[121.908576,25.022102],[121.905937,25.020824],[121.921504,25.026837],[121.9257878,25.026636],[121.927769,25.026397],[121.931504,25.025469],[121.931481,25.02712],[121.92878,25.030126],[121.92617,25.041681],[121.9256632,25.04514],[121.9232049,25.048589],[121.9234748,25.052362],[121.9226375,25.053581],[121.913005,25.057174],[121.906046,25.059447],[121.905275,25.05397],[121.894634,25.057615],[121.897075,25.061661],[121.899648,25.063017],[121.902069,25.064227],[121.912979,25.057014],[121.923404,25.053363],[121.924918,25.05321],[121.92736,25.054914],[121.926454,25.056754],[121.925323,25.055398],[121.924993,25.057492],[121.928501,25.060694],[121.923435,25.068887],[121.9198167,25.072367],[121.9154927,25.074912],[121.91401,25.082995],[121.913312,25.09075],[121.917308,25.100147],[121.91995,25.104947],[121.9158527,25.111054],[121.919128,25.112353],[121.912696,25.114295],[121.9161432,25.117436],[121.913651,25.124064]]}},{"type":"Feature","properties":{"route_name":"F901","color":"#dcb13b"},"geometry":{"type":"LineString","coordinates":[[121.619078,25.051906],[121.6193617,25.049815],[121.618998,25.047874],[121.618183,25.046067],[121.624393,25.039034],[121.626005,25.039854],[121.632302,25.040066],[121.6330614,25.039788],[121.634585,25.038876],[121.638268,25.03881],[121.634591,25.03902],[121.6338,25.039825],[121.633677,25.041727],[121.6322,25.040253],[121.625948,25.039979],[121.624146,25.039029],[121.618375,25.046054],[121.619224,25.048082],[121.619508,25.049849],[121.619576,25.05011]]}},{"type":"Feature","properties":{"route_name":"F902","color":"#dcb43b"},"geometry":{"type":"LineString","coordinates":[[121.662051,25.069141],[121.663215,25.068243],[121.664355,25.067731],[121.664622,25.065831],[121.6635086,25.064471],[121.662143,25.063371],[121.65929,25.063876],[121.656,25.063336],[121.656,25.063336],[121.653933,25.061698],[121.657228,25.062767],[121.657284,25.061566],[121.655726,25.061225],[121.654226,25.060763],[121.654139,25.0585],[121.654834,25.057316],[121.655878,25.056357],[121.655601,25.054347],[121.65691,25.055442],[121.658106,25.055864],[121.657637,25.053764],[121.657985,25.052385],[121.6591,25.049833],[121.658121,25.052365],[121.657617,25.054229],[121.657009,25.055471],[121.656078,25.056449],[121.654938,25.057345],[121.654253,25.058538],[121.654582,25.060825],[121.656116,25.061144],[121.657664,25.061606],[121.657312,25.062932],[121.659129,25.063895],[121.662321,25.063325],[121.6635868663242,25.064336021033988],[121.664753,25.065674],[121.664838,25.067555],[121.662911,25.068882]]}},{"type":"Feature","properties":{"route_name":"F903","color":"#dcb73b"},"geometry":{"type":"LineString","coordinates":[[121.661689061306,25.0691766561076],[121.661689061306,25.0691766561076],[121.659997,25.067906],[121.659997,25.067906],[121.655762,25.066129],[121.656302,25.064821],[121.657228,25.062767],[121.657284,25.061566],[121.655726,25.061225],[121.654226,25.060763],[121.654056,25.059056],[121.652503,25.057704],[121.651637,25.052096],[121.65229,25.051068],[121.648256,25.047234],[121.641509,25.039434],[121.641305,25.037146],[121.648189,25.035568],[121.666391,25.030623],[121.666391,25.030623],[121.671717,25.035343],[121.677007,25.036686],[121.67723,25.039181],[121.67105,25.043719],[121.668506,25.047347],[121.670883,25.043588],[121.677074,25.039151],[121.677007,25.036686],[121.671671,25.035448],[121.666298,25.030657],[121.648122,25.035684],[121.641493,25.037127],[121.641625,25.039315],[121.648359,25.047101],[121.652471,25.051023],[121.651788,25.052106],[121.652666,25.057709],[121.654134,25.059296],[121.654582,25.060825],[121.656116,25.061144],[121.657664,25.061606],[121.657312,25.062932],[121.656487,25.064763],[121.655942,25.066098],[121.659568,25.067271],[121.662596,25.069428]]}},{"type":"Feature","properties":{"route_name":"F905","color":"#dcbc3b"},"geometry":{"type":"LineString","coordinates":[[121.661689061306,25.0691766561076],[121.661689061306,25.0691766561076],[121.659997,25.067906],[121.659997,25.067906],[121.659469,25.065399],[121.662214,25.066644],[121.662214,25.066644],[121.663421,25.067896],[121.665747,25.070489],[121.666989,25.070512],[121.670877,25.068688],[121.672244,25.067916],[121.677923,25.071176],[121.680164,25.071014],[121.680164,25.071014],[121.682047,25.07055],[121.68498,25.068962],[121.685969,25.068568],[121.688816,25.066924],[121.68972,25.066457],[121.690878,25.066339],[121.692877,25.066524],[121.694104,25.06583],[121.696188,25.063649],[121.697524,25.063154],[121.710718,25.062726],[121.697008,25.061955],[121.69899,25.060816],[121.700393,25.059613],[121.702854,25.054113],[121.703608,25.052014],[121.703346,25.053531],[121.700461,25.059691],[121.69909,25.060897],[121.697164,25.061967],[121.696249,25.063909],[121.694209,25.065962],[121.691762,25.066657],[121.69089,25.06648],[121.689762,25.066623],[121.688864,25.0671],[121.68563,25.068871],[121.688017,25.070657],[121.68585,25.072507],[121.684054,25.073335],[121.683273,25.074762],[121.683273,25.074762],[121.682809,25.072605],[121.682809,25.072605],[121.68183,25.071881],[121.67919,25.07129],[121.67919,25.07129],[121.675147,25.073658],[121.675147,25.073658],[121.672324,25.068052],[121.670915,25.068831],[121.667574,25.07048],[121.665671,25.070588],[121.663358,25.067993],[121.661871,25.066476],[121.661871,25.066476],[121.659604,25.065446],[121.659568,25.067271],[121.662596,25.069428]]}},{"type":"Feature","properties":{"route_name":"F907","color":"#dcc13b"},"geometry":{"type":"LineString","coordinates":[[121.661689061306,25.0691766561076],[121.661689061306,25.0691766561076],[121.659997,25.067906],[121.659997,25.067906],[121.6559524,25.067698],[121.65474,25.07009],[121.654774,25.071081],[121.656494,25.071573],[121.658687,25.072908],[121.660277,25.076315],[121.6632015,25.07918],[121.665438,25.080301],[121.667678,25.081435],[121.66833,25.082605],[121.669327,25.081834],[121.668942,25.079065],[121.66797,25.078513],[121.6654731,25.07553395],[121.6654731,25.07553395],[121.661909,25.07328],[121.66475,25.07167],[121.66475,25.07167],[121.661689061306,25.0691766561076],[121.661689061306,25.0691766561076],[121.659568,25.067271]]}},{"type":"Feature","properties":{"route_name":"F909伯爵","color":"#3b8cdc"},"geometry":{"type":"LineString","coordinates":[[121.661689061306,25.0691766561076],[121.661689061306,25.0691766561076],[121.659997,25.067906],[121.659997,25.067906],[121.6559524,25.067698],[121.65474,25.07009],[121.6535172,25.07123],[121.6516651,25.07298],[121.65074,25.074347],[121.649997,25.076248],[121.6500076,25.077925],[121.649302,25.079489],[121.648447,25.080644],[121.645691,25.080799],[121.643896,25.079845],[121.642862,25.079071],[121.641202,25.077053],[121.638588,25.078703],[121.6378767,25.07941],[121.638366,25.080893],[121.6388705,25.081945],[121.6369231,25.083042],[121.638764,25.081987],[121.638308,25.081027],[121.637753,25.079382],[121.638559,25.078498],[121.6411622,25.077019],[121.642829,25.07857],[121.643896,25.079845],[121.646125,25.080622],[121.648342,25.080534],[121.6493127,25.079195],[121.649909,25.077722],[121.649804,25.076269],[121.65061,25.074246],[121.651867,25.072377],[121.653463,25.071067],[121.65476,25.069629],[121.655982,25.067442],[121.659568,25.067271],[121.662596,25.069428]]}},{"type":"Feature","properties":{"route_name":"F910","color":"#b7dc3b"},"geometry":{"type":"LineString","coordinates":[[121.661689061306,25.0691766561076],[121.661689061306,25.0691766561076],[121.659997,25.067906],[121.659997,25.067906],[121.6559524,25.067698],[121.65474,25.07009],[121.6535172,25.07123],[121.6516651,25.07298],[121.65074,25.074347],[121.649997,25.076248],[121.6500076,25.077925],[121.649302,25.079489],[121.649542,25.082057],[121.64826,25.084205],[121.648468,25.086199],[121.64865,25.087627],[121.648462,25.090332],[121.6467886,25.088144],[121.64572,25.089498],[121.644927,25.090465],[121.643416,25.090882],[121.644095,25.09349],[121.6422722,25.097152],[121.6421891,25.098663],[121.642573,25.09981],[121.643859,25.103001],[121.6439911,25.104621],[121.641965,25.108198],[121.641033,25.108833],[121.638958,25.108999],[121.634643,25.112048],[121.632768,25.114622],[121.627768,25.116402],[121.626432,25.12432],[121.62352,25.128917],[121.604489,25.125715],[121.601288,25.116926],[121.599369,25.114707],[121.604607,25.113334],[121.604607,25.113334],[121.599173,25.114605],[121.601433,25.116865],[121.604346,25.125576],[121.623628,25.128742],[121.626415,25.124126],[121.627699,25.116257],[121.632855,25.114442],[121.634472,25.111965],[121.6391418,25.108863],[121.640918,25.108696],[121.641779,25.108146],[121.643768,25.104604],[121.6437904,25.103162],[121.642459,25.099839],[121.642038,25.098575],[121.6420523,25.09722],[121.644057,25.093758],[121.643412,25.090723],[121.64479,25.090384],[121.645666,25.089352],[121.646559,25.088186],[121.648462,25.090332],[121.648244,25.083826],[121.648912,25.082423],[121.6493127,25.079195],[121.649909,25.077722],[121.649804,25.076269],[121.65061,25.074246],[121.651867,25.072377],[121.653463,25.071067],[121.65476,25.069629],[121.655982,25.067442],[121.659568,25.067271],[121.662596,25.069428]]}},{"type":"Feature","properties":{"route_name":"F911","color":"#b4dc3b"},"geometry":{"type":"LineString","coordinates":[[121.661689061306,25.0691766561076],[121.661689061306,25.0691766561076],[121.659997,25.067906],[121.659997,25.067906],[121.659469,25.065399],[121.659129,25.063895],[121.660139,25.062344],[121.659471,25.060511],[121.662269,25.057839],[121.665581,25.0568],[121.6638031,25.0549031],[121.662591,25.052008],[121.663877,25.054813],[121.665952,25.057249],[121.662198,25.057926],[121.659593,25.060432],[121.660389,25.06211],[121.65929,25.063876],[121.659604,25.065446],[121.659568,25.067271],[121.662596,25.069428]]}},{"type":"Feature","properties":{"route_name":"F913","color":"#afdc3b"},"geometry":{"type":"LineString","coordinates":[[121.661909,25.07328],[121.666894790178,25.0757709941611],[121.666894790178,25.0757709941611],[121.666124,25.073617],[121.666124,25.073617],[121.665938786409,25.0718638857203],[121.665938786409,25.0718638857203],[121.665671,25.070588],[121.663358,25.067993],[121.661871,25.066476],[121.661871,25.066476],[121.659604,25.065446],[121.658841,25.067358],[121.654564,25.066335],[121.654564,25.066335],[121.652863,25.06486],[121.652863,25.06486],[121.650598,25.063921],[121.650598,25.063921],[121.647015298289,25.0629554356458],[121.647015298289,25.0629554356458],[121.644615,25.062079],[121.644615,25.062079],[121.6416879,25.06245347],[121.6416879,25.06245347],[121.642188,25.064858],[121.64249,25.066762],[121.642713,25.068329],[121.641858,25.071151],[121.6436,25.07381],[121.6436,25.07381],[121.644525,25.075856],[121.644525,25.075856],[121.641733,25.075359],[121.641733,25.075359],[121.6390103,25.07383644],[121.6390103,25.07383644],[121.63741,25.075622],[121.6368653,25.074445],[121.637417,25.075509],[121.63711637178322,25.071954410613305],[121.63711637178322,25.071954410613305],[121.63520142081403,25.071476446439604],[121.63344885678443,25.07141234162801],[121.63024,25.072844],[121.629944,25.077647],[121.630142,25.072847],[121.6310686,25.071147],[121.629333,25.070619],[121.6276293,25.069422],[121.625833,25.068229],[121.621242309823,25.0666228369498],[121.6212807,25.06666453],[121.6188199,25.06680801],[121.618948,25.066708],[121.624021,25.07844],[121.624021,25.07844],[121.617871,25.067322],[121.6221492,25.06660779],[121.622098011234,25.0666077871618],[121.624809,25.066839],[121.624809,25.066839],[121.627395,25.067351],[121.627395,25.067351],[121.628878,25.067676],[121.628878,25.067676],[121.629422,25.068367],[121.6286716,25.06922056],[121.62945,25.0705],[121.631037,25.071008],[121.63024,25.072844],[121.629944,25.077647],[121.630142,25.072847],[121.63344,25.07129],[121.634638,25.071398],[121.63723,25.07184],[121.63723,25.07184],[121.63741,25.075622],[121.6368653,25.074445],[121.637417,25.075509],[121.63923,25.073736],[121.63923,25.073736],[121.641688,25.075192],[121.641688,25.075192],[121.6447007,25.07573198],[121.6447007,25.07573198],[121.643781,25.073991],[121.643781,25.073991],[121.641383,25.070234],[121.641383,25.070234],[121.640833,25.068556],[121.63978,25.06528],[121.63978,25.06528],[121.6397007,25.06315929],[121.6397007,25.06315929],[121.641581,25.062424],[121.641581,25.062424],[121.6454,25.06217],[121.6454,25.06217],[121.647218863307,25.0628093007884],[121.647218863307,25.0628093007884],[121.6522,25.064077],[121.6522,25.064077],[121.654922,25.066251],[121.654922,25.066251],[121.658766,25.067099],[121.658766,25.067099],[121.659469,25.065399],[121.662214,25.066644],[121.662214,25.066644],[121.663421,25.067896],[121.665747,25.070489],[121.665955449534,25.0714240132516],[121.666069,25.07144],[121.666245,25.073527],[121.666245,25.073527],[121.66712,25.076035],[121.667086798777,25.0759828471852],[121.661909,25.07328]]}},{"type":"Feature","properties":{"route_name":"F915","color":"#a9dc3b"},"geometry":{"type":"LineString","coordinates":[[121.6285664,25.0691974],[121.629229,25.068357],[121.631193,25.065928],[121.631193,25.065928],[121.629926076885,25.0650436384425],[121.629926076885,25.0650436384425],[121.625135,25.064363],[121.623329,25.06374],[121.624227,25.060345],[121.624227,25.060345],[121.625821,25.059088],[121.625821,25.059088],[121.628202,25.061017],[121.628202,25.061017],[121.630064,25.062346],[121.630064,25.062346],[121.63165,25.06338],[121.63165,25.06338],[121.633187,25.063647],[121.636197,25.062033],[121.638685,25.06346],[121.6397007,25.06315929],[121.6397007,25.06315929],[121.639841,25.06151],[121.638218,25.05933],[121.638218,25.05933],[121.635142,25.058074],[121.646552,25.060656],[121.646552,25.060656],[121.648377,25.061077],[121.648377,25.061077],[121.65414,25.06234],[121.65414,25.06234],[121.657339,25.063652],[121.657339,25.063652],[121.6593,25.06458],[121.6593,25.06458],[121.662214,25.066644],[121.662214,25.066644],[121.663421,25.067896],[121.665747,25.070489],[121.665955449534,25.0714240132516],[121.666069,25.07144],[121.666245,25.073527],[121.666245,25.073527],[121.667086798777,25.0759828471852],[121.66712,25.076035],[121.6654343,25.074975],[121.66475,25.07167],[121.66475,25.07167],[121.661689061306,25.0691766561076],[121.661689061306,25.0691766561076],[121.659997,25.067906],[121.659997,25.067906],[121.659568,25.067271],[121.662051,25.069141],[121.664962,25.071621],[121.664975448666,25.0716573015275],[121.666894790178,25.0757709941611],[121.666894790178,25.0757709941611],[121.666124,25.073617],[121.666124,25.073617],[121.665938786409,25.0718638857203],[121.665938786409,25.0718638857203],[121.665671,25.070588],[121.663358,25.067993],[121.661871,25.066476],[121.661871,25.066476],[121.65913,25.06478],[121.65913,25.06478],[121.656,25.063336],[121.656,25.063336],[121.652972,25.062102],[121.652972,25.062102],[121.64922,25.06145],[121.64922,25.06145],[121.646153,25.060814],[121.646151832258,25.0608168661478],[121.635075,25.057726],[121.635075,25.057726],[121.638157,25.059015],[121.638157,25.059015],[121.64002,25.061605],[121.6397283,25.06337261],[121.6397283,25.06337261],[121.638239,25.063502],[121.635908635938,25.061935344445],[121.633166,25.064007],[121.635248,25.065549],[121.635248,25.065549],[121.636626,25.066714],[121.636626,25.066714],[121.638049,25.068329],[121.638049,25.068329],[121.639022,25.069847],[121.639022,25.069847],[121.637965,25.069658],[121.637965,25.069658],[121.634742,25.067918],[121.634742,25.067918],[121.632409,25.066101],[121.6325665,25.06618342],[121.631401137544,25.0660033327685],[121.631401137544,25.0660033327685],[121.629422,25.068367],[121.6286716,25.06922056]]}},{"type":"Feature","properties":{"route_name":"F919八連","color":"#dc3bb4"},"geometry":{"type":"LineString","coordinates":[[121.661689061306,25.0691766561076],[121.661689061306,25.0691766561076],[121.659997,25.067906],[121.659997,25.067906],[121.6559524,25.067698],[121.65474,25.07009],[121.6535172,25.07123],[121.6516651,25.07298],[121.65074,25.074347],[121.649997,25.076248],[121.6500076,25.077925],[121.649302,25.079489],[121.648447,25.080644],[121.645691,25.080799],[121.643896,25.079845],[121.642341,25.079339],[121.640889,25.081032],[121.639819,25.086137],[121.638748,25.093275],[121.634299,25.095182],[121.632578,25.09687],[121.629765,25.101366],[121.628671,25.103474],[121.628594,25.10667],[121.628106,25.108746],[121.622789,25.10991],[121.6143696,25.1180914],[121.606063,25.112543],[121.60531959336211,25.11110942273083],[121.60531959336211,25.11110942273083],[121.60516664327086,25.10990290676615],[121.60516664327086,25.10990290676615],[121.605381,25.111005],[121.606231,25.112494],[121.614526,25.118125],[121.622781,25.109733],[121.62776,25.108727],[121.628404,25.106616],[121.628501,25.103435],[121.629567,25.101337],[121.632478,25.096736],[121.634179,25.095095],[121.638673,25.093197],[121.639611,25.086083],[121.640369,25.083818],[121.6408778,25.080917],[121.642305,25.07917],[121.643896,25.079845],[121.646125,25.080622],[121.648342,25.080534],[121.6493127,25.079195],[121.649909,25.077722],[121.649804,25.076269],[121.65061,25.074246],[121.651867,25.072377],[121.65476,25.069629],[121.655982,25.067442],[121.659568,25.067271],[121.662596,25.069428]]}},{"type":"Feature","properties":{"route_name":"F920","color":"#64dc3b"},"geometry":{"type":"LineString","coordinates":[[121.661689061306,25.0691766561076],[121.661689061306,25.0691766561076],[121.659997,25.067906],[121.659997,25.067906],[121.659469,25.065399],[121.659129,25.063895],[121.662321,25.063325],[121.66219,25.06583],[121.66798,25.06734],[121.67208,25.06611],[121.67435,25.06555],[121.685036,25.068873],[121.685969,25.068568],[121.688816,25.066924],[121.68972,25.066457],[121.690878,25.066339],[121.692877,25.066524],[121.694104,25.06583],[121.696188,25.063649],[121.697008,25.061955],[121.69899,25.060816],[121.700393,25.059613],[121.702854,25.054113],[121.703608,25.052014],[121.710795,25.057913],[121.710053,25.057496],[121.712177,25.053103],[121.716408,25.044229],[121.71584,25.040827],[121.7361873,25.027287],[121.737383,25.024785]]}},{"type":"Feature","properties":{"route_name":"F921","color":"#61dc3b"},"geometry":{"type":"LineString","coordinates":[[121.6899935,25.178364],[121.686895,25.175345],[121.6382365,25.167637],[121.6249247,25.171419],[121.6382419,25.167453],[121.6509783,25.176601],[121.6513226,25.208911],[121.646249,25.212757],[121.6440606,25.215035],[121.6423612,25.216809],[121.6419691,25.219393],[121.636921,25.217548],[121.6329998,25.219604],[121.629897,25.221073]]}},{"type":"Feature","properties":{"route_name":"F921假日","color":"#dc913b"},"geometry":{"type":"LineString","coordinates":[[121.6899935,25.178364],[121.686895,25.175345],[121.6382365,25.167637],[121.6249247,25.171419],[121.6382419,25.167453],[121.646249,25.212757],[121.6440606,25.215035],[121.6423612,25.216809],[121.6419691,25.219393],[121.644722,25.22342],[121.6416901,25.219393],[121.639219,25.220074],[121.637107,25.22217],[121.637107,25.22217],[121.634037,25.221938],[121.6339627,25.221918],[121.629897,25.221073]]}},{"type":"Feature","properties":{"route_name":"F922內崁","color":"#99dc3b"},"geometry":{"type":"LineString","coordinates":[[121.6899935,25.178364],[121.686895,25.175345],[121.6809868,25.17265],[121.679541,25.171938],[121.677603,25.170924],[121.6767258,25.169238],[121.674523,25.166344],[121.6736214,25.165498],[121.670811,25.16556],[121.6680076,25.165184],[121.6628788,25.164252],[121.658962,25.164442],[121.6560919,25.166707],[121.6509309,25.160387],[121.649043,25.160019],[121.642273,25.159646],[121.640484,25.159821],[121.636193,25.16103],[121.624016,25.159954],[121.623248,25.159168],[121.62291,25.15585],[121.621601,25.15416],[121.619414,25.152762],[121.61819,25.151373],[121.616484,25.15097],[121.614766,25.150706],[121.608765,25.146289],[121.610294,25.143543],[121.60972,25.143],[121.603797,25.145316]]}},{"type":"Feature","properties":{"route_name":"F922北基","color":"#dc3bc1"},"geometry":{"type":"LineString","coordinates":[[121.689407,25.179584],[121.6899935,25.178364],[121.68452,25.176048],[121.684773,25.177465],[121.6820758,25.17648],[121.681937,25.175368],[121.683147,25.175756],[121.684412,25.177041],[121.684624,25.175729],[121.6899935,25.178364],[121.689407,25.179584]]}},{"type":"Feature","properties":{"route_name":"F922烏塗炭","color":"#613bdc"},"geometry":{"type":"LineString","coordinates":[[121.6899935,25.178364],[121.686895,25.175345],[121.6809868,25.17265],[121.679541,25.171938],[121.677603,25.170924],[121.6767258,25.169238],[121.674523,25.166344],[121.6736214,25.165498],[121.670811,25.16556],[121.6680076,25.165184],[121.6628788,25.164252],[121.658962,25.164442],[121.6560919,25.166707],[121.6509309,25.160387],[121.649043,25.160019],[121.644968,25.155943],[121.645857,25.154654],[121.638256,25.153331],[121.63724,25.153271],[121.632902,25.150402],[121.627532,25.149136],[121.621292,25.148676],[121.6115,25.146217],[121.610294,25.143543],[121.60972,25.143],[121.603797,25.145316]]}},{"type":"Feature","properties":{"route_name":"F923","color":"#5cdc3b"},"geometry":{"type":"LineString","coordinates":[[121.6882,25.176222],[121.6899586,25.178152],[121.694494,25.177971],[121.689407,25.179584],[121.6866106,25.184539],[121.683438,25.186781],[121.693647,25.203035],[121.68527,25.203478],[121.686082,25.205884],[121.6598511,25.207319],[121.6561305,25.209644],[121.6513226,25.208911],[121.646249,25.212757],[121.6440606,25.215035],[121.6423612,25.216809],[121.6419691,25.219393],[121.636921,25.217548],[121.6329998,25.219604],[121.629897,25.221073]]}},{"type":"Feature","properties":{"route_name":"F923假日","color":"#3bdc96"},"geometry":{"type":"LineString","coordinates":[[121.6899586,25.178152],[121.689407,25.179584],[121.6866106,25.184539],[121.683438,25.186781],[121.693647,25.203035],[121.68527,25.203478],[121.686082,25.205884],[121.6598511,25.207319],[121.6561305,25.209644],[121.6513226,25.208911],[121.646249,25.212757],[121.6440606,25.215035],[121.6423612,25.216809],[121.6419691,25.219393],[121.644722,25.22342],[121.6416901,25.219393],[121.639219,25.220074],[121.637107,25.22217],[121.637107,25.22217],[121.6339627,25.221918],[121.634037,25.221938],[121.629897,25.221073]]}},{"type":"Feature","properties":{"route_name":"F931-0600","color":"#3bdc76"},"geometry":{"type":"LineString","coordinates":[[121.636451,25.222407],[121.603065,25.218953],[121.595639,25.228667],[121.592617,25.232381],[121.599268,25.239243],[121.603067,25.23898],[121.601964,25.247907],[121.6112475,25.246299],[121.62,25.230771],[121.630621,25.226977],[121.6352853,25.224013],[121.636451,25.222407]]}},{"type":"Feature","properties":{"route_name":"F931-0700","color":"#743bdc"},"geometry":{"type":"LineString","coordinates":[[121.636495,25.222305],[121.630647,25.227073],[121.619933,25.231033],[121.603092,25.239084],[121.599261,25.239319],[121.592558,25.232372],[121.595653,25.228573],[121.602934,25.218911],[121.612366,25.222428],[121.620218,25.220962],[121.636495,25.222305],[121.641079,25.22057]]}},{"type":"Feature","properties":{"route_name":"F931-0800","color":"#dc713b"},"geometry":{"type":"LineString","coordinates":[[121.636495,25.222305],[121.630647,25.227073],[121.620261,25.227715],[121.61441,25.226424],[121.602934,25.218911],[121.596161,25.212285],[121.612366,25.222428],[121.626459,25.223432],[121.636495,25.222305],[121.641079,25.22057]]}},{"type":"Feature","properties":{"route_name":"F931-0910","color":"#5cdc3b"},"geometry":{"type":"LineString","coordinates":[[121.641079,25.22057],[121.636451,25.222407],[121.630985,25.227472],[121.6323333,25.23515],[121.629506,25.236005],[121.6334322,25.257551],[121.623902,25.264934],[121.623049,25.266765],[121.630981,25.258163],[121.625028,25.243071],[121.618484,25.24967],[121.6253012,25.234332],[121.636495,25.222305]]}},{"type":"Feature","properties":{"route_name":"F931-1030","color":"#3bdc7c"},"geometry":{"type":"LineString","coordinates":[[121.641079,25.22057],[121.636495,25.222305],[121.630647,25.227073],[121.626461,25.223496],[121.596161,25.212285],[121.602934,25.218911],[121.595639,25.228667],[121.591581,25.230889],[121.592617,25.232381],[121.599268,25.239243],[121.603067,25.23898],[121.601964,25.247907],[121.6112475,25.246299],[121.62,25.230771],[121.630621,25.226977],[121.636451,25.222407]]}},{"type":"Feature","properties":{"route_name":"F931-1255","color":"#dc3bb4"},"geometry":{"type":"LineString","coordinates":[[121.636451,25.222407],[121.628784,25.219498],[121.620298,25.221144],[121.6124008,25.222552],[121.603065,25.218953],[121.595639,25.228667],[121.592617,25.232381],[121.601409,25.232488],[121.599268,25.239243],[121.603067,25.23898],[121.60325,25.247583],[121.606342,25.240173],[121.62,25.230771],[121.630621,25.226977],[121.636495,25.222305]]}},{"type":"Feature","properties":{"route_name":"F931-1630","color":"#3bdc6c"},"geometry":{"type":"LineString","coordinates":[[121.636495,25.222305],[121.630647,25.227073],[121.620261,25.227715],[121.61441,25.226424],[121.596161,25.212285],[121.602934,25.218911],[121.595639,25.228667],[121.592617,25.232381],[121.599268,25.239243],[121.603067,25.23898],[121.601964,25.247907],[121.6112475,25.246299],[121.62,25.230771],[121.630621,25.226977],[121.636451,25.222407]]}},{"type":"Feature","properties":{"route_name":"F931-1730","color":"#693bdc"},"geometry":{"type":"LineString","coordinates":[[121.636451,25.222407],[121.620298,25.221144],[121.6124008,25.222552],[121.596161,25.212285],[121.602934,25.218911],[121.595639,25.228667],[121.592617,25.232381],[121.599268,25.239243],[121.603067,25.23898],[121.62,25.230771],[121.630621,25.226977],[121.636451,25.222407]]}},{"type":"Feature","properties":{"route_name":"F932-0600","color":"#dc3b54"},"geometry":{"type":"LineString","coordinates":[[121.636451,25.222407],[121.603651,25.218328],[121.612366,25.222428],[121.620218,25.220962],[121.636495,25.222305]]}},{"type":"Feature","properties":{"route_name":"F932-0630","color":"#6c3bdc"},"geometry":{"type":"LineString","coordinates":[[121.636495,25.222305],[121.630985,25.227472],[121.629506,25.236005],[121.6334322,25.257551],[121.623902,25.264934],[121.623049,25.266765],[121.625028,25.243071],[121.6253012,25.234332],[121.636451,25.222407]]}},{"type":"Feature","properties":{"route_name":"F932-0715","color":"#b7dc3b"},"geometry":{"type":"LineString","coordinates":[[121.636495,25.222305],[121.6334322,25.257551],[121.623902,25.264934],[121.623049,25.266765],[121.630981,25.258163],[121.625028,25.243071],[121.6253012,25.234332],[121.636451,25.222407]]}},{"type":"Feature","properties":{"route_name":"F932-0820","color":"#3bdcb9"},"geometry":{"type":"LineString","coordinates":[[121.636495,25.222305],[121.628784,25.219498],[121.611997,25.212326],[121.620298,25.221144],[121.6124008,25.222552],[121.603065,25.218953],[121.595639,25.228667],[121.592617,25.232381],[121.599268,25.239243],[121.603067,25.23898],[121.60325,25.247583],[121.601964,25.247907],[121.6112475,25.246299],[121.62,25.230771],[121.630621,25.226977],[121.636451,25.222407],[121.629897,25.221073]]}},{"type":"Feature","properties":{"route_name":"F932-0950","color":"#3bb9dc"},"geometry":{"type":"LineString","coordinates":[[121.628784,25.219498],[121.636495,25.222305],[121.630647,25.227073],[121.620261,25.227715],[121.61441,25.226424],[121.619933,25.231033],[121.603092,25.239084],[121.599261,25.239319],[121.592617,25.232381],[121.595653,25.228573],[121.602934,25.218911],[121.612366,25.222428],[121.620218,25.220962],[121.628784,25.219498],[121.636495,25.222305],[121.629897,25.221073]]}},{"type":"Feature","properties":{"route_name":"F932-1110","color":"#3bdccc"},"geometry":{"type":"LineString","coordinates":[[121.628784,25.219498],[121.636495,25.222305],[121.630985,25.227472],[121.6323333,25.23515],[121.629506,25.236005],[121.6334322,25.257551],[121.623902,25.264934],[121.623049,25.266765],[121.630981,25.258163],[121.625028,25.243071],[121.6253012,25.234332],[121.62,25.230771],[121.620261,25.227715],[121.61441,25.226424],[121.602934,25.218911],[121.612366,25.222428],[121.620298,25.221144],[121.626459,25.223432],[121.630621,25.226977],[121.636451,25.222407]]}},{"type":"Feature","properties":{"route_name":"F932-1630","color":"#dc3b5e"},"geometry":{"type":"LineString","coordinates":[[121.636495,25.222305],[121.6334322,25.257551],[121.623049,25.266765],[121.625028,25.243071],[121.6253012,25.234332],[121.636451,25.222407]]}},{"type":"Feature","properties":{"route_name":"F933-0620學生專車","color":"#a43bdc"},"geometry":{"type":"LineString","coordinates":[[121.636495,25.222305],[121.630647,25.227073],[121.626461,25.223496],[121.6124008,25.222552],[121.596161,25.212285],[121.599137,25.199939],[121.603806,25.217978],[121.614384,25.226368],[121.6352853,25.224013],[121.636495,25.222305]]}},{"type":"Feature","properties":{"route_name":"F933-0635","color":"#6cdc3b"},"geometry":{"type":"LineString","coordinates":[[121.636495,25.222305],[121.626461,25.223496],[121.603065,25.218953],[121.614384,25.226368],[121.620279,25.22759],[121.636451,25.222407]]}},{"type":"Feature","properties":{"route_name":"F933-0710","color":"#bc3bdc"},"geometry":{"type":"LineString","coordinates":[[121.636495,25.222305],[121.640865,25.220554],[121.64887,25.223968],[121.645563,25.225539],[121.643657,25.225535],[121.649256,25.229251],[121.640237,25.22831],[121.6434851,25.224792],[121.640996,25.220716],[121.639219,25.220074],[121.636451,25.222407],[121.628784,25.219498],[121.636495,25.222305]]}},{"type":"Feature","properties":{"route_name":"F933-0800","color":"#acdc3b"},"geometry":{"type":"LineString","coordinates":[[121.636451,25.222407],[121.628784,25.219498],[121.599137,25.199939],[121.628784,25.219498],[121.636495,25.222305],[121.640865,25.220554],[121.64887,25.223968],[121.645563,25.225539],[121.643657,25.225535],[121.649256,25.229251],[121.640237,25.22831],[121.6434851,25.224792],[121.640996,25.220716],[121.639219,25.220074],[121.636451,25.222407],[121.629897,25.221073]]}},{"type":"Feature","properties":{"route_name":"F933-0920","color":"#3bdc64"},"geometry":{"type":"LineString","coordinates":[[121.628784,25.219498],[121.636495,25.222305],[121.640865,25.220554],[121.64887,25.223968],[121.645563,25.225539],[121.643657,25.225535],[121.649256,25.229251],[121.640237,25.22831],[121.6434851,25.224792],[121.640996,25.220716],[121.639219,25.220074],[121.636451,25.222407],[121.628784,25.219498],[121.599137,25.199939],[121.628784,25.219498],[121.636495,25.222305]]}},{"type":"Feature","properties":{"route_name":"F933-1030","color":"#3ba1dc"},"geometry":{"type":"LineString","coordinates":[[121.636451,25.222407],[121.640865,25.220554],[121.64887,25.223968],[121.645563,25.225539],[121.643657,25.225535],[121.649256,25.229251],[121.640237,25.22831],[121.6434851,25.224792],[121.640996,25.220716],[121.639219,25.220074],[121.636451,25.222407],[121.611997,25.212326],[121.630204,25.221006]]}},{"type":"Feature","properties":{"route_name":"F933-1130","color":"#dc3ba4"},"geometry":{"type":"LineString","coordinates":[[121.628784,25.219498],[121.636495,25.222305],[121.640865,25.220554],[121.64887,25.223968],[121.645563,25.225539],[121.643657,25.225535],[121.649256,25.229251],[121.640237,25.22831],[121.6434851,25.224792],[121.640996,25.220716],[121.639219,25.220074],[121.636451,25.222407]]}},{"type":"Feature","properties":{"route_name":"F933-1330","color":"#3ba9dc"},"geometry":{"type":"LineString","coordinates":[[121.636495,25.222305],[121.640865,25.220554],[121.64887,25.223968],[121.645563,25.225539],[121.643657,25.225535],[121.649256,25.229251],[121.640237,25.22831],[121.6434851,25.224792],[121.640996,25.220716],[121.639219,25.220074],[121.636451,25.222407],[121.611997,25.212326],[121.630204,25.221006]]}},{"type":"Feature","properties":{"route_name":"F933-1430","color":"#dc3bac"},"geometry":{"type":"LineString","coordinates":[[121.628784,25.219498],[121.636451,25.222407],[121.640865,25.220554],[121.64887,25.223968],[121.645563,25.225539],[121.643657,25.225535],[121.649256,25.229251],[121.640237,25.22831],[121.6434851,25.224792],[121.640996,25.220716],[121.639219,25.220074],[121.636451,25.222407],[121.629897,25.221073]]}},{"type":"Feature","properties":{"route_name":"F933-1530","color":"#afdc3b"},"geometry":{"type":"LineString","coordinates":[[121.628784,25.219498],[121.636451,25.222407],[121.640865,25.220554],[121.64887,25.223968],[121.645563,25.225539],[121.643657,25.225535],[121.649256,25.229251],[121.640237,25.22831],[121.6434851,25.224792],[121.640996,25.220716],[121.639219,25.220074],[121.636451,25.222407],[121.628784,25.219498],[121.599137,25.199939],[121.628784,25.219498],[121.636451,25.222407]]}},{"type":"Feature","properties":{"route_name":"三峽-中和高中","color":"#b4dc3b"},"geometry":{"type":"LineString","coordinates":[[121.378934,24.941182],[121.379266,24.94237],[121.3726289,24.937495],[121.3741879,24.93608309],[121.37551,24.932689],[121.379262,24.93019],[121.395837,24.937183],[121.411206,24.951976],[121.41214,24.95341],[121.418269,24.958842],[121.42204,24.96147],[121.430929,24.964872],[121.4365891,24.96693499],[121.443347,24.971621],[121.445122,24.973711],[121.456615,24.982947],[121.456615,24.982947],[121.459549,24.98446],[121.459549,24.98446],[121.465217,24.986269],[121.465217,24.986269],[121.47114,24.989461],[121.47114,24.989461],[121.478247,24.994106]]}},{"type":"Feature","properties":{"route_name":"三峽-內科","color":"#843bdc"},"geometry":{"type":"LineString","coordinates":[[121.381142,24.945786],[121.3826686,24.946176],[121.3843777,24.948895],[121.3797908,24.948158],[121.37483,24.94629],[121.37368,24.94489],[121.37419,24.9416],[121.3635229,24.93883104]]}},{"type":"Feature","properties":{"route_name":"三峽-捷運台大醫院站","color":"#dc3b76"},"geometry":{"type":"LineString","coordinates":[[121.378934,24.941182],[121.3826686,24.946176],[121.3843777,24.948895],[121.3797908,24.948158],[121.37483,24.94629],[121.37368,24.94489],[121.37419,24.9416],[121.3635229,24.93883104],[121.460151,25.009094]]}},{"type":"Feature","properties":{"route_name":"三峽-捷運府中站","color":"#3bdcaf"},"geometry":{"type":"LineString","coordinates":[[121.367161,24.93748],[121.372124,24.936067],[121.3741,24.935495],[121.371938,24.930262],[121.3710349,24.927763],[121.375272,24.927307],[121.377385,24.928825],[121.375808,24.932687],[121.374048,24.936578],[121.370933,24.938441],[121.3635229,24.93883104],[121.458454,25.009036],[121.458454,25.009036]]}},{"type":"Feature","properties":{"route_name":"三峽-捷運永寧站","color":"#3bdc74"},"geometry":{"type":"LineString","coordinates":[[121.3775706,24.94675265],[121.3765923,24.947112],[121.37483,24.94629],[121.37368,24.94489],[121.3749655,24.943183],[121.37419,24.9416],[121.3709899,24.94137],[121.3683827,24.940404],[121.367802,24.939065],[121.3635229,24.93883104],[121.434258,24.965538],[121.4365891,24.96693499]]}},{"type":"Feature","properties":{"route_name":"三峽-臺北市信義區","color":"#dcb13b"},"geometry":{"type":"LineString","coordinates":[[121.367161,24.93748],[121.372124,24.936067],[121.382497,24.94639],[121.3753109,24.94310583],[121.37486,24.94605],[121.3777681,24.947308],[121.379996,24.947989],[121.384652,24.948611],[121.401652,24.95063],[121.480986,24.988708]]}},{"type":"Feature","properties":{"route_name":"三重-內科","color":"#3bdc89"},"geometry":{"type":"LineString","coordinates":[[121.473752,25.071403],[121.473752,25.071403],[121.48052,25.06855],[121.48052,25.06855],[121.48307,25.07034],[121.48307,25.07034],[121.482244,25.075074],[121.482244,25.075074],[121.4828427,25.0789135],[121.4828427,25.0789135],[121.48065,25.082575],[121.48065,25.082575],[121.48278,25.086512],[121.48278,25.086512],[121.492,25.08308],[121.492,25.08308],[121.49488,25.081862],[121.49488,25.081862]]}},{"type":"Feature","properties":{"route_name":"中原中平路口-建國中學","color":"#dc3b43"},"geometry":{"type":"LineString","coordinates":[[121.43571,25.05713],[121.43571,25.05713],[121.439476,25.052911],[121.439476,25.052911],[121.444139,25.054277],[121.450091499999,25.054238050248],[121.4499383,25.05424253],[121.454002,25.054271],[121.454002,25.054271],[121.460104,25.059334],[121.460104,25.059334],[121.483061607875,25.0613696251157],[121.483061607875,25.0613696251157]]}},{"type":"Feature","properties":{"route_name":"中和-新北板橋公車站","color":"#d7dc3b"},"geometry":{"type":"LineString","coordinates":[[121.4679844,24.993825],[121.4720362,24.998187],[121.472624,25.001522],[121.472377,25.003205],[121.471153,25.004529],[121.471153,25.004529],[121.469691,25.003956],[121.469691,25.003956],[121.468023,25.003222],[121.468023,25.003222],[121.46635,25.002914],[121.46635,25.002914],[121.464285,25.00403],[121.464285,25.00403],[121.46393390614749,25.005869973155434],[121.46393390614749,25.005869973155434],[121.464544,25.012043],[121.464544,25.012043],[121.462602,25.012813],[121.462602,25.012813]]}},{"type":"Feature","properties":{"route_name":"中和左岸社區-捷運頂溪站","color":"#dc3baf"},"geometry":{"type":"LineString","coordinates":[[121.487923,25.010012],[121.48605,25.012999],[121.485373,25.011188],[121.493085,25.00781],[121.500233,25.009456],[121.502094,25.010941],[121.503239,25.010779],[121.515273,25.01258],[121.515273,25.01258]]}},{"type":"Feature","properties":{"route_name":"中和環河西路-永和仁愛路","color":"#763bdc"},"geometry":{"type":"LineString","coordinates":[[121.500233,25.009456],[121.502094,25.010941],[121.503239,25.010779],[121.505873,25.009682],[121.508653,25.011753],[121.509944,25.012509],[121.51177,25.013008],[121.514536,25.013404]]}},{"type":"Feature","properties":{"route_name":"中和自立路-新店","color":"#3bafdc"},"geometry":{"type":"LineString","coordinates":[[121.5220764,24.994738],[121.5228225,24.998297],[121.5238178,24.99942414],[121.5238178,24.99942414],[121.525878,24.999065],[121.525878,24.999065],[121.526309,24.994716],[121.526309,24.994716],[121.52587,24.991494],[121.52587,24.991494],[121.53367,24.98182],[121.53367,24.98182],[121.53502,24.9752],[121.53502,24.9752],[121.53795,24.97041],[121.53795,24.97041]]}},{"type":"Feature","properties":{"route_name":"五股-內湖科技園區","color":"#dc3bb1"},"geometry":{"type":"LineString","coordinates":[[121.429602,25.089897],[121.429602,25.089897],[121.432152,25.08828581],[121.432152,25.08828581],[121.433545,25.087079],[121.433545,25.087079],[121.435723,25.086058],[121.435723,25.086058],[121.43786,25.08499],[121.43786,25.08499],[121.439703,25.082891],[121.439703,25.082891]]}},{"type":"Feature","properties":{"route_name":"仁愛幹線","color":"#3b9edc"},"geometry":{"type":"LineString","coordinates":[[121.482761,25.027716],[121.482761,25.027716],[121.480675,25.028821],[121.480675,25.028821],[121.479456,25.030025],[121.479456,25.030025],[121.478429,25.03143554],[121.478429,25.03143554],[121.476891,25.032496],[121.476953,25.032535],[121.475313,25.032472],[121.475313,25.032472],[121.4760495,25.03388107],[121.4760495,25.03388107]]}},{"type":"Feature","properties":{"route_name":"內科通勤專車10","color":"#993bdc"},"geometry":{"type":"LineString","coordinates":[[121.479176,24.945972],[121.479176,24.945972],[121.47982,24.94681],[121.47982,24.94681],[121.48195,24.94877],[121.481962,24.948762],[121.483119,24.949637],[121.483119,24.949637],[121.484465,24.95121],[121.484465,24.95121],[121.4860328,24.95159154],[121.4860328,24.95159154],[121.488385431569,24.951722671131],[121.488385431569,24.951722671131],[121.489551,24.951708],[121.489551,24.951708],[121.4915448,24.95177354],[121.4915448,24.95177354],[121.493053,24.952962],[121.493053,24.952962],[121.4946626,24.95431753],[121.4946626,24.95431753],[121.496698,24.955162],[121.496698,24.955162],[121.499054,24.956348],[121.499054,24.956348],[121.502106,24.95733611],[121.502106,24.95733611],[121.505929,24.958027],[121.505929,24.958027],[121.509284,24.959017],[121.509284,24.959017],[121.511483,24.960016],[121.511483,24.960016],[121.512648,24.962041],[121.512648,24.962041],[121.515311,24.963642],[121.515311,24.963642],[121.517942,24.963936],[121.517942,24.963936],[121.521365324681,24.9637050292789],[121.521365324681,24.9637050292789],[121.5235251,24.96347353],[121.5235251,24.96347353],[121.52598,24.962917],[121.5259804,24.96294489],[121.528339,24.961725],[121.528339,24.961725],[121.530152,24.961041],[121.530152,24.961041],[121.532361,24.960256],[121.532361,24.960256],[121.53982,24.963158],[121.53982,24.963158],[121.5405875,24.96500149],[121.5405875,24.96500149],[121.54161613426882,24.96763873691205],[121.54161613426882,24.96763873691205],[121.541397,24.971908],[121.541397,24.971908],[121.54022,24.972713],[121.54022,24.972713],[121.537621,24.974454],[121.537621,24.974454],[121.535279,24.97615],[121.535279,24.97615],[121.534303,24.978013],[121.534303,24.978013],[121.534014,24.979496],[121.534014,24.979496],[121.533911,24.981939],[121.533911,24.981939],[121.533806,24.983471],[121.533806,24.983471],[121.533644,24.98633],[121.533644,24.98633],[121.53405,24.990206],[121.53405,24.990206]]}},{"type":"Feature","properties":{"route_name":"內科通勤專車11","color":"#963bdc"},"geometry":{"type":"LineString","coordinates":[[121.44267,25.045563],[121.44267,25.045563],[121.44377,25.043577],[121.44377,25.043577],[121.446267,25.041709],[121.446267,25.041709],[121.447989,25.042457],[121.447989,25.042457],[121.451981,25.043465],[121.451981,25.043465],[121.45344230802844,25.044798002588216],[121.45344230802844,25.044798002588216],[121.453663,25.046303],[121.453663,25.046303],[121.452927,25.047732],[121.452927,25.047732],[121.453486,25.049192],[121.453486,25.049192],[121.456008,25.049301],[121.456008,25.049301],[121.457859,25.049369],[121.457859,25.049369],[121.459962,25.054801],[121.459962,25.054801],[121.460104,25.059334],[121.460104,25.059334],[121.46151,25.0605],[121.46151,25.0605]]}},{"type":"Feature","properties":{"route_name":"內科通勤專車12","color":"#943bdc"},"geometry":{"type":"LineString","coordinates":[[121.450407314483,25.054415479901],[121.450407314483,25.054415479901],[121.44737,25.05436],[121.44737,25.05436],[121.445383787828,25.0544053736291],[121.445383787828,25.0544053736291],[121.44468,25.05186],[121.44468,25.05186],[121.4446583,25.04961766],[121.4446583,25.04961766],[121.445379037224,25.0490066229995],[121.445379037224,25.0490066229995],[121.448561,25.049077],[121.448561,25.049077],[121.451369639862,25.0491543957239],[121.451369639862,25.0491543957239],[121.452983,25.050565],[121.452983,25.050565],[121.45233725893,25.0528494498004],[121.45233725893,25.0528494498004],[121.454002,25.054271],[121.454002,25.054271],[121.457564,25.05425],[121.457564,25.05425],[121.459962,25.054801],[121.459962,25.054801],[121.460104,25.059334],[121.460104,25.059334],[121.46151,25.0605],[121.46151,25.0605],[121.465274,25.061164],[121.465274,25.061164]]}},{"type":"Feature","properties":{"route_name":"內科通勤專車2","color":"#3b46dc"},"geometry":{"type":"LineString","coordinates":[[121.477332,24.992043],[121.477332,24.992043],[121.4789782,24.99430779],[121.4789782,24.99430779],[121.482957,24.995553],[121.482957,24.995553],[121.484429,24.996128],[121.484429,24.996128],[121.4903845,24.99626066],[121.4903845,24.99626066],[121.492320399314,24.9965568353221],[121.492320399314,24.9965568353221],[121.4951329,24.99819818],[121.4951329,24.99819818],[121.4964382,24.99966641],[121.496428401096,24.9996352583255],[121.498554,25.001978],[121.498554,25.001978],[121.5003993,25.00264981],[121.5003993,25.00264981],[121.502608785098,25.0033780465089],[121.5026,25.00337],[121.504545,25.004905],[121.504545,25.004905],[121.506749,25.006803],[121.506749,25.006803],[121.50974,25.00919],[121.50974,25.00919],[121.51308,25.01056],[121.51308,25.01056],[121.515273,25.01258],[121.515273,25.01258],[121.5162239,25.01604284],[121.5162239,25.01604284]]}},{"type":"Feature","properties":{"route_name":"內科通勤專車21","color":"#433bdc"},"geometry":{"type":"LineString","coordinates":[[121.4447909,25.0118181],[121.4447909,25.0118181],[121.447012,25.011585],[121.447012,25.011585],[121.4497662,25.00938284],[121.4497662,25.00938284],[121.45425,25.00964],[121.45425,25.00964],[121.4545959,25.01118631],[121.4545959,25.01118631],[121.456883,25.010986],[121.456883,25.010986],[121.458454,25.009036],[121.458454,25.009036],[121.460871,25.013298],[121.460871,25.013298],[121.462602,25.012813],[121.462602,25.012813],[121.469,25.016752],[121.469,25.016752],[121.470382,25.017856],[121.470382,25.017856]]}},{"type":"Feature","properties":{"route_name":"內科通勤專車3","color":"#3b43dc"},"geometry":{"type":"LineString","coordinates":[[121.477332,24.992043],[121.477332,24.992043],[121.4789782,24.99430779],[121.4789782,24.99430779],[121.482957,24.995553],[121.482957,24.995553],[121.484429,24.996128],[121.484429,24.996128],[121.4903845,24.99626066],[121.4903845,24.99626066],[121.492320399314,24.9965568353221],[121.492320399314,24.9965568353221],[121.4951329,24.99819818],[121.4951329,24.99819818],[121.4964382,24.99966641],[121.496428401096,24.9996352583255],[121.498554,25.001978],[121.498554,25.001978],[121.5003993,25.00264981],[121.5003993,25.00264981],[121.5026,25.00337],[121.502608785098,25.0033780465089],[121.504545,25.004905],[121.504545,25.004905],[121.506749,25.006803],[121.506749,25.006803],[121.50974,25.00919],[121.50974,25.00919],[121.51308,25.01056],[121.51308,25.01056],[121.515273,25.01258],[121.515273,25.01258],[121.5162239,25.01604284],[121.5162239,25.01604284]]}},{"type":"Feature","properties":{"route_name":"內科通勤專車6","color":"#3b3bdc"},"geometry":{"type":"LineString","coordinates":[[121.465804,25.089056],[121.465804,25.089056],[121.476637,25.081453],[121.476637,25.081453],[121.4859364,25.07691628],[121.4859364,25.07691628],[121.49431,25.071998],[121.49431,25.071998],[121.496788,25.065609],[121.496788,25.065609],[121.494254721567,25.0614913406773],[121.494254721567,25.0614913406773],[121.4939169,25.05705719],[121.4939169,25.05705719]]}},{"type":"Feature","properties":{"route_name":"內科通勤專車7","color":"#3e3bdc"},"geometry":{"type":"LineString","coordinates":[[121.683273,25.074762],[121.683273,25.074762],[121.682809,25.072605],[121.682809,25.072605],[121.67919,25.07129],[121.67919,25.07129],[121.675147,25.073658],[121.675147,25.073658],[121.67317,25.0763],[121.67317,25.0763],[121.6676204,25.07733],[121.6676204,25.07733],[121.666894790178,25.0757709941611],[121.666894790178,25.0757709941611],[121.666124,25.073617],[121.666124,25.073617],[121.665938786409,25.0718638857203],[121.665938786409,25.0718638857203],[121.664158,25.068761],[121.664158,25.068761],[121.661871,25.066476],[121.661871,25.066476],[121.65913,25.06478],[121.65913,25.06478],[121.656,25.063336],[121.656,25.063336],[121.650598,25.063921],[121.650598,25.063921],[121.647015298289,25.0629554356458],[121.647015298289,25.0629554356458],[121.644615,25.062079],[121.644615,25.062079],[121.64195,25.061],[121.64195,25.061],[121.638218,25.05933],[121.638218,25.05933],[121.634221,25.057679],[121.634221,25.057679],[121.632022,25.05616],[121.632175626719,25.0562484993939],[121.62191,25.055038],[121.62191,25.055038]]}},{"type":"Feature","properties":{"route_name":"北大社區-捷運頂埔站","color":"#3bdca7"},"geometry":{"type":"LineString","coordinates":[[121.379266,24.94237],[121.382402,24.945598],[121.3797908,24.948158],[121.3765923,24.947112],[121.37483,24.94629],[121.37368,24.94489],[121.3749655,24.943183],[121.377036,24.940363],[121.418269,24.958842]]}},{"type":"Feature","properties":{"route_name":"南環幹線","color":"#8cdc3b"},"geometry":{"type":"LineString","coordinates":[[121.4834142,24.96030896],[121.4834142,24.96030896],[121.491777,24.9554],[121.491777,24.9554],[121.4946626,24.95431753],[121.4946626,24.95431753],[121.496698,24.955162],[121.496698,24.955162],[121.499054,24.956348],[121.499054,24.956348],[121.502106,24.95733611],[121.502106,24.95733611],[121.505929,24.958027],[121.505929,24.958027],[121.509284,24.959017],[121.509284,24.959017],[121.511483,24.960016],[121.511483,24.960016],[121.512648,24.962041],[121.512648,24.962041],[121.515311,24.963642],[121.515311,24.963642],[121.517942,24.963936],[121.517942,24.963936],[121.521365324681,24.9637050292789],[121.521365324681,24.9637050292789],[121.5235251,24.96347353],[121.5235251,24.96347353],[121.5259804,24.96294489],[121.52598,24.962917],[121.528339,24.961725],[121.528339,24.961725],[121.530152,24.961041],[121.530152,24.961041],[121.532361,24.960256],[121.532361,24.960256],[121.53755,24.958392],[121.53755,24.958392],[121.53982,24.963158],[121.53982,24.963158],[121.5405875,24.96500149],[121.5405875,24.96500149],[121.54161613426882,24.96763873691205],[121.54161613426882,24.96763873691205],[121.542921,24.971513],[121.542921,24.971513],[121.5430453,24.9753],[121.5430453,24.9753],[121.542795,24.978161],[121.542795,24.978161],[121.54378,24.979007],[121.54378,24.979007],[121.546288,24.976868],[121.546288,24.976868],[121.547798,24.976428],[121.547798,24.976428],[121.548731,24.977046],[121.548731,24.977046],[121.551231544066,24.9786235157248],[121.551231544066,24.9786235157248]]}},{"type":"Feature","properties":{"route_name":"南軟通勤專車中和線","color":"#3b8edc"},"geometry":{"type":"LineString","coordinates":[[121.477332,24.992043],[121.477332,24.992043],[121.4789782,24.99430779],[121.4789782,24.99430779],[121.482957,24.995553],[121.482957,24.995553],[121.484429,24.996128],[121.484429,24.996128],[121.4903845,24.99626066],[121.4903845,24.99626066],[121.492320399314,24.9965568353221],[121.492320399314,24.9965568353221],[121.4951329,24.99819818],[121.4951329,24.99819818],[121.496428401096,24.9996352583255],[121.4964382,24.99966641],[121.498554,25.001978],[121.498554,25.001978],[121.500968,25.000553],[121.500968,25.000553],[121.502769736506,24.9996954644534],[121.502769736506,24.9996954644534],[121.5048263,24.99965591],[121.5048263,24.99965591],[121.50739,24.999571],[121.50739,24.999571],[121.508875,24.998841],[121.5109042,24.99738917],[121.514859678286,24.9964243335687],[121.514859678286,24.9964243335687],[121.516565619533,24.9983765816712],[121.5164442,24.99830177],[121.5177138,25.00054939],[121.5177138,25.00054939],[121.5175165983338,25.002780010490255],[121.517263,25.005156],[121.517263,25.005156],[121.5188661,25.00531696],[121.5188661,25.00531696],[121.521553502861,25.0031337977071],[121.521553502861,25.0031337977071],[121.522833,25.002882],[121.522833,25.002882]]}},{"type":"Feature","properties":{"route_name":"南軟通勤專車雙和線","color":"#99dc3b"},"geometry":{"type":"LineString","coordinates":[[121.477332,24.992043],[121.477332,24.992043],[121.4789782,24.99430779],[121.4789782,24.99430779],[121.482957,24.995553],[121.482957,24.995553],[121.484429,24.996128],[121.484429,24.996128],[121.4903845,24.99626066],[121.4903845,24.99626066],[121.492320399314,24.9965568353221],[121.492320399314,24.9965568353221],[121.4951329,24.99819818],[121.4951329,24.99819818],[121.496428401096,24.9996352583255],[121.4964382,24.99966641],[121.498554,25.001978],[121.498554,25.001978],[121.5003993,25.00264981],[121.5003993,25.00264981],[121.502608785098,25.0033780465089],[121.5026,25.00337],[121.504545,25.004905],[121.504545,25.004905],[121.506749,25.006803],[121.506749,25.006803],[121.50974,25.00919],[121.50974,25.00919],[121.51308,25.01056],[121.51308,25.01056],[121.515573,25.010002],[121.515573,25.010002],[121.5167282,25.00843234],[121.5167282,25.00843234],[121.5168879,25.00661028],[121.5168879,25.00661028],[121.5188661,25.00531696],[121.5188661,25.00531696],[121.521553502861,25.0031337977071],[121.521553502861,25.0031337977071],[121.522833,25.002882],[121.522833,25.002882]]}},{"type":"Feature","properties":{"route_name":"台北小城-大坪林","color":"#593bdc"},"geometry":{"type":"LineString","coordinates":[[121.501485,24.944693],[121.499957,24.94475],[121.4994827,24.948942],[121.4994867,24.951178],[121.4997562,24.953029],[121.500919,24.954019],[121.50381,24.954258],[121.5405875,24.96500149],[121.5405875,24.96500149],[121.54161613426882,24.96763873691205],[121.54161613426882,24.96763873691205],[121.5430453,24.9753],[121.5430453,24.9753],[121.54183874603,24.981232663482],[121.5418387,24.98123266]]}},{"type":"Feature","properties":{"route_name":"合宜住宅-捷運亞東醫院站","color":"#3bdc91"},"geometry":{"type":"LineString","coordinates":[[121.442682,24.997783],[121.444193,24.995989],[121.446556,24.996185],[121.448066,24.998234],[121.453027,24.999426]]}},{"type":"Feature","properties":{"route_name":"吉林線","color":"#dc3bdc"},"geometry":{"type":"LineString","coordinates":[[121.908576,25.022102],[121.905937,25.020824],[121.887036,25.00455],[121.886564,24.986928],[121.883334,24.982696],[121.881294,24.978111],[121.883027,24.976182],[121.877285,24.97341],[121.883027,24.976182],[121.888682,24.971414],[121.891486,24.973022],[121.89174,24.977574],[121.892795,24.978189],[121.901862,24.98546],[121.910435,24.989497],[121.899821,25.006079],[121.905252,25.013789],[121.908096,25.017093],[121.905937,25.020824],[121.90861,25.022231]]}},{"type":"Feature","properties":{"route_name":"土城-南天母廣場","color":"#3b4bdc"},"geometry":{"type":"LineString","coordinates":[[121.43615,24.965803],[121.4404818,24.962653],[121.4444488,24.958272],[121.445521,24.95693],[121.446815,24.955605],[121.4467179,24.956802],[121.4474823,24.954049],[121.448,24.951145]]}},{"type":"Feature","properties":{"route_name":"土城金城路-樹林大安路","color":"#3b9edc"},"geometry":{"type":"LineString","coordinates":[[121.470588,24.989443],[121.470588,24.989443],[121.468808,24.988513],[121.468808,24.988513],[121.4659091,24.98695477],[121.4659091,24.98695477],[121.462148,24.985487],[121.462148,24.985487],[121.459145,24.984575],[121.459145,24.984575],[121.45657,24.98313],[121.45657,24.98313],[121.4549178,24.982777],[121.4534721,24.984666],[121.452235,24.985887],[121.450813,24.986884],[121.4483732,24.988339],[121.419118,24.994183]]}},{"type":"Feature","properties":{"route_name":"基隆路幹線","color":"#9cdc3b"},"geometry":{"type":"LineString","coordinates":[[121.564029,24.953492],[121.564029,24.953492],[121.5616522,24.95414482],[121.5616522,24.95414482],[121.5591371,24.95437159],[121.5591371,24.95437159],[121.557333,24.953935],[121.557333,24.953935],[121.554816,24.953628],[121.554816,24.953628],[121.551785,24.95324],[121.551785,24.95324],[121.55011,24.952342],[121.55011,24.952342],[121.5470007,24.95262687],[121.5470007,24.95262687],[121.5428729,24.95305082],[121.5428729,24.95305082],[121.5405279,24.95347027],[121.5405279,24.95347027],[121.539103,24.955388],[121.539103,24.955388],[121.538524,24.956689],[121.538524,24.956689],[121.538126,24.958891],[121.538126,24.958891],[121.53982,24.963158],[121.53982,24.963158],[121.5405875,24.96500149],[121.5405875,24.96500149],[121.54161613426882,24.96763873691205],[121.54161613426882,24.96763873691205],[121.542921,24.971513],[121.542921,24.971513],[121.5430453,24.9753],[121.5430453,24.9753],[121.542795,24.978161],[121.542795,24.978161],[121.54183874603,24.981232663482],[121.5418387,24.98123266],[121.5413983,24.98334421],[121.5413983,24.98334421]]}},{"type":"Feature","properties":{"route_name":"塗潭假日線","color":"#dc613b"},"geometry":{"type":"LineString","coordinates":[[121.537125,24.957671],[121.534081,24.956369],[121.52836,24.936174],[121.529472,24.933111],[121.5216,24.926328],[121.509426,24.91873],[121.507093,24.909843],[121.504287,24.905364],[121.50322,24.904178],[121.501334,24.90267]]}},{"type":"Feature","properties":{"route_name":"塗潭平日線","color":"#ac3bdc"},"geometry":{"type":"LineString","coordinates":[[121.537125,24.957671],[121.5405875,24.96500149],[121.5405875,24.96500149],[121.541385,24.967768],[121.541385,24.967768],[121.534081,24.956369],[121.529472,24.933111],[121.529073,24.929475],[121.526303,24.926249],[121.5216,24.926328],[121.513191,24.921889],[121.507758,24.912815],[121.507093,24.909843],[121.531919,24.937785]]}},{"type":"Feature","properties":{"route_name":"安坑1線","color":"#3b4edc"},"geometry":{"type":"LineString","coordinates":[[121.502741,24.938322],[121.5035285,24.938374],[121.503346,24.939215],[121.502314,24.940013],[121.502298,24.940666],[121.50349,24.941059],[121.504763,24.941565],[121.5048937,24.942471],[121.505178,24.948832],[121.505378,24.952293],[121.504667,24.955037],[121.503009,24.957734],[121.500596,24.956487],[121.499531,24.954711],[121.5041588,24.954638],[121.5004344,24.954242],[121.4996158,24.952909],[121.4993616,24.951157],[121.499432,24.948747],[121.499841,24.944869],[121.500216,24.943979]]}},{"type":"Feature","properties":{"route_name":"安坑2線","color":"#7c3bdc"},"geometry":{"type":"LineString","coordinates":[[121.501893,24.944807],[121.502191,24.945325],[121.502456,24.945611],[121.502467,24.947287],[121.5022075,24.948798],[121.502481,24.950221],[121.5039722,24.952519],[121.5041588,24.954638],[121.5004344,24.954242],[121.4997026,24.954374],[121.500672,24.95646],[121.499692,24.956813],[121.499692,24.956813],[121.4972383,24.95549],[121.4972383,24.95549],[121.494847,24.954594],[121.494847,24.954594],[121.494962,24.950291],[121.494962,24.950291],[121.49542,24.94692],[121.49542,24.94692]]}},{"type":"Feature","properties":{"route_name":"安坑3線","color":"#cf3bdc"},"geometry":{"type":"LineString","coordinates":[[121.478019,24.95628],[121.475631,24.954721],[121.474733,24.954312],[121.474421,24.95569],[121.475421,24.957201],[121.47527,24.958352],[121.4792598,24.962052],[121.4823598,24.962277],[121.483375,24.959956],[121.491777,24.9554],[121.491777,24.9554],[121.494609,24.95342],[121.500919,24.954019],[121.50381,24.954258],[121.508821,24.954454],[121.511381,24.957582],[121.512736,24.959031]]}},{"type":"Feature","properties":{"route_name":"安坑5線","color":"#dc3b43"},"geometry":{"type":"LineString","coordinates":[[121.471421,24.94026],[121.447416,24.926715],[121.447477,24.926822],[121.4715674,24.940222],[121.47281,24.941205],[121.4748071,24.94266],[121.4764402,24.94431726],[121.4764402,24.94431726],[121.47824,24.94553],[121.47824,24.94553],[121.479176,24.945972],[121.479176,24.945972],[121.47982,24.94681],[121.47982,24.94681],[121.481962,24.948762],[121.48195,24.94877],[121.483119,24.949637],[121.483119,24.949637],[121.484465,24.95121],[121.484465,24.95121],[121.4860328,24.95159154],[121.4860328,24.95159154],[121.488385431569,24.951722671131],[121.488385431569,24.951722671131],[121.489551,24.951708],[121.489551,24.951708],[121.4915448,24.95177354],[121.4915448,24.95177354],[121.493053,24.952962],[121.493053,24.952962],[121.494609,24.95342],[121.500919,24.954019],[121.50381,24.954258]]}},{"type":"Feature","properties":{"route_name":"安坑6線","color":"#dc863b"},"geometry":{"type":"LineString","coordinates":[[121.48959,24.946444],[121.486764,24.943024],[121.484177,24.946678],[121.485321,24.947603],[121.485546,24.948559],[121.485402,24.949582],[121.485841,24.951021],[121.4860328,24.95159154],[121.4860328,24.95159154],[121.488385431569,24.951722671131],[121.488385431569,24.951722671131],[121.491215,24.951094],[121.489443,24.950042],[121.488987,24.949004],[121.488219,24.947945],[121.48959,24.946444]]}},{"type":"Feature","properties":{"route_name":"小11","color":"#dccf3b"},"geometry":{"type":"LineString","coordinates":[[121.55006,24.97896],[121.548333,24.980666],[121.54538,24.9794],[121.5435326,24.97919835],[121.542478,24.978011],[121.542478,24.978011],[121.542746,24.97475],[121.542746,24.97475],[121.54366,24.97395],[121.543639,24.973973],[121.5468506,24.97584027],[121.5468506,24.97584027],[121.547798,24.976428],[121.547798,24.976428],[121.548731,24.977046],[121.548731,24.977046],[121.551861,24.977568],[121.551861,24.977568],[121.554494,24.976129],[121.554494,24.976129]]}},{"type":"Feature","properties":{"route_name":"小23","color":"#91dc3b"},"geometry":{"type":"LineString","coordinates":[[121.4642237,25.12566203],[121.4642237,25.12566203],[121.463546,25.126778],[121.463546,25.126778],[121.46315,25.12753327],[121.46315,25.12753327],[121.462196,25.129433],[121.462196,25.129433],[121.4617327,25.13115808],[121.4617327,25.13115808],[121.463696506855,25.1325146885381],[121.463696506855,25.1325146885381],[121.4654243,25.13400782],[121.4654243,25.13400782],[121.46378,25.13281],[121.463716,25.132674],[121.4615848,25.13124715],[121.4615848,25.13124715],[121.4620476,25.12920101],[121.462606,25.129311],[121.462606,25.129311],[121.463305,25.128854],[121.463305,25.128854]]}},{"type":"Feature","properties":{"route_name":"小3","color":"#3bc7dc"},"geometry":{"type":"LineString","coordinates":[[121.609711,25.106378],[121.60754078769,25.114774716226],[121.604607,25.113334],[121.604607,25.113334]]}},{"type":"Feature","properties":{"route_name":"小5","color":"#3bc1dc"},"geometry":{"type":"LineString","coordinates":[[121.666391,25.030623],[121.666391,25.030623],[121.6665,25.0318]]}},{"type":"Feature","properties":{"route_name":"幸福巴士F652延伸線","color":"#b4dc3b"},"geometry":{"type":"LineString","coordinates":[[121.354322,24.955716],[121.351399,24.957165],[121.34916,24.95714],[121.345631,24.957108],[121.344029,24.957112],[121.342772,24.961765],[121.342796,24.964552],[121.343982,24.968744],[121.345167,24.970288],[121.345753,24.973091],[121.342001,24.972868],[121.3394978,24.972044],[121.33667,24.973163],[121.33573,24.973967],[121.334217,24.975228],[121.3354867,24.977898],[121.336016,24.976469],[121.33567,24.977851],[121.332856,24.976467],[121.33106,24.97866],[121.33599,24.9729],[121.339766,24.972002],[121.342166,24.972796],[121.345686,24.972933],[121.345214,24.970548],[121.343768,24.968575],[121.342634,24.964371],[121.342625,24.962079],[121.344019,24.956979],[121.345616,24.95692],[121.349945,24.956931],[121.351427,24.956947],[121.354072,24.955708],[121.350944,24.953891],[121.352049,24.951064],[121.352637,24.94957114],[121.352796,24.947855],[121.356868,24.941914],[121.358485,24.943458],[121.3635229,24.93883104],[121.356868,24.941914],[121.358485,24.943458],[121.352881,24.948859],[121.352037,24.951333],[121.352527,24.953667],[121.354322,24.955716]]}},{"type":"Feature","properties":{"route_name":"忠孝幹線","color":"#dc3b96"},"geometry":{"type":"LineString","coordinates":[[121.465804,25.089056],[121.465804,25.089056],[121.46664,25.08814],[121.46664,25.08814],[121.4677982,25.08671129],[121.4677982,25.08671129],[121.4684977,25.08574782],[121.4684977,25.08574782],[121.470464,25.08302],[121.470464,25.08302],[121.472348,25.081628],[121.472348,25.081628],[121.473209,25.081859],[121.473209,25.081859],[121.476637,25.081453],[121.476637,25.081453],[121.479191,25.080762],[121.479191,25.080762],[121.481391,25.079502],[121.481238194798,25.0795793818446],[121.483076,25.078537],[121.483076,25.078537],[121.4845214,25.07777593],[121.4845214,25.07777593],[121.4859364,25.07691628],[121.4859364,25.07691628],[121.48856950179,25.075482682654],[121.48856950179,25.075482682654],[121.491151,25.073995],[121.491151,25.073995],[121.492963,25.07293],[121.492963,25.07293],[121.49431,25.071998],[121.49431,25.071998],[121.49511101853,25.0701489438371],[121.49511101853,25.0701489438371],[121.495798,25.068994],[121.495798,25.068994],[121.49641,25.067022],[121.49641,25.067022],[121.496788,25.065609],[121.496788,25.065609],[121.4974644,25.06310647],[121.4974644,25.06310647],[121.496784994,25.061930885],[121.496784994,25.061930885],[121.494254721567,25.0614913406773],[121.494254721567,25.0614913406773],[121.492298,25.060541],[121.492298,25.060541],[121.490697,25.059479],[121.490697,25.059479],[121.4889275,25.05902382],[121.48778,25.0606],[121.486632,25.06030506],[121.48663201223,25.060305060826],[121.48651605944,25.0580096673922],[121.48651605944,25.0580096673922],[121.4879552,25.05579794],[121.4884396,25.05396112],[121.4905956,25.05314645],[121.492379,25.055406]]}},{"type":"Feature","properties":{"route_name":"捷運七張站-全球工業區","color":"#dcb43b"},"geometry":{"type":"LineString","coordinates":[[121.5430453,24.9753],[121.5430453,24.9753],[121.551066,24.983425],[121.551066,24.983425],[121.551537,24.980281],[121.551537,24.980281],[121.5430453,24.9753],[121.5430453,24.9753]]}},{"type":"Feature","properties":{"route_name":"捷運中和站-政大附中","color":"#dcd13b"},"geometry":{"type":"LineString","coordinates":[[121.496599,25.00192],[121.496599,25.00192],[121.504297,24.993354],[121.504297,24.993354],[121.512965,24.992332],[121.512965,24.992332],[121.524836,24.990204],[121.524836,24.990204],[121.534789,24.987633]]}},{"type":"Feature","properties":{"route_name":"捷運忠孝復興站-三峽","color":"#3bdc91"},"geometry":{"type":"LineString","coordinates":[[121.521891,24.972783],[121.480189,24.988811],[121.402173,24.950848],[121.3843777,24.948895],[121.3776023,24.947473],[121.37483,24.94629],[121.37368,24.94489],[121.3749655,24.943183],[121.367161,24.93748]]}},{"type":"Feature","properties":{"route_name":"捷運新店站-坪林","color":"#3bc7dc"},"geometry":{"type":"LineString","coordinates":[[121.53755,24.958392],[121.53755,24.958392],[121.53982,24.963158],[121.53982,24.963158],[121.5405875,24.96500149],[121.5405875,24.96500149],[121.54161613426882,24.96763873691205],[121.54161613426882,24.96763873691205],[121.54459,24.969823],[121.7128823,24.937262],[121.708388,24.934877],[121.705438,24.935192]]}},{"type":"Feature","properties":{"route_name":"捷運景安站-三峽臺北大學","color":"#3bdc9c"},"geometry":{"type":"LineString","coordinates":[[121.50421,24.99367],[121.50421,24.99367],[121.4944396,24.994086],[121.372545,24.946327],[121.378934,24.941182]]}},{"type":"Feature","properties":{"route_name":"捷運蘆洲站-內湖科技園區","color":"#d13bdc"},"geometry":{"type":"LineString","coordinates":[[121.463227,25.091505],[121.463227,25.091505],[121.472179,25.086159],[121.472179,25.086159],[121.479191,25.080762],[121.479191,25.080762],[121.4859364,25.07691628],[121.4859364,25.07691628],[121.491151,25.073995],[121.491151,25.073995]]}},{"type":"Feature","properties":{"route_name":"捷運頂溪站-捷運頂埔站","color":"#3bafdc"},"geometry":{"type":"LineString","coordinates":[[121.5155769771344,25.014430464101867],[121.5155769771344,25.014430464101867],[121.5147464,25.0115956],[121.5147464,25.0115956],[121.50956,25.009358],[121.50956,25.009358],[121.504269,25.004997],[121.504269,25.004997],[121.5024348,25.00349205],[121.502349060048,25.003392616885],[121.498749,25.002187],[121.498749,25.002187],[121.49222,24.99673],[121.492254369312,24.99673],[121.484217,24.996296],[121.484217,24.996296],[121.483264,24.996019],[121.483264,24.996019],[121.478575833983,24.9941775057553],[121.478575833983,24.9941775057553],[121.47477,24.99121],[121.47477,24.99121],[121.468808,24.988513],[121.468808,24.988513],[121.4659091,24.98695477],[121.4659091,24.98695477],[121.459145,24.984575],[121.459145,24.984575],[121.45657,24.98313],[121.45657,24.98313],[121.45461,24.98184],[121.45461,24.98184],[121.45213,24.97976],[121.450533,24.978481],[121.44737,24.97613],[121.444004,24.972964],[121.436598,24.967342],[121.42989,24.96478],[121.424821,24.962652],[121.419797,24.960185]]}},{"type":"Feature","properties":{"route_name":"政大附中-捷運景美站","color":"#dcac3b"},"geometry":{"type":"LineString","coordinates":[[121.5430453,24.9753],[121.5430453,24.9753],[121.5413983,24.98334421],[121.5413983,24.98334421]]}},{"type":"Feature","properties":{"route_name":"新九號停車場-九份老街","color":"#3bdc4e"},"geometry":{"type":"LineString","coordinates":[[121.8331352,25.111614],[121.845765,25.110364]]}},{"type":"Feature","properties":{"route_name":"新九號停車場-水湳洞停車場","color":"#66dc3b"},"geometry":{"type":"LineString","coordinates":[[121.8331352,25.111614],[121.845765,25.110364],[121.856086,25.108453],[121.86375,25.121833]]}},{"type":"Feature","properties":{"route_name":"新九號停車場-黃金博物館","color":"#dc4b3b"},"geometry":{"type":"LineString","coordinates":[[121.8331352,25.111614],[121.845765,25.110364],[121.856086,25.108453]]}},{"type":"Feature","properties":{"route_name":"新店(綠中海)-捷運新店站","color":"#3bdca4"},"geometry":{"type":"LineString","coordinates":[[121.4834142,24.96030896],[121.4834142,24.96030896],[121.4946626,24.95431753],[121.4946626,24.95431753],[121.505929,24.958027],[121.505929,24.958027],[121.509284,24.959017],[121.509284,24.959017],[121.511483,24.960016],[121.511483,24.960016],[121.512648,24.962041],[121.512648,24.962041],[121.515311,24.963642],[121.515311,24.963642],[121.5235251,24.96347353],[121.5235251,24.96347353],[121.532361,24.960256],[121.532361,24.960256],[121.53755,24.958392],[121.53755,24.958392]]}},{"type":"Feature","properties":{"route_name":"新店-汐止","color":"#dc3b7c"},"geometry":{"type":"LineString","coordinates":[[121.53755,24.958392],[121.53755,24.958392],[121.54161613426882,24.96763873691205],[121.54161613426882,24.96763873691205],[121.54022,24.972713],[121.54022,24.972713],[121.537621,24.974454],[121.537621,24.974454],[121.535279,24.97615],[121.535279,24.97615],[121.533911,24.981939],[121.533911,24.981939],[121.540005,24.982831],[121.542306,24.982813],[121.542306,24.982813],[121.5437477,24.981485],[121.5437477,24.981485],[121.544309,24.979878],[121.544309,24.979878],[121.546288,24.976868],[121.546288,24.976868],[121.54806,24.97445],[121.548037743404,24.9744459648958],[121.646552,25.060656],[121.646552,25.060656],[121.648377,25.061077],[121.648377,25.061077],[121.65414,25.06234],[121.65414,25.06234],[121.662214,25.066644],[121.662214,25.066644]]}},{"type":"Feature","properties":{"route_name":"新店北新路-政大一街","color":"#59dc3b"},"geometry":{"type":"LineString","coordinates":[[121.542746,24.97475],[121.542746,24.97475]]}},{"type":"Feature","properties":{"route_name":"新店高中-三峽","color":"#3bdcc9"},"geometry":{"type":"LineString","coordinates":[[121.531417,24.975477],[121.531417,24.975477],[121.52988,24.97344],[121.52988,24.97344],[121.362591,24.93848],[121.37434,24.94144],[121.3753109,24.94310583],[121.373877,24.944914],[121.37486,24.94605],[121.3777681,24.947308],[121.379996,24.947989],[121.3827943,24.948492],[121.384652,24.948611],[121.3849374,24.947219],[121.382497,24.94639]]}},{"type":"Feature","properties":{"route_name":"新莊-臺北車站","color":"#3bcfdc"},"geometry":{"type":"LineString","coordinates":[[121.452455,25.058964],[121.452455,25.058964],[121.454002,25.054271],[121.454002,25.054271],[121.457564,25.05425],[121.457564,25.05425],[121.459962,25.054801],[121.459962,25.054801]]}},{"type":"Feature","properties":{"route_name":"景美-榮總(快)","color":"#dc3ba9"},"geometry":{"type":"LineString","coordinates":[[121.551066,24.983425],[121.551066,24.983425],[121.551537,24.980281],[121.551537,24.980281]]}},{"type":"Feature","properties":{"route_name":"松江新生幹線","color":"#69dc3b"},"geometry":{"type":"LineString","coordinates":[[121.5450033,24.95104968],[121.5450033,24.95104968],[121.546789,24.951217],[121.546789,24.951217],[121.5470007,24.95262687],[121.5470007,24.95262687],[121.5428729,24.95305082],[121.5428729,24.95305082],[121.5405279,24.95347027],[121.5405279,24.95347027],[121.539103,24.955388],[121.539103,24.955388],[121.538524,24.956689],[121.538524,24.956689],[121.538126,24.958891],[121.538126,24.958891],[121.53982,24.963158],[121.53982,24.963158],[121.5405875,24.96500149],[121.5405875,24.96500149],[121.54161613426882,24.96763873691205],[121.54161613426882,24.96763873691205],[121.542921,24.971513],[121.542921,24.971513],[121.5430453,24.9753],[121.5430453,24.9753],[121.542795,24.978161],[121.542795,24.978161],[121.5418387,24.98123266],[121.54183874603,24.981232663482],[121.5413983,24.98334421],[121.5413983,24.98334421]]}},{"type":"Feature","properties":{"route_name":"林口(文化三路)-捷運圓山站","color":"#3bdc61"},"geometry":{"type":"LineString","coordinates":[[121.37365,25.08263],[121.3791453,25.079924],[121.3781153,25.083778],[121.375053,25.0814],[121.373807,25.079696],[121.3719628,25.077529],[121.370178,25.076112],[121.3683595,25.07479],[121.3640819,25.072128],[121.3609493,25.066488]]}},{"type":"Feature","properties":{"route_name":"林口(文化北路)-捷運圓山站","color":"#dc7c3b"},"geometry":{"type":"LineString","coordinates":[[121.365628,25.077656],[121.361657,25.07749],[121.359317,25.078494],[121.356105,25.078393],[121.359158,25.075248],[121.358993,25.074477],[121.3563146,25.072642],[121.356657,25.070867],[121.3640819,25.072128],[121.3617782,25.0693],[121.3609493,25.066488],[121.424462,25.066502]]}},{"type":"Feature","properties":{"route_name":"林口-內湖科技園區","color":"#dc433b"},"geometry":{"type":"LineString","coordinates":[[121.378129,25.085503],[121.375053,25.0814],[121.373807,25.079696],[121.3683595,25.07479],[121.3640819,25.072128],[121.3617782,25.0693],[121.3609493,25.066488]]}},{"type":"Feature","properties":{"route_name":"林口-捷運圓山站","color":"#3b41dc"},"geometry":{"type":"LineString","coordinates":[[121.397601,25.068117],[121.3951577,25.078518],[121.3872413,25.079278],[121.3781153,25.083778],[121.373807,25.079696],[121.3719628,25.077529],[121.370178,25.076112],[121.3640819,25.072128],[121.3609493,25.066488]]}},{"type":"Feature","properties":{"route_name":"林口-捷運府中站","color":"#3bb4dc"},"geometry":{"type":"LineString","coordinates":[[121.377965,25.083582],[121.3805347,25.081946],[121.3805499,25.077511],[121.3780103,25.074898],[121.374825,25.072568],[121.370375,25.070673],[121.382833,25.074684],[121.380874,25.07399],[121.378317,25.074204],[121.373143,25.07574],[121.3670383,25.070496],[121.364914,25.068083],[121.467161,25.023861],[121.466622,25.020964],[121.466622,25.020964],[121.462646,25.016025],[121.462646,25.016025],[121.458454,25.009036],[121.458454,25.009036]]}},{"type":"Feature","properties":{"route_name":"林口-捷運忠孝敦化站","color":"#3bdcbf"},"geometry":{"type":"LineString","coordinates":[[121.3753406,25.076119],[121.38103,25.073847],[121.383213,25.074674],[121.386864,25.07724],[121.3872413,25.079278],[121.3844498,25.080172],[121.382632,25.080537],[121.377132,25.07423],[121.3705982,25.069356],[121.424462,25.066502]]}},{"type":"Feature","properties":{"route_name":"林口-板橋","color":"#c43bdc"},"geometry":{"type":"LineString","coordinates":[[121.368811,25.080503],[121.3736201,25.079054],[121.377965,25.083582],[121.3805347,25.081946],[121.3805499,25.077511],[121.3780103,25.074898],[121.373143,25.07574],[121.3708094,25.073744],[121.3670383,25.070496],[121.364914,25.068083],[121.454573,25.059899],[121.45958,25.0553],[121.45958,25.0553],[121.459672,25.050278],[121.45976,25.04304],[121.45976,25.04304],[121.459856,25.040005],[121.459856,25.040005],[121.467161,25.023861],[121.466622,25.020964],[121.466622,25.020964],[121.462646,25.016025],[121.462646,25.016025],[121.460677,25.01352],[121.460677,25.01352],[121.458454,25.009036],[121.458454,25.009036]]}},{"type":"Feature","properties":{"route_name":"林口-臺北車站(承德)","color":"#96dc3b"},"geometry":{"type":"LineString","coordinates":[[121.385517,25.076185],[121.380874,25.07399],[121.3766,25.071198],[121.376983,25.069309],[121.370375,25.070673],[121.3670383,25.070496],[121.424462,25.066502]]}},{"type":"Feature","properties":{"route_name":"林口-臺北長庚醫院","color":"#3bdc51"},"geometry":{"type":"LineString","coordinates":[[121.3951577,25.078518],[121.3787964,25.081728],[121.375432,25.077957],[121.3691045,25.072273],[121.3640819,25.072128],[121.3609493,25.066488]]}},{"type":"Feature","properties":{"route_name":"棕2","color":"#dc9e3b"},"geometry":{"type":"LineString","coordinates":[[121.540781686142,24.9863299480882],[121.5411399,24.98335228],[121.5411399,24.98335228],[121.541691,24.980858],[121.541691,24.980858],[121.54378,24.979007],[121.54378,24.979007],[121.546288,24.976868],[121.546288,24.976868],[121.547798,24.976428],[121.547798,24.976428],[121.548731,24.977046],[121.548731,24.977046],[121.551231544066,24.9786235157248],[121.551231544066,24.9786235157248]]}},{"type":"Feature","properties":{"route_name":"棕7","color":"#dcac3b"},"geometry":{"type":"LineString","coordinates":[[121.4834142,24.96030896],[121.4834142,24.96030896],[121.491777,24.9554],[121.491777,24.9554],[121.4946626,24.95431753],[121.4946626,24.95431753],[121.496698,24.955162],[121.496698,24.955162],[121.499054,24.956348],[121.499054,24.956348],[121.502106,24.95733611],[121.502106,24.95733611],[121.505929,24.958027],[121.505929,24.958027],[121.509284,24.959017],[121.509284,24.959017],[121.511483,24.960016],[121.511483,24.960016],[121.512648,24.962041],[121.512648,24.962041],[121.515311,24.963642],[121.515311,24.963642],[121.517942,24.963936],[121.517942,24.963936],[121.521365324681,24.9637050292789],[121.521365324681,24.9637050292789],[121.5235251,24.96347353],[121.5235251,24.96347353],[121.52598,24.962917],[121.5259804,24.96294489],[121.528339,24.961725],[121.528339,24.961725],[121.530152,24.961041],[121.530152,24.961041],[121.532361,24.960256],[121.532361,24.960256],[121.53755,24.958392],[121.53755,24.958392],[121.53982,24.963158],[121.53982,24.963158],[121.5405875,24.96500149],[121.5405875,24.96500149],[121.54161613426882,24.96763873691205],[121.54161613426882,24.96763873691205],[121.542921,24.971513],[121.542921,24.971513],[121.544312,24.974222],[121.544312,24.974222],[121.5468506,24.97584027],[121.5468506,24.97584027],[121.547798,24.976428],[121.547798,24.976428],[121.548731,24.977046],[121.548731,24.977046],[121.551231544066,24.9786235157248],[121.551231544066,24.9786235157248]]}},{"type":"Feature","properties":{"route_name":"棕7建業路","color":"#b73bdc"},"geometry":{"type":"LineString","coordinates":[[121.4834142,24.96030896],[121.4834142,24.96030896],[121.4821906,24.962519],[121.478828,24.962098],[121.4750957,24.958343],[121.4752472,24.95734],[121.4741457,24.955644],[121.474484,24.954505],[121.476009,24.954627],[121.478276,24.956138],[121.480058,24.954871],[121.480822,24.954128],[121.484465,24.95121],[121.484465,24.95121],[121.4860328,24.95159154],[121.4860328,24.95159154],[121.488385431569,24.951722671131],[121.488385431569,24.951722671131],[121.489551,24.951708],[121.489551,24.951708],[121.4915448,24.95177354],[121.4915448,24.95177354],[121.493053,24.952962],[121.493053,24.952962],[121.4946626,24.95431753],[121.4946626,24.95431753],[121.496698,24.955162],[121.496698,24.955162],[121.499054,24.956348],[121.499054,24.956348],[121.502106,24.95733611],[121.502106,24.95733611],[121.505929,24.958027],[121.505929,24.958027],[121.509284,24.959017],[121.509284,24.959017],[121.511483,24.960016],[121.511483,24.960016],[121.512648,24.962041],[121.512648,24.962041],[121.515311,24.963642],[121.515311,24.963642],[121.517942,24.963936],[121.517942,24.963936],[121.521365324681,24.9637050292789],[121.521365324681,24.9637050292789],[121.5235251,24.96347353],[121.5235251,24.96347353],[121.52598,24.962917],[121.5259804,24.96294489],[121.528339,24.961725],[121.528339,24.961725],[121.530152,24.961041],[121.530152,24.961041],[121.532361,24.960256],[121.532361,24.960256],[121.53755,24.958392],[121.53755,24.958392],[121.53982,24.963158],[121.53982,24.963158],[121.5405875,24.96500149],[121.5405875,24.96500149],[121.54161613426882,24.96763873691205],[121.54161613426882,24.96763873691205],[121.542921,24.971513],[121.542921,24.971513],[121.544312,24.974222],[121.544312,24.974222],[121.5468506,24.97584027],[121.5468506,24.97584027],[121.547798,24.976428],[121.547798,24.976428],[121.548731,24.977046],[121.548731,24.977046],[121.551231544066,24.9786235157248],[121.551231544066,24.9786235157248]]}},{"type":"Feature","properties":{"route_name":"棕7綠野香坡","color":"#dc3b66"},"geometry":{"type":"LineString","coordinates":[[121.478019,24.95628],[121.475631,24.954721],[121.474733,24.954312],[121.474421,24.95569],[121.475421,24.957201],[121.47527,24.958352],[121.4792598,24.962052],[121.4823598,24.962277],[121.483375,24.959956],[121.491777,24.9554],[121.491777,24.9554],[121.4946626,24.95431753],[121.4946626,24.95431753],[121.496698,24.955162],[121.496698,24.955162],[121.499054,24.956348],[121.499054,24.956348],[121.502106,24.95733611],[121.502106,24.95733611],[121.505929,24.958027],[121.505929,24.958027],[121.509284,24.959017],[121.509284,24.959017],[121.511483,24.960016],[121.511483,24.960016],[121.512648,24.962041],[121.512648,24.962041],[121.515311,24.963642],[121.515311,24.963642],[121.517942,24.963936],[121.517942,24.963936],[121.521365324681,24.9637050292789],[121.521365324681,24.9637050292789],[121.5235251,24.96347353],[121.5235251,24.96347353],[121.5259804,24.96294489],[121.52598,24.962917],[121.528339,24.961725],[121.528339,24.961725],[121.530152,24.961041],[121.530152,24.961041],[121.532361,24.960256],[121.532361,24.960256],[121.53755,24.958392],[121.53755,24.958392],[121.53982,24.963158],[121.53982,24.963158],[121.5405875,24.96500149],[121.5405875,24.96500149],[121.54161613426882,24.96763873691205],[121.54161613426882,24.96763873691205],[121.542921,24.971513],[121.542921,24.971513],[121.544312,24.974222],[121.544312,24.974222],[121.5468506,24.97584027],[121.5468506,24.97584027],[121.547798,24.976428],[121.547798,24.976428],[121.548731,24.977046],[121.548731,24.977046],[121.551231544066,24.9786235157248],[121.551231544066,24.9786235157248]]}},{"type":"Feature","properties":{"route_name":"樹林後火車站-海洋公園","color":"#dc593b"},"geometry":{"type":"LineString","coordinates":[[121.423396,24.991576],[121.421124,24.98787288],[121.411946,24.98298],[121.3765923,24.947112]]}},{"type":"Feature","properties":{"route_name":"橘1","color":"#3bdc94"},"geometry":{"type":"LineString","coordinates":[[121.479176,24.945972],[121.479176,24.945972],[121.47982,24.94681],[121.47982,24.94681],[121.481962,24.948762],[121.48195,24.94877],[121.483119,24.949637],[121.483119,24.949637],[121.484465,24.95121],[121.484465,24.95121],[121.4860328,24.95159154],[121.4860328,24.95159154],[121.488385431569,24.951722671131],[121.488385431569,24.951722671131],[121.489551,24.951708],[121.489551,24.951708],[121.4915448,24.95177354],[121.4915448,24.95177354],[121.493053,24.952962],[121.493053,24.952962],[121.4946626,24.95431753],[121.4946626,24.95431753],[121.496698,24.955162],[121.496698,24.955162],[121.499054,24.956348],[121.499054,24.956348],[121.502106,24.95733611],[121.502106,24.95733611],[121.505929,24.958027],[121.505929,24.958027],[121.509284,24.959017],[121.509284,24.959017],[121.511483,24.960016],[121.511483,24.960016],[121.512648,24.962041],[121.512648,24.962041],[121.515311,24.963642],[121.515311,24.963642],[121.517257,24.96503],[121.517257,24.96503],[121.518062,24.967108],[121.518062,24.967108],[121.518795,24.969329],[121.518795,24.969329],[121.51914,24.970794],[121.51914,24.970794],[121.519852,24.972839],[121.519852,24.972839],[121.51912,24.974308],[121.51912,24.974308],[121.517372,24.976061],[121.517372,24.976061],[121.5167886,24.97725375],[121.5167886,24.97725375],[121.517416,24.981146],[121.517416,24.981146],[121.517953,24.983806],[121.517953,24.983806],[121.517283,24.985335],[121.517283,24.985335],[121.513308,24.988375],[121.513308,24.988375],[121.512485,24.989999],[121.512485,24.989999],[121.5115327,24.993642],[121.508797,24.994954],[121.5069998,24.995913],[121.505574,24.995927],[121.505574,24.995927],[121.505201,24.994596],[121.505201,24.994596]]}},{"type":"Feature","properties":{"route_name":"橘10","color":"#54dc3b"},"geometry":{"type":"LineString","coordinates":[[121.42531,25.066197],[121.4193721,25.065222],[121.4193721,25.065222],[121.42295,25.06359],[121.42295,25.06359],[121.42611,25.064055],[121.42611,25.064055],[121.428533,25.063667],[121.428533,25.063667],[121.432001,25.062072],[121.432001,25.062072],[121.43342,25.063193],[121.43342,25.063193],[121.433605,25.064906],[121.433605,25.064906],[121.43438,25.06721],[121.43438,25.06721],[121.435546,25.069564],[121.435546,25.069564],[121.434843,25.071328],[121.434843,25.071328],[121.432196,25.071094],[121.432196,25.071094],[121.430352,25.069443],[121.4305,25.06951],[121.4289885,25.06949668],[121.4289885,25.06949668],[121.42796,25.07085],[121.42796,25.07085],[121.430247,25.071548],[121.430247,25.071548],[121.433199,25.073164],[121.433199,25.073164],[121.435263,25.074753],[121.435263,25.074753],[121.435188,25.076722],[121.435188,25.076722],[121.436601,25.080067],[121.436601,25.080067],[121.437555,25.082438],[121.437555,25.082438],[121.438433280844,25.0842496814391],[121.438433280844,25.0842496814391],[121.439703,25.082891],[121.439703,25.082891],[121.459285,25.082299],[121.46095,25.083141],[121.461506,25.084413],[121.461506,25.084413],[121.4600359,25.08676744],[121.4600359,25.08676744],[121.459668,25.090129],[121.4597036,25.0902768],[121.4606387,25.0923306],[121.4606387,25.0923306],[121.465126,25.09079],[121.465126,25.09079],[121.46902,25.0898],[121.46902,25.0898],[121.47236,25.091804],[121.47236,25.091804],[121.474173,25.091576],[121.474173,25.091576],[121.476197,25.090684],[121.476197,25.090684],[121.477423,25.089878],[121.477423,25.089878],[121.4779718,25.08881838],[121.4779718,25.08881838],[121.476356,25.087426],[121.476356,25.087426]]}},{"type":"Feature","properties":{"route_name":"橘12","color":"#4edc3b"},"geometry":{"type":"LineString","coordinates":[[121.473752,25.071403],[121.473752,25.071403],[121.477545,25.069419],[121.477545,25.069419],[121.48052,25.06855],[121.48052,25.06855],[121.483106,25.068867],[121.483106,25.068867],[121.485736,25.07085586],[121.485736,25.07085586],[121.4870209,25.07240401],[121.4870209,25.07240401],[121.487332,25.074644],[121.487332,25.074644],[121.48856950179,25.075482682654],[121.48856950179,25.075482682654],[121.491151,25.073995],[121.491151,25.073995],[121.492963,25.07293],[121.492963,25.07293],[121.4957652,25.07213708],[121.4957652,25.07213708],[121.497903,25.072835],[121.497903,25.072835],[121.4999776,25.07336577],[121.4999776,25.07336577],[121.5015254,25.071995],[121.5022053,25.069896],[121.5031401,25.067051]]}},{"type":"Feature","properties":{"route_name":"橘13","color":"#4bdc3b"},"geometry":{"type":"LineString","coordinates":[[121.48817,25.08941],[121.48817,25.08941],[121.489793,25.089507],[121.489793,25.089507],[121.489294,25.087346],[121.489294,25.087346],[121.4879548,25.08727296],[121.4879548,25.08727296],[121.484541,25.088503],[121.48288,25.087002],[121.48288,25.087002],[121.4808989,25.08402005],[121.4808989,25.08402005],[121.47994,25.08181],[121.47994,25.08181],[121.4791180235,25.0810914736106],[121.4791180235,25.0810914736106],[121.47682,25.08167],[121.47682,25.08167],[121.4735458,25.08207017],[121.4735458,25.08207017],[121.4714493,25.08145684],[121.4714493,25.08145684],[121.4694739,25.0795305],[121.4694739,25.0795305],[121.4668572,25.080799],[121.463516,25.08252],[121.4605977,25.083105],[121.4592928,25.082454],[121.4415022,25.08207123],[121.4415022,25.08207123],[121.439172,25.084073],[121.439172,25.084073],[121.4376824,25.08537405],[121.4376824,25.08537405],[121.4356073,25.08630203],[121.4356073,25.08630203],[121.4342704,25.088742],[121.432842,25.090123]]}},{"type":"Feature","properties":{"route_name":"橘17","color":"#41dc3b"},"geometry":{"type":"LineString","coordinates":[[121.452455,25.058964],[121.452455,25.058964],[121.450887,25.05898],[121.450887,25.05898],[121.446968,25.057744],[121.446968,25.057744],[121.444421,25.055211],[121.444421,25.055211],[121.44715,25.05416],[121.44715,25.05416],[121.450091499999,25.054238050248],[121.4499383,25.05424253],[121.454002,25.054271],[121.454002,25.054271],[121.457564,25.05425],[121.457564,25.05425],[121.459962,25.054801],[121.459962,25.054801],[121.460104,25.059334],[121.460104,25.059334],[121.460032,25.061139],[121.4587179,25.06288],[121.457635,25.063771],[121.456024,25.06504],[121.453673,25.065315],[121.452456,25.063855],[121.450092,25.06236578],[121.449031,25.065092],[121.451425,25.068098],[121.45341,25.06899],[121.458692,25.068985],[121.462186,25.067114],[121.4672446,25.071224],[121.467750089647,25.0742021514958],[121.467750089647,25.0742021514958],[121.468953,25.077839],[121.468953,25.077839],[121.468493,25.078631],[121.468493,25.078631],[121.466562,25.079227],[121.466562,25.079227],[121.46491,25.081162],[121.463516,25.08252],[121.461506,25.084413],[121.461506,25.084413],[121.4600359,25.08676744],[121.4600359,25.08676744],[121.459668,25.090129],[121.4597036,25.0902768],[121.4606387,25.0923306],[121.4606387,25.0923306],[121.465126,25.09079],[121.465126,25.09079],[121.46902,25.0898],[121.46902,25.0898],[121.47236,25.091804],[121.47236,25.091804],[121.474173,25.091576],[121.474173,25.091576],[121.476197,25.090684],[121.476197,25.090684],[121.477423,25.089878],[121.477423,25.089878],[121.4792741,25.08828352],[121.4792741,25.08828352],[121.47943,25.086226],[121.47943,25.086226],[121.4785,25.08544],[121.4785,25.08544],[121.475778,25.084108],[121.475778,25.084108],[121.473682,25.085397],[121.473682,25.085397]]}},{"type":"Feature","properties":{"route_name":"橘18","color":"#3edc3b"},"geometry":{"type":"LineString","coordinates":[[121.4691805,25.07853582],[121.4691805,25.07853582],[121.468493,25.078631],[121.468493,25.078631],[121.466562,25.079227],[121.466562,25.079227],[121.46491,25.081162],[121.466247,25.082305],[121.468753,25.082979],[121.470661,25.084031],[121.4727013,25.085415],[121.474815,25.086449],[121.474815,25.086449],[121.476441,25.0873],[121.476441,25.0873],[121.478197,25.088768],[121.478197,25.088768],[121.480682,25.089853],[121.482243,25.089261],[121.481314,25.087241],[121.47943,25.086226],[121.47943,25.086226],[121.4790202,25.084496],[121.4793384,25.083093],[121.481238194798,25.0795793818446],[121.481391,25.079502],[121.483076,25.078537],[121.483076,25.078537],[121.4845214,25.07777593],[121.4845214,25.07777593],[121.4859364,25.07691628],[121.4859364,25.07691628],[121.488804321396,25.0764255856471],[121.488804321396,25.0764255856471],[121.4904676,25.07859797],[121.4904676,25.07859797],[121.49323,25.080859],[121.492158,25.083191],[121.492158,25.083191],[121.490605,25.08485455],[121.490605,25.08485455],[121.486646,25.086167],[121.486789,25.087523],[121.488777,25.088246],[121.49,25.087666],[121.49,25.087666],[121.4933,25.087786],[121.4933,25.087786]]}},{"type":"Feature","properties":{"route_name":"橘18福隆路","color":"#3bdca9"},"geometry":{"type":"LineString","coordinates":[[121.4691805,25.07853582],[121.4691805,25.07853582],[121.468493,25.078631],[121.468493,25.078631],[121.466562,25.079227],[121.466562,25.079227],[121.46491,25.081162],[121.466247,25.082305],[121.468753,25.082979],[121.470661,25.084031],[121.4727013,25.085415],[121.474815,25.086449],[121.474815,25.086449],[121.476441,25.0873],[121.476441,25.0873],[121.478197,25.088768],[121.478197,25.088768],[121.480682,25.089853],[121.482243,25.089261],[121.481314,25.087241],[121.47943,25.086226],[121.47943,25.086226],[121.4790202,25.084496],[121.4793384,25.083093],[121.481391,25.079502],[121.481238194798,25.0795793818446],[121.483076,25.078537],[121.483076,25.078537],[121.4845214,25.07777593],[121.4845214,25.07777593],[121.4859364,25.07691628],[121.4859364,25.07691628],[121.488804321396,25.0764255856471],[121.488804321396,25.0764255856471],[121.4904676,25.07859797],[121.4904676,25.07859797],[121.491691,25.078614],[121.492408,25.078306],[121.492197,25.079591],[121.49323,25.080859],[121.492158,25.083191],[121.492158,25.083191],[121.490605,25.08485455],[121.490605,25.08485455],[121.486646,25.086167],[121.486789,25.087523],[121.488777,25.088246],[121.49,25.087666],[121.49,25.087666],[121.4933,25.087786],[121.4933,25.087786]]}},{"type":"Feature","properties":{"route_name":"橘19","color":"#3bdc3b"},"geometry":{"type":"LineString","coordinates":[[121.429602,25.089897],[121.429602,25.089897],[121.43068,25.08875],[121.43068,25.08875],[121.432152,25.08828581],[121.432152,25.08828581],[121.433545,25.087079],[121.433545,25.087079],[121.435723,25.086058],[121.435723,25.086058],[121.43786,25.08499],[121.43786,25.08499],[121.439434,25.08586],[121.439434,25.08586],[121.441631,25.087955],[121.441631,25.087955],[121.443279,25.08947],[121.443279,25.08947],[121.44495,25.091365],[121.44495,25.091365],[121.446157,25.092835],[121.446157,25.092835],[121.448341,25.095319],[121.448341,25.095319],[121.450209,25.098031],[121.450209,25.098031],[121.451025,25.099578],[121.451025,25.099578],[121.451935,25.101523],[121.451935,25.101523],[121.452554712702,25.1028902266331],[121.452554712702,25.1028902266331],[121.46086,25.0937],[121.46086,25.0937],[121.465126,25.09079],[121.465126,25.09079],[121.46813918097,25.089515678208],[121.4681821,25.08956319],[121.46984,25.08807],[121.46984,25.08807],[121.472179,25.086159],[121.472179,25.086159],[121.474182,25.084581],[121.474196,25.084575],[121.475381,25.082946],[121.475381,25.082946],[121.476637,25.081453],[121.476637,25.081453],[121.48065,25.082575],[121.48065,25.082575],[121.48116,25.08392],[121.48116,25.08392],[121.48278,25.086512],[121.48278,25.086512],[121.485125,25.08859],[121.485125,25.08859],[121.486786,25.088196],[121.486786,25.088196],[121.48814,25.08686],[121.48814,25.08686],[121.49,25.087666],[121.49,25.087666]]}},{"type":"Feature","properties":{"route_name":"橘19副","color":"#dc3b69"},"geometry":{"type":"LineString","coordinates":[[121.429602,25.089897],[121.429602,25.089897],[121.43068,25.08875],[121.43068,25.08875],[121.432152,25.08828581],[121.432152,25.08828581],[121.433545,25.087079],[121.433545,25.087079],[121.435723,25.086058],[121.435723,25.086058],[121.43786,25.08499],[121.43786,25.08499],[121.439703,25.082891],[121.439703,25.082891],[121.44178,25.083741],[121.443451,25.0863],[121.445236,25.088653],[121.447252,25.091239],[121.446999,25.092901],[121.448341,25.095319],[121.448341,25.095319],[121.450209,25.098031],[121.450209,25.098031],[121.451025,25.099578],[121.451025,25.099578],[121.451935,25.101523],[121.451935,25.101523],[121.452554712702,25.1028902266331],[121.452554712702,25.1028902266331],[121.46086,25.0937],[121.46086,25.0937],[121.465126,25.09079],[121.465126,25.09079],[121.46813918097,25.089515678208],[121.4681821,25.08956319],[121.46984,25.08807],[121.46984,25.08807],[121.472179,25.086159],[121.472179,25.086159],[121.474182,25.084581],[121.474196,25.084575],[121.475381,25.082946],[121.475381,25.082946],[121.476637,25.081453],[121.476637,25.081453],[121.48065,25.082575],[121.48065,25.082575],[121.48116,25.08392],[121.48116,25.08392],[121.48278,25.086512],[121.48278,25.086512],[121.485125,25.08859],[121.485125,25.08859],[121.486786,25.088196],[121.486786,25.088196],[121.48814,25.08686],[121.48814,25.08686]]}},{"type":"Feature","properties":{"route_name":"橘2","color":"#3bdc96"},"geometry":{"type":"LineString","coordinates":[[121.4909948,24.98982846],[121.493285,24.990811],[121.494419,24.991656],[121.495666,24.993046],[121.497652,24.993563],[121.499811,24.992701],[121.5009633,24.990192],[121.503034,24.9902],[121.5042276,24.991162],[121.505277,24.994329],[121.505277,24.994329],[121.505842,24.996308],[121.505842,24.996308],[121.507121,24.998049],[121.507121,24.998049],[121.509133,25.000374],[121.509133,25.000374],[121.51094,25.002402],[121.51094,25.002402],[121.513414,25.003661],[121.513414,25.003661],[121.51494,25.00191],[121.51494,25.00191],[121.51597,25.00009],[121.51597,25.00009],[121.518434,25.000124],[121.518434,25.000124],[121.52086,24.999844],[121.52086,24.999844],[121.52277,24.99886],[121.5223989,24.996524],[121.521882,24.994341],[121.520171,24.994797]]}},{"type":"Feature","properties":{"route_name":"橘20","color":"#3bdc76"},"geometry":{"type":"LineString","coordinates":[[121.418769,25.1289],[121.423554,25.126572],[121.423097,25.124512],[121.425145,25.124817],[121.4243326,25.124288],[121.4252148,25.122084],[121.4270951,25.122376],[121.4276712,25.119076],[121.429851,25.117917],[121.4315412,25.117008],[121.4313491,25.113886],[121.4300804,25.11035],[121.431003,25.108319],[121.4314885,25.106007],[121.43514,25.104152],[121.4392173,25.102896],[121.440806,25.10216],[121.4476301,25.102678],[121.450547,25.10138],[121.451935,25.101523],[121.451935,25.101523],[121.452554712702,25.1028902266331],[121.452554712702,25.1028902266331],[121.46086,25.0937],[121.46086,25.0937],[121.465126,25.09079],[121.465126,25.09079]]}},{"type":"Feature","properties":{"route_name":"橘21","color":"#3bdc79"},"geometry":{"type":"LineString","coordinates":[[121.411687,25.021617],[121.411687,25.021617],[121.413948,25.023734],[121.413948,25.023734],[121.4131231,25.02484743],[121.4131231,25.02484743],[121.412419,25.027136],[121.412419,25.027136],[121.41329,25.027967],[121.41329,25.027967],[121.415224,25.027524],[121.415224,25.027524],[121.418718,25.026259],[121.418718,25.026259],[121.423068,25.024872],[121.423068,25.024872],[121.424195,25.025331],[121.424195,25.025331],[121.426468,25.02637],[121.426468,25.02637],[121.429575,25.027305],[121.429575,25.027305],[121.432011,25.02798],[121.432011,25.02798],[121.434521,25.030458],[121.434521,25.030458],[121.4339717,25.031677],[121.4339717,25.031677],[121.435466,25.032612],[121.435466,25.032612],[121.442607,25.033904],[121.442607,25.033904],[121.44483,25.034382],[121.44483,25.034382],[121.447739,25.034987],[121.447739,25.034987],[121.449469,25.035376],[121.449469,25.035376],[121.4554786,25.038932],[121.4549281,25.041815],[121.45344230802844,25.044798002588216],[121.45344230802844,25.044798002588216],[121.453663,25.046303],[121.453663,25.046303],[121.452927,25.047732],[121.452927,25.047732],[121.453486,25.049192],[121.453486,25.049192],[121.456008,25.049301],[121.456008,25.049301],[121.457786,25.051721],[121.459962,25.054801],[121.459962,25.054801],[121.460104,25.059334],[121.460104,25.059334],[121.460032,25.061139],[121.4587179,25.06288],[121.457635,25.063771],[121.456024,25.06504],[121.4538968,25.066758],[121.4511096,25.06808915],[121.4486908,25.06505486]]}},{"type":"Feature","properties":{"route_name":"橘22","color":"#3bdc7c"},"geometry":{"type":"LineString","coordinates":[[121.4345132,25.021698],[121.4345132,25.021698],[121.433249,25.019241],[121.433249,25.019241],[121.4326327,25.01508972],[121.4326327,25.01508972],[121.432578,25.013078],[121.432578,25.013078],[121.432644,25.010087],[121.432644,25.010087],[121.432786,25.007493],[121.432786,25.007493],[121.434262,25.006716],[121.434487,25.009254],[121.434273,25.012498],[121.4358845,25.017461],[121.438176,25.020377],[121.444002,25.026954],[121.4442284,25.028633],[121.4432295,25.030103],[121.443242,25.034019],[121.44483,25.034382],[121.44483,25.034382],[121.447739,25.034987],[121.447739,25.034987],[121.449469,25.035376],[121.449469,25.035376],[121.456562,25.036727],[121.456562,25.036727],[121.459593,25.038242],[121.459593,25.038242]]}},{"type":"Feature","properties":{"route_name":"橘25","color":"#3bdc84"},"geometry":{"type":"LineString","coordinates":[[121.465175,25.090152],[121.465175,25.090152],[121.4638568,25.09148696],[121.4638568,25.09148696],[121.4603296,25.09231282],[121.4603296,25.09231282],[121.459433,25.090164],[121.459433,25.090164],[121.458711,25.08836259],[121.458711,25.08836259],[121.4569275,25.082709],[121.4590687,25.080413],[121.4621625,25.078598],[121.467915780225,25.0751848083815],[121.467915780225,25.0751848083815],[121.468721,25.07235],[121.468721,25.07235],[121.470692510068,25.0720737220282],[121.470692510068,25.0720737220282],[121.473752,25.071403],[121.473752,25.071403],[121.477545,25.069419],[121.477545,25.069419],[121.48052,25.06855],[121.48052,25.06855],[121.482737,25.067158],[121.482737,25.067158],[121.485383,25.065423],[121.485383,25.065423],[121.489458,25.0670131],[121.489458,25.0670131],[121.492136594352,25.0704530835803],[121.4921724,25.07047254],[121.49367,25.071369],[121.49367,25.071369],[121.496763,25.07022903],[121.496763,25.07022903]]}},{"type":"Feature","properties":{"route_name":"橘26","color":"#3bdc86"},"geometry":{"type":"LineString","coordinates":[[121.415842,24.984168],[121.418065,24.98527587],[121.42122,24.98764],[121.422411,24.989525],[121.423739,24.991841],[121.424598,24.99329752],[121.422099,24.995449],[121.420567,24.99636],[121.418479,24.997718],[121.416039,25.001027],[121.415362,25.002904],[121.413044,25.005105],[121.412507,25.007119],[121.41262,25.009213],[121.412649,25.011514],[121.412268,25.013393],[121.4110483,25.0149032],[121.409252,25.017727],[121.411687,25.021617],[121.411687,25.021617],[121.413948,25.023734],[121.413948,25.023734],[121.4131231,25.02484743],[121.4131231,25.02484743],[121.412419,25.027136],[121.412419,25.027136],[121.41329,25.027967],[121.41329,25.027967],[121.415224,25.027524],[121.415224,25.027524]]}},{"type":"Feature","properties":{"route_name":"橘3","color":"#3bdc99"},"geometry":{"type":"LineString","coordinates":[[121.490806,24.990508],[121.490294,24.99527217],[121.4882666,24.997098],[121.4881191,25.00139938],[121.4881546,25.00366744],[121.489187,25.005052],[121.4937747,25.006085],[121.497245,25.007108],[121.500233,25.009456],[121.502094,25.010941],[121.503239,25.010779],[121.505873,25.009682],[121.508653,25.011753],[121.509944,25.012509],[121.51177,25.013008],[121.514536,25.013404],[121.5162239,25.01604284],[121.5162239,25.01604284],[121.520123,25.015965],[121.521751,25.013867],[121.5230691,25.011764],[121.524673,25.009345],[121.526298,25.006927],[121.527514,25.005069],[121.528674,25.002466],[121.528187,25.000444],[121.526897,25.001578],[121.526445,25.002836],[121.525718,25.003855],[121.5242587,25.004645],[121.523588,25.006785],[121.5225262,25.008033],[121.5186354,25.00759386],[121.5186354,25.00759386],[121.51691,25.008459],[121.51691,25.008459],[121.5155,25.010161],[121.5155,25.010161],[121.515273,25.01258],[121.515273,25.01258]]}},{"type":"Feature","properties":{"route_name":"橘5","color":"#3bdc9e"},"geometry":{"type":"LineString","coordinates":[[121.450612,25.018143],[121.451091,25.020648],[121.450234,25.02191],[121.450234,25.02191],[121.452324,25.026206],[121.452324,25.026206],[121.454664,25.026087],[121.454664,25.026087],[121.455746,25.025519],[121.458477,25.023469],[121.460081,25.024605],[121.458899,25.026487],[121.458495,25.02896],[121.46054,25.030056],[121.462731,25.030794],[121.4638057,25.03029],[121.4651306,25.027651],[121.467161,25.023861],[121.468393,25.021831],[121.471608,25.017445],[121.471608,25.017445],[121.473963,25.014523],[121.476104,25.012418],[121.47769,25.011351],[121.47987,25.010227],[121.4818708,25.008836],[121.483864,25.005803],[121.484684,25.002146],[121.484684,25.002146],[121.484704,25.001049],[121.484704,25.001049],[121.4849219,24.99897618],[121.4849219,24.99897618],[121.48494,24.99739],[121.48494,24.99739],[121.4870797,24.994208],[121.488434,24.994093],[121.4940855,24.993784],[121.497652,24.993563],[121.500082,24.99346]]}},{"type":"Feature","properties":{"route_name":"橘9","color":"#3bdca9"},"geometry":{"type":"LineString","coordinates":[[121.479176,24.945972],[121.479176,24.945972],[121.47982,24.94681],[121.47982,24.94681],[121.481962,24.948762],[121.48195,24.94877],[121.483119,24.949637],[121.483119,24.949637],[121.483606,24.951572],[121.4809653,24.954206],[121.47999,24.955099],[121.478019,24.95628],[121.475631,24.954721],[121.474733,24.954312],[121.474421,24.95569],[121.475421,24.957201],[121.47527,24.958352],[121.4792598,24.962052],[121.4823598,24.962277],[121.483375,24.959956],[121.491777,24.9554],[121.491777,24.9554],[121.4946626,24.95431753],[121.4946626,24.95431753],[121.496698,24.955162],[121.496698,24.955162],[121.499054,24.956348],[121.499054,24.956348],[121.502106,24.95733611],[121.502106,24.95733611],[121.505929,24.958027],[121.505929,24.958027],[121.509284,24.959017],[121.509284,24.959017],[121.511483,24.960016],[121.511483,24.960016],[121.512648,24.962041],[121.512648,24.962041],[121.515311,24.963642],[121.515311,24.963642],[121.517257,24.96503],[121.517257,24.96503],[121.518062,24.967108],[121.518062,24.967108],[121.518795,24.969329],[121.518795,24.969329],[121.51914,24.970794],[121.51914,24.970794],[121.519852,24.972839],[121.519852,24.972839],[121.51912,24.974308],[121.51912,24.974308],[121.517372,24.976061],[121.517372,24.976061],[121.5167886,24.97725375],[121.5167886,24.97725375],[121.517416,24.981146],[121.517416,24.981146],[121.517953,24.983806],[121.517953,24.983806],[121.517283,24.985335],[121.517283,24.985335],[121.513308,24.988375],[121.513308,24.988375],[121.512485,24.989999],[121.512485,24.989999],[121.51133,24.99291],[121.511308,24.992884],[121.509353,24.993096],[121.509353,24.993096],[121.504583,24.993701],[121.4955621,24.99317959],[121.494053,24.992121],[121.4940855,24.993784]]}},{"type":"Feature","properties":{"route_name":"汐止-台北101","color":"#3bdcbc"},"geometry":{"type":"LineString","coordinates":[[121.683273,25.074762],[121.683273,25.074762],[121.666894790178,25.0757709941611],[121.666894790178,25.0757709941611],[121.665938786409,25.0718638857203],[121.665938786409,25.0718638857203],[121.664158,25.068761],[121.664158,25.068761],[121.65913,25.06478],[121.65913,25.06478],[121.652972,25.062102],[121.652972,25.062102]]}},{"type":"Feature","properties":{"route_name":"沙崙國小(篤行路)-捷運亞東醫院站","color":"#46dc3b"},"geometry":{"type":"LineString","coordinates":[[121.430908,24.989821],[121.431818,24.992455],[121.432175,24.994874],[121.4515397,24.995237],[121.453027,24.999426]]}},{"type":"Feature","properties":{"route_name":"泰山-內湖","color":"#843bdc"},"geometry":{"type":"LineString","coordinates":[[121.432001,25.062072],[121.432001,25.062072],[121.4334524,25.056627],[121.4319595,25.055602],[121.439476,25.052911],[121.439476,25.052911],[121.444139,25.054277]]}},{"type":"Feature","properties":{"route_name":"泰山-內湖(直達)","color":"#3bdcb1"},"geometry":{"type":"LineString","coordinates":[[121.432001,25.062072],[121.432001,25.062072],[121.4334524,25.056627],[121.4319595,25.055602],[121.439476,25.052911],[121.439476,25.052911]]}},{"type":"Feature","properties":{"route_name":"淡水-內湖科技園區","color":"#cc3bdc"},"geometry":{"type":"LineString","coordinates":[[121.429244,25.201498],[121.429244,25.201498],[121.430269,25.189891],[121.423248,25.182982],[121.420679,25.181],[121.43977,25.1724],[121.43977,25.1724],[121.446540610778,25.1674549071321],[121.446540610778,25.1674549071321],[121.459145801051,25.1538309248044],[121.459145801051,25.1538309248044],[121.459785450848,25.1362964415127],[121.459785450848,25.1362964415127]]}},{"type":"Feature","properties":{"route_name":"淡水-國道1號-南港車站","color":"#9cdc3b"},"geometry":{"type":"LineString","coordinates":[[121.429244,25.201498],[121.429244,25.201498],[121.439794,25.189296],[121.439794,25.189296],[121.44428,25.184008],[121.44428,25.184008],[121.444605,25.180626],[121.444605,25.180626],[121.4434655,25.177739],[121.441793,25.175626],[121.441793,25.175626],[121.446540610778,25.1674549071321],[121.446540610778,25.1674549071321],[121.459145801051,25.1538309248044],[121.459145801051,25.1538309248044],[121.459785450848,25.1362964415127],[121.459785450848,25.1362964415127]]}},{"type":"Feature","properties":{"route_name":"淡水新市鎮-板橋","color":"#3bdc51"},"geometry":{"type":"LineString","coordinates":[[121.429244,25.201498],[121.429244,25.201498],[121.42783,25.195266],[121.4385,25.197643],[121.443985,25.188309],[121.443985,25.188309],[121.444067,25.18691],[121.444067,25.18691],[121.44428,25.184008],[121.44428,25.184008],[121.444605,25.180626],[121.444605,25.180626],[121.447419,25.178286],[121.447419,25.178286],[121.449371,25.17875],[121.449371,25.17875],[121.456039,25.161746],[121.456039,25.161746],[121.459145801051,25.1538309248044],[121.459145801051,25.1538309248044],[121.459785450848,25.1362964415127],[121.459785450848,25.1362964415127],[121.4533012,25.106927],[121.467161,25.023861],[121.462239,25.012817]]}},{"type":"Feature","properties":{"route_name":"湯泉-十四張-大坪林","color":"#dc543b"},"geometry":{"type":"LineString","coordinates":[[121.52387,24.977944],[121.523889,24.979097],[121.5232099,24.980572],[121.525325,24.983226],[121.527121,24.984536],[121.534789,24.987633],[121.536818,24.985271],[121.536818,24.985271],[121.540005,24.982831],[121.5413983,24.98334421],[121.5413983,24.98334421],[121.539702,24.982991],[121.52772,24.984268],[121.52387,24.977944]]}},{"type":"Feature","properties":{"route_name":"湯泉-大坪林-湯泉","color":"#d73bdc"},"geometry":{"type":"LineString","coordinates":[[121.52387,24.977944],[121.523889,24.979097],[121.5232099,24.980572],[121.525325,24.983226],[121.527154446,24.9823559323],[121.529435262,24.980715285],[121.531595,24.979408],[121.533911,24.981939],[121.533911,24.981939],[121.534789,24.987633],[121.536818,24.985271],[121.536818,24.985271],[121.538244,24.98279],[121.540005,24.982831],[121.541691,24.980858],[121.541691,24.980858],[121.5414605,24.978877],[121.5385193,24.97769404],[121.5385193,24.97769404],[121.5369817,24.97628294],[121.5369817,24.97628294],[121.535279,24.97615],[121.535279,24.97615],[121.532675,24.977492],[121.532675,24.977492],[121.531417,24.975477],[121.531417,24.975477],[121.52988,24.97344],[121.52988,24.97344],[121.525455,24.975421],[121.52387,24.977944],[121.523889,24.979097],[121.5232099,24.980572],[121.525325,24.983226],[121.527154446,24.9823559323],[121.529435262,24.980715285]]}},{"type":"Feature","properties":{"route_name":"湯泉-崇光中學","color":"#3ba7dc"},"geometry":{"type":"LineString","coordinates":[[121.523889,24.979097],[121.52387,24.977944],[121.530184,24.973506],[121.530184,24.973506],[121.531576,24.975463],[121.531576,24.975463],[121.5368,24.97102],[121.5368,24.97102],[121.53795,24.97041],[121.53795,24.97041],[121.540277,24.972496],[121.540277,24.972496]]}},{"type":"Feature","properties":{"route_name":"瑞芳(經東碇路)-松山車站","color":"#dc693b"},"geometry":{"type":"LineString","coordinates":[[121.8058805,25.108227],[121.7936866,25.11067],[121.7609117,25.099105],[121.629252,25.051499]]}},{"type":"Feature","properties":{"route_name":"瑞芳-內科(基客)","color":"#993bdc"},"geometry":{"type":"LineString","coordinates":[[121.8058805,25.108227],[121.8038192,25.106304],[121.7936866,25.11067],[121.7883469,25.108179],[121.781986,25.098399],[121.7609117,25.099105]]}},{"type":"Feature","properties":{"route_name":"瑞芳-南港","color":"#3bdc66"},"geometry":{"type":"LineString","coordinates":[[121.8309551,25.1235],[121.8208995,25.121401],[121.8168011,25.127796],[121.8148752,25.128932],[121.8068206,25.133629]]}},{"type":"Feature","properties":{"route_name":"瑞芳-松山車站(北客)","color":"#dc3b3b"},"geometry":{"type":"LineString","coordinates":[[121.8058805,25.108227],[121.632175626719,25.0562484993939],[121.632022,25.05616]]}},{"type":"Feature","properties":{"route_name":"瑞芳-松山車站(基客)","color":"#3bc4dc"},"geometry":{"type":"LineString","coordinates":[[121.8058805,25.108227],[121.7936866,25.11067],[121.7883469,25.108179],[121.781986,25.098399],[121.7609117,25.099105]]}},{"type":"Feature","properties":{"route_name":"直潭里線","color":"#dc3b3e"},"geometry":{"type":"LineString","coordinates":[[121.533051,24.927454],[121.531919,24.937785],[121.531953,24.939902],[121.528308,24.947733],[121.538464,24.941919],[121.537667,24.949682],[121.534179,24.956257],[121.537332,24.958014]]}},{"type":"Feature","properties":{"route_name":"石碇高中-捷運忠孝復興站","color":"#d9dc3b"},"geometry":{"type":"LineString","coordinates":[[121.643397627735,25.012111368084],[121.643397627735,25.012111368084],[121.641907166857,25.0114179020809],[121.641907166857,25.0114179020809],[121.63834845794,25.0105450492034],[121.638256,25.01058806],[121.636200049589,25.0107960445339],[121.636200049589,25.0107960445339],[121.62948718649,25.0088090999413],[121.62948718649,25.0088090999413],[121.627291972304,25.0075862762931],[121.627291972304,25.0075862762931],[121.621668852284,25.0046911438587],[121.621668852284,25.0046911438587],[121.618530798628,25.0039515057549],[121.618530798628,25.0039515057549],[121.616794076485,25.0033150747729],[121.616794076485,25.0033150747729],[121.614578,25.002433],[121.614578,25.002433],[121.606,25.00185175143],[121.606,25.00185175143],[121.603712640729,25.0027777194038],[121.603712640729,25.0027777194038],[121.600780470525,25.003972883576],[121.600780470525,25.003972883576],[121.5983666,25.00478613],[121.59836661839,25.00478612556]]}},{"type":"Feature","properties":{"route_name":"石門-捷運紅樹林站","color":"#dc3b41"},"geometry":{"type":"LineString","coordinates":[[121.5676543,25.292167],[121.5652269,25.291364],[121.5458915,25.289253],[121.5041671,25.261152],[121.501564,25.259011],[121.475454,25.256222],[121.4693805,25.250887],[121.4517126,25.226835],[121.448788,25.206706],[121.4473208,25.19843],[121.453396,25.180185],[121.453396,25.180185],[121.456039,25.161746],[121.456039,25.161746],[121.459145801051,25.1538309248044],[121.459145801051,25.1538309248044],[121.4618014,25.145109]]}},{"type":"Feature","properties":{"route_name":"福連線","color":"#3bdc4b"},"geometry":{"type":"LineString","coordinates":[[121.908576,25.022102],[121.905937,25.020824],[121.9082023,25.016618],[121.912576,25.016334],[121.9251306,25.011867],[121.929445,25.001612],[121.9251306,25.011867],[121.9340059,25.018467],[121.9447062,25.016571],[121.948953,25.017851],[121.95027,25.019478],[121.962747,25.020808],[121.972193,25.024488],[121.977603,25.02368],[121.983968,25.021422],[121.986515,25.019854],[121.987893,25.013253],[121.990369,25.012034],[122.001565,25.012929],[121.996978,25.00407],[121.97612,24.991698]]}},{"type":"Feature","properties":{"route_name":"紅13","color":"#dc3b7e"},"geometry":{"type":"LineString","coordinates":[[121.405981,25.153505],[121.405981,25.153505],[121.406691,25.150818],[121.406691,25.150818],[121.4040856,25.14869],[121.4040856,25.14869],[121.4002943,25.14583],[121.4002943,25.14583],[121.3985723,25.144765],[121.3985723,25.144765],[121.396419,25.143191],[121.396419,25.143191],[121.391316,25.141783],[121.391316,25.141783],[121.385393,25.141511],[121.389336,25.14211],[121.392294,25.142951],[121.392294,25.142951],[121.3937287,25.14397311],[121.3937287,25.14397311],[121.396532,25.145555],[121.396532,25.145555],[121.398251,25.146813],[121.398251,25.146813],[121.400021,25.147471],[121.400021,25.147471],[121.4015,25.148318],[121.4015,25.148318],[121.402932,25.1489121],[121.402932,25.1489121],[121.404623,25.149966],[121.404623,25.149966],[121.40553,25.15186],[121.40553,25.15186],[121.40615,25.152877],[121.40615,25.152877],[121.406797,25.153621],[121.406797,25.153621],[121.406737,25.154523],[121.40512,25.15591],[121.410141,25.160173],[121.413376,25.161945],[121.4175648,25.162754],[121.4217622,25.162321],[121.424796,25.16202],[121.4295288,25.160633],[121.43143,25.15839],[121.43143,25.15839],[121.43411,25.15823],[121.43411,25.15823],[121.43694,25.15577],[121.43694,25.15577],[121.43991,25.153561],[121.43991,25.153561],[121.44343,25.14979],[121.44343,25.14979],[121.445125,25.147643],[121.445125,25.147643],[121.44604,25.146125],[121.44604,25.146125],[121.446648,25.144385],[121.446648,25.144385],[121.4473327,25.14257237],[121.447332740644,25.1425723705487],[121.4488748,25.13871714],[121.4488748,25.13871714],[121.45006,25.13528],[121.45006,25.13528],[121.451367,25.132202],[121.451367,25.132202],[121.45128,25.13036],[121.45128,25.13036],[121.451713,25.128332],[121.451713,25.128332],[121.451964,25.127309],[121.451964,25.127309],[121.452656,25.125763],[121.452656,25.125763]]}},{"type":"Feature","properties":{"route_name":"紅2","color":"#dcb43b"},"geometry":{"type":"LineString","coordinates":[[121.630225,25.06495],[121.630225,25.06495],[121.631401137544,25.0660033327685],[121.631401137544,25.0660033327685],[121.628825,25.067787],[121.628825,25.067787],[121.626867537731,25.067368167607],[121.626867537731,25.067368167607],[121.62487,25.067032],[121.62487,25.067032],[121.621242309823,25.0666228369498],[121.6212807,25.06666453],[121.618948,25.066708],[121.6188199,25.06680801]]}},{"type":"Feature","properties":{"route_name":"紅22","color":"#dc493b"},"geometry":{"type":"LineString","coordinates":[[121.405981,25.153505],[121.405981,25.153505],[121.4037,25.1531],[121.40058,25.15047],[121.39676,25.1478],[121.3957,25.14718],[121.391415,25.151191],[121.396532,25.145555],[121.396532,25.145555],[121.398251,25.146813],[121.398251,25.146813],[121.400021,25.147471],[121.400021,25.147471],[121.4015,25.148318],[121.4015,25.148318],[121.402932,25.1489121],[121.402932,25.1489121],[121.404623,25.149966],[121.404623,25.149966],[121.40553,25.15186],[121.40553,25.15186],[121.40615,25.152877],[121.40615,25.152877],[121.406797,25.153621],[121.406797,25.153621],[121.408651,25.155874],[121.408651,25.155874],[121.41074,25.157441],[121.41074,25.157441],[121.41205,25.158527],[121.41205,25.158527],[121.4139447,25.15970821],[121.4139447,25.15970821],[121.416892,25.159307],[121.416892,25.159307],[121.41876,25.1596],[121.41876,25.1596],[121.42105,25.15924],[121.42105,25.15924],[121.422092,25.158932],[121.422092,25.158932],[121.424899,25.159018],[121.424899,25.159018],[121.428344,25.159046],[121.428344,25.159046],[121.43143,25.15839],[121.43143,25.15839],[121.43411,25.15823],[121.43411,25.15823],[121.43694,25.15577],[121.43694,25.15577],[121.43991,25.153561],[121.43991,25.153561],[121.44343,25.14979],[121.44343,25.14979],[121.445125,25.147643],[121.445125,25.147643],[121.44604,25.146125],[121.44604,25.146125],[121.446648,25.144385],[121.446648,25.144385],[121.447332740644,25.1425723705487],[121.4473327,25.14257237],[121.4488748,25.13871714],[121.4488748,25.13871714],[121.45006,25.13528],[121.45006,25.13528],[121.451367,25.132202],[121.451367,25.132202],[121.45128,25.13036],[121.45128,25.13036],[121.451713,25.128332],[121.451713,25.128332],[121.451964,25.127309],[121.451964,25.127309],[121.452656,25.125763],[121.452656,25.125763]]}},{"type":"Feature","properties":{"route_name":"紅23","color":"#dc4b3b"},"geometry":{"type":"LineString","coordinates":[[121.42826,25.197763],[121.424659,25.198917],[121.42449,25.19658],[121.42783,25.195266],[121.429179,25.194762],[121.43119,25.19406],[121.43119,25.19406],[121.430782,25.191325],[121.430782,25.191325],[121.429573,25.190881],[121.4268126,25.191269],[121.4260622,25.190324],[121.422813,25.187832],[121.4200387,25.186527],[121.42021,25.18507],[121.42023146251,25.1850117332656],[121.42182,25.18254],[121.42182,25.18254],[121.423376,25.182854],[121.425823,25.184784],[121.427549,25.187462],[121.4300159,25.185697],[121.432079,25.185108],[121.4351578,25.183189],[121.436362,25.181015],[121.4378286,25.181881],[121.438673,25.182192],[121.441534,25.181782],[121.4424276,25.181397],[121.443866,25.180868],[121.444605,25.180626],[121.444605,25.180626],[121.444271,25.178799],[121.444271,25.178799],[121.447419,25.178286],[121.447419,25.178286],[121.449371,25.17875],[121.449371,25.17875],[121.4512246,25.179723],[121.451185,25.179717],[121.453396,25.180185],[121.453396,25.180185],[121.455158,25.178154],[121.455158,25.178154],[121.456798,25.175673],[121.456798,25.175673],[121.459249,25.171934],[121.459249,25.171934],[121.458469,25.165536],[121.4584969,25.165591],[121.456039,25.161746],[121.456039,25.161746],[121.456341,25.16069],[121.456341,25.16069],[121.4588816,25.15632375],[121.4588816,25.15632375],[121.459145801051,25.1538309248044],[121.459145801051,25.1538309248044],[121.459294535654,25.150520722511],[121.459294535654,25.150520722511],[121.459489,25.147167],[121.459489,25.147167],[121.4595,25.143486],[121.4595,25.143486],[121.459527,25.139953],[121.459527,25.139953],[121.459785450848,25.1362964415127],[121.459785450848,25.1362964415127],[121.458878069521,25.1330124900217],[121.458878069521,25.1330124900217]]}},{"type":"Feature","properties":{"route_name":"紅26","color":"#dc543b"},"geometry":{"type":"LineString","coordinates":[[121.4114168,25.18443],[121.41446,25.18304],[121.418741,25.181766],[121.418435,25.185987],[121.4200387,25.186527],[121.42021,25.18507],[121.42023146251,25.1850117332656],[121.42182,25.18254],[121.42182,25.18254],[121.42296,25.18123],[121.42296,25.18123],[121.42388,25.17864],[121.42388,25.17864],[121.424245,25.17801],[121.424245,25.17801],[121.426080642001,25.1763359186121],[121.426080642001,25.1763359186121],[121.42796,25.17553],[121.42796,25.17553],[121.431339,25.174897],[121.431339,25.174897],[121.43328,25.1743],[121.433254130323,25.1743599945731],[121.435832,25.173232],[121.435832,25.173232],[121.438273,25.172781],[121.438273,25.172781],[121.43977,25.1724],[121.43977,25.1724],[121.442618297947,25.1704243596582],[121.442618297947,25.1704243596582],[121.4442,25.169611],[121.4442,25.169611],[121.4467018,25.167281]]}},{"type":"Feature","properties":{"route_name":"紅27","color":"#dc563b"},"geometry":{"type":"LineString","coordinates":[[121.448174,25.176635],[121.448174,25.176635],[121.4450254,25.17682678],[121.4450254,25.17682678],[121.441793,25.175626],[121.441793,25.175626],[121.442618297947,25.1704243596582],[121.442618297947,25.1704243596582],[121.4442,25.169611],[121.4442,25.169611],[121.4467018,25.167281]]}},{"type":"Feature","properties":{"route_name":"紅28","color":"#dc593b"},"geometry":{"type":"LineString","coordinates":[[121.447573,25.174327],[121.4503864,25.173067],[121.4512608,25.170978],[121.45078,25.170154],[121.4478578,25.169]]}},{"type":"Feature","properties":{"route_name":"紅28直","color":"#3bb9dc"},"geometry":{"type":"LineString","coordinates":[[121.447573,25.174327],[121.4503864,25.173067],[121.4491908,25.171269],[121.4478578,25.169]]}},{"type":"Feature","properties":{"route_name":"紅36","color":"#dca73b"},"geometry":{"type":"LineString","coordinates":[[121.438673,25.182192],[121.441534,25.181782],[121.4424276,25.181397],[121.443866,25.180868],[121.444605,25.180626],[121.444605,25.180626],[121.4428666,25.180358],[121.4416864,25.180364],[121.4407798,25.180926],[121.4404942,25.179834],[121.43887,25.179007],[121.4379098,25.177347],[121.4384374,25.176422],[121.439259,25.175404],[121.4388526,25.174583],[121.43977,25.1724],[121.43977,25.1724],[121.442618297947,25.1704243596582],[121.442618297947,25.1704243596582],[121.4442,25.169611],[121.4442,25.169611],[121.4467018,25.167281]]}},{"type":"Feature","properties":{"route_name":"紅37","color":"#dca93b"},"geometry":{"type":"LineString","coordinates":[[121.429244,25.201498],[121.429244,25.201498],[121.430307,25.201368],[121.4315176,25.200863],[121.430555,25.199545],[121.430555,25.199545],[121.429185,25.200031],[121.429185,25.200031],[121.4280892,25.19944],[121.427279,25.197645],[121.42462,25.19679],[121.42346,25.196369],[121.420622,25.193456],[121.426436,25.190968],[121.429514,25.190585],[121.431513,25.190349],[121.431513,25.190349],[121.43496,25.189912],[121.43496,25.189912],[121.437445,25.189596],[121.437445,25.189596],[121.439794,25.189296],[121.439794,25.189296],[121.443985,25.188309],[121.443985,25.188309],[121.444067,25.18691],[121.444067,25.18691],[121.44428,25.184008],[121.44428,25.184008],[121.4448831,25.182892],[121.4478764,25.18289],[121.453734,25.186897],[121.4467124,25.187913],[121.4499877,25.182424],[121.4514048,25.181546],[121.451118,25.179849],[121.451118,25.179849],[121.449309,25.178874],[121.449309,25.178874],[121.447544,25.178458],[121.447544,25.178458],[121.4434655,25.177739],[121.441793,25.175626],[121.441793,25.175626],[121.442618297947,25.1704243596582],[121.442618297947,25.1704243596582],[121.4442,25.169611],[121.4442,25.169611],[121.4467018,25.167281]]}},{"type":"Feature","properties":{"route_name":"紅37行經海洋都心社區","color":"#9cdc3b"},"geometry":{"type":"LineString","coordinates":[[121.429244,25.201498],[121.429244,25.201498],[121.4280892,25.19944],[121.427279,25.197645],[121.42783,25.195266],[121.429179,25.194762],[121.432774,25.195899],[121.436479,25.197894],[121.4385,25.197643],[121.43879,25.19589],[121.4381812,25.192489],[121.438,25.19075],[121.439794,25.189296],[121.439794,25.189296],[121.443985,25.188309],[121.443985,25.188309],[121.444067,25.18691],[121.444067,25.18691],[121.44428,25.184008],[121.44428,25.184008],[121.444605,25.180626],[121.444605,25.180626],[121.444271,25.178799],[121.444271,25.178799],[121.4434655,25.177739],[121.441793,25.175626],[121.441793,25.175626],[121.442618297947,25.1704243596582],[121.442618297947,25.1704243596582],[121.4442,25.169611],[121.4442,25.169611],[121.4467018,25.167281]]}},{"type":"Feature","properties":{"route_name":"紅38","color":"#dcac3b"},"geometry":{"type":"LineString","coordinates":[[121.429244,25.201498],[121.429244,25.201498],[121.430307,25.201368],[121.4315176,25.200863],[121.430555,25.199545],[121.430555,25.199545],[121.429185,25.200031],[121.429185,25.200031],[121.4280892,25.19944],[121.427279,25.197645],[121.42783,25.195266],[121.429179,25.194762],[121.43119,25.19406],[121.43119,25.19406],[121.430782,25.191325],[121.430782,25.191325],[121.429573,25.190881],[121.4268126,25.191269],[121.4260622,25.190324],[121.427465,25.188771],[121.4300159,25.185697],[121.432079,25.185108],[121.4351578,25.183189],[121.43609,25.18058],[121.43661,25.17895],[121.4379098,25.177347],[121.4384374,25.176422],[121.439259,25.175404],[121.4388526,25.174583],[121.43977,25.1724],[121.43977,25.1724],[121.442618297947,25.1704243596582],[121.442618297947,25.1704243596582],[121.4442,25.169611],[121.4442,25.169611],[121.4467018,25.167281]]}},{"type":"Feature","properties":{"route_name":"紅39","color":"#dcaf3b"},"geometry":{"type":"LineString","coordinates":[[121.438673,25.182192],[121.441534,25.181782],[121.4424276,25.181397],[121.443866,25.180868],[121.444605,25.180626],[121.444605,25.180626],[121.444271,25.178799],[121.444271,25.178799],[121.4434655,25.177739],[121.441793,25.175626],[121.441793,25.175626],[121.442618297947,25.1704243596582],[121.442618297947,25.1704243596582],[121.4442,25.169611],[121.4442,25.169611],[121.4467018,25.167281]]}},{"type":"Feature","properties":{"route_name":"紅51","color":"#79dc3b"},"geometry":{"type":"LineString","coordinates":[[121.429244,25.201498],[121.429244,25.201498],[121.430307,25.201368],[121.4315176,25.200863],[121.436479,25.197894],[121.4385,25.197643],[121.43879,25.19589],[121.4381812,25.192489],[121.438,25.19075],[121.437705,25.189141],[121.437479,25.187679],[121.436352,25.186202],[121.4352563,25.186335],[121.431444,25.186844],[121.429905,25.187028],[121.4300159,25.185697],[121.432079,25.185108],[121.4351578,25.183189],[121.43609,25.18058],[121.43661,25.17895],[121.4379098,25.177347],[121.4384374,25.176422],[121.439259,25.175404],[121.4388526,25.174583],[121.43977,25.1724],[121.43977,25.1724],[121.442618297947,25.1704243596582],[121.442618297947,25.1704243596582],[121.4442,25.169611],[121.4442,25.169611],[121.4467018,25.167281]]}},{"type":"Feature","properties":{"route_name":"紅53","color":"#74dc3b"},"geometry":{"type":"LineString","coordinates":[[121.429244,25.201498],[121.429244,25.201498],[121.4280892,25.19944],[121.424659,25.198917],[121.42449,25.19658],[121.42783,25.195266],[121.429179,25.194762],[121.43119,25.19406],[121.43119,25.19406],[121.430782,25.191325],[121.430782,25.191325],[121.430269,25.189891],[121.429417,25.188182],[121.4300159,25.185697],[121.432079,25.185108],[121.4351578,25.183189],[121.436362,25.181015],[121.4378286,25.181881],[121.438673,25.182192],[121.441534,25.181782],[121.4424276,25.181397],[121.443866,25.180868],[121.444605,25.180626],[121.444605,25.180626],[121.444271,25.178799],[121.444271,25.178799],[121.4434655,25.177739],[121.441793,25.175626],[121.441793,25.175626],[121.442618297947,25.1704243596582],[121.442618297947,25.1704243596582],[121.4442,25.169611],[121.4442,25.169611],[121.4467018,25.167281]]}},{"type":"Feature","properties":{"route_name":"紅9","color":"#dcc73b"},"geometry":{"type":"LineString","coordinates":[[121.463385,25.08895526],[121.4621514,25.08762404],[121.462835,25.084617],[121.461506,25.084413],[121.461506,25.084413],[121.4600359,25.08676744],[121.4600359,25.08676744],[121.4597036,25.0902768],[121.459668,25.090129],[121.4606387,25.0923306],[121.4606387,25.0923306],[121.465126,25.09079],[121.465126,25.09079],[121.46902,25.0898],[121.46902,25.0898],[121.47236,25.091804],[121.47236,25.091804],[121.474173,25.091576],[121.474173,25.091576],[121.476197,25.090684],[121.476197,25.090684],[121.477423,25.089878],[121.477423,25.089878],[121.4779718,25.08881838],[121.4779718,25.08881838],[121.476356,25.087426],[121.476356,25.087426],[121.4738,25.086053],[121.4738,25.086053],[121.474182,25.084581],[121.474196,25.084575],[121.475381,25.082946],[121.475381,25.082946],[121.476637,25.081453],[121.476637,25.081453],[121.48065,25.082575],[121.48065,25.082575],[121.48116,25.08392],[121.48116,25.08392],[121.48278,25.086512],[121.48278,25.086512],[121.485125,25.08859],[121.485125,25.08859],[121.48814,25.08686],[121.48814,25.08686],[121.49,25.087666],[121.49,25.087666],[121.4933,25.087786],[121.4933,25.087786]]}},{"type":"Feature","properties":{"route_name":"綠10","color":"#4e3bdc"},"geometry":{"type":"LineString","coordinates":[[121.5092721,24.953469],[121.511381,24.957582],[121.512736,24.959031],[121.514404,24.961478],[121.515311,24.963642],[121.515311,24.963642],[121.517942,24.963936],[121.517942,24.963936],[121.521365324681,24.9637050292789],[121.521365324681,24.9637050292789],[121.5235251,24.96347353],[121.5235251,24.96347353],[121.52598,24.962917],[121.5259804,24.96294489],[121.528339,24.961725],[121.528339,24.961725],[121.530152,24.961041],[121.530152,24.961041],[121.532361,24.960256],[121.532361,24.960256],[121.53982,24.963158],[121.53982,24.963158],[121.5405875,24.96500149],[121.5405875,24.96500149],[121.54161613426882,24.96763873691205],[121.54161613426882,24.96763873691205],[121.542921,24.971513],[121.542921,24.971513],[121.5430453,24.9753],[121.5430453,24.9753],[121.542795,24.978161],[121.542795,24.978161],[121.54183874603,24.981232663482],[121.5418387,24.98123266],[121.5413983,24.98334421],[121.5413983,24.98334421]]}},{"type":"Feature","properties":{"route_name":"綠12","color":"#543bdc"},"geometry":{"type":"LineString","coordinates":[[121.709876,24.935506],[121.706646,24.934661],[121.705438,24.935192],[121.703252,24.936259],[121.700318,24.936707],[121.695846,24.935093],[121.6889193,24.935608],[121.6843059,24.936552],[121.684475,24.941356],[121.68168,24.941313],[121.677222,24.938384],[121.675445,24.941495],[121.673595,24.941767],[121.6709861,24.943342],[121.67023,24.947079],[121.6661474,24.943002],[121.664826,24.947448],[121.664673,24.948886],[121.663985,24.950239],[121.658367,24.947308],[121.655802,24.945005],[121.649226,24.947331],[121.645349,24.952295],[121.6395278,24.951999],[121.637206,24.954128],[121.632357,24.952186],[121.62908,24.954089],[121.62589840774781,24.954522013257744],[121.623564,24.957265],[121.620844,24.959128],[121.616938,24.959526],[121.6148595,24.961285],[121.6115108,24.957663],[121.608591,24.957697],[121.606496,24.956556],[121.603937,24.955708],[121.6012004,24.954438],[121.5962772,24.952804],[121.5926575,24.953194],[121.58646,24.952316],[121.585038,24.950672],[121.5800646,24.950437],[121.575242,24.951481],[121.572568,24.950971],[121.569848,24.956386],[121.564029,24.953492],[121.564029,24.953492],[121.5616522,24.95414482],[121.5616522,24.95414482],[121.5591371,24.95437159],[121.5591371,24.95437159],[121.557333,24.953935],[121.557333,24.953935],[121.554816,24.953628],[121.554816,24.953628],[121.551785,24.95324],[121.551785,24.95324],[121.55011,24.952342],[121.55011,24.952342],[121.5470007,24.95262687],[121.5470007,24.95262687],[121.5428729,24.95305082],[121.5428729,24.95305082],[121.5405279,24.95347027],[121.5405279,24.95347027],[121.539103,24.955388],[121.539103,24.955388],[121.538524,24.956689],[121.538524,24.956689],[121.53755,24.958392],[121.53755,24.958392]]}},{"type":"Feature","properties":{"route_name":"綠13","color":"#563bdc"},"geometry":{"type":"LineString","coordinates":[[121.5450033,24.95104968],[121.5450033,24.95104968],[121.546789,24.951217],[121.546789,24.951217],[121.5470007,24.95262687],[121.5470007,24.95262687],[121.5428729,24.95305082],[121.5428729,24.95305082],[121.5405279,24.95347027],[121.5405279,24.95347027],[121.539103,24.955388],[121.539103,24.955388],[121.538524,24.956689],[121.538524,24.956689],[121.538126,24.958891],[121.538126,24.958891],[121.53982,24.963158],[121.53982,24.963158],[121.5405875,24.96500149],[121.5405875,24.96500149],[121.5403802,24.967665],[121.5403802,24.967665],[121.538845,24.969422],[121.538845,24.969422],[121.53715,24.97099],[121.53715,24.97099],[121.535357,24.972058],[121.535357,24.972058],[121.534027,24.973586],[121.534027,24.973586],[121.53529,24.97519],[121.53529,24.97519],[121.537003,24.975918],[121.537003,24.975918],[121.538881,24.977759],[121.538881,24.977759],[121.5384812,24.97949646],[121.537769,24.981383],[121.538244,24.98279],[121.540005,24.982831],[121.5413983,24.98334421],[121.5413983,24.98334421]]}},{"type":"Feature","properties":{"route_name":"綠15","color":"#5c3bdc"},"geometry":{"type":"LineString","coordinates":[[121.478019,24.95628],[121.475631,24.954721],[121.474733,24.954312],[121.474421,24.95569],[121.475421,24.957201],[121.47527,24.958352],[121.4792598,24.962052],[121.4823598,24.962277],[121.483375,24.959956],[121.491777,24.9554],[121.491777,24.9554],[121.494609,24.95342],[121.500919,24.954019],[121.50381,24.954258],[121.504667,24.955037],[121.505929,24.958027],[121.505929,24.958027],[121.509284,24.959017],[121.509284,24.959017],[121.511483,24.960016],[121.511483,24.960016],[121.512648,24.962041],[121.512648,24.962041],[121.515311,24.963642],[121.515311,24.963642],[121.517942,24.963936],[121.517942,24.963936],[121.521365324681,24.9637050292789],[121.521365324681,24.9637050292789],[121.5235251,24.96347353],[121.5235251,24.96347353],[121.52598,24.962917],[121.5259804,24.96294489],[121.528339,24.961725],[121.528339,24.961725],[121.530152,24.961041],[121.530152,24.961041],[121.532361,24.960256],[121.532361,24.960256],[121.537062,24.962758],[121.537062,24.962758],[121.537161,24.966387],[121.537161,24.966387],[121.531284,24.971285],[121.531284,24.971285],[121.530184,24.973506],[121.530184,24.973506],[121.531576,24.975463],[121.531576,24.975463],[121.532852,24.977453],[121.532852,24.977453],[121.534109,24.977862],[121.534109,24.977862],[121.53501,24.97613],[121.53501,24.97613],[121.537963,24.974051],[121.537963,24.974051],[121.540277,24.972496],[121.540277,24.972496],[121.5419,24.97122],[121.5419,24.97122],[121.542921,24.971513],[121.542921,24.971513],[121.5430453,24.9753],[121.5430453,24.9753],[121.542795,24.978161],[121.542795,24.978161],[121.54183874603,24.981232663482],[121.5418387,24.98123266]]}},{"type":"Feature","properties":{"route_name":"綠18","color":"#643bdc"},"geometry":{"type":"LineString","coordinates":[[121.542306,24.982813],[121.542306,24.982813]]}},{"type":"Feature","properties":{"route_name":"綠2右","color":"#3bdc3e"},"geometry":{"type":"LineString","coordinates":[[121.551066,24.983425],[121.551066,24.983425],[121.551537,24.980281],[121.551537,24.980281],[121.550164,24.978108],[121.550164,24.978108],[121.548575,24.9771],[121.548575,24.9771],[121.546778,24.975953],[121.546778,24.975953],[121.54475,24.97479],[121.54475,24.97479],[121.543639,24.973973],[121.54366,24.97395],[121.5426501,24.97141],[121.5426501,24.97141],[121.541397,24.971908],[121.541397,24.971908],[121.54022,24.972713],[121.54022,24.972713],[121.537621,24.974454],[121.537621,24.974454],[121.535279,24.97615],[121.535279,24.97615],[121.534303,24.978013],[121.534303,24.978013],[121.534014,24.979496],[121.534014,24.979496],[121.533911,24.981939],[121.533911,24.981939],[121.533806,24.983471],[121.533806,24.983471],[121.533644,24.98633],[121.533644,24.98633],[121.5259498,24.99096231],[121.5259498,24.99096231],[121.526302,24.993685],[121.526302,24.993685],[121.526436,24.994659],[121.526436,24.994659],[121.526627,24.996255],[121.526627,24.996255],[121.5267065,24.99838696],[121.5267065,24.99838696],[121.5239922,24.99955447],[121.522385215721,25.0012830070909],[121.522385215721,25.0012830070909],[121.52146366371,25.0033491522373],[121.52146366371,25.0033491522373],[121.5206401,25.005498],[121.5206401,25.005498],[121.520668,25.009245],[121.520115,25.011264],[121.520115,25.011264],[121.518655,25.013451],[121.518655,25.013451],[121.517667,25.014315],[121.517667,25.014315],[121.514936,25.015124],[121.5120839,25.0155132],[121.5093964,25.01598667],[121.5071126,25.01333],[121.5078443,25.01169653],[121.507356,25.009328],[121.510644,25.005904],[121.510832,25.002521],[121.510832,25.002521],[121.509035,25.000533],[121.509035,25.000533],[121.5068105,24.99802917],[121.5068105,24.99802917],[121.505574,24.995927],[121.505574,24.995927]]}},{"type":"Feature","properties":{"route_name":"綠2左","color":"#3bdc86"},"geometry":{"type":"LineString","coordinates":[[121.551066,24.983425],[121.551066,24.983425],[121.551537,24.980281],[121.551537,24.980281],[121.550164,24.978108],[121.550164,24.978108],[121.548575,24.9771],[121.548575,24.9771],[121.546778,24.975953],[121.546778,24.975953],[121.54475,24.97479],[121.54475,24.97479],[121.54366,24.97395],[121.543639,24.973973],[121.5426501,24.97141],[121.5426501,24.97141],[121.541397,24.971908],[121.541397,24.971908],[121.54022,24.972713],[121.54022,24.972713],[121.537621,24.974454],[121.537621,24.974454],[121.535279,24.97615],[121.535279,24.97615],[121.534303,24.978013],[121.534303,24.978013],[121.534014,24.979496],[121.534014,24.979496],[121.533911,24.981939],[121.533911,24.981939],[121.533806,24.983471],[121.533806,24.983471],[121.533644,24.98633],[121.533644,24.98633],[121.524798,24.990551],[121.524798,24.990551],[121.52296,24.99076],[121.52296,24.99076],[121.5194886,24.99170762],[121.5194886,24.99170762],[121.517362,24.992238],[121.517292,24.992212],[121.513089,24.99268],[121.513089,24.99268],[121.51133,24.99291],[121.511308,24.992884],[121.509353,24.993096],[121.509353,24.993096],[121.505277,24.994329],[121.505277,24.994329],[121.505842,24.996308],[121.505842,24.996308],[121.507121,24.998049],[121.507121,24.998049],[121.509133,25.000374],[121.509133,25.000374],[121.51094,25.002402],[121.51094,25.002402],[121.510771,25.005904],[121.508125,25.008724]]}},{"type":"Feature","properties":{"route_name":"綠3","color":"#3bdcc4"},"geometry":{"type":"LineString","coordinates":[[121.552934,24.932548],[121.5474499,24.932894],[121.548696,24.931212],[121.545202,24.935028],[121.5466031,24.937196],[121.5461042,24.941146],[121.546789,24.951217],[121.546789,24.951217],[121.5470007,24.95262687],[121.5470007,24.95262687],[121.5428729,24.95305082],[121.5428729,24.95305082],[121.5405279,24.95347027],[121.5405279,24.95347027],[121.539103,24.955388],[121.539103,24.955388],[121.538524,24.956689],[121.538524,24.956689],[121.5388157447,24.958903823792],[121.5388157447,24.958903823792],[121.541368,24.962436],[121.541368,24.962436],[121.542523,24.963796],[121.542523,24.963796],[121.544636,24.96676],[121.544636,24.96676],[121.54593,24.96898],[121.54593,24.96898],[121.547581,24.971526],[121.547581,24.971526],[121.548434,24.97417],[121.548434,24.97417],[121.546866,24.976856],[121.546866,24.976856],[121.54468,24.980011],[121.54468,24.980011],[121.544084,24.981602],[121.544084,24.981602],[121.542517035489,24.9829981044722],[121.542517035489,24.9829981044722],[121.539702,24.982991],[121.538676,24.983033],[121.537068,24.985175],[121.537068,24.985175],[121.5370088,24.987165],[121.534533,24.987934],[121.524798,24.990551],[121.524798,24.990551],[121.52296,24.99076],[121.52296,24.99076],[121.5194886,24.99170762],[121.5194886,24.99170762],[121.517292,24.992212],[121.517362,24.992238],[121.513089,24.99268],[121.513089,24.99268],[121.511308,24.992884],[121.51133,24.99291],[121.509353,24.993096],[121.509353,24.993096],[121.50421,24.99367],[121.50421,24.99367],[121.50208667210215,24.99516898447116],[121.50208667210215,24.99516898447116],[121.49960332023917,24.99880695334873],[121.49960332023917,24.99880695334873]]}},{"type":"Feature","properties":{"route_name":"綠5","color":"#3bdcc9"},"geometry":{"type":"LineString","coordinates":[[121.564029,24.953492],[121.564029,24.953492],[121.5616522,24.95414482],[121.5616522,24.95414482],[121.5591371,24.95437159],[121.5591371,24.95437159],[121.557333,24.953935],[121.557333,24.953935],[121.554816,24.953628],[121.554816,24.953628],[121.551785,24.95324],[121.551785,24.95324],[121.55011,24.952342],[121.55011,24.952342],[121.5470007,24.95262687],[121.5470007,24.95262687],[121.5428729,24.95305082],[121.5428729,24.95305082],[121.5405279,24.95347027],[121.5405279,24.95347027],[121.539103,24.955388],[121.539103,24.955388],[121.538524,24.956689],[121.538524,24.956689],[121.538126,24.958891],[121.538126,24.958891],[121.53982,24.963158],[121.53982,24.963158],[121.5405875,24.96500149],[121.5405875,24.96500149],[121.54161613426882,24.96763873691205],[121.54161613426882,24.96763873691205],[121.541397,24.971908],[121.541397,24.971908],[121.54022,24.972713],[121.54022,24.972713],[121.537621,24.974454],[121.537621,24.974454],[121.535279,24.97615],[121.535279,24.97615],[121.534303,24.978013],[121.534303,24.978013],[121.534014,24.979496],[121.534014,24.979496],[121.533911,24.981939],[121.533911,24.981939],[121.533806,24.983471],[121.533806,24.983471],[121.533644,24.98633],[121.533644,24.98633],[121.52705216109639,24.98469973315722],[121.526115,24.982385],[121.526815,24.979671],[121.529041,24.978158],[121.531417,24.975477],[121.531417,24.975477],[121.527802,24.977284],[121.523889,24.979097],[121.523474,24.979176],[121.5232099,24.980572],[121.52358,24.98181],[121.525325,24.983226],[121.527121,24.984536],[121.529045,24.986717],[121.532287,24.990229]]}},{"type":"Feature","properties":{"route_name":"綠6","color":"#3bdccc"},"geometry":{"type":"LineString","coordinates":[[121.5292695,24.949052],[121.529582,24.950589],[121.529237,24.952949],[121.5296249,24.9539],[121.5285,24.954683],[121.528776,24.956221],[121.529386,24.958742],[121.530446,24.960524],[121.532361,24.960256],[121.532361,24.960256],[121.53755,24.958392],[121.53755,24.958392],[121.53982,24.963158],[121.53982,24.963158],[121.5405875,24.96500149],[121.5405875,24.96500149],[121.54161613426882,24.96763873691205],[121.54161613426882,24.96763873691205],[121.541397,24.971908],[121.541397,24.971908],[121.54022,24.972713],[121.54022,24.972713],[121.537621,24.974454],[121.537621,24.974454],[121.535279,24.97615],[121.535279,24.97615],[121.534303,24.978013],[121.534303,24.978013],[121.534014,24.979496],[121.534014,24.979496],[121.533911,24.981939],[121.533911,24.981939],[121.533806,24.983471],[121.533806,24.983471],[121.533644,24.98633],[121.533644,24.98633],[121.524798,24.990551],[121.524798,24.990551],[121.52296,24.99076],[121.52296,24.99076],[121.5194886,24.99170762],[121.5194886,24.99170762],[121.517292,24.992212],[121.517362,24.992238],[121.513089,24.99268],[121.513089,24.99268],[121.511308,24.992884],[121.51133,24.99291],[121.509353,24.993096],[121.509353,24.993096],[121.50421,24.99367],[121.50421,24.99367],[121.50208667210215,24.99516898447116],[121.50208667210215,24.99516898447116],[121.49960332023917,24.99880695334873],[121.49960332023917,24.99880695334873],[121.4996424,25.00051177],[121.500968,25.000553],[121.500968,25.000553],[121.502769736506,24.9996954644534],[121.502769736506,24.9996954644534],[121.5048263,24.99965591],[121.5048263,24.99965591],[121.50739,24.999571],[121.50739,24.999571],[121.5068105,24.99802917],[121.5068105,24.99802917],[121.505574,24.995927],[121.505574,24.995927],[121.505201,24.994596],[121.505201,24.994596]]}},{"type":"Feature","properties":{"route_name":"綠7","color":"#3bdccf"},"geometry":{"type":"LineString","coordinates":[[121.5039722,24.952519],[121.504667,24.955037],[121.505929,24.958027],[121.505929,24.958027],[121.509284,24.959017],[121.509284,24.959017],[121.511483,24.960016],[121.511483,24.960016],[121.512648,24.962041],[121.512648,24.962041],[121.515311,24.963642],[121.515311,24.963642],[121.517942,24.963936],[121.517942,24.963936],[121.521365324681,24.9637050292789],[121.521365324681,24.9637050292789],[121.5235251,24.96347353],[121.5235251,24.96347353],[121.5259804,24.96294489],[121.52598,24.962917],[121.528339,24.961725],[121.528339,24.961725],[121.530152,24.961041],[121.530152,24.961041],[121.532361,24.960256],[121.532361,24.960256],[121.53982,24.963158],[121.53982,24.963158],[121.5405875,24.96500149],[121.5405875,24.96500149],[121.54161613426882,24.96763873691205],[121.54161613426882,24.96763873691205],[121.542921,24.971513],[121.542921,24.971513],[121.5430453,24.9753],[121.5430453,24.9753],[121.542795,24.978161],[121.542795,24.978161],[121.5418387,24.98123266],[121.54183874603,24.981232663482]]}},{"type":"Feature","properties":{"route_name":"綠8","color":"#3bdcd1"},"geometry":{"type":"LineString","coordinates":[[121.5001841,24.947156],[121.4994827,24.948942],[121.4994867,24.951178],[121.4997562,24.953029],[121.4997026,24.954374],[121.500672,24.95646],[121.502106,24.95733611],[121.502106,24.95733611],[121.505929,24.958027],[121.505929,24.958027],[121.509284,24.959017],[121.509284,24.959017],[121.511483,24.960016],[121.511483,24.960016],[121.512648,24.962041],[121.512648,24.962041],[121.515311,24.963642],[121.515311,24.963642],[121.517942,24.963936],[121.517942,24.963936],[121.521365324681,24.9637050292789],[121.521365324681,24.9637050292789],[121.5235251,24.96347353],[121.5235251,24.96347353],[121.5259804,24.96294489],[121.52598,24.962917],[121.528339,24.961725],[121.528339,24.961725],[121.530152,24.961041],[121.530152,24.961041],[121.532361,24.960256],[121.532361,24.960256],[121.53982,24.963158],[121.53982,24.963158],[121.5405875,24.96500149],[121.5405875,24.96500149],[121.54161613426882,24.96763873691205],[121.54161613426882,24.96763873691205],[121.542921,24.971513],[121.542921,24.971513],[121.5430453,24.9753],[121.5430453,24.9753],[121.542795,24.978161],[121.542795,24.978161],[121.5418387,24.98123266],[121.54183874603,24.981232663482],[121.539702,24.982991],[121.538676,24.983033],[121.535467,24.982885],[121.535467,24.982885],[121.533806,24.983471],[121.533806,24.983471],[121.533644,24.98633],[121.533644,24.98633],[121.524798,24.990551],[121.524798,24.990551],[121.52296,24.99076],[121.52296,24.99076],[121.5194886,24.99170762],[121.5194886,24.99170762],[121.517292,24.992212],[121.517362,24.992238],[121.513089,24.99268],[121.513089,24.99268],[121.51133,24.99291],[121.511308,24.992884],[121.509353,24.993096],[121.509353,24.993096],[121.50421,24.99367],[121.50421,24.99367],[121.50208667210215,24.99516898447116],[121.50208667210215,24.99516898447116],[121.49960332023917,24.99880695334873],[121.49960332023917,24.99880695334873]]}},{"type":"Feature","properties":{"route_name":"綠9","color":"#3bdcd4"},"geometry":{"type":"LineString","coordinates":[[121.5594726,24.961924],[121.555892,24.961878],[121.553503,24.960624],[121.549882,24.957591],[121.548674,24.956098],[121.549561,24.958581],[121.548294,24.95997],[121.547875,24.962487],[121.548552,24.963752],[121.549381,24.964294],[121.549973,24.963774],[121.5495994,24.963155],[121.550996,24.962257],[121.549716,24.963084],[121.550046,24.96372],[121.549155,24.964503],[121.548542,24.963873],[121.544636,24.96676],[121.544636,24.96676],[121.54502,24.969788],[121.542921,24.971513],[121.542921,24.971513],[121.5430453,24.9753],[121.5430453,24.9753],[121.542795,24.978161],[121.542795,24.978161],[121.5418387,24.98123266],[121.54183874603,24.981232663482],[121.5413983,24.98334421],[121.5413983,24.98334421],[121.540884565504,24.9862913799947],[121.540884565504,24.9862913799947],[121.5383895,24.98694835],[121.5383895,24.98694835],[121.536818,24.985271],[121.536818,24.985271]]}},{"type":"Feature","properties":{"route_name":"綠9北新國小","color":"#c13bdc"},"geometry":{"type":"LineString","coordinates":[[121.5594726,24.961924],[121.555892,24.961878],[121.553503,24.960624],[121.549882,24.957591],[121.548674,24.956098],[121.549561,24.958581],[121.548294,24.95997],[121.547875,24.962487],[121.548552,24.963752],[121.549381,24.964294],[121.549973,24.963774],[121.5495994,24.963155],[121.550996,24.962257],[121.549716,24.963084],[121.550046,24.96372],[121.549155,24.964503],[121.548542,24.963873],[121.544636,24.96676],[121.544636,24.96676],[121.54502,24.969788],[121.542921,24.971513],[121.542921,24.971513],[121.544312,24.974222],[121.544312,24.974222],[121.5468506,24.97584027],[121.5468506,24.97584027]]}},{"type":"Feature","properties":{"route_name":"綠9耕莘","color":"#3b9cdc"},"geometry":{"type":"LineString","coordinates":[[121.5594726,24.961924],[121.555892,24.961878],[121.553503,24.960624],[121.549882,24.957591],[121.548674,24.956098],[121.549561,24.958581],[121.548294,24.95997],[121.547875,24.962487],[121.548552,24.963752],[121.549381,24.964294],[121.549973,24.963774],[121.5495994,24.963155],[121.550996,24.962257],[121.549716,24.963084],[121.550046,24.96372],[121.549155,24.964503],[121.548542,24.963873],[121.544636,24.96676],[121.544636,24.96676],[121.54502,24.969788],[121.542921,24.971513],[121.542921,24.971513],[121.5430453,24.9753],[121.5430453,24.9753],[121.542795,24.978161],[121.542795,24.978161],[121.5414605,24.978877],[121.5385193,24.97769404],[121.5385193,24.97769404],[121.5369817,24.97628294],[121.5369817,24.97628294]]}},{"type":"Feature","properties":{"route_name":"藍1","color":"#5c3bdc"},"geometry":{"type":"LineString","coordinates":[[121.465804,25.089056],[121.465804,25.089056],[121.467789,25.090065],[121.467789,25.090065],[121.4647878,25.09124688],[121.4647878,25.09124688],[121.4638568,25.09148696],[121.4638568,25.09148696],[121.4603296,25.09231282],[121.4603296,25.09231282],[121.459433,25.090164],[121.459433,25.090164],[121.4597668,25.08679659],[121.4597668,25.08679659],[121.46132,25.084376],[121.46132,25.084376],[121.463141,25.082584],[121.4649099,25.080944],[121.4665749,25.07899554],[121.4665749,25.07899554],[121.46855,25.07848],[121.46855,25.07848],[121.471915,25.079466],[121.471915,25.079466],[121.473612,25.080632],[121.473612,25.080632],[121.476637,25.081453],[121.476637,25.081453],[121.479191,25.080762],[121.479191,25.080762],[121.481391,25.079502],[121.481238194798,25.0795793818446],[121.483076,25.078537],[121.483076,25.078537],[121.4845214,25.07777593],[121.4845214,25.07777593],[121.4859364,25.07691628],[121.4859364,25.07691628],[121.48856950179,25.075482682654],[121.48856950179,25.075482682654],[121.491151,25.073995],[121.491151,25.073995],[121.492963,25.07293],[121.492963,25.07293],[121.49431,25.071998],[121.49431,25.071998],[121.49511101853,25.0701489438371],[121.49511101853,25.0701489438371],[121.495798,25.068994],[121.495798,25.068994],[121.49641,25.067022],[121.49641,25.067022],[121.496788,25.065609],[121.496788,25.065609],[121.4974644,25.06310647],[121.4974644,25.06310647],[121.496784994,25.061930885],[121.496784994,25.061930885],[121.494254721567,25.0614913406773],[121.494254721567,25.0614913406773],[121.4940315,25.05927578],[121.4940315,25.05927578],[121.4939169,25.05705719],[121.4939169,25.05705719]]}},{"type":"Feature","properties":{"route_name":"藍15","color":"#dc3bcf"},"geometry":{"type":"LineString","coordinates":[[121.6654731,25.07553395],[121.6654731,25.07553395],[121.66504010128,25.0741682394737],[121.6650401,25.07416824],[121.666894790178,25.0757709941611],[121.666894790178,25.0757709941611],[121.666124,25.073617],[121.666124,25.073617],[121.665938786409,25.0718638857203],[121.665938786409,25.0718638857203],[121.664158,25.068761],[121.664158,25.068761],[121.661871,25.066476],[121.661871,25.066476],[121.65913,25.06478],[121.65913,25.06478],[121.656,25.063336],[121.656,25.063336],[121.652972,25.062102],[121.652972,25.062102],[121.64922,25.06145],[121.64922,25.06145],[121.646153,25.060814],[121.646151832258,25.0608168661478],[121.632175626719,25.0562484993939],[121.632022,25.05616],[121.62191,25.055038],[121.62191,25.055038]]}},{"type":"Feature","properties":{"route_name":"藍17","color":"#dc3bc9"},"geometry":{"type":"LineString","coordinates":[[121.482761,25.027716],[121.482761,25.027716],[121.480675,25.028821],[121.480675,25.028821],[121.479456,25.030025],[121.479456,25.030025],[121.478429,25.03143554],[121.478429,25.03143554],[121.476891,25.032496],[121.476953,25.032535],[121.475313,25.032472],[121.475313,25.032472],[121.47366,25.03163],[121.47366,25.03163],[121.472668,25.030537],[121.472668,25.030537],[121.470732,25.02821],[121.470732,25.02821],[121.468869,25.02478],[121.468869,25.02478],[121.46687,25.024488],[121.468393,25.021831],[121.471608,25.017445],[121.471608,25.017445],[121.47229,25.015119],[121.47229,25.015119],[121.470005,25.014023],[121.470005,25.014023],[121.469082,25.012348],[121.469082,25.012348],[121.47013,25.010734],[121.47013,25.010734],[121.4714132,25.00862512],[121.4714132,25.00862512],[121.472254,25.006722],[121.4722542,25.00672218],[121.471823,25.005926],[121.471823,25.005926],[121.4721813,25.0032],[121.4725926,25.00043],[121.4715882,24.997954],[121.4677569,24.993908],[121.4666724,24.989782],[121.4642633,24.988264],[121.463946,24.986937],[121.4650801,24.984654],[121.465462,24.982145],[121.465094,24.980501],[121.463438,24.978778],[121.45959,24.97723],[121.4548005,24.978325],[121.45213,24.97976],[121.450533,24.978481],[121.44737,24.97613],[121.444004,24.972964],[121.44303,24.97172],[121.4417363,24.968726],[121.440174,24.966663],[121.436047,24.966064]]}},{"type":"Feature","properties":{"route_name":"藍18","color":"#dc3bc7"},"geometry":{"type":"LineString","coordinates":[[121.490806,24.990508],[121.4887,24.994432],[121.485429,24.997541],[121.485429,24.997541],[121.4881191,25.00139938],[121.4881546,25.00366744],[121.489187,25.005052],[121.4890806,25.007126],[121.486006,25.00868537],[121.480742,25.010313],[121.4771431,25.01203424],[121.475491,25.013521],[121.475491,25.013521],[121.4740357,25.01501499],[121.4740357,25.01501499],[121.469272,25.021691],[121.467453,25.024906],[121.4602315,25.0404782],[121.460044,25.042298],[121.460015,25.045673],[121.45786333734011,25.04948317165274],[121.45786333734011,25.04948317165274],[121.455669,25.049416],[121.455669,25.049416],[121.4533855,25.04932385],[121.4533855,25.04932385],[121.452983,25.050565],[121.452983,25.050565],[121.45233725893,25.0528494498004],[121.45233725893,25.0528494498004],[121.450407314483,25.054415479901],[121.450407314483,25.054415479901],[121.44737,25.05436],[121.44737,25.05436],[121.445383787828,25.0544053736291],[121.445383787828,25.0544053736291],[121.44468,25.05186],[121.44468,25.05186],[121.4446583,25.04961766],[121.4446583,25.04961766],[121.4447176,25.04788846],[121.4447176,25.04788846],[121.444642,25.044624],[121.444642,25.044624],[121.444856,25.041705],[121.444856,25.041705],[121.446267,25.041709],[121.446267,25.041709],[121.447989,25.042457],[121.447989,25.042457],[121.451981,25.043465],[121.451981,25.043465]]}},{"type":"Feature","properties":{"route_name":"藍2","color":"#5e3bdc"},"geometry":{"type":"LineString","coordinates":[[121.433249,25.019241],[121.433249,25.019241],[121.4326327,25.01508972],[121.4326327,25.01508972],[121.432578,25.013078],[121.432578,25.013078],[121.432644,25.010087],[121.432644,25.010087],[121.432786,25.007493],[121.432786,25.007493],[121.431869,25.007867],[121.431869,25.007867],[121.4299139,25.009369],[121.4299139,25.009369],[121.4284024,25.01056501],[121.4284024,25.01056501],[121.4263087,25.01254806],[121.4263087,25.01254806],[121.4260504,25.01453194],[121.4260504,25.01453194],[121.426301,25.016748],[121.426301,25.016748],[121.425209,25.018367],[121.425209,25.018367],[121.4221636,25.01933187],[121.4221636,25.01933187],[121.4200836,25.01999805],[121.4200836,25.01999805],[121.41789,25.02076],[121.41789,25.02076],[121.416282,25.02129417],[121.416282,25.02129417],[121.41471,25.022436],[121.41471,25.022436],[121.41477,25.0233425],[121.41477,25.0233425],[121.417618,25.025833],[121.417618,25.025833],[121.422375,25.028741],[121.422375,25.028741],[121.42685,25.03016],[121.426971584029,25.0301579598983],[121.431382,25.031553],[121.431382,25.031553],[121.435466,25.032612],[121.435466,25.032612],[121.442607,25.033904],[121.442607,25.033904],[121.44483,25.034382],[121.44483,25.034382],[121.447739,25.034987],[121.447739,25.034987],[121.449469,25.035376],[121.449469,25.035376],[121.456562,25.036727],[121.456562,25.036727],[121.459593,25.038242],[121.459593,25.038242],[121.4623098,25.03991225],[121.4623098,25.03991225],[121.46516,25.041731],[121.46516,25.041731],[121.4665635,25.0427471],[121.4665635,25.0427471],[121.469408,25.045403],[121.469408,25.045403],[121.471374,25.046158],[121.471374,25.046158],[121.473986,25.047009],[121.473986,25.047009],[121.4876744,25.05142477],[121.487739420364,25.0513765359288]]}},{"type":"Feature","properties":{"route_name":"藍21","color":"#dc3b86"},"geometry":{"type":"LineString","coordinates":[[121.630225,25.06495],[121.630225,25.06495],[121.633609,25.0646],[121.633609,25.0646],[121.635248,25.065549],[121.635248,25.065549],[121.636626,25.066714],[121.636626,25.066714],[121.638049,25.068329],[121.638049,25.068329],[121.637965,25.069658],[121.637965,25.069658],[121.634742,25.067918],[121.634742,25.067918],[121.632409,25.066101],[121.6325665,25.06618342],[121.633187,25.063647],[121.63491,25.06172],[121.636706,25.059709],[121.634221,25.057679],[121.634221,25.057679],[121.632175626719,25.0562484993939],[121.632022,25.05616],[121.62191,25.055038],[121.62191,25.055038]]}},{"type":"Feature","properties":{"route_name":"藍21副","color":"#b4dc3b"},"geometry":{"type":"LineString","coordinates":[[121.630225,25.06495],[121.630225,25.06495],[121.633609,25.0646],[121.633609,25.0646],[121.635248,25.065549],[121.635248,25.065549],[121.636626,25.066714],[121.636626,25.066714],[121.638049,25.068329],[121.638049,25.068329],[121.637965,25.069658],[121.637965,25.069658],[121.634742,25.067918],[121.634742,25.067918],[121.6325665,25.06618342],[121.632409,25.066101],[121.629926076885,25.0650436384425],[121.629926076885,25.0650436384425],[121.625135,25.064363],[121.623329,25.06374],[121.624227,25.060345],[121.624227,25.060345],[121.6257725,25.058127],[121.62191,25.055038],[121.62191,25.055038]]}},{"type":"Feature","properties":{"route_name":"藍22","color":"#dc3b84"},"geometry":{"type":"LineString","coordinates":[[121.683273,25.074762],[121.683273,25.074762],[121.682809,25.072605],[121.682809,25.072605],[121.67919,25.07129],[121.67919,25.07129],[121.675147,25.073658],[121.675147,25.073658],[121.67317,25.0763],[121.67317,25.0763],[121.6676204,25.07733],[121.6676204,25.07733],[121.66475,25.07167],[121.66475,25.07167],[121.661689061306,25.0691766561076],[121.661689061306,25.0691766561076],[121.659997,25.067906],[121.659997,25.067906],[121.654564,25.066335],[121.654564,25.066335],[121.652863,25.06486],[121.652863,25.06486],[121.650598,25.063921],[121.650598,25.063921],[121.647015298289,25.0629554356458],[121.647015298289,25.0629554356458],[121.644615,25.062079],[121.644615,25.062079],[121.64195,25.061],[121.64195,25.061],[121.638218,25.05933],[121.638218,25.05933],[121.634221,25.057679],[121.634221,25.057679],[121.632022,25.05616],[121.632175626719,25.0562484993939],[121.62191,25.055038],[121.62191,25.055038]]}},{"type":"Feature","properties":{"route_name":"藍23","color":"#dc3b81"},"geometry":{"type":"LineString","coordinates":[[121.62598,25.06383],[121.62598,25.06383],[121.628202,25.061017],[121.628202,25.061017],[121.630064,25.062346],[121.630064,25.062346],[121.63165,25.06338],[121.63165,25.06338],[121.633609,25.0646],[121.633609,25.0646],[121.635248,25.065549],[121.635248,25.065549],[121.636626,25.066714],[121.636626,25.066714],[121.638049,25.068329],[121.638049,25.068329],[121.639022,25.069847],[121.639022,25.069847],[121.640526,25.074615],[121.640526,25.074615],[121.641688,25.075192],[121.641688,25.075192],[121.6447007,25.07573198],[121.6447007,25.07573198],[121.643781,25.073991],[121.643781,25.073991],[121.641383,25.070234],[121.641383,25.070234],[121.640846,25.068566],[121.640846,25.068566],[121.6410026,25.066459],[121.642091,25.065135],[121.641581,25.062424],[121.641581,25.062424],[121.64195,25.061],[121.64195,25.061],[121.638218,25.05933],[121.638218,25.05933],[121.634221,25.057679],[121.634221,25.057679],[121.632022,25.05616],[121.632175626719,25.0562484993939],[121.62191,25.055038],[121.62191,25.055038]]}},{"type":"Feature","properties":{"route_name":"藍31","color":"#dc433b"},"geometry":{"type":"LineString","coordinates":[[121.482761,25.027716],[121.482761,25.027716],[121.480675,25.028821],[121.480675,25.028821],[121.479456,25.030025],[121.479456,25.030025],[121.478429,25.03143554],[121.478429,25.03143554],[121.476891,25.032496],[121.476953,25.032535],[121.475313,25.032472],[121.475313,25.032472],[121.47366,25.03163],[121.47366,25.03163],[121.47317,25.02918],[121.4762634,25.02667891],[121.477784,25.024164],[121.4793882,25.02236217],[121.47911,25.017161],[121.47911,25.017161],[121.478906,25.014186],[121.478906,25.014186],[121.478737,25.011846],[121.478737,25.011846],[121.479178,25.008537],[121.479635,25.00686],[121.479221,25.006146],[121.479221,25.006146],[121.475774,25.005992],[121.475774,25.005992],[121.47349,25.00638],[121.47349,25.00638],[121.471823,25.005926],[121.471823,25.005926],[121.471153,25.004529],[121.471153,25.004529],[121.469691,25.003956],[121.469691,25.003956],[121.46875,25.002053],[121.46875,25.002053],[121.46855,24.99986],[121.46855,24.99986],[121.4678927,24.99723486],[121.4678927,24.99723486],[121.4669,24.99467],[121.4669,24.99467],[121.464571,24.992745],[121.464571,24.992745],[121.4628264,24.99182614],[121.4628264,24.99182614],[121.460644,24.992198],[121.460644,24.992198],[121.459803,24.994397]]}},{"type":"Feature","properties":{"route_name":"藍32","color":"#dc463b"},"geometry":{"type":"LineString","coordinates":[[121.448751,24.994615],[121.4542782,24.991372],[121.457428,24.991723],[121.457783,24.993422],[121.457732,24.995237],[121.457732,24.995237],[121.459803,24.994397],[121.461443,24.994548],[121.463268,24.995425],[121.464352,24.99752483],[121.464352,24.99752483],[121.463918,24.998622],[121.463918,24.998622],[121.46299,25.001439],[121.46299,25.001439],[121.4624777,25.00377],[121.461912,25.006876],[121.4634845,25.00860074],[121.4634845,25.00860074],[121.460871,25.013298],[121.460871,25.013298],[121.462542,25.01277],[121.462542,25.01277],[121.465455,25.016966],[121.4618048,25.018634],[121.460755,25.019823],[121.460057,25.021353],[121.4584955,25.022805]]}},{"type":"Feature","properties":{"route_name":"藍33","color":"#dc493b"},"geometry":{"type":"LineString","coordinates":[[121.482761,25.027716],[121.482761,25.027716],[121.4834165,25.024957],[121.484889,25.020989],[121.484225,25.019248],[121.482263,25.0153],[121.4820524,25.016592],[121.48266,25.018538],[121.480349,25.019538],[121.480349,25.019538],[121.4780283,25.01801278],[121.4780283,25.01801278],[121.4761893,25.02001],[121.4713989,25.022849],[121.4733352,25.02932746],[121.470732,25.02821],[121.470732,25.02821],[121.468869,25.02478],[121.468869,25.02478],[121.466622,25.020964],[121.466622,25.020964],[121.465,25.018889],[121.465,25.018889],[121.465361,25.016713],[121.462542,25.01277],[121.462542,25.01277]]}},{"type":"Feature","properties":{"route_name":"藍35","color":"#dc4e3b"},"geometry":{"type":"LineString","coordinates":[[121.4447909,25.0118181],[121.4447909,25.0118181],[121.447012,25.011585],[121.447012,25.011585],[121.4497662,25.00938284],[121.4497662,25.00938284],[121.453131,25.009177],[121.4519117,25.01305],[121.452629,25.01563],[121.4540726,25.01618],[121.45689,25.017299],[121.458506,25.0178],[121.4618884,25.018478],[121.465129,25.018614],[121.465129,25.018614],[121.46695,25.02096],[121.46695,25.02096],[121.469272,25.021691],[121.467161,25.023861]]}},{"type":"Feature","properties":{"route_name":"藍36","color":"#dc513b"},"geometry":{"type":"LineString","coordinates":[[121.624227,25.060345],[121.624227,25.060345],[121.625821,25.059088],[121.625821,25.059088],[121.628202,25.061017],[121.628202,25.061017],[121.630064,25.062346],[121.630064,25.062346],[121.63165,25.06338],[121.63165,25.06338],[121.633609,25.0646],[121.633609,25.0646],[121.635248,25.065549],[121.635248,25.065549],[121.636626,25.066714],[121.636626,25.066714],[121.638049,25.068329],[121.638049,25.068329],[121.639022,25.069847],[121.639022,25.069847],[121.637965,25.069658],[121.637965,25.069658],[121.634742,25.067918],[121.634742,25.067918],[121.6325665,25.06618342],[121.632409,25.066101],[121.631401137544,25.0660033327685],[121.631401137544,25.0660033327685],[121.628825,25.067787],[121.628825,25.067787],[121.626867537731,25.067368167607],[121.626867537731,25.067368167607],[121.62487,25.067032],[121.62487,25.067032],[121.6212807,25.06666453],[121.621242309823,25.0666228369498],[121.6188199,25.06680801],[121.618948,25.066708]]}},{"type":"Feature","properties":{"route_name":"藍37","color":"#dc543b"},"geometry":{"type":"LineString","coordinates":[[121.411687,25.021617],[121.411687,25.021617],[121.413948,25.023734],[121.413948,25.023734],[121.4131231,25.02484743],[121.4131231,25.02484743],[121.412419,25.027136],[121.412419,25.027136],[121.41329,25.027967],[121.41329,25.027967],[121.415224,25.027524],[121.415224,25.027524],[121.418718,25.026259],[121.418718,25.026259],[121.423068,25.024872],[121.423068,25.024872],[121.4250914,25.02401714],[121.4250914,25.02401714],[121.4261035,25.02243361],[121.4261035,25.02243361],[121.4272815,25.02045611],[121.4272815,25.02045611],[121.4268159,25.01873861],[121.4268159,25.01873861],[121.42625,25.01724],[121.42625,25.01724],[121.4258116,25.01439],[121.4258116,25.01439],[121.4260776,25.01268166],[121.4260776,25.01268166],[121.428101,25.010583],[121.428101,25.010583],[121.429871,25.009224],[121.429871,25.009224],[121.431591,25.007896],[121.431591,25.007896],[121.43306,25.00565],[121.43183,25.00196],[121.43087,25.000126],[121.429919,24.998348],[121.427318,24.995035],[121.427446,24.993247],[121.430407,24.992111],[121.432175,24.994874],[121.4515397,24.995237],[121.453027,24.999426],[121.453807,25.001745],[121.4569051,25.005452],[121.458355,25.007141],[121.460151,25.009094],[121.460871,25.013298],[121.460871,25.013298]]}},{"type":"Feature","properties":{"route_name":"藍38","color":"#dc563b"},"geometry":{"type":"LineString","coordinates":[[121.415842,24.984168],[121.418065,24.98527587],[121.419964,24.987396],[121.4162031,24.98988],[121.417217,24.991451],[121.4194762,24.994063],[121.42196,24.99529],[121.4243668,24.99325533],[121.423475,24.991726],[121.422148,24.989548],[121.421124,24.98787288],[121.418267,24.98555342],[121.415139,24.983992],[121.411946,24.98298],[121.411425,24.980433],[121.41428,24.980199],[121.4175825,24.98027],[121.420772,24.981864],[121.422959,24.983005],[121.4274924,24.98567],[121.429454,24.987721],[121.430908,24.989821],[121.431818,24.992455],[121.432175,24.994874],[121.4515397,24.995237],[121.453027,24.999426],[121.453807,25.001745],[121.4569051,25.005452],[121.458355,25.007141],[121.460151,25.009094],[121.460871,25.013298],[121.460871,25.013298]]}},{"type":"Feature","properties":{"route_name":"藍39","color":"#dc593b"},"geometry":{"type":"LineString","coordinates":[[121.630225,25.06495],[121.630225,25.06495],[121.633609,25.0646],[121.633609,25.0646],[121.635248,25.065549],[121.635248,25.065549],[121.636626,25.066714],[121.636626,25.066714],[121.638049,25.068329],[121.638049,25.068329],[121.639022,25.069847],[121.639022,25.069847],[121.640526,25.074615],[121.640526,25.074615],[121.641688,25.075192],[121.641688,25.075192],[121.6447007,25.07573198],[121.6447007,25.07573198],[121.643781,25.073991],[121.643781,25.073991],[121.642604,25.070541],[121.642619,25.068347],[121.6409029,25.066565],[121.63978,25.06528],[121.63978,25.06528],[121.638239,25.063502],[121.635908635938,25.061935344445],[121.6355479,25.061019],[121.636706,25.059709],[121.634221,25.057679],[121.634221,25.057679],[121.632022,25.05616],[121.632175626719,25.0562484993939],[121.62191,25.055038],[121.62191,25.055038]]}},{"type":"Feature","properties":{"route_name":"藍40","color":"#dc943b"},"geometry":{"type":"LineString","coordinates":[[121.474349,24.974825],[121.4738491,24.97728],[121.4729573,24.977561],[121.4692813,24.979312],[121.4671302,24.982748],[121.4653,24.98463],[121.462148,24.985487],[121.462148,24.985487],[121.459145,24.984575],[121.459145,24.984575],[121.45657,24.98313],[121.45657,24.98313],[121.45461,24.98184],[121.45461,24.98184],[121.45213,24.97976],[121.450533,24.978481],[121.44737,24.97613],[121.444004,24.972964],[121.44303,24.97172],[121.4417363,24.968726]]}},{"type":"Feature","properties":{"route_name":"藍41","color":"#dc963b"},"geometry":{"type":"LineString","coordinates":[[121.441018,24.981699],[121.4431885,24.98517],[121.4464393,24.988998],[121.4484215,24.98807],[121.4504345,24.986865],[121.451898,24.98593],[121.4533715,24.984441],[121.454736,24.982689],[121.458552,24.981449],[121.46054,24.981837],[121.4618374,24.983292],[121.4639501,24.983907],[121.4653,24.98463],[121.465217,24.986269],[121.465217,24.986269],[121.468935,24.988257],[121.468935,24.988257],[121.47114,24.989461],[121.47114,24.989461],[121.477332,24.992043],[121.477332,24.992043],[121.4789782,24.99430779],[121.4789782,24.99430779],[121.482957,24.995553],[121.482957,24.995553],[121.4870797,24.994208],[121.488434,24.994093],[121.490745,24.992417],[121.490687,24.990459],[121.493285,24.990811],[121.494419,24.991656],[121.495666,24.993046],[121.497652,24.993563],[121.500082,24.99346],[121.505277,24.994329],[121.505277,24.994329],[121.505842,24.996308],[121.505842,24.996308],[121.507121,24.998049],[121.507121,24.998049],[121.509133,25.000374],[121.509133,25.000374],[121.51094,25.002402],[121.51094,25.002402]]}},{"type":"Feature","properties":{"route_name":"藍41延和","color":"#7cdc3b"},"geometry":{"type":"LineString","coordinates":[[121.441018,24.981699],[121.4431885,24.98517],[121.4464393,24.988998],[121.4484215,24.98807],[121.4504345,24.986865],[121.451898,24.98593],[121.4533715,24.984441],[121.454736,24.982689],[121.458552,24.981449],[121.46054,24.981837],[121.4618374,24.983292],[121.4639501,24.983907],[121.4653,24.98463],[121.464106,24.987097],[121.4648498,24.988481],[121.466743,24.989637],[121.469148,24.990215],[121.47114,24.989461],[121.47114,24.989461],[121.477332,24.992043],[121.477332,24.992043],[121.4789782,24.99430779],[121.4789782,24.99430779],[121.482957,24.995553],[121.482957,24.995553],[121.4870797,24.994208],[121.488434,24.994093],[121.490745,24.992417],[121.490687,24.990459],[121.493285,24.990811],[121.494419,24.991656],[121.495666,24.993046],[121.497652,24.993563],[121.500082,24.99346],[121.505277,24.994329],[121.505277,24.994329],[121.505842,24.996308],[121.505842,24.996308],[121.507121,24.998049],[121.507121,24.998049],[121.509133,25.000374],[121.509133,25.000374],[121.51094,25.002402],[121.51094,25.002402]]}},{"type":"Feature","properties":{"route_name":"藍43","color":"#dc9c3b"},"geometry":{"type":"LineString","coordinates":[[121.378934,24.941182],[121.379266,24.94237],[121.380694,24.943771],[121.383532,24.944521],[121.385364,24.948118],[121.386061,24.949747],[121.387879,24.953168],[121.389064,24.955979],[121.391823,24.956347],[121.3954417,24.95651],[121.39893,24.956761],[121.400475,24.95845],[121.4023,24.960227],[121.404567,24.960388],[121.406883,24.960619],[121.4215718,24.966343],[121.4237042,24.964456],[121.4277811,24.966004],[121.429492,24.967294],[121.432144,24.969918],[121.43465,24.97259],[121.4374704,24.975205],[121.4379618,24.974282],[121.437359,24.971284],[121.436598,24.967342]]}},{"type":"Feature","properties":{"route_name":"藍43延南天母","color":"#dc8e3b"},"geometry":{"type":"LineString","coordinates":[[121.378934,24.941182],[121.379266,24.94237],[121.380694,24.943771],[121.383532,24.944521],[121.385364,24.948118],[121.386061,24.949747],[121.387879,24.953168],[121.389064,24.955979],[121.391823,24.956347],[121.3954417,24.95651],[121.39893,24.956761],[121.400475,24.95845],[121.4023,24.960227],[121.404567,24.960388],[121.406883,24.960619],[121.4215718,24.966343],[121.4237042,24.964456],[121.4277811,24.966004],[121.429492,24.967294],[121.432144,24.969918],[121.43465,24.97259],[121.4374704,24.975205],[121.4379618,24.974282],[121.437359,24.971284],[121.436598,24.967342],[121.43615,24.965803],[121.4404818,24.962653],[121.4444488,24.958272],[121.445521,24.95693],[121.446815,24.955605],[121.4467179,24.956802],[121.4474823,24.954049],[121.448,24.951145]]}},{"type":"Feature","properties":{"route_name":"藍44","color":"#dc9e3b"},"geometry":{"type":"LineString","coordinates":[[121.427318,24.995035],[121.4267324,24.994234],[121.424867,24.991036],[121.4208258,24.986454],[121.4178459,24.98498],[121.4159228,24.984011],[121.41314,24.982634],[121.41428,24.980199],[121.4175825,24.98027],[121.420772,24.981864],[121.422959,24.983005],[121.4262869,24.983971],[121.427283,24.982514],[121.4374704,24.975205],[121.4379618,24.974282],[121.437359,24.971284],[121.436598,24.967342]]}},{"type":"Feature","properties":{"route_name":"藍44延","color":"#693bdc"},"geometry":{"type":"LineString","coordinates":[[121.427318,24.995035],[121.4267324,24.994234],[121.424867,24.991036],[121.4208258,24.986454],[121.4178459,24.98498],[121.4159228,24.984011],[121.41314,24.982634],[121.41428,24.980199],[121.4175825,24.98027],[121.420772,24.981864],[121.422959,24.983005],[121.4262869,24.983971],[121.427283,24.982514],[121.4374704,24.975205],[121.4379618,24.974282],[121.437359,24.971284],[121.436598,24.967342],[121.43615,24.965803],[121.4404818,24.962653],[121.4444488,24.958272],[121.445521,24.95693],[121.446815,24.955605],[121.4467179,24.956802],[121.4474823,24.954049],[121.448,24.951145]]}},{"type":"Feature","properties":{"route_name":"藍45","color":"#dca13b"},"geometry":{"type":"LineString","coordinates":[[121.4318484,24.9204],[121.4294344,24.922628],[121.4276915,24.923609],[121.4268531,24.925616],[121.424155,24.928224],[121.4209067,24.930026],[121.4188796,24.929628],[121.4166595,24.928146],[121.4139478,24.927942],[121.4122414,24.928841],[121.41028,24.93055],[121.4087698,24.931554],[121.4053246,24.933143],[121.403305,24.934012],[121.401671,24.934642],[121.3993932,24.93523],[121.396151,24.936053],[121.395703,24.939072],[121.398554,24.941784],[121.401605,24.943434],[121.403346,24.944505],[121.404395,24.945465],[121.40683,24.94828],[121.411206,24.951976],[121.41214,24.95341],[121.414282,24.956227],[121.417136,24.958169],[121.418269,24.958842],[121.42204,24.96147],[121.425079,24.962537],[121.427371,24.963818],[121.430929,24.964872],[121.434258,24.965538],[121.4365891,24.96693499],[121.438862,24.969338],[121.44017,24.970248]]}},{"type":"Feature","properties":{"route_name":"藍46","color":"#dca43b"},"geometry":{"type":"LineString","coordinates":[[121.354721,24.903076],[121.35647,24.903795],[121.3580499,24.905352],[121.3606637,24.906297],[121.3638635,24.907042],[121.3657545,24.909574],[121.3660308,24.913017],[121.3661627,24.915484],[121.3667889,24.918753],[121.3690634,24.919955],[121.3705211,24.921248],[121.3717061,24.925869],[121.37274,24.92667],[121.375272,24.927307],[121.377385,24.928825],[121.379262,24.93019],[121.381069,24.930158],[121.385095,24.931522],[121.3866366,24.93307081],[121.39106,24.93521],[121.393817,24.935708],[121.395837,24.937183],[121.395703,24.939072],[121.398554,24.941784],[121.401605,24.943434],[121.403346,24.944505],[121.404395,24.945465],[121.40683,24.94828],[121.411206,24.951976],[121.41214,24.95341],[121.414282,24.956227],[121.417136,24.958169],[121.418269,24.958842]]}},{"type":"Feature","properties":{"route_name":"藍海2線先導公車","color":"#4b3bdc"},"geometry":{"type":"LineString","coordinates":[[121.429244,25.201498],[121.429244,25.201498],[121.430307,25.201368],[121.4315176,25.200863],[121.436479,25.197894],[121.4385,25.197643],[121.43879,25.19589],[121.4381812,25.192489],[121.438,25.19075],[121.436968,25.189905],[121.436968,25.189905],[121.434226,25.190308],[121.434226,25.190308],[121.431575,25.190616],[121.431575,25.190616],[121.430269,25.189891],[121.429417,25.188182],[121.4274118,25.187485],[121.4251443,25.184489],[121.423248,25.182982],[121.42296,25.18123],[121.42296,25.18123],[121.42388,25.17864],[121.42388,25.17864],[121.424245,25.17801],[121.424245,25.17801],[121.426080642001,25.1763359186121],[121.426080642001,25.1763359186121],[121.42796,25.17553],[121.42796,25.17553],[121.431339,25.174897],[121.431339,25.174897],[121.433254130323,25.1743599945731],[121.43328,25.1743],[121.435832,25.173232],[121.435832,25.173232],[121.438273,25.172781],[121.438273,25.172781],[121.43977,25.1724],[121.43977,25.1724],[121.442618297947,25.1704243596582],[121.442618297947,25.1704243596582],[121.4442,25.169611],[121.4442,25.169611],[121.446540610778,25.1674549071321],[121.446540610778,25.1674549071321]]}},{"type":"Feature","properties":{"route_name":"蘆洲-中正高中","color":"#3b71dc"},"geometry":{"type":"LineString","coordinates":[[121.47112,25.07213746],[121.47112,25.07213746],[121.463516,25.08252],[121.4600359,25.08676744],[121.4600359,25.08676744],[121.465126,25.09079],[121.465126,25.09079],[121.472179,25.086159],[121.472179,25.086159],[121.479191,25.080762],[121.479191,25.080762],[121.4859364,25.07691628],[121.4859364,25.07691628],[121.488483238014,25.0851042085456],[121.488483238014,25.0851042085456],[121.4933,25.087786],[121.4933,25.087786]]}},{"type":"Feature","properties":{"route_name":"蘆洲-內湖","color":"#3bd1dc"},"geometry":{"type":"LineString","coordinates":[[121.465804,25.089056],[121.465804,25.089056],[121.4684977,25.08574782],[121.4684977,25.08574782],[121.472348,25.081628],[121.472348,25.081628],[121.476637,25.081453],[121.476637,25.081453],[121.481238194798,25.0795793818446],[121.481391,25.079502],[121.4859364,25.07691628],[121.4859364,25.07691628],[121.491151,25.073995],[121.491151,25.073995]]}},{"type":"Feature","properties":{"route_name":"蘆洲-南港","color":"#dc3b94"},"geometry":{"type":"LineString","coordinates":[[121.463227,25.091505],[121.463227,25.091505],[121.4593921,25.08279255],[121.4593921,25.08279255],[121.476637,25.081453],[121.476637,25.081453],[121.481238194798,25.0795793818446],[121.481391,25.079502],[121.4859364,25.07691628],[121.4859364,25.07691628],[121.491151,25.073995],[121.491151,25.073995]]}},{"type":"Feature","properties":{"route_name":"蘆洲中正路-士林中正路","color":"#c43bdc"},"geometry":{"type":"LineString","coordinates":[[121.465804,25.089056],[121.465804,25.089056],[121.4677982,25.08671129],[121.4677982,25.08671129],[121.4684977,25.08574782],[121.4684977,25.08574782],[121.470464,25.08302],[121.470464,25.08302],[121.472348,25.081628],[121.472348,25.081628],[121.476637,25.081453],[121.476637,25.081453],[121.48065,25.082575],[121.48065,25.082575],[121.48278,25.086512],[121.48278,25.086512],[121.49,25.087666],[121.49,25.087666],[121.4933,25.087786],[121.4933,25.087786]]}},{"type":"Feature","properties":{"route_name":"貢寮區學生專車","color":"#3b99dc"},"geometry":{"type":"LineString","coordinates":[[121.908096,25.017093],[121.915008,25.021452],[121.92617,25.041681],[121.9232049,25.048589],[121.9229664,25.050828],[121.9243005,25.054581],[121.924993,25.057492],[121.928501,25.060694],[121.923435,25.068887],[121.9198167,25.072367],[121.9154927,25.074912],[121.91401,25.082995],[121.913312,25.09075],[121.917308,25.100147],[121.91995,25.104947],[121.9158527,25.111054],[121.912696,25.114295],[121.9161432,25.117436]]}},{"type":"Feature","properties":{"route_name":"通勤11","color":"#dc3b76"},"geometry":{"type":"LineString","coordinates":[[121.492374,25.002543],[121.492374,25.002543],[121.493889,25.002035],[121.493912,25.002028],[121.495441,25.002211],[121.495441,25.002211],[121.4976874,25.00030984],[121.4996731019886,24.998331595875737],[121.4996731019886,24.998331595875737],[121.50137333996481,24.995456001390632],[121.50137333996481,24.995456001390632],[121.504297,24.993354],[121.504297,24.993354],[121.509186,24.992776],[121.509186,24.992776],[121.513228,24.994533],[121.513228,24.994533],[121.514859678286,24.9964243335687],[121.514859678286,24.9964243335687],[121.516565619533,24.9983765816712],[121.5164442,24.99830177],[121.518434,25.000124],[121.518434,25.000124],[121.52086,24.999844],[121.52086,24.999844],[121.522385215721,25.0012830070909],[121.522385215721,25.0012830070909],[121.522833,25.002882],[121.522833,25.002882]]}},{"type":"Feature","properties":{"route_name":"通勤12","color":"#dc3b74"},"geometry":{"type":"LineString","coordinates":[[121.492374,25.002543],[121.492374,25.002543],[121.493889,25.002035],[121.493912,25.002028],[121.495441,25.002211],[121.495441,25.002211],[121.4976874,25.00030984],[121.4996731019886,24.998331595875737],[121.4996731019886,24.998331595875737],[121.50137333996481,24.995456001390632],[121.50137333996481,24.995456001390632],[121.504297,24.993354],[121.504297,24.993354],[121.509186,24.992776],[121.509186,24.992776],[121.512965,24.992332],[121.512965,24.992332],[121.516141,24.991961],[121.515962,24.992018],[121.519446,24.991327],[121.519446,24.991327],[121.5259498,24.99096231],[121.5259498,24.99096231],[121.526302,24.993685],[121.526302,24.993685],[121.526436,24.994659],[121.526436,24.994659],[121.526627,24.996255],[121.526627,24.996255],[121.5267065,24.99838696],[121.5267065,24.99838696],[121.52681,24.99982],[121.52681,24.99982],[121.5269278,25.00214652],[121.5269278,25.00214652]]}},{"type":"Feature","properties":{"route_name":"通勤13","color":"#dc3b71"},"geometry":{"type":"LineString","coordinates":[[121.5385193,24.97769404],[121.5385193,24.97769404],[121.5369817,24.97628294],[121.5369817,24.97628294],[121.53502,24.9752],[121.53502,24.9752],[121.533809,24.973479],[121.533809,24.973479],[121.534816,24.972277],[121.534816,24.972277],[121.5368,24.97102],[121.5368,24.97102],[121.53795,24.97041],[121.53795,24.97041],[121.5390479,24.968989],[121.5390479,24.968989],[121.54062,24.96737],[121.54062,24.96737],[121.542921,24.971513],[121.542921,24.971513],[121.5430453,24.9753],[121.5430453,24.9753],[121.542795,24.978161],[121.542795,24.978161],[121.541926,24.98097],[121.541926,24.98097],[121.5413983,24.98334421],[121.5413983,24.98334421]]}},{"type":"Feature","properties":{"route_name":"通勤9","color":"#94dc3b"},"geometry":{"type":"LineString","coordinates":[[121.49249,25.08862],[121.49249,25.08862],[121.48964,25.08983],[121.48964,25.08983],[121.48748,25.08957],[121.48748,25.08957],[121.48288,25.087002],[121.48288,25.087002],[121.4808989,25.08402005],[121.4808989,25.08402005],[121.47994,25.08181],[121.47994,25.08181],[121.4791180235,25.0810914736106],[121.4791180235,25.0810914736106],[121.47682,25.08167],[121.47682,25.08167],[121.4735458,25.08207017],[121.4735458,25.08207017],[121.4714493,25.08145684],[121.4714493,25.08145684],[121.4694739,25.0795305],[121.4694739,25.0795305],[121.468829,25.077997],[121.468829,25.077997]]}},{"type":"Feature","properties":{"route_name":"鶯歌火車站-中正紀念堂","color":"#3ba9dc"},"geometry":{"type":"LineString","coordinates":[[121.354993,24.955077],[121.350498,24.953993],[121.352637,24.94957114],[121.460151,25.009094]]}},{"type":"Feature","properties":{"route_name":"鶯歌火車站-松山機場","color":"#3b7cdc"},"geometry":{"type":"LineString","coordinates":[[121.354993,24.955077],[121.350498,24.953993],[121.352637,24.94957114],[121.36251,24.940937],[121.426491,24.959255],[121.521323,24.973006]]}},{"type":"Feature","properties":{"route_name":"龍崗線","color":"#dc7c3b"},"geometry":{"type":"LineString","coordinates":[[121.908576,25.022102],[121.905937,25.020824],[121.9082023,25.016618],[121.905173,25.013987],[121.899827,25.006154],[121.910362,24.989683],[121.901776,24.985679],[121.892783,24.978321],[121.891671,24.977284],[121.891351,24.973114],[121.888624,24.97152],[121.883127,24.976236],[121.877285,24.97341],[121.883127,24.976236],[121.88148,24.978116],[121.883395,24.982686],[121.886644,24.986889],[121.88713,25.004517],[121.905937,25.020824],[121.90861,25.022231]]}}]}