{"type":"FeatureCollection","features":[{"type":"Feature","properties":{"route_name":"0南","color":"#3bdc79"},"geometry":{"type":"LineString","coordinates":[[121.570457,25.001753],[121.569474,25.002436],[121.5672991,25.00146028],[121.56892,24.999962],[121.567262,24.999065],[121.5625566,24.99756829],[121.5603813,24.99706037],[121.55947313859588,24.9977449509898],[121.55947313859588,24.9977449509898],[121.557829,24.999259],[121.557829,24.999259],[121.555797991874,25.0004051038435],[121.555797991874,25.0004051038435],[121.553039816886,25.001459963615],[121.550073640107,25.0009828977016],[121.547448469573,24.9995842974218],[121.545835,24.998953],[121.54393655953,24.999719170953],[121.542530095186,25.0015098013863],[121.542530095186,25.0015098013863],[121.539995594657,25.0042661031504],[121.539995594657,25.0042661031504],[121.538470307254,25.0076706783786],[121.53849,25.00761],[121.535185,25.013993],[121.535185,25.013993],[121.53375,25.018029],[121.534388191196,25.0214053337175],[121.532693859225,25.0263548162126],[121.53006,25.026622],[121.527713493878,25.026738138642],[121.526353,25.028663],[121.52673,25.03066],[121.5272129,25.03321177]]}},{"type":"Feature","properties":{"route_name":"0東","color":"#543bdc"},"geometry":{"type":"LineString","coordinates":[[121.576485,25.067523],[121.582711,25.070517],[121.582711,25.070517],[121.581177,25.071952],[121.581177,25.071952],[121.57766690657958,25.07478024553194],[121.57766690657958,25.07478024553194],[121.575587990787,25.077240508774],[121.57642,25.0787],[121.578396,25.078683],[121.578396,25.078683],[121.581597209792,25.0783569202296],[121.5841327,25.07840172],[121.5841327,25.07840172],[121.587565869008,25.0787035812339],[121.59007719697958,25.076435413204408],[121.58972,25.073372],[121.592095,25.071852],[121.589869957803,25.0710371489715],[121.589869957803,25.0710371489715],[121.58821790633739,25.06918300127649],[121.58556,25.06901],[121.583129808238,25.0685609459737],[121.583129808238,25.0685609459737],[121.57895384595646,25.066982973174284],[121.566155,25.062286],[121.5679233,25.05966141],[121.5663295,25.0591755],[121.5634,25.0575],[121.5635808,25.05524502],[121.56216251653,25.054217211063],[121.559764,25.054069],[121.557874385835,25.0538817473717],[121.5568095,25.05277814],[121.55774,25.04937],[121.55669744493079,25.048204076570904],[121.55385352920746,25.048314127211775],[121.55149614124916,25.048292238016234],[121.548797,25.04527113],[121.548797,25.04527113],[121.5487541,25.04186596],[121.5487541,25.04186596],[121.548697,25.039043],[121.548697,25.039043],[121.5485022,25.03412379],[121.5485022,25.03412379],[121.5461666,25.0333837],[121.5438266,25.03340442],[121.542275,25.033382],[121.53846436682753,25.033528900407934],[121.5359159,25.03355035],[121.53336986167852,25.033641163337222],[121.53039498137659,25.033725370699948],[121.52775567033312,25.034084364885075],[121.5247830381989,25.035289619677716],[121.52065828149863,25.03734153832383],[121.5163535,25.04192722],[121.5163535,25.04192722],[121.515057344159,25.0441772424518],[121.515057344159,25.0441772424518],[121.515689438859,25.0465635496954],[121.515689438859,25.0465635496954]]}},{"type":"Feature","properties":{"route_name":"1","color":"#dcbf3b"},"geometry":{"type":"LineString","coordinates":[[121.4889513,25.03228397],[121.490275889545,25.0315232668912],[121.491328,25.031919],[121.493340521386,25.0341141458286],[121.496276,25.035221],[121.500164,25.035143],[121.5000845,25.03514822],[121.5024902037,25.035100755316],[121.5062725,25.03242295],[121.5062725,25.03242295],[121.509834,25.030056],[121.509834,25.030056],[121.513095,25.029178],[121.5157,25.029828],[121.5157,25.029828],[121.518037534882,25.0299878580087],[121.518037534882,25.0299878580087],[121.520315080867,25.0273649962157],[121.5243501,25.0242886],[121.5243501,25.0242886],[121.526085861859,25.0224187553298],[121.526085861859,25.0224187553298],[121.528697,25.020027],[121.528697,25.020027],[121.531379,25.017546],[121.531379,25.017546],[121.534722,25.014321],[121.534722,25.014321],[121.538530831111,25.0120963546845],[121.538530831111,25.0120963546845],[121.54013379820495,25.013398935169228],[121.54013379820495,25.013398935169228],[121.542468,25.015403],[121.542468,25.015403],[121.5448494574872,25.0174253459055],[121.5448494574872,25.0174253459055],[121.54746,25.01963],[121.54746,25.01963],[121.551906976436,25.0236369355906],[121.551906976436,25.0236369355906],[121.5549231,25.02628003],[121.5549231,25.02628003],[121.557084,25.028593],[121.557084,25.028593],[121.5588464,25.03159637],[121.5588464,25.03159637],[121.56127,25.031446],[121.5624103,25.02923056],[121.5632643,25.02827334],[121.565724,25.027402],[121.568122,25.026725],[121.569585,25.024432]]}},{"type":"Feature","properties":{"route_name":"108","color":"#dc943b"},"geometry":{"type":"LineString","coordinates":[[121.54603,25.15148],[121.54608,25.15532],[121.5468387,25.15831856],[121.54528,25.16067],[121.54429,25.16172],[121.5448478,25.16310508],[121.5404,25.16727],[121.540701,25.17329468],[121.541178,25.17508],[121.54296,25.179701],[121.52994,25.18278],[121.5465214,25.17999562],[121.547521,25.176902],[121.556672604008,25.1778013229445],[121.56002,25.17127],[121.5624343,25.1691087],[121.5631306,25.16752826],[121.57388,25.16716],[121.563178869925,25.1677213409641]]}},{"type":"Feature","properties":{"route_name":"108區","color":"#dc643b"},"geometry":{"type":"LineString","coordinates":[[121.54603,25.15148],[121.54608,25.15532],[121.5468387,25.15831856],[121.54528,25.16067],[121.54429,25.16172],[121.5448478,25.16310508],[121.5404,25.16727],[121.540701,25.17329468],[121.541178,25.17508],[121.54296,25.179701],[121.52994,25.18278]]}},{"type":"Feature","properties":{"route_name":"109","color":"#dc963b"},"geometry":{"type":"LineString","coordinates":[[121.570457,25.001753],[121.569474,25.002436],[121.5672991,25.00146028],[121.56892,24.999962],[121.567262,24.999065],[121.5625566,24.99756829],[121.5603813,24.99706037],[121.55947313859588,24.9977449509898],[121.55947313859588,24.9977449509898],[121.557829,24.999259],[121.557829,24.999259],[121.555797991874,25.0004051038435],[121.555797991874,25.0004051038435],[121.553039816886,25.001459963615],[121.550073640107,25.0009828977016],[121.547448469573,24.9995842974218],[121.545835,24.998953],[121.54393655953,24.999719170953],[121.542530095186,25.0015098013863],[121.542530095186,25.0015098013863],[121.539995594657,25.0042661031504],[121.539995594657,25.0042661031504],[121.53849,25.00761],[121.538470307254,25.0076706783786],[121.535185,25.013993],[121.535185,25.013993],[121.53375,25.018029],[121.534388191196,25.0214053337175],[121.5349231,25.02527096],[121.53384,25.03048],[121.5329027,25.03320526],[121.5328703,25.03779674],[121.5328758,25.04198981],[121.53299,25.045],[121.532997019655,25.0482736559236],[121.533087,25.0517997],[121.5331386,25.05453652],[121.533176617617,25.057613818954],[121.53321393502,25.062118989233],[121.529148,25.062636],[121.529148,25.062636],[121.52798329556133,25.06385884449781],[121.528089,25.066076],[121.52804750361558,25.06761882553957],[121.524381872313,25.0805889011559],[121.52663,25.08697],[121.527703,25.091209],[121.5334915,25.097224],[121.533481875716,25.0972847950979],[121.537708683954,25.101779204864],[121.53702433513,25.1035131480372],[121.536903542185,25.1069424036663],[121.5381247,25.10410142],[121.540318712854,25.1020154099508],[121.543899657612,25.1050667160996],[121.5453823,25.10696523],[121.547020026043,25.1092441758524],[121.548654,25.110508],[121.55056001317,25.1143365915433],[121.5521,25.11785],[121.55309076524317,25.120427697654744],[121.55146530005,25.1230700246186],[121.55027648092783,25.124902973723618],[121.547624545151,25.1297799480943],[121.54684,25.13135],[121.546296671701,25.1361057782174],[121.5465825,25.13875593],[121.54965081795456,25.14067928068319],[121.54926514715302,25.14305029076675],[121.549608408559,25.1459354022478],[121.549325751061,25.1480738467069],[121.54960015536507,25.149638967548405],[121.5500578,25.1507481],[121.549636,25.151372],[121.5474217,25.15249728],[121.54469305068612,25.153887276501916]]}},{"type":"Feature","properties":{"route_name":"111","color":"#dcd43b"},"geometry":{"type":"LineString","coordinates":[[121.5178677888,25.0628480067],[121.5178677888,25.0628480067],[121.519041158328,25.0725860525549],[121.5227513,25.08106627],[121.525031,25.084952],[121.525031,25.084952],[121.524004254885,25.0878445553514],[121.52330153373,25.0946048451863],[121.52330153373,25.0946048451863],[121.5267653,25.09543483],[121.5267653,25.09543483],[121.5290055,25.09583325],[121.5290055,25.09583325],[121.531395,25.096324],[121.531395,25.096324],[121.5334915,25.097224],[121.533481875716,25.0972847950979],[121.537708683954,25.101779204864],[121.53702433513,25.1035131480372],[121.536903542185,25.1069424036663],[121.5381247,25.10410142],[121.540318712854,25.1020154099508],[121.543899657612,25.1050667160996],[121.5453823,25.10696523],[121.547020026043,25.1092441758524],[121.548654,25.110508],[121.55056001317,25.1143365915433],[121.5521,25.11785],[121.55309076524317,25.120427697654744],[121.55146530005,25.1230700246186],[121.55027648092783,25.124902973723618],[121.547624545151,25.1297799480943],[121.54684,25.13135],[121.546296671701,25.1361057782174],[121.5465825,25.13875593],[121.54965081795456,25.14067928068319],[121.54926514715302,25.14305029076675],[121.549608408559,25.1459354022478],[121.549325751061,25.1480738467069],[121.54960015536507,25.149638967548405],[121.5500578,25.1507481],[121.549636,25.151372],[121.5474217,25.15249728],[121.54469305068612,25.153887276501916]]}},{"type":"Feature","properties":{"route_name":"12","color":"#3bdc54"},"geometry":{"type":"LineString","coordinates":[[121.496094355207,25.0171711735736],[121.496094355207,25.0171711735736],[121.497706,25.01987],[121.497706,25.01987],[121.5000872,25.02109899],[121.5020719,25.02196658],[121.50277864902843,25.023224075638726],[121.50333348774862,25.02477910385403],[121.504647,25.025478],[121.5062868,25.02596466],[121.50712,25.0253],[121.508810147614,25.0245858237515],[121.508379,25.025757],[121.506661163485,25.0272364792619],[121.50540777894,25.0285917595947],[121.504168146781,25.0306970667598],[121.50499126498305,25.03268103989999],[121.5062837,25.03501116],[121.508285900629,25.041730058378],[121.508285900629,25.041730058378],[121.5094213,25.04568121],[121.509380726049,25.0456964941835],[121.5106101265,25.0506096983314],[121.5106101265,25.0506096983314],[121.5125579,25.05188337],[121.514207,25.052844],[121.514207,25.052844],[121.515705430802,25.053651217399],[121.515705430802,25.053651217399],[121.519674930441,25.0527107746344],[121.525060474751,25.052069472359],[121.529855025946,25.0520078098529],[121.532641149751,25.0519912439505],[121.53409,25.05472],[121.5380796,25.05457515],[121.5414952,25.05456174],[121.5453828,25.05447219],[121.5492693,25.05668072],[121.5492693,25.05668072],[121.5525641,25.05792823],[121.55569442816517,25.058201423962956],[121.559216750962,25.0585017739443],[121.560927032747,25.0586405271738],[121.56339,25.06067],[121.56364748952177,25.06279839209022],[121.566155,25.062286]]}},{"type":"Feature","properties":{"route_name":"128","color":"#7edc3b"},"geometry":{"type":"LineString","coordinates":[[121.5154878,25.11515658],[121.516564,25.117369],[121.51968525315,25.1185668257628],[121.51968525315,25.1185668257628],[121.5227594,25.12021257],[121.5236475,25.1218225],[121.5256724,25.12356742],[121.52619,25.12451],[121.528123,25.126212],[121.5292833,25.1281732],[121.528537,25.128842],[121.5281012,25.1304703],[121.52858,25.13278],[121.5287961,25.13595232],[121.5282707,25.13776309],[121.5283094,25.13969584],[121.52727,25.14348],[121.530696106134,25.1478993639153],[121.5324399,25.15105389],[121.533371,25.14808],[121.531789,25.146038],[121.5314682,25.14364173],[121.53560208412,25.1431074666186],[121.539407,25.143901],[121.5412287,25.14272321],[121.54426,25.142237],[121.54867972593061,25.14747195087477],[121.54960015536507,25.149638967548405],[121.5500578,25.1507481],[121.549636,25.151372],[121.5474217,25.15249728],[121.5393511,25.15284815],[121.539219,25.15468],[121.539812,25.156604],[121.5390768,25.15466506],[121.53963,25.152412],[121.54109,25.151749],[121.544346,25.151846],[121.54608,25.15532],[121.5404,25.16727],[121.538427,25.170444],[121.533407,25.17264],[121.534256,25.177617],[121.537053,25.17523],[121.538407,25.173595]]}},{"type":"Feature","properties":{"route_name":"129","color":"#7cdc3b"},"geometry":{"type":"LineString","coordinates":[[121.49796757939285,25.132300275375297],[121.5007209,25.13384543],[121.5007209,25.13384543],[121.50256846263959,25.13489933134952],[121.50444128215462,25.13658039419034],[121.504544748237,25.137839376017],[121.5059604,25.13930593],[121.506324,25.14066656],[121.50781,25.14134],[121.5097788,25.14102259],[121.511030827324,25.1411661449186],[121.51406,25.14187],[121.5178621,25.14275949],[121.52148,25.14374],[121.523174,25.146018],[121.5224231,25.14785657],[121.523109,25.150358],[121.52465,25.14917],[121.525477,25.150533],[121.52694,25.15103],[121.5289051,25.15445173],[121.529629,25.155303],[121.530313,25.15638367],[121.531572,25.15875],[121.532348,25.159992],[121.533616,25.159919],[121.534993,25.159646],[121.536403,25.15982],[121.538101,25.158633],[121.538719,25.15781],[121.539812,25.156604],[121.5390768,25.15466506],[121.53963,25.152412],[121.54109,25.151749],[121.544346,25.151846],[121.5473281,25.15233918],[121.54608,25.15532],[121.5468387,25.15831856],[121.54528,25.16067],[121.54429,25.16172],[121.5448478,25.16310508],[121.5404,25.16727],[121.538427,25.170444],[121.533407,25.17264],[121.534256,25.177617],[121.537053,25.17523],[121.538407,25.173595]]}},{"type":"Feature","properties":{"route_name":"14","color":"#3bdc59"},"geometry":{"type":"LineString","coordinates":[[121.51719764702355,25.0484971857801],[121.51719764702355,25.0484971857801]]}},{"type":"Feature","properties":{"route_name":"1717","color":"#dc863b"},"geometry":{"type":"LineString","coordinates":[[121.5163535,25.04192722],[121.5163535,25.04192722],[121.520239869754,25.046578538214],[121.522081,25.050519],[121.522969858739,25.0562422589842],[121.5230341,25.06158152],[121.5224722,25.0642887],[121.5228199,25.06770081],[121.5240266,25.07222485],[121.524381872313,25.0805889011559],[121.525031,25.084952],[121.525031,25.084952],[121.52663,25.08697],[121.527703,25.091209],[121.528319753964,25.0947774592454],[121.5290055,25.09583325],[121.5290055,25.09583325],[121.531395,25.096324],[121.531395,25.096324],[121.533481875716,25.0972847950979],[121.5334915,25.097224],[121.537708683954,25.101779204864],[121.536903542185,25.1069424036663],[121.5381247,25.10410142],[121.540318712854,25.1020154099508],[121.543899657612,25.1050667160996],[121.5453823,25.10696523],[121.547020026043,25.1092441758524],[121.548654,25.110508],[121.55056001317,25.1143365915433],[121.5521,25.11785],[121.55309076524317,25.120427697654744],[121.55146530005,25.1230700246186],[121.55027648092783,25.124902973723618],[121.547624545151,25.1297799480943],[121.54684,25.13135],[121.546296671701,25.1361057782174],[121.5465825,25.13875593],[121.54926514715302,25.14305029076675],[121.549325751061,25.1480738467069],[121.5500578,25.1507481],[121.549636,25.151372],[121.5474217,25.15249728],[121.54608,25.15532],[121.5448478,25.16310508],[121.5404,25.16727],[121.540701,25.17329468],[121.54296,25.179701],[121.5465214,25.17999562],[121.547521,25.176902],[121.556672604008,25.1778013229445],[121.556559279839,25.1833944972436],[121.557794017832,25.1839536536108],[121.558863,25.182629],[121.561603577006,25.1803836131635],[121.562417282901,25.1786957497964],[121.56938,25.17961],[121.573795,25.183977],[121.57986260978,25.1798798474026]]}},{"type":"Feature","properties":{"route_name":"18","color":"#3bdc64"},"geometry":{"type":"LineString","coordinates":[[121.4889513,25.03228397],[121.490275889545,25.0315232668912],[121.491328,25.031919],[121.493340521386,25.0341141458286],[121.4953,25.0362],[121.4979101,25.03842129],[121.501102766364,25.0383544871594],[121.501064,25.03837413],[121.5040228,25.03871131],[121.5051324,25.04153818],[121.5051324,25.04153818],[121.507436,25.04202065],[121.507436,25.04202065],[121.509834083745,25.0414915346214],[121.509834083745,25.0414915346214],[121.511555,25.043262],[121.511555,25.043262],[121.51129364418,25.04676505924],[121.51129364418,25.04676505924],[121.514521527226,25.0468151658683],[121.51846488093777,25.042525923467416],[121.51846488093777,25.042525923467416],[121.51673,25.03643],[121.51673,25.03643],[121.51730635582,25.0337181062065],[121.5173064,25.03371811],[121.5157,25.029828],[121.5157,25.029828],[121.518037534882,25.0299878580087],[121.518037534882,25.0299878580087],[121.520315080867,25.0273649962157],[121.5246159,25.02678744],[121.5278634988405,25.02650071684031],[121.529958,25.026362],[121.533012542409,25.0260973914545],[121.536235879941,25.0257355123764],[121.538492198683,25.0254072414078],[121.538492198683,25.0254072414078],[121.542239793699,25.0249140592421],[121.542239793699,25.0249140592421],[121.545343325676,25.0246033941802],[121.547571,25.024522],[121.550861893498,25.0242726614044],[121.553534505165,25.0232432826612],[121.555910878022,25.0210340657202],[121.5578044,25.01926083],[121.55853,25.01825]]}},{"type":"Feature","properties":{"route_name":"2","color":"#dcc13b"},"geometry":{"type":"LineString","coordinates":[[121.468652,25.109126],[121.4708548,25.10818883],[121.4725103,25.10658744],[121.47427,25.10614],[121.4762383,25.10585744],[121.47886,25.10581],[121.4812673,25.10595228],[121.4831859,25.10591285],[121.48448,25.10563],[121.4872193,25.10323827],[121.48915,25.1017],[121.49168,25.09956],[121.49333,25.09816],[121.49461,25.09707],[121.49561,25.09612],[121.497441758086,25.094151501983],[121.5020824,25.09001798],[121.502875912769,25.0896460928075],[121.504244,25.089298],[121.5056145,25.08933251],[121.5081045,25.0887967],[121.5087166,25.0880464],[121.50958853792531,25.085288548110366],[121.50958853792531,25.085288548110366],[121.5100276,25.08307587],[121.5100276,25.08307587],[121.5103891,25.08132113],[121.5103891,25.08132113],[121.5109944,25.07952198],[121.5109944,25.07952198],[121.5118,25.07605],[121.5118,25.07605],[121.5115542,25.07205633],[121.5115542,25.07205633],[121.5133789,25.07204184],[121.5137100606,25.0688798965403],[121.5136438,25.06615028],[121.513516380874,25.0633249732882],[121.513509342762,25.060980060423],[121.5135212,25.06097974],[121.5136927,25.05715048],[121.51369271164,25.0571504842388],[121.514022,25.055504],[121.514022,25.055504],[121.515705430802,25.053651217399],[121.515705430802,25.053651217399],[121.5167729,25.05073509],[121.5167729,25.05073509],[121.51719764702355,25.0484971857801],[121.51719764702355,25.0484971857801],[121.519759690546,25.046484462941],[121.51846488093777,25.042525923467416],[121.51846488093777,25.042525923467416]]}},{"type":"Feature","properties":{"route_name":"20","color":"#3bdca1"},"geometry":{"type":"LineString","coordinates":[[121.579780430471,25.0334460670503],[121.57862046795393,25.036008316057096],[121.57704,25.03555],[121.5749131,25.03402693],[121.570056,25.033006],[121.568446471104,25.0336908507959],[121.566640146973,25.0358810435418],[121.566640146973,25.0358810435418],[121.564528,25.035992],[121.564528,25.035992],[121.55974066645364,25.03361852334641],[121.55974066645364,25.03361852334641],[121.55813,25.0331],[121.554622114057,25.033193427795],[121.552849,25.033223],[121.549449,25.03337757],[121.5461666,25.0333837],[121.5438266,25.03340442],[121.542275,25.033382],[121.53846436682753,25.033528900407934],[121.5359159,25.03355035],[121.53336986167852,25.033641163337222],[121.53039498137659,25.033725370699948],[121.52775567033312,25.034084364885075],[121.5247830381989,25.035289619677716],[121.52065828149863,25.03734153832383],[121.5163535,25.04192722],[121.5163535,25.04192722],[121.515494267729,25.0434538159783],[121.513172,25.042568],[121.51088,25.0423],[121.51088,25.0423],[121.507887356667,25.041649236993],[121.507887356667,25.041649236993],[121.506812536211,25.0380081419194],[121.506812536211,25.0380081419194],[121.506507520259,25.0364933609706],[121.5063886,25.03646318],[121.50448356536738,25.03205520434067],[121.50448356536738,25.03205520434067],[121.50408568455,25.0305627556618],[121.50408568455,25.0305627556618],[121.5054939,25.02836772],[121.505465333891,25.028384629531],[121.506437964545,25.0273435686053],[121.506437964545,25.0273435686053],[121.508316077824,25.0256215629554],[121.508316077824,25.0256215629554],[121.509833,25.024664],[121.509833,25.024664],[121.50982,25.02391],[121.50643,25.02149],[121.5039,25.02023],[121.502643,25.021587],[121.50277864902843,25.023224075638726],[121.50333348774862,25.02477910385403],[121.504647,25.025478],[121.5062868,25.02596466],[121.50712,25.0253]]}},{"type":"Feature","properties":{"route_name":"201","color":"#843bdc"},"geometry":{"type":"LineString","coordinates":[[121.497706,25.01987],[121.497706,25.01987],[121.499894100772,25.0232906952259],[121.499894100772,25.0232906952259],[121.500485,25.025045],[121.500485,25.025045],[121.500599,25.028737],[121.500599,25.028737],[121.500635,25.0308055],[121.500635,25.0308055],[121.500615375179,25.031831103587],[121.500615375179,25.031831103587],[121.501128,25.033974],[121.501128,25.033974],[121.500584,25.035369],[121.500584,25.035369],[121.4996729,25.03777047],[121.4996729,25.03777047],[121.501064,25.03837413],[121.501102766364,25.0383544871594],[121.5012851,25.03630505],[121.5012851,25.03630505]]}},{"type":"Feature","properties":{"route_name":"202","color":"#863bdc"},"geometry":{"type":"LineString","coordinates":[[121.497706,25.01987],[121.497706,25.01987],[121.499894100772,25.0232906952259],[121.499894100772,25.0232906952259],[121.500485,25.025045],[121.500485,25.025045],[121.500599,25.028737],[121.500599,25.028737],[121.500635,25.0308055],[121.500635,25.0308055],[121.50255,25.03113],[121.50499126498305,25.03268103989999],[121.506607,25.0357],[121.506607,25.0357],[121.508285900629,25.041730058378],[121.508285900629,25.041730058378],[121.5094213,25.04568121],[121.509380726049,25.0456964941835],[121.51700353811,25.0462559043502],[121.520239869754,25.046578538214],[121.5224936,25.04957589],[121.5259734,25.04871037],[121.5287092,25.04814093],[121.5308318,25.04843271],[121.5336881025246,25.048368420364223],[121.5381002,25.04827992],[121.54084,25.04821],[121.54309,25.04821],[121.5462971,25.04814244],[121.5511,25.04807],[121.55415,25.048],[121.556774902982,25.04802340114676],[121.55984240587617,25.048299945369994],[121.56371383572485,25.048702587337512],[121.56649195154529,25.046530959098416],[121.56628044728,25.0444493988665],[121.56628044728,25.0444493988665],[121.5630899,25.04132664],[121.5630899,25.04132664],[121.55900840485135,25.04148364593397],[121.55900840485135,25.04148364593397]]}},{"type":"Feature","properties":{"route_name":"202區","color":"#71dc3b"},"geometry":{"type":"LineString","coordinates":[[121.497706,25.01987],[121.497706,25.01987],[121.499894100772,25.0232906952259],[121.499894100772,25.0232906952259],[121.500485,25.025045],[121.500485,25.025045],[121.500599,25.028737],[121.500599,25.028737],[121.500635,25.0308055],[121.500635,25.0308055],[121.500615375179,25.031831103587],[121.500615375179,25.031831103587],[121.501128,25.033974],[121.501128,25.033974],[121.50429,25.03583],[121.50429,25.03583],[121.508285900629,25.041730058378],[121.508285900629,25.041730058378],[121.509380726049,25.0456964941835],[121.5094213,25.04568121],[121.51700353811,25.0462559043502],[121.520239869754,25.046578538214],[121.5224936,25.04957589],[121.5259734,25.04871037],[121.5287092,25.04814093],[121.5308318,25.04843271],[121.5336881025246,25.048368420364223],[121.53584585119738,25.04832105352418]]}},{"type":"Feature","properties":{"route_name":"203","color":"#893bdc"},"geometry":{"type":"LineString","coordinates":[[121.61668,25.068177],[121.61668,25.068177],[121.614308439756,25.068763284981],[121.614308439756,25.068763284981],[121.61150222666,25.0674930032886],[121.61150222666,25.0674930032886],[121.61407454595626,25.0587135046885],[121.61407454595626,25.0587135046885],[121.61389139258283,25.05655055325109],[121.61389139258283,25.05655055325109],[121.61366085593893,25.055463507638656],[121.61366085593893,25.055463507638656],[121.609776304165,25.0549683149017],[121.609776304165,25.0549683149017],[121.606693480964,25.0544113947875],[121.606693480964,25.0544113947875],[121.6036135,25.05385654],[121.603501503157,25.0538268750408],[121.600631965419,25.053410287006],[121.600631965419,25.053410287006],[121.598727,25.05384],[121.598727,25.05384],[121.59552,25.0546],[121.595509916336,25.0544903819023],[121.59255973649874,25.05440689628416],[121.59255973649874,25.05440689628416],[121.589992575868,25.0535036880317],[121.589992575868,25.0535036880317],[121.587762,25.053169],[121.587762,25.053169],[121.585050803739,25.0526502598819],[121.585050803739,25.0526502598819],[121.580911886242,25.0509225264878],[121.580911886242,25.0509225264878],[121.576598,25.050168],[121.576598,25.050168],[121.57491400582,25.0500731024231],[121.57491400582,25.0500731024231],[121.5716,25.05],[121.5716,25.05],[121.568426853203,25.0493159752737],[121.566655901166,25.0491343107615],[121.56375105137309,25.048925534354606],[121.560263,25.048547],[121.55669744493079,25.048204076570904],[121.55385352920746,25.048314127211775],[121.550231,25.048279],[121.54531,25.04829],[121.542821,25.04833589],[121.54094,25.04838],[121.537798642451,25.0484436106169],[121.5340244,25.04853888],[121.533087,25.0517997],[121.5331386,25.05453652],[121.533176617617,25.057613818954],[121.53321393502,25.062118989233],[121.529148,25.062636],[121.529148,25.062636],[121.524689553008,25.0628463290373],[121.5224722,25.0642887],[121.5228199,25.06770081],[121.5240266,25.07222485],[121.524381872313,25.0805889011559],[121.52663,25.08697],[121.527703,25.091209],[121.528319753964,25.0947774592454],[121.527797,25.096957],[121.525683877315,25.1039067740372],[121.528640834207,25.1050501328713],[121.530150260751,25.1070832174183],[121.53065017432,25.1095102588294],[121.53189,25.11328],[121.534692981633,25.1173302889076],[121.53533,25.11807],[121.53707,25.11807],[121.53898,25.11525],[121.539824769731,25.1140238100819]]}},{"type":"Feature","properties":{"route_name":"204","color":"#8c3bdc"},"geometry":{"type":"LineString","coordinates":[[121.496094355207,25.0171711735736],[121.496094355207,25.0171711735736],[121.497706,25.01987],[121.497706,25.01987],[121.499894100772,25.0232906952259],[121.499894100772,25.0232906952259],[121.500485,25.025045],[121.500485,25.025045],[121.500599,25.028737],[121.500599,25.028737],[121.50208327245365,25.029553445358935],[121.505465333891,25.028384629531],[121.5054939,25.02836772],[121.506437964545,25.0273435686053],[121.506437964545,25.0273435686053],[121.5077926,25.02761832],[121.5091439,25.0298392],[121.509834,25.030056],[121.509834,25.030056],[121.513095,25.029178],[121.5157,25.029828],[121.5157,25.029828],[121.51730073589657,25.031281468826304],[121.5157326,25.03339678],[121.51568,25.033381],[121.515136595156,25.0368285357308],[121.515136595156,25.0368285357308],[121.52070098538395,25.03723469016352],[121.52392406077344,25.03564868242583],[121.5268262109198,25.034191768178662],[121.52972531757206,25.03372668176573],[121.5321735300744,25.033583332926412],[121.5381185,25.03412852],[121.5381185,25.03412852],[121.53833054900049,25.036733858544963],[121.53833054900049,25.036733858544963],[121.5378866989778,25.040612146342024],[121.5378866989778,25.040612146342024],[121.53833135465409,25.04151329724535],[121.54108205639983,25.041512273166234],[121.547609588359,25.0414444737459],[121.547609588359,25.0414444737459],[121.550375,25.04139101],[121.55037495586,25.041391012662],[121.5536249,25.04131603],[121.553619,25.041262],[121.555503,25.04128222],[121.555503,25.04128222],[121.557919,25.042733],[121.5579397,25.04698],[121.557946,25.04870308],[121.5602663380149,25.05148353485096],[121.566535683299,25.0512559293088],[121.56915,25.05115],[121.57131845679393,25.050545938983998],[121.5737917,25.04993748],[121.573848311551,25.0499024516685],[121.577246475627,25.0499755097464],[121.577246475627,25.0499755097464],[121.58108,25.05082],[121.58108,25.05082],[121.581944,25.05636],[121.579639,25.058701],[121.5764993,25.05717396],[121.5760209,25.05864893],[121.5791317,25.06054231],[121.5791317,25.06054231],[121.577205,25.063161],[121.577205,25.063161],[121.57795,25.0641],[121.58004,25.06387],[121.5812173,25.06233253]]}},{"type":"Feature","properties":{"route_name":"205","color":"#8e3bdc"},"geometry":{"type":"LineString","coordinates":[[121.6097652,25.03382827],[121.611345,25.033428],[121.6121944,25.0332955],[121.61448946069,25.0346121838879],[121.61612,25.034863],[121.61695169081,25.035872068306],[121.6170236,25.03770122],[121.617633,25.040597],[121.616561,25.043422],[121.615639,25.045074],[121.615728,25.047462],[121.61601678871844,25.048610235261958],[121.61603141641,25.0515460114719],[121.6156,25.05534],[121.6156,25.05534],[121.61366085593893,25.055463507638656],[121.61366085593893,25.055463507638656],[121.609776304165,25.0549683149017],[121.609776304165,25.0549683149017],[121.606693480964,25.0544113947875],[121.606693480964,25.0544113947875],[121.603501503157,25.0538268750408],[121.6036135,25.05385654],[121.600631965419,25.053410287006],[121.600631965419,25.053410287006],[121.598727,25.05384],[121.598727,25.05384],[121.595509916336,25.0544903819023],[121.59552,25.0546],[121.59255973649874,25.05440689628416],[121.59255973649874,25.05440689628416],[121.589992575868,25.0535036880317],[121.589992575868,25.0535036880317],[121.587762,25.053169],[121.587762,25.053169],[121.585050803739,25.0526502598819],[121.585050803739,25.0526502598819],[121.580911886242,25.0509225264878],[121.580911886242,25.0509225264878],[121.576598,25.050168],[121.576598,25.050168],[121.57491400582,25.0500731024231],[121.57491400582,25.0500731024231],[121.5716,25.05],[121.5716,25.05],[121.568426853203,25.0493159752737],[121.566655901166,25.0491343107615],[121.56375105137309,25.048925534354606],[121.560263,25.048547],[121.55669744493079,25.048204076570904],[121.55385352920746,25.048314127211775],[121.550231,25.048279],[121.54531,25.04829],[121.542821,25.04833589],[121.54094,25.04838],[121.537798642451,25.0484436106169],[121.5363796,25.04706738],[121.53146493118,25.0441330065154],[121.52749815701229,25.043941210409297],[121.52277975890082,25.045112057683003],[121.5167218,25.0465408],[121.509098,25.04552755],[121.509144127644,25.0455115050969],[121.5083,25.04252],[121.508266771006,25.0425165606871],[121.506903709074,25.0378687908132],[121.506903709074,25.0378687908132],[121.5063886,25.03646318],[121.506507520259,25.0364933609706],[121.50448356536738,25.03205520434067],[121.50448356536738,25.03205520434067],[121.50408568455,25.0305627556618],[121.50408568455,25.0305627556618],[121.505465333891,25.028384629531],[121.5054939,25.02836772],[121.506437964545,25.0273435686053],[121.506437964545,25.0273435686053],[121.508316077824,25.0256215629554],[121.508316077824,25.0256215629554],[121.507953,25.024607],[121.50598380051417,25.02602624821444],[121.504417,25.025473],[121.503183945666,25.0248005786137],[121.5025183827621,25.02249119957861],[121.5020920746352,25.022116707019617],[121.50066027111731,25.021489599820963]]}},{"type":"Feature","properties":{"route_name":"206","color":"#913bdc"},"geometry":{"type":"LineString","coordinates":[[121.53938898702161,25.11296710251853],[121.53973,25.11119],[121.537252,25.110333],[121.533503,25.109595],[121.53168417722993,25.108980959639226],[121.52972,25.1082539636723],[121.5279725,25.10762151],[121.5262961,25.1070703],[121.524661,25.105356],[121.524957,25.103354],[121.527205,25.101235],[121.529402565641,25.1019449890136],[121.53149,25.10182],[121.53452,25.10132],[121.5365234,25.10131199],[121.534030294965,25.0977513146504],[121.53392,25.09776],[121.53144,25.0965],[121.53144,25.0965],[121.52976,25.0962],[121.52976,25.0962],[121.526622,25.095583],[121.526622,25.095583],[121.522929,25.094772],[121.522929,25.094772],[121.519396,25.093132],[121.519396,25.093132],[121.517889,25.092141],[121.517889,25.092141],[121.50958853792531,25.085288548110366],[121.50958853792531,25.085288548110366],[121.5100276,25.08307587],[121.5100276,25.08307587],[121.5103891,25.08132113],[121.5103891,25.08132113],[121.5109944,25.07952198],[121.5109944,25.07952198],[121.5118,25.07605],[121.5118,25.07605],[121.510852,25.0713032],[121.510875,25.068085],[121.5108318,25.06617549],[121.511052,25.06432],[121.5111652,25.06204706],[121.511324126973,25.0598303587356],[121.5114003,25.05792854],[121.511621119604,25.0545471507946],[121.511619183571,25.0529374524353],[121.5118824,25.05079028],[121.509098,25.04552755],[121.509144127644,25.0455115050969],[121.508266771006,25.0425165606871],[121.5083,25.04252]]}},{"type":"Feature","properties":{"route_name":"207","color":"#943bdc"},"geometry":{"type":"LineString","coordinates":[[121.580999258182,25.0635997659263],[121.578721077514,25.0623176113037],[121.578858331191,25.0605916742291],[121.578858331191,25.0605916742291],[121.580495,25.058297],[121.58190757561452,25.05609097336375],[121.58272,25.0508],[121.584229738588,25.0475212158758],[121.584229738588,25.0475212158758],[121.583351,25.046356],[121.5832524,25.04280193],[121.5851435,25.04110747],[121.58325,25.03789],[121.580964,25.037055],[121.578737539702,25.0363727952991],[121.57704,25.03555],[121.5749131,25.03402693],[121.570056,25.033006],[121.566687674056,25.0329497897498],[121.566687674056,25.0329497897498],[121.56459847127361,25.033242055020047],[121.56459847127361,25.033242055020047],[121.5586001,25.03159406],[121.5586001,25.03159406],[121.556522,25.028215],[121.556522,25.028215],[121.5546403,25.02633063],[121.5546403,25.02633063],[121.55141707691577,25.02349646945939],[121.55141707691577,25.02349646945939],[121.54763,25.02024],[121.54763,25.02024],[121.5456371524934,25.01851242321545],[121.5456371524934,25.01851242321545],[121.5422472,25.01571376],[121.5422472,25.01571376],[121.540464,25.01415156],[121.540464,25.01415156],[121.538069443257,25.0121089588721],[121.538069443257,25.0121089588721]]}},{"type":"Feature","properties":{"route_name":"208","color":"#963bdc"},"geometry":{"type":"LineString","coordinates":[[121.535185,25.013993],[121.535185,25.013993],[121.530566,25.018486],[121.530566,25.018486],[121.52803,25.02092],[121.52803,25.02092],[121.5265702582243,25.02214502516781],[121.5265702582243,25.02214502516781],[121.52476413675969,25.024022735483676],[121.52476413675969,25.024022735483676],[121.52269,25.02678],[121.52269,25.02678],[121.52096,25.02922],[121.51880642264224,25.0322495874994],[121.517358319526,25.034101183711],[121.51751,25.03787],[121.5185552467,25.041403318287],[121.52254,25.0417],[121.5228117,25.04313405],[121.523978,25.046759],[121.524405,25.04809523],[121.52495,25.05059],[121.52551,25.05362467],[121.5255878,25.05676553],[121.52563,25.05865],[121.52563,25.05865],[121.5257163,25.06130893],[121.5257163,25.06130893],[121.52572,25.06352],[121.5258353,25.06698732],[121.5239878,25.06857831],[121.520216,25.069744],[121.5240266,25.07222485],[121.528167347349,25.0772703676354],[121.53000062511,25.0779258290758],[121.5319142,25.07800478],[121.535397,25.07778224],[121.540311649212,25.0793999240419],[121.54255,25.07949],[121.5453154,25.07971159],[121.5479855392,25.0802161011772],[121.5488002,25.08160965],[121.549307259251,25.0837373733406],[121.551895985064,25.0858624708036],[121.555253,25.08484],[121.555253,25.08484],[121.558196913178,25.0845384449731],[121.5584464,25.08185576],[121.5574829,25.08002077],[121.556408099291,25.0813388630833]]}},{"type":"Feature","properties":{"route_name":"208區","color":"#b73bdc"},"geometry":{"type":"LineString","coordinates":[[121.535185,25.013993],[121.535185,25.013993],[121.531094,25.018104],[121.531094,25.018104],[121.532327,25.021872],[121.532327,25.021872],[121.5341124,25.02164507],[121.534113646475,25.0215502113013],[121.533435,25.018239],[121.533435,25.018239]]}},{"type":"Feature","properties":{"route_name":"208直","color":"#ccdc3b"},"geometry":{"type":"LineString","coordinates":[[121.55711,25.08386],[121.55711,25.08386],[121.5584464,25.08185576],[121.5574829,25.08002077],[121.55565762442,25.080032815073],[121.55251766575329,25.080092816575963],[121.551632,25.08172328],[121.5490281,25.08377483],[121.5482394,25.0808482],[121.546139731473,25.0799238282333],[121.5436838,25.07978102],[121.54169,25.07961],[121.535552182321,25.0780024350627],[121.530144788528,25.0781282212443],[121.527964269875,25.077322358349],[121.526771,25.041525],[121.5248024,25.04196413],[121.5230509,25.04241371],[121.522214,25.04161112],[121.521878540227,25.040352],[121.52015434889965,25.030089934769617],[121.52015434889965,25.030089934769617],[121.52214566922964,25.027388324079258],[121.52214566922964,25.027388324079258],[121.5243501,25.0242886],[121.5243501,25.0242886],[121.526085861859,25.0224187553298],[121.526085861859,25.0224187553298],[121.528697,25.020027],[121.528697,25.020027],[121.531379,25.017546],[121.531379,25.017546],[121.534517055222,25.0143047215272],[121.534517055222,25.0143047215272],[121.535791,25.013102],[121.535791,25.013102]]}},{"type":"Feature","properties":{"route_name":"211","color":"#d73bdc"},"geometry":{"type":"LineString","coordinates":[[121.5178677888,25.0628480067],[121.5178677888,25.0628480067],[121.5223009,25.06271419],[121.5223009,25.06271419],[121.5255106,25.06108573],[121.5255106,25.06108573],[121.52549,25.05883],[121.52549,25.05883],[121.5253871,25.05688638],[121.5253476,25.05519022],[121.5252473,25.05305721],[121.524816490963,25.0505629682906],[121.524119571056,25.0481741643018],[121.5235453,25.04586572],[121.5229238,25.04232294],[121.52708,25.04128],[121.528499562165,25.0409859392974],[121.5317999,25.04021896],[121.5326821,25.03851244],[121.5325798,25.03403642],[121.53346,25.03087],[121.536235879941,25.0257355123764],[121.538492198683,25.0254072414078],[121.538492198683,25.0254072414078],[121.542239793699,25.0249140592421],[121.542239793699,25.0249140592421],[121.545343325676,25.0246033941802],[121.547571,25.024522],[121.550861893498,25.0242726614044],[121.553534505165,25.0232432826612],[121.555910878022,25.0210340657202],[121.5578044,25.01926083],[121.55853,25.01825]]}},{"type":"Feature","properties":{"route_name":"212","color":"#d93bdc"},"geometry":{"type":"LineString","coordinates":[[121.62430944197311,25.03745072646921],[121.6228397,25.03811142],[121.621016,25.039526],[121.619044433004,25.0409122787157],[121.616561,25.043422],[121.615639,25.045074],[121.615728,25.047462],[121.61601678871844,25.048610235261958],[121.61603141641,25.0515460114719],[121.6156,25.05534],[121.6156,25.05534],[121.61366085593893,25.055463507638656],[121.61366085593893,25.055463507638656],[121.609776304165,25.0549683149017],[121.609776304165,25.0549683149017],[121.606693480964,25.0544113947875],[121.606693480964,25.0544113947875],[121.603501503157,25.0538268750408],[121.6036135,25.05385654],[121.600631965419,25.053410287006],[121.600631965419,25.053410287006],[121.598727,25.05384],[121.598727,25.05384],[121.59552,25.0546],[121.595509916336,25.0544903819023],[121.5949802,25.0530195],[121.5949802,25.0530195],[121.593165,25.050346],[121.593165,25.050346],[121.59077,25.04983],[121.59077,25.04983],[121.5878431,25.04908468],[121.5878431,25.04908468],[121.584229738588,25.0475212158758],[121.584229738588,25.0475212158758],[121.58172282754578,25.0454545120215],[121.57660432922873,25.045619541124736],[121.57342558398715,25.04570849030428],[121.5694412,25.04505676],[121.5675057,25.04378103],[121.5630899,25.04132664],[121.5630899,25.04132664],[121.55900840485135,25.04148364593397],[121.55900840485135,25.04148364593397],[121.5561206,25.04153654],[121.5561206,25.04153654],[121.553289,25.04156124],[121.55328900975,25.041561244151],[121.5501789,25.0416333],[121.5501789,25.0416333],[121.546693508012,25.0416948578606],[121.546693508012,25.0416948578606],[121.542636,25.04177],[121.542636,25.04177],[121.53921450721282,25.041847778405945],[121.53921450721282,25.041847778405945],[121.53457,25.04222],[121.53457,25.04222],[121.5311997,25.04289823],[121.52749815701229,25.043941210409297],[121.52277975890082,25.045112057683003],[121.5167218,25.0465408],[121.509098,25.04552755],[121.509144127644,25.0455115050969],[121.5083,25.04252],[121.508266771006,25.0425165606871],[121.506903709074,25.0378687908132],[121.506903709074,25.0378687908132],[121.5063886,25.03646318],[121.506507520259,25.0364933609706],[121.50448356536738,25.03205520434067],[121.50448356536738,25.03205520434067],[121.50408568455,25.0305627556618],[121.50408568455,25.0305627556618],[121.5054939,25.02836772],[121.505465333891,25.028384629531],[121.506437964545,25.0273435686053],[121.506437964545,25.0273435686053],[121.50712,25.0253],[121.508810147614,25.0245858237515],[121.508379,25.025757]]}},{"type":"Feature","properties":{"route_name":"212夜","color":"#dca93b"},"geometry":{"type":"LineString","coordinates":[[121.62430944197311,25.03745072646921],[121.6228397,25.03811142],[121.621016,25.039526],[121.619044433004,25.0409122787157],[121.616561,25.043422],[121.615639,25.045074],[121.615728,25.047462],[121.61601678871844,25.048610235261958],[121.61603141641,25.0515460114719],[121.6145567,25.05311326],[121.610465,25.05265346],[121.607245,25.05226],[121.60111276224704,25.051558036997456],[121.593165,25.050346],[121.593165,25.050346],[121.59077,25.04983],[121.59077,25.04983],[121.5878431,25.04908468],[121.5878431,25.04908468],[121.584229738588,25.0475212158758],[121.584229738588,25.0475212158758],[121.582072,25.04457266],[121.582072,25.04457266],[121.580447,25.042632],[121.580447,25.042632],[121.578931,25.041555],[121.578931,25.041555],[121.575743,25.040967],[121.57227674964417,25.04110667625752],[121.56996,25.04115],[121.56629,25.04124],[121.5630899,25.04132664],[121.5630899,25.04132664],[121.55900840485135,25.04148364593397],[121.55900840485135,25.04148364593397],[121.5561206,25.04153654],[121.5561206,25.04153654],[121.553289,25.04156124],[121.55328900975,25.041561244151],[121.5501789,25.0416333],[121.5501789,25.0416333],[121.546693508012,25.0416948578606],[121.546693508012,25.0416948578606],[121.542636,25.04177],[121.542636,25.04177],[121.53921450721282,25.041847778405945],[121.53921450721282,25.041847778405945],[121.53457,25.04222],[121.53457,25.04222],[121.5311997,25.04289823],[121.52749815701229,25.043941210409297],[121.52277975890082,25.045112057683003],[121.5167218,25.0465408],[121.509098,25.04552755],[121.509144127644,25.0455115050969],[121.508266771006,25.0425165606871],[121.5083,25.04252],[121.506903709074,25.0378687908132],[121.506903709074,25.0378687908132],[121.506507520259,25.0364933609706],[121.5063886,25.03646318],[121.50448356536738,25.03205520434067],[121.50448356536738,25.03205520434067],[121.50408568455,25.0305627556618],[121.50408568455,25.0305627556618],[121.505465333891,25.028384629531],[121.5054939,25.02836772],[121.506437964545,25.0273435686053],[121.506437964545,25.0273435686053],[121.50598380051417,25.02602624821444],[121.504417,25.025473],[121.503183945666,25.0248005786137],[121.5025183827621,25.02249119957861],[121.5020920746352,25.022116707019617]]}},{"type":"Feature","properties":{"route_name":"212直","color":"#3bdc3e"},"geometry":{"type":"LineString","coordinates":[[121.62430944197311,25.03745072646921],[121.6228397,25.03811142],[121.621016,25.039526],[121.619044433004,25.0409122787157],[121.616561,25.043422],[121.615639,25.045074],[121.615728,25.047462],[121.61601678871844,25.048610235261958],[121.61603141641,25.0515460114719],[121.6145567,25.05311326],[121.610465,25.05265346],[121.607245,25.05226],[121.60111276224704,25.051558036997456],[121.593165,25.050346],[121.593165,25.050346],[121.59077,25.04983],[121.59077,25.04983],[121.5878431,25.04908468],[121.5878431,25.04908468],[121.584229738588,25.0475212158758],[121.584229738588,25.0475212158758],[121.582072,25.04457266],[121.582072,25.04457266],[121.580447,25.042632],[121.580447,25.042632],[121.578931,25.041555],[121.578931,25.041555],[121.575743,25.040967],[121.57227674964417,25.04110667625752],[121.56996,25.04115],[121.56629,25.04124],[121.5630899,25.04132664],[121.5630899,25.04132664],[121.55900840485135,25.04148364593397],[121.55900840485135,25.04148364593397],[121.5561206,25.04153654],[121.5561206,25.04153654],[121.55328900975,25.041561244151],[121.553289,25.04156124],[121.5501789,25.0416333],[121.5501789,25.0416333],[121.546693508012,25.0416948578606],[121.546693508012,25.0416948578606],[121.542636,25.04177],[121.542636,25.04177],[121.53921450721282,25.041847778405945],[121.53921450721282,25.041847778405945],[121.53457,25.04222],[121.53457,25.04222],[121.5311997,25.04289823],[121.52749815701229,25.043941210409297],[121.52277975890082,25.045112057683003],[121.5167218,25.0465408],[121.509098,25.04552755],[121.509144127644,25.0455115050969],[121.508266771006,25.0425165606871],[121.5083,25.04252],[121.506903709074,25.0378687908132],[121.506903709074,25.0378687908132],[121.5063886,25.03646318],[121.506507520259,25.0364933609706],[121.50448356536738,25.03205520434067],[121.50448356536738,25.03205520434067],[121.50408568455,25.0305627556618],[121.50408568455,25.0305627556618],[121.505465333891,25.028384629531],[121.5054939,25.02836772],[121.506437964545,25.0273435686053],[121.506437964545,25.0273435686053],[121.50598380051417,25.02602624821444],[121.504417,25.025473],[121.503183945666,25.0248005786137],[121.5025183827621,25.02249119957861],[121.5020920746352,25.022116707019617]]}},{"type":"Feature","properties":{"route_name":"214","color":"#dc3bd9"},"geometry":{"type":"LineString","coordinates":[[121.516898839078,25.0242546637841],[121.516898839078,25.0242546637841],[121.51751,25.026752],[121.520278734081,25.0265749351805],[121.523591,25.026842],[121.526353,25.028663],[121.52673,25.03066],[121.5272129,25.03321177],[121.5281994,25.03778986],[121.5292018,25.04049366],[121.5317999,25.04021896],[121.5328758,25.04198981],[121.53299,25.045],[121.532997019655,25.0482736559236],[121.533087,25.0517997],[121.5331386,25.05453652],[121.533176617617,25.057613818954],[121.5333498,25.0612684],[121.5333498,25.0612684],[121.5364984,25.06236889],[121.5364984,25.06236889],[121.540554014847,25.0623255291835],[121.540554014847,25.0623255291835],[121.5438692,25.06227185],[121.5438692,25.06227185],[121.54762539917303,25.062020643130538],[121.54762539917303,25.062020643130538],[121.552,25.06145],[121.55578,25.06188],[121.5573,25.06199574],[121.5611,25.06247253],[121.56364748952177,25.06279839209022],[121.579477870198,25.066876801458],[121.58212115754,25.0680848776157],[121.58212115754,25.0680848776157],[121.58543789167122,25.06881463274073],[121.58896238097387,25.068895529659475],[121.590031196316,25.0712104683315],[121.590031196316,25.0712104683315],[121.590016770287,25.0738091792986],[121.590231346227,25.0768845629687],[121.5883097,25.07901319],[121.5883097,25.07901319],[121.584351,25.078655],[121.584351,25.078655],[121.58078,25.07859],[121.5779835,25.07910692],[121.57610868441,25.0798366021365],[121.57610868441,25.0798366021365],[121.573860343024,25.0806380998734],[121.571386,25.081473],[121.569461375068,25.082118261496],[121.565868143978,25.0824213906562],[121.5656019,25.08562294],[121.56821752149,25.086349673182],[121.57246,25.08579],[121.573943217316,25.0851847031458],[121.5768304,25.08405797],[121.57808,25.08352],[121.5775386,25.08055757]]}},{"type":"Feature","properties":{"route_name":"214直","color":"#3bd4dc"},"geometry":{"type":"LineString","coordinates":[[121.516898839078,25.0242546637841],[121.516898839078,25.0242546637841],[121.51751,25.026752],[121.520278734081,25.0265749351805],[121.523591,25.026842],[121.526353,25.028663],[121.52673,25.03066],[121.5272129,25.03321177],[121.5281994,25.03778986],[121.5292018,25.04049366],[121.5317999,25.04021896],[121.5328758,25.04198981],[121.53299,25.045],[121.532997019655,25.0482736559236],[121.533087,25.0517997],[121.5331386,25.05453652],[121.533176617617,25.057613818954],[121.5333498,25.0612684],[121.5333498,25.0612684],[121.5364984,25.06236889],[121.5364984,25.06236889],[121.540554014847,25.0623255291835],[121.540554014847,25.0623255291835],[121.5438692,25.06227185],[121.5438692,25.06227185],[121.54762539917303,25.062020643130538],[121.54762539917303,25.062020643130538]]}},{"type":"Feature","properties":{"route_name":"215","color":"#dc3bd7"},"geometry":{"type":"LineString","coordinates":[[121.468652,25.109126],[121.4708548,25.10818883],[121.4725103,25.10658744],[121.47427,25.10614],[121.4762383,25.10585744],[121.47886,25.10581],[121.4812673,25.10595228],[121.4831859,25.10591285],[121.48448,25.10563],[121.4872193,25.10323827],[121.48915,25.1017],[121.49168,25.09956],[121.49333,25.09816],[121.49461,25.09707],[121.49561,25.09612],[121.497441758086,25.094151501983],[121.5020824,25.09001798],[121.502875912769,25.0896460928075],[121.504244,25.089298],[121.5056145,25.08933251],[121.5081045,25.0887967],[121.5087166,25.0880464],[121.50958853792531,25.085288548110366],[121.50958853792531,25.085288548110366],[121.5100276,25.08307587],[121.5100276,25.08307587],[121.5103891,25.08132113],[121.5103891,25.08132113],[121.5109944,25.07952198],[121.5109944,25.07952198],[121.5118,25.07605],[121.5118,25.07605],[121.5115542,25.07205633],[121.5115542,25.07205633],[121.5143475,25.07198581],[121.5143475,25.07198581],[121.5154577,25.07195442],[121.5154577,25.07195442],[121.5180213,25.07188056],[121.5180213,25.07188056],[121.5183341,25.07106623],[121.5183341,25.07106623],[121.51625,25.06869],[121.51625,25.06869],[121.5136438,25.06615028],[121.513516380874,25.0633249732882],[121.513509342762,25.060980060423],[121.5135212,25.06097974],[121.51369271164,25.0571504842388],[121.5136927,25.05715048],[121.514022,25.055504],[121.514022,25.055504],[121.515705430802,25.053651217399],[121.515705430802,25.053651217399],[121.5167729,25.05073509],[121.5167729,25.05073509]]}},{"type":"Feature","properties":{"route_name":"216","color":"#dc3bd4"},"geometry":{"type":"LineString","coordinates":[[121.49262,25.14506],[121.493826634438,25.1452880512553],[121.497011,25.144571],[121.498005120919,25.1435377973513],[121.49875524785,25.1420654536477],[121.500142024239,25.1404257952951],[121.501520744986,25.1391571863191],[121.502937,25.137791],[121.504124469582,25.1363484992167],[121.50235879653,25.1345133895389],[121.50318,25.13244],[121.5046188,25.13064857],[121.50566,25.12933],[121.50766,25.12728],[121.50815979629,25.125899152288],[121.506468,25.12460199],[121.50461,25.1231],[121.50284,25.12247],[121.50419,25.12098],[121.507204221793,25.120365436068],[121.508648,25.120154],[121.511691191756,25.1191852593947],[121.51367,25.11668],[121.515801262638,25.1157212492135],[121.516564,25.117369],[121.51968525315,25.1185668257628],[121.51968525315,25.1185668257628],[121.521957,25.118587],[121.520135,25.119738]]}},{"type":"Feature","properties":{"route_name":"218","color":"#dc3bcf"},"geometry":{"type":"LineString","coordinates":[[121.49262,25.14506],[121.493826634438,25.1452880512553],[121.497011,25.144571],[121.498005120919,25.1435377973513],[121.49875524785,25.1420654536477],[121.500142024239,25.1404257952951],[121.501520744986,25.1391571863191],[121.502937,25.137791],[121.504124469582,25.1363484992167],[121.50235879653,25.1345133895389],[121.5013177,25.13218314],[121.50131769692,25.1321537676007],[121.501062,25.130163],[121.501062,25.130163],[121.501189626271,25.1278841376109],[121.5011176,25.1278803],[121.4995994,25.12600361],[121.4995994,25.12600361],[121.499222,25.12242987],[121.499222,25.12242987],[121.501973,25.118907],[121.501973,25.118907],[121.503568,25.117433],[121.503568,25.117433],[121.50638,25.11487],[121.506438836067,25.114726442462],[121.508727083955,25.1127066443373],[121.508727083955,25.1127066443373],[121.512347026452,25.1095368758096],[121.512347,25.10953688],[121.5139733,25.10803433],[121.5139733,25.10803433],[121.517803,25.105059],[121.517803,25.105059],[121.520473605143,25.1022630440787],[121.520473605143,25.1022630440787],[121.522307508871,25.1008497293525],[121.522307508871,25.1008497293525],[121.5243054,25.09589886],[121.524279381093,25.0959118891448],[121.526725,25.090999],[121.526768,25.090914],[121.525327,25.085353],[121.525327,25.085353],[121.524712226022,25.0817595131148],[121.523095139749,25.070066233009],[121.52244,25.0673],[121.5221621,25.06438114],[121.522776776113,25.0608309862107],[121.522776776113,25.0608309862107],[121.522628910085,25.0564276089864],[121.5225384,25.05658228],[121.52202112765,25.05126405386],[121.519759690546,25.046484462941],[121.5167218,25.0465408],[121.508730726888,25.0445534816171],[121.508765096201,25.0445846194834],[121.507887356667,25.041649236993],[121.507887356667,25.041649236993],[121.506812536211,25.0380081419194],[121.506812536211,25.0380081419194],[121.502569664855,25.0382620086784]]}},{"type":"Feature","properties":{"route_name":"218區","color":"#3bdcb9"},"geometry":{"type":"LineString","coordinates":[[121.49262,25.14506],[121.493826634438,25.1452880512553],[121.497011,25.144571],[121.498005120919,25.1435377973513],[121.49875524785,25.1420654536477],[121.500142024239,25.1404257952951],[121.501520744986,25.1391571863191],[121.502937,25.137791],[121.504124469582,25.1363484992167],[121.50235879653,25.1345133895389],[121.50131769692,25.1321537676007],[121.5013177,25.13218314],[121.501062,25.130163],[121.501062,25.130163],[121.5011176,25.1278803],[121.501189626271,25.1278841376109],[121.500767,25.126424]]}},{"type":"Feature","properties":{"route_name":"218直","color":"#dc3bc9"},"geometry":{"type":"LineString","coordinates":[[121.49262,25.14506],[121.493826634438,25.1452880512553],[121.497011,25.144571],[121.498005120919,25.1435377973513],[121.49875524785,25.1420654536477],[121.500142024239,25.1404257952951],[121.501520744986,25.1391571863191],[121.502937,25.137791],[121.504124469582,25.1363484992167],[121.50235879653,25.1345133895389],[121.50131769692,25.1321537676007],[121.5013177,25.13218314],[121.501062,25.130163],[121.501062,25.130163],[121.5011176,25.1278803],[121.501189626271,25.1278841376109],[121.4995994,25.12600361],[121.4995994,25.12600361],[121.499222,25.12242987],[121.499222,25.12242987],[121.501973,25.118907],[121.501973,25.118907],[121.503568,25.117433],[121.503568,25.117433],[121.50638,25.11487],[121.506438836067,25.114726442462],[121.508727083955,25.1127066443373],[121.508727083955,25.1127066443373],[121.51404308646119,25.095130545514156],[121.517833,25.089884],[121.5204586,25.08926881],[121.521560747477,25.0885191533109],[121.5233264,25.08346835],[121.5223096,25.08105624],[121.5191524,25.07344017],[121.5183341,25.07106623],[121.5183341,25.07106623],[121.5188086,25.06845385],[121.5219958317649,25.06836964371407],[121.52244,25.0673],[121.5221621,25.06438114],[121.522776776113,25.0608309862107],[121.522776776113,25.0608309862107],[121.5225384,25.05658228],[121.522628910085,25.0564276089864],[121.52202112765,25.05126405386],[121.519759690546,25.046484462941],[121.5167218,25.0465408],[121.508730726888,25.0445534816171],[121.508765096201,25.0445846194834],[121.507887356667,25.041649236993],[121.507887356667,25.041649236993],[121.506812536211,25.0380081419194],[121.506812536211,25.0380081419194],[121.502569664855,25.0382620086784]]}},{"type":"Feature","properties":{"route_name":"22","color":"#3bdca7"},"geometry":{"type":"LineString","coordinates":[[121.5746629,25.03236982],[121.568193073869,25.0307954082722],[121.568164,25.02881],[121.569585,25.024432],[121.5695997,25.02453056],[121.568628,25.026234],[121.56521,25.027607],[121.563488827932,25.0282411640192],[121.5623852,25.02952622],[121.561326,25.031399],[121.55813,25.0331],[121.554622114057,25.033193427795],[121.552849,25.033223],[121.549449,25.03337757],[121.5461666,25.0333837],[121.5438266,25.03340442],[121.542275,25.033382],[121.53846436682753,25.033528900407934],[121.5359159,25.03355035],[121.53336986167852,25.033641163337222],[121.53039498137659,25.033725370699948],[121.52775567033312,25.034084364885075],[121.5247830381989,25.035289619677716],[121.52065828149863,25.03734153832383],[121.5185552467,25.041403318287],[121.5167218,25.0465408],[121.51316241098594,25.046552005302367],[121.51316241098594,25.046552005302367],[121.51311219241008,25.04441023077385],[121.512543916311,25.0423685522993],[121.512543916311,25.0423685522993]]}},{"type":"Feature","properties":{"route_name":"221","color":"#dc3b8e"},"geometry":{"type":"LineString","coordinates":[[121.5178677888,25.0628480067],[121.5178677888,25.0628480067],[121.522776776113,25.0608309862107],[121.522776776113,25.0608309862107],[121.522628910085,25.0564276089864],[121.5225384,25.05658228],[121.52202112765,25.05126405386],[121.519759690546,25.046484462941],[121.5167218,25.0465408]]}},{"type":"Feature","properties":{"route_name":"222","color":"#dc3b8c"},"geometry":{"type":"LineString","coordinates":[[121.576485,25.067523],[121.57446,25.07204],[121.57446,25.07204],[121.577744,25.073152],[121.577744,25.073152],[121.57766690657958,25.07478024553194],[121.57766690657958,25.07478024553194],[121.575587990787,25.077240508774],[121.57642,25.0787],[121.57806788111567,25.080919190818054],[121.5783099,25.08298972],[121.5810066,25.08468198],[121.58458,25.08439],[121.58649239370985,25.088502189264172],[121.58649239370985,25.088502189264172],[121.58808,25.086917],[121.58808,25.086917],[121.59054,25.085651],[121.59054,25.085651],[121.592247709587,25.0850667950708],[121.592247709587,25.0850667950708],[121.594248,25.084622],[121.594248,25.084622],[121.593879114086,25.0834615421604],[121.59179366923021,25.081779319488682],[121.589838083526,25.0798544258006],[121.5883097,25.07901319],[121.5883097,25.07901319],[121.584351,25.078655],[121.584351,25.078655],[121.58078,25.07859],[121.5779835,25.07910692],[121.57610868441,25.0798366021365],[121.57610868441,25.0798366021365],[121.573860343024,25.0806380998734],[121.571386,25.081473],[121.569461375068,25.082118261496],[121.565868143978,25.0824213906562],[121.564098538475,25.0830692818289],[121.564098538475,25.0830692818289],[121.561535778783,25.0843810062584],[121.558119339359,25.0848172776379],[121.55468793143969,25.085303158353604],[121.55468793143969,25.085303158353604],[121.5490281,25.08377483],[121.5482394,25.0808482],[121.546139731473,25.0799238282333],[121.5406947,25.07261377],[121.537013,25.072723],[121.532049633909,25.0718150932832],[121.532844,25.071033],[121.53304,25.06693],[121.53307,25.06338],[121.53307,25.06338],[121.53313278818085,25.060643374791923],[121.53313278818085,25.060643374791923],[121.533011,25.05500621],[121.5329812,25.05228153],[121.5329145,25.04864879],[121.5328606,25.04460839],[121.532693,25.040288],[121.52952,25.03834],[121.52567,25.03951],[121.5248024,25.04196413],[121.5230509,25.04241371],[121.51846488093777,25.042525923467416],[121.51846488093777,25.042525923467416],[121.5163535,25.04192722],[121.5163535,25.04192722],[121.515494267729,25.0434538159783],[121.513172,25.042568],[121.51088,25.0423],[121.51088,25.0423]]}},{"type":"Feature","properties":{"route_name":"223","color":"#dc3b89"},"geometry":{"type":"LineString","coordinates":[[121.469318,25.12145],[121.469318,25.12145],[121.465117210312,25.1178447660379],[121.466052497879,25.1187984003072],[121.467189,25.120418],[121.467189,25.120418],[121.467238214885,25.1223858553805],[121.467238214885,25.1223858553805],[121.467024,25.125124],[121.467024,25.125124],[121.4680203,25.12472749],[121.4680203,25.12472749],[121.47105,25.12549],[121.47105,25.12549],[121.471449,25.123677],[121.471449,25.123677],[121.4654787,25.12495029],[121.465515545518,25.1249152150578],[121.466372780603,25.1268926040896],[121.466372780603,25.1268926040896],[121.46878900446,25.1283184382016],[121.4686822,25.12828944],[121.4713284,25.12963447],[121.471449088636,25.1297678333065],[121.473445688734,25.1313688133648],[121.473445688734,25.1313688133648],[121.4750896208,25.1326768057341],[121.4750843,25.13266231],[121.476927,25.13408],[121.476927,25.13408],[121.47853,25.13511],[121.47853,25.13511],[121.4818555,25.13683994],[121.48193288446,25.1368858501904],[121.48494894973,25.138009138037],[121.48494894973,25.138009138037],[121.4875,25.138191],[121.4875,25.138191],[121.48925,25.13839],[121.48925,25.13839],[121.48966,25.14056],[121.48966,25.14056],[121.490879066621,25.1430048049067],[121.49262,25.14506],[121.493826634438,25.1452880512553],[121.497011,25.144571],[121.498005120919,25.1435377973513],[121.49875524785,25.1420654536477],[121.500142024239,25.1404257952951],[121.501520744986,25.1391571863191],[121.502937,25.137791],[121.504124469582,25.1363484992167],[121.50235879653,25.1345133895389],[121.50131769692,25.1321537676007],[121.5013177,25.13218314],[121.501062,25.130163],[121.501062,25.130163],[121.5011176,25.1278803],[121.501189626271,25.1278841376109],[121.5015983,25.12583115],[121.50284,25.12247],[121.50419,25.12098],[121.507204221793,25.120365436068],[121.508648,25.120154],[121.511691191756,25.1191852593947],[121.51367,25.11668],[121.515801262638,25.1157212492135],[121.516564,25.117369],[121.51968525315,25.1185668257628],[121.51968525315,25.1185668257628],[121.52192449073,25.117647428703],[121.52192449073,25.117647428703],[121.520123,25.115962],[121.522226705708,25.1143140825978],[121.521737472443,25.112441870257],[121.520571017562,25.1104497192176],[121.517707662365,25.107279457424],[121.517803,25.105059],[121.517803,25.105059],[121.520473605143,25.1022630440787],[121.520473605143,25.1022630440787],[121.522307508871,25.1008497293525],[121.522307508871,25.1008497293525],[121.524279381093,25.0959118891448],[121.5243054,25.09589886],[121.522929,25.094772],[121.522929,25.094772],[121.52085,25.09406],[121.517889,25.092141],[121.517889,25.092141],[121.51144611421903,25.084340383790973],[121.51261,25.08192],[121.5136892,25.07451003],[121.5136892,25.07451003],[121.51367,25.07328],[121.51367,25.07328],[121.5137100606,25.0688798965403],[121.5136438,25.06615028],[121.513516380874,25.0633249732882],[121.513509342762,25.060980060423],[121.5135212,25.06097974],[121.51369271164,25.0571504842388],[121.5136927,25.05715048],[121.514022,25.055504],[121.514022,25.055504],[121.514023920514,25.0530178614119],[121.514023920514,25.0530178614119],[121.51344796988172,25.050402129064192],[121.51344796988172,25.050402129064192],[121.51316241098594,25.046552005302367],[121.51316241098594,25.046552005302367],[121.51018571259864,25.046034860361424],[121.51018571259864,25.046034860361424],[121.509144127644,25.0455115050969],[121.509098,25.04552755],[121.5083,25.04252],[121.508266771006,25.0425165606871],[121.506903709074,25.0378687908132],[121.506903709074,25.0378687908132],[121.506507520259,25.0364933609706],[121.5063886,25.03646318],[121.50448356536738,25.03205520434067],[121.50448356536738,25.03205520434067],[121.50438,25.02966],[121.505465333891,25.028384629531],[121.5054939,25.02836772],[121.506437964545,25.0273435686053],[121.506437964545,25.0273435686053],[121.508316077824,25.0256215629554],[121.508316077824,25.0256215629554],[121.509833,25.024664],[121.509833,25.024664],[121.50982,25.02391],[121.50643,25.02149],[121.5039,25.02023],[121.502643,25.021587],[121.50277864902843,25.023224075638726],[121.50333348774862,25.02477910385403],[121.504647,25.025478],[121.5062868,25.02596466],[121.50712,25.0253]]}},{"type":"Feature","properties":{"route_name":"224","color":"#dc3b86"},"geometry":{"type":"LineString","coordinates":[[121.53245,25.12420428],[121.53187,25.12262],[121.53134848347,25.12124699952],[121.53060908611,25.1193246795518],[121.5276437,25.11850567],[121.5262529,25.11878529],[121.5267177,25.12118051],[121.5266532,25.12292985],[121.525261,25.12357001],[121.5238999,25.12221658],[121.5226771,25.12028036],[121.520551599272,25.1188249158648],[121.520551599272,25.1188249158648],[121.518052504684,25.1184508084325],[121.518052504684,25.1184508084325],[121.516366480061,25.1172201622833],[121.515502,25.115911],[121.51501,25.114729]]}},{"type":"Feature","properties":{"route_name":"225","color":"#dc3b84"},"geometry":{"type":"LineString","coordinates":[[121.5178677888,25.0628480067],[121.5178677888,25.0628480067],[121.5223009,25.06271419],[121.5223009,25.06271419],[121.5253813,25.06266873],[121.5253813,25.06266873],[121.5300637,25.06254664],[121.5300637,25.06254664],[121.5328589,25.0624771],[121.5328589,25.0624771],[121.5364984,25.06236889],[121.5364984,25.06236889],[121.540554014847,25.0623255291835],[121.540554014847,25.0623255291835],[121.5440343,25.06148096],[121.545777,25.057658],[121.545777,25.057658],[121.5479795,25.05758765],[121.5525641,25.05792823],[121.55569442816517,25.058201423962956],[121.559216750962,25.0585017739443],[121.560927032747,25.0586405271738],[121.56339,25.06067],[121.56364748952177,25.06279839209022],[121.566155,25.062286]]}},{"type":"Feature","properties":{"route_name":"225區","color":"#dc3bb4"},"geometry":{"type":"LineString","coordinates":[[121.5178677888,25.0628480067],[121.5178677888,25.0628480067],[121.5223009,25.06271419],[121.5223009,25.06271419],[121.5253813,25.06266873],[121.5253813,25.06266873],[121.5300637,25.06254664],[121.5300637,25.06254664],[121.5328589,25.0624771],[121.5328589,25.0624771],[121.5364984,25.06236889],[121.5364984,25.06236889],[121.540554014847,25.0623255291835],[121.540554014847,25.0623255291835],[121.5438692,25.06227185],[121.5438692,25.06227185],[121.54762539917303,25.062020643130538],[121.54762539917303,25.062020643130538]]}},{"type":"Feature","properties":{"route_name":"226","color":"#dc3b81"},"geometry":{"type":"LineString","coordinates":[[121.518152,25.062226],[121.518782,25.057346],[121.518782,25.057346],[121.5215461,25.05773178],[121.5215461,25.05773178],[121.5243951,25.05785405],[121.5243951,25.05785405],[121.52693,25.05795],[121.52693,25.05795],[121.52919,25.05791],[121.52919,25.05791],[121.5325543,25.05776804],[121.5325543,25.05776804],[121.533011,25.05500621],[121.5329812,25.05228153],[121.5329145,25.04864879],[121.5328606,25.04460839],[121.532693,25.040288],[121.5326821,25.03851244],[121.53542376322785,25.03352937220551],[121.53906320415818,25.033444679044305],[121.54326844618258,25.033375050631893],[121.54563534893852,25.03331117343357],[121.54820957149374,25.033281131508218],[121.55122687477919,25.033180975171472],[121.553994124674,25.0330873803964],[121.55687,25.03311],[121.56127,25.031446],[121.5624103,25.02923056],[121.5632643,25.02827334],[121.565724,25.027402],[121.568122,25.026725],[121.569585,25.024432]]}},{"type":"Feature","properties":{"route_name":"227","color":"#dc3b7e"},"geometry":{"type":"LineString","coordinates":[[121.5178677888,25.0628480067],[121.5178677888,25.0628480067],[121.522776776113,25.0608309862107],[121.522776776113,25.0608309862107],[121.522628910085,25.0564276089864],[121.5225384,25.05658228],[121.52202112765,25.05126405386],[121.519759690546,25.046484462941],[121.51846488093777,25.042525923467416],[121.51846488093777,25.042525923467416],[121.51673,25.03643],[121.51673,25.03643],[121.515375,25.033565],[121.51548,25.03348],[121.5153917,25.02888681],[121.516528,25.024804],[121.516528,25.024804]]}},{"type":"Feature","properties":{"route_name":"227區","color":"#dc693b"},"geometry":{"type":"LineString","coordinates":[[121.5178677888,25.0628480067],[121.5178677888,25.0628480067],[121.5223009,25.06271419],[121.5223009,25.06271419],[121.5253813,25.06266873],[121.5253813,25.06266873]]}},{"type":"Feature","properties":{"route_name":"230","color":"#dc3b3e"},"geometry":{"type":"LineString","coordinates":[[121.49796757939285,25.132300275375297],[121.49683,25.13423],[121.498029,25.135605],[121.498029,25.135605],[121.5007209,25.13384543],[121.5007209,25.13384543],[121.50256846263959,25.13489933134952],[121.50444128215462,25.13658039419034],[121.504544748237,25.137839376017],[121.5059604,25.13930593],[121.506324,25.14066656],[121.50781,25.14134],[121.5097788,25.14102259],[121.511030827324,25.1411661449186],[121.51406,25.14187],[121.5156486,25.14148435],[121.514243,25.138768],[121.522414,25.142474],[121.52711834288,25.1443164405307],[121.530696106134,25.1478993639153],[121.5324399,25.15105389],[121.533371,25.14808],[121.531789,25.146038],[121.5314682,25.14364173],[121.534212,25.142646],[121.53560208412,25.1431074666186],[121.539407,25.143901],[121.5412287,25.14272321],[121.54426,25.142237],[121.54867972593061,25.14747195087477],[121.547813,25.150204],[121.54649,25.15119],[121.5473281,25.15233918],[121.5497128929114,25.151258917059053]]}},{"type":"Feature","properties":{"route_name":"231","color":"#dc3b3b"},"geometry":{"type":"LineString","coordinates":[[121.496932,25.035263],[121.496932,25.035263],[121.498804,25.03520468],[121.501585,25.036891],[121.501585,25.036891],[121.5019792,25.03968147],[121.5019792,25.03968147],[121.502463,25.042344],[121.502463,25.042344],[121.503074,25.044994],[121.503074,25.044994],[121.505237,25.045991],[121.505237,25.045991]]}},{"type":"Feature","properties":{"route_name":"232","color":"#dc3e3b"},"geometry":{"type":"LineString","coordinates":[[121.502490233032,25.0399728811606],[121.502490233032,25.0399728811606],[121.50582384788,25.03944952637],[121.50582384788,25.03944952637],[121.508187414094,25.0409980900087],[121.5082192,25.04094605],[121.509834083745,25.0414915346214],[121.509834083745,25.0414915346214],[121.511555,25.043262],[121.511555,25.043262],[121.51129364418,25.04676505924],[121.51129364418,25.04676505924],[121.51700353811,25.0462559043502],[121.522629,25.044844]]}},{"type":"Feature","properties":{"route_name":"232快","color":"#61dc3b"},"geometry":{"type":"LineString","coordinates":[[121.53833135465409,25.04151329724535],[121.54108205639983,25.041512273166234],[121.547609588359,25.0414444737459],[121.547609588359,25.0414444737459],[121.550375,25.04139101],[121.55037495586,25.041391012662],[121.553619,25.041262],[121.5536249,25.04131603],[121.555503,25.04128222],[121.555503,25.04128222],[121.55934,25.04119],[121.55934,25.04119],[121.562106434251,25.0411343471192],[121.562106434251,25.0411343471192],[121.5668354,25.04100991],[121.5668354,25.04100991],[121.5726502,25.04085411],[121.575809,25.040733],[121.5778998,25.04195027],[121.5778998,25.04195027],[121.577918664208,25.0435588382657],[121.577918664208,25.0435588382657],[121.577906954135,25.0450053957754],[121.577906954135,25.0450053957754],[121.5779129,25.04726924],[121.5779129,25.04726924]]}},{"type":"Feature","properties":{"route_name":"234","color":"#dc433b"},"geometry":{"type":"LineString","coordinates":[[121.4941737,25.02715329],[121.4941737,25.02715329],[121.496162828269,25.0295844111411],[121.496162828269,25.0295844111411],[121.497718,25.03244],[121.497718,25.03244],[121.4987728,25.03418554],[121.498768,25.034147],[121.500164,25.035143],[121.5000845,25.03514822],[121.501585,25.036891],[121.501585,25.036891],[121.5019792,25.03968147],[121.5019792,25.03968147],[121.502463,25.042344],[121.502463,25.042344],[121.503074,25.044994],[121.503074,25.044994],[121.505237,25.045991],[121.505237,25.045991]]}},{"type":"Feature","properties":{"route_name":"235","color":"#dc463b"},"geometry":{"type":"LineString","coordinates":[[121.502346,25.042608],[121.502346,25.042608],[121.50367,25.041536],[121.50367,25.041536],[121.5051324,25.04153818],[121.5051324,25.04153818],[121.507436,25.04202065],[121.507436,25.04202065],[121.5091239,25.04072737],[121.5091008,25.0390539],[121.514486272409,25.0385833202908],[121.5149627,25.03800782],[121.5149627,25.03800782],[121.514976309391,25.0364625980204],[121.5149763,25.0364626],[121.515375,25.033565],[121.51548,25.03348],[121.5157,25.029828],[121.5157,25.029828],[121.518037534882,25.0299878580087],[121.518037534882,25.0299878580087],[121.520315080867,25.0273649962157],[121.5246159,25.02678744],[121.5278634988405,25.02650071684031],[121.529958,25.026362],[121.533012542409,25.0260973914545],[121.536235879941,25.0257355123764],[121.538492198683,25.0254072414078],[121.538492198683,25.0254072414078],[121.542239793699,25.0249140592421],[121.542239793699,25.0249140592421],[121.545343325676,25.0246033941802],[121.547571,25.024522],[121.5501916,25.02553767],[121.5505851,25.02874334],[121.552557,25.031516],[121.552601,25.034479],[121.5521758,25.03661955],[121.5497082,25.03964863],[121.550375,25.04139101],[121.55037495586,25.041391012662],[121.5536249,25.04131603],[121.553619,25.041262],[121.555503,25.04128222],[121.555503,25.04128222]]}},{"type":"Feature","properties":{"route_name":"236區","color":"#3b5edc"},"geometry":{"type":"LineString","coordinates":[[121.595983977281,25.0042464092937],[121.595983977281,25.0042464092937],[121.59504,25.00246],[121.59504,25.00246],[121.5913505957924,24.999402832437188],[121.5913505957924,24.999402832437188],[121.58954681023364,25.000950102464405],[121.58954681023364,25.000950102464405],[121.585066207329,25.0031479361546],[121.585066207329,25.0031479361546],[121.58021,24.99881],[121.58021,24.99881],[121.576778,24.9968],[121.576778,24.9968],[121.57363,24.993482],[121.57363,24.993482],[121.574153,24.99161],[121.574153,24.99161],[121.576757,24.989679],[121.576757,24.989679],[121.57604615193513,24.98782160454249],[121.57604615193513,24.98782160454249],[121.573881732316,24.9880845060964],[121.573881732316,24.9880845060964],[121.56997997801,24.987746922127],[121.56997997801,24.987746922127],[121.5686729036256,24.98794462737213],[121.5686729036256,24.98794462737213],[121.566361887311,24.9885790493873],[121.566361887311,24.9885790493873],[121.56247819644113,24.989024145656842],[121.56247819644113,24.989024145656842],[121.559942504895,24.989363359859],[121.559942504895,24.989363359859],[121.55919,24.990768],[121.55919,24.990768],[121.55883687781873,24.99243758851507],[121.55883687781873,24.99243758851507],[121.5594086,24.99385696],[121.5594086,24.99385696],[121.56012261539274,24.996452582031367],[121.56012261539274,24.996452582031367],[121.55947313859588,24.9977449509898],[121.55947313859588,24.9977449509898],[121.557829,24.999259],[121.557829,24.999259],[121.555797991874,25.0004051038435],[121.555797991874,25.0004051038435],[121.553039816886,25.001459963615],[121.550073640107,25.0009828977016],[121.547448469573,24.9995842974218],[121.545835,24.998953],[121.54393655953,24.999719170953],[121.542530095186,25.0015098013863],[121.542530095186,25.0015098013863],[121.539995594657,25.0042661031504],[121.539995594657,25.0042661031504],[121.53849,25.00761],[121.538470307254,25.0076706783786],[121.535185,25.013993],[121.535185,25.013993],[121.531094,25.018104],[121.531094,25.018104],[121.532327,25.021872],[121.532327,25.021872]]}},{"type":"Feature","properties":{"route_name":"237","color":"#dc4b3b"},"geometry":{"type":"LineString","coordinates":[[121.5913505957924,24.999402832437188],[121.5913505957924,24.999402832437188],[121.58954681023364,25.000950102464405],[121.58954681023364,25.000950102464405],[121.585066207329,25.0031479361546],[121.585066207329,25.0031479361546],[121.58021,24.99881],[121.58021,24.99881],[121.576778,24.9968],[121.576778,24.9968],[121.57363,24.993482],[121.57363,24.993482],[121.574153,24.99161],[121.574153,24.99161],[121.576757,24.989679],[121.576757,24.989679],[121.57604615193513,24.98782160454249],[121.57604615193513,24.98782160454249],[121.57691026481086,24.98616587144089],[121.57831434234106,24.98249401134706],[121.579139,24.981412],[121.57450814267398,24.979877537986443],[121.5740260114375,24.978600821570257],[121.57026340022544,24.98026110020018],[121.57417314249922,24.97823299214419],[121.57457118103314,24.979688427920895],[121.579203,24.98147],[121.57831066893011,24.98262561112984],[121.57707876305696,24.986429038506593],[121.57699279565435,24.989020423587586],[121.57699279565435,24.989020423587586],[121.576905,24.990413],[121.576905,24.990413],[121.574627,24.991863],[121.574627,24.991863],[121.570973024858,24.9913094198003],[121.570973024858,24.9913094198003],[121.56999253194654,24.990114359213134],[121.56999253194654,24.990114359213134],[121.5685523,24.98849886],[121.5685523,24.98849886],[121.5675834,24.98591966],[121.5675834,24.98591966],[121.565877,24.983723],[121.565878316644,24.9837214466608],[121.56460855354919,24.982712452429457],[121.56460855354919,24.982712452429457],[121.562389,24.98292781],[121.562389,24.98292781],[121.561829231052,24.9843077885823],[121.561829231052,24.9843077885823],[121.56078735305545,24.987245753153893],[121.56078735305545,24.987245753153893],[121.559942504895,24.989363359859],[121.559942504895,24.989363359859],[121.55919,24.990768],[121.55919,24.990768],[121.55883687781873,24.99243758851507],[121.55883687781873,24.99243758851507],[121.5594086,24.99385696],[121.5594086,24.99385696],[121.56012261539274,24.996452582031367],[121.56012261539274,24.996452582031367],[121.55947313859588,24.9977449509898],[121.55947313859588,24.9977449509898],[121.55702271100921,24.99980928226642],[121.555797991874,25.0004051038435],[121.555797991874,25.0004051038435],[121.555211,25.001741],[121.556531813076,25.0037396380103],[121.55871833409,25.0070201506128],[121.55075149283692,25.016039021546764],[121.548282,25.018051],[121.545887467263,25.0203240566478],[121.5434997,25.02208456],[121.542376119519,25.0251035284638],[121.54065,25.02532],[121.539154243763,25.0255275256686],[121.53631985296,25.0259280472003],[121.532693859225,25.0263548162126],[121.53006,25.026622],[121.527713493878,25.026738138642],[121.523152,25.027172],[121.5219375,25.02886065],[121.5219375,25.02886065],[121.52231632616744,25.030573897088548],[121.52231632616744,25.030573897088548],[121.522887,25.03276],[121.522887,25.03276],[121.524185846428,25.0349344108172],[121.5241858,25.03493441],[121.526979,25.033164]]}},{"type":"Feature","properties":{"route_name":"240直","color":"#d7dc3b"},"geometry":{"type":"LineString","coordinates":[[121.599554,25.060747],[121.596727,25.061328],[121.5972045,25.06215197],[121.6011887,25.06313719],[121.6030952,25.06305438],[121.611416,25.066845],[121.611642249953,25.0702607638519],[121.611642249953,25.0702607638519],[121.609308386226,25.0718101504888],[121.609308386226,25.0718101504888],[121.607610913193,25.0726213066526],[121.607610913193,25.0726213066526],[121.60468992917,25.0735474046187],[121.602397,25.07383],[121.600364932077,25.0775703139034],[121.599295,25.079518],[121.5978951,25.08111607],[121.596227,25.082986],[121.593879114086,25.0834615421604],[121.59179366923021,25.081779319488682],[121.589838083526,25.0798544258006],[121.59007719697958,25.076435413204408],[121.58972,25.073372],[121.589869957803,25.0710371489715],[121.589869957803,25.0710371489715],[121.590661157725,25.0680308659982],[121.590661157725,25.0680308659982],[121.590521443523,25.0670002134225],[121.5904106,25.0632823],[121.589212889978,25.0618022015955],[121.58567426682049,25.059637621521563],[121.5630899,25.04132664],[121.5630899,25.04132664],[121.557719526717,25.0390183419661]]}},{"type":"Feature","properties":{"route_name":"241","color":"#dc8e3b"},"geometry":{"type":"LineString","coordinates":[[121.516898839078,25.0242546637841],[121.516898839078,25.0242546637841],[121.518303,25.028563],[121.5183087,25.02997969],[121.5183087,25.02997969],[121.517416,25.030967],[121.517416,25.030967],[121.5157326,25.03339678],[121.51568,25.033381],[121.515136595156,25.0368285357308],[121.515136595156,25.0368285357308],[121.514498656168,25.0386560843846],[121.514498656168,25.0386560843846],[121.511555,25.043262],[121.511555,25.043262]]}},{"type":"Feature","properties":{"route_name":"242","color":"#dc913b"},"geometry":{"type":"LineString","coordinates":[[121.516898839078,25.0242546637841],[121.516898839078,25.0242546637841],[121.517445,25.028027],[121.517445,25.028027],[121.517263,25.026994],[121.517263,25.026994],[121.51419,25.02801],[121.51419,25.02801],[121.511851,25.0293],[121.511851,25.0293],[121.508711,25.03088],[121.508779,25.030898],[121.50578,25.033191],[121.50578,25.033191],[121.5020082,25.03534159],[121.5020082,25.03534159],[121.501585,25.036891],[121.501585,25.036891],[121.5019792,25.03968147],[121.5019792,25.03968147],[121.502463,25.042344],[121.502463,25.042344],[121.503074,25.044994],[121.503074,25.044994]]}},{"type":"Feature","properties":{"route_name":"243","color":"#dc943b"},"geometry":{"type":"LineString","coordinates":[[121.516898839078,25.0242546637841],[121.516898839078,25.0242546637841],[121.5155658,25.02907366],[121.5155658,25.02907366],[121.514086870192,25.0326456333347],[121.514086870192,25.0326456333347],[121.51145502265425,25.035878170399293],[121.51145502265425,25.035878170399293],[121.508728,25.036841],[121.508728,25.036841],[121.5082192,25.04094605],[121.508187414094,25.0409980900087],[121.5093021,25.04495097]]}},{"type":"Feature","properties":{"route_name":"245","color":"#dc993b"},"geometry":{"type":"LineString","coordinates":[[121.496932,25.035263],[121.496932,25.035263],[121.500164,25.035143],[121.5000845,25.03514822],[121.50429,25.03583],[121.50429,25.03583],[121.5073666,25.03821366],[121.5073666,25.03821366],[121.5082192,25.04094605],[121.508187414094,25.0409980900087],[121.509834083745,25.0414915346214],[121.509834083745,25.0414915346214],[121.511555,25.043262],[121.511555,25.043262],[121.5131649,25.04469193],[121.5131649,25.04469193],[121.5146668,25.04337336],[121.5146668,25.04337336],[121.516148167061,25.0419357569938],[121.516148167061,25.0419357569938]]}},{"type":"Feature","properties":{"route_name":"246","color":"#dc9c3b"},"geometry":{"type":"LineString","coordinates":[[121.497441758086,25.094151501983],[121.5020824,25.09001798],[121.502875912769,25.0896460928075],[121.504244,25.089298],[121.5056145,25.08933251],[121.5081045,25.0887967],[121.5087166,25.0880464],[121.50958853792531,25.085288548110366],[121.50958853792531,25.085288548110366],[121.51261,25.08192],[121.5136892,25.07451003],[121.5136892,25.07451003],[121.5135209,25.07218551],[121.5135209,25.07218551],[121.510852,25.0713032],[121.5127488,25.06858641],[121.5127488,25.06858641],[121.51425,25.06854],[121.51425,25.06854],[121.51626,25.06847],[121.51626,25.06847],[121.5188086,25.06845385],[121.5219958317649,25.06836964371407],[121.5242636,25.06834316],[121.5255625,25.06725254],[121.5255005,25.06394478],[121.5255106,25.06108573],[121.5255106,25.06108573],[121.52549,25.05883],[121.52549,25.05883],[121.5253871,25.05688638],[121.5253476,25.05519022],[121.5252473,25.05305721],[121.524816490963,25.0505629682906],[121.524119571056,25.0481741643018],[121.5235453,25.04586572],[121.5167218,25.0465408],[121.509098,25.04552755],[121.509144127644,25.0455115050969],[121.5083,25.04252],[121.508266771006,25.0425165606871],[121.506903709074,25.0378687908132],[121.506903709074,25.0378687908132],[121.506507520259,25.0364933609706],[121.5063886,25.03646318],[121.50448356536738,25.03205520434067],[121.50448356536738,25.03205520434067],[121.50298,25.03141],[121.500473,25.030744],[121.500473,25.030744],[121.50037694828528,25.0289649585261],[121.50037694828528,25.0289649585261],[121.50026027816166,25.025052181005517],[121.50026027816166,25.025052181005517],[121.49999538902145,25.024019027640023],[121.49999538902145,25.024019027640023],[121.497234,25.01942],[121.497234,25.01942],[121.49565,25.01714],[121.49565,25.01714]]}},{"type":"Feature","properties":{"route_name":"246預","color":"#9cdc3b"},"geometry":{"type":"LineString","coordinates":[[121.497441758086,25.094151501983],[121.5020824,25.09001798],[121.502875912769,25.0896460928075],[121.504244,25.089298],[121.5056145,25.08933251],[121.5081045,25.0887967],[121.5087166,25.0880464],[121.50958853792531,25.085288548110366],[121.50958853792531,25.085288548110366],[121.51261,25.08192],[121.5136892,25.07451003],[121.5136892,25.07451003],[121.5135209,25.07218551],[121.5135209,25.07218551],[121.510852,25.0713032],[121.5127488,25.06858641],[121.5127488,25.06858641],[121.51425,25.06854],[121.51425,25.06854],[121.51626,25.06847],[121.51626,25.06847],[121.5188086,25.06845385],[121.5219958317649,25.06836964371407],[121.5242636,25.06834316],[121.5255625,25.06725254],[121.5255005,25.06394478],[121.5255106,25.06108573],[121.5255106,25.06108573],[121.52549,25.05883],[121.52549,25.05883],[121.5253871,25.05688638],[121.5253476,25.05519022],[121.5252473,25.05305721],[121.524816490963,25.0505629682906],[121.524119571056,25.0481741643018],[121.5235453,25.04586572],[121.5167218,25.0465408],[121.509144127644,25.0455115050969],[121.509098,25.04552755],[121.508266771006,25.0425165606871],[121.5083,25.04252],[121.506903709074,25.0378687908132],[121.506903709074,25.0378687908132],[121.506507520259,25.0364933609706],[121.5063886,25.03646318],[121.50448356536738,25.03205520434067],[121.50448356536738,25.03205520434067],[121.50298,25.03141],[121.500473,25.030744],[121.500473,25.030744],[121.50037694828528,25.0289649585261],[121.50037694828528,25.0289649585261],[121.50026027816166,25.025052181005517],[121.50026027816166,25.025052181005517],[121.49999538902145,25.024019027640023],[121.49999538902145,25.024019027640023],[121.497234,25.01942],[121.497234,25.01942],[121.49565,25.01714],[121.49565,25.01714]]}},{"type":"Feature","properties":{"route_name":"247","color":"#dc9e3b"},"geometry":{"type":"LineString","coordinates":[[121.603466,25.062478],[121.611416,25.066845],[121.611642249953,25.0702607638519],[121.611642249953,25.0702607638519],[121.609308386226,25.0718101504888],[121.609308386226,25.0718101504888],[121.607610913193,25.0726213066526],[121.607610913193,25.0726213066526],[121.6072451,25.07543061],[121.6072451,25.07543061],[121.607197,25.078107],[121.607197,25.078107],[121.60525229995443,25.08303681690925],[121.60525229995443,25.08303681690925],[121.6025457,25.08373507],[121.6025457,25.08373507],[121.6000154,25.08478664],[121.6000154,25.08478664],[121.59638478301,25.0845601194501],[121.59638478301,25.0845601194501],[121.5943834,25.08468616],[121.5943834,25.08468616],[121.592340188865,25.0851216204339],[121.592340188865,25.0851216204339],[121.590672857706,25.0856636770114],[121.590672857706,25.0856636770114],[121.58887802199136,25.086529319087273],[121.58887802199136,25.086529319087273],[121.58649239370985,25.088502189264172],[121.58649239370985,25.088502189264172],[121.58808,25.086917],[121.58808,25.086917],[121.59054,25.085651],[121.59054,25.085651],[121.592247709587,25.0850667950708],[121.592247709587,25.0850667950708],[121.5924824,25.0838005],[121.590028,25.081987],[121.58718,25.08132],[121.581399,25.079397],[121.5779835,25.07910692],[121.57610868441,25.0798366021365],[121.57610868441,25.0798366021365],[121.573860343024,25.0806380998734],[121.571386,25.081473],[121.569461375068,25.082118261496],[121.565868143978,25.0824213906562],[121.564098538475,25.0830692818289],[121.564098538475,25.0830692818289],[121.561535778783,25.0843810062584],[121.558119339359,25.0848172776379],[121.55468793143969,25.085303158353604],[121.55468793143969,25.085303158353604],[121.5490281,25.08377483],[121.5482394,25.0808482],[121.546139731473,25.0799238282333],[121.5436838,25.07978102],[121.54169,25.07961],[121.535552182321,25.0780024350627],[121.530144788528,25.0781282212443],[121.527964269875,25.077322358349],[121.523095139749,25.070066233009],[121.52244,25.0673],[121.5221621,25.06438114],[121.522776776113,25.0608309862107],[121.522776776113,25.0608309862107],[121.522628910085,25.0564276089864],[121.5225384,25.05658228],[121.52202112765,25.05126405386],[121.519759690546,25.046484462941],[121.5167218,25.0465408],[121.51317492694037,25.04555817012959],[121.512543916311,25.0423685522993],[121.512543916311,25.0423685522993]]}},{"type":"Feature","properties":{"route_name":"247區","color":"#3bdc6e"},"geometry":{"type":"LineString","coordinates":[[121.599554,25.060747],[121.596727,25.061328],[121.5972045,25.06215197],[121.6011887,25.06313719],[121.6030952,25.06305438],[121.611416,25.066845],[121.611642249953,25.0702607638519],[121.611642249953,25.0702607638519],[121.609308386226,25.0718101504888],[121.609308386226,25.0718101504888],[121.607610913193,25.0726213066526],[121.607610913193,25.0726213066526],[121.6072451,25.07543061],[121.6072451,25.07543061],[121.607197,25.078107],[121.607197,25.078107],[121.60525229995443,25.08303681690925],[121.60525229995443,25.08303681690925],[121.6025457,25.08373507],[121.6025457,25.08373507],[121.6000154,25.08478664],[121.6000154,25.08478664],[121.59638478301,25.0845601194501],[121.59638478301,25.0845601194501],[121.5943834,25.08468616],[121.5943834,25.08468616],[121.5924824,25.0838005],[121.590028,25.081987],[121.58718,25.08132],[121.581399,25.079397],[121.5779835,25.07910692],[121.57610868441,25.0798366021365],[121.57610868441,25.0798366021365],[121.573860343024,25.0806380998734],[121.571386,25.081473],[121.569461375068,25.082118261496],[121.565868143978,25.0824213906562],[121.564098538475,25.0830692818289],[121.564098538475,25.0830692818289],[121.561535778783,25.0843810062584],[121.558119339359,25.0848172776379],[121.55468793143969,25.085303158353604],[121.55468793143969,25.085303158353604],[121.5490281,25.08377483],[121.5482394,25.0808482],[121.546139731473,25.0799238282333],[121.5436838,25.07978102],[121.54169,25.07961],[121.535552182321,25.0780024350627],[121.530144788528,25.0781282212443],[121.527964269875,25.077322358349],[121.523095139749,25.070066233009],[121.520216,25.069744]]}},{"type":"Feature","properties":{"route_name":"249","color":"#dca43b"},"geometry":{"type":"LineString","coordinates":[[121.516898839078,25.0242546637841],[121.516898839078,25.0242546637841],[121.518303,25.028563],[121.52231632616744,25.030573897088548],[121.52231632616744,25.030573897088548],[121.522887,25.03276],[121.522887,25.03276],[121.524185846428,25.0349344108172],[121.5241858,25.03493441],[121.52487,25.03676],[121.52487,25.03676],[121.5211551,25.03891262],[121.5211551,25.03891262],[121.5183669,25.03926197],[121.5183669,25.03926197],[121.5163535,25.04192722],[121.5163535,25.04192722],[121.515057344159,25.0441772424518],[121.515057344159,25.0441772424518],[121.513879,25.046027],[121.513879,25.046027]]}},{"type":"Feature","properties":{"route_name":"250","color":"#d9dc3b"},"geometry":{"type":"LineString","coordinates":[[121.504476019722,25.1003822071101],[121.50562988182526,25.10041172252245],[121.507447,25.100501],[121.51404308646119,25.095130545514156],[121.517833,25.089884],[121.5181604458413,25.089126426302588],[121.522119,25.090677],[121.519396,25.093132],[121.519396,25.093132],[121.517889,25.092141],[121.517889,25.092141],[121.51144611421903,25.084340383790973],[121.51261,25.08192],[121.5136892,25.07451003],[121.5136892,25.07451003],[121.51367,25.07328],[121.51367,25.07328],[121.5137100606,25.0688798965403],[121.5136438,25.06615028],[121.513516380874,25.0633249732882],[121.5135212,25.06097974],[121.513509342762,25.060980060423],[121.5136927,25.05715048],[121.51369271164,25.0571504842388],[121.514022,25.055504],[121.514022,25.055504],[121.514023920514,25.0530178614119],[121.514023920514,25.0530178614119],[121.51344796988172,25.050402129064192],[121.51344796988172,25.050402129064192],[121.510134,25.049002],[121.510134,25.049002],[121.509098,25.04552755],[121.509144127644,25.0455115050969],[121.508266771006,25.0425165606871],[121.5083,25.04252],[121.506903709074,25.0378687908132],[121.506903709074,25.0378687908132],[121.506507520259,25.0364933609706],[121.5063886,25.03646318],[121.50448356536738,25.03205520434067],[121.50448356536738,25.03205520434067],[121.50438,25.02966],[121.505465333891,25.028384629531],[121.5054939,25.02836772],[121.506437964545,25.0273435686053],[121.506437964545,25.0273435686053],[121.508316077824,25.0256215629554],[121.508316077824,25.0256215629554],[121.509833,25.024664],[121.509833,25.024664],[121.50982,25.02391],[121.50643,25.02149],[121.5039,25.02023]]}},{"type":"Feature","properties":{"route_name":"251","color":"#d7dc3b"},"geometry":{"type":"LineString","coordinates":[[121.595983977281,25.0042464092937],[121.595983977281,25.0042464092937],[121.59504,25.00246],[121.59504,25.00246],[121.5913505957924,24.999402832437188],[121.5913505957924,24.999402832437188],[121.58954681023364,25.000950102464405],[121.58954681023364,25.000950102464405],[121.585066207329,25.0031479361546],[121.585066207329,25.0031479361546],[121.583287778248,25.0028393386766],[121.583287778248,25.0028393386766],[121.579255519338,25.0011783104188],[121.579255519338,25.0011783104188],[121.575395362596,24.9993898137115],[121.575395362596,24.9993898137115],[121.57396,24.997735],[121.57396,24.997735],[121.572590803415,24.9965014109618],[121.572590803415,24.9965014109618],[121.571444566484,24.9935653207503],[121.571444566484,24.9935653207503],[121.570973024858,24.9913094198003],[121.570973024858,24.9913094198003],[121.56999253194654,24.990114359213134],[121.56999253194654,24.990114359213134],[121.5685523,24.98849886],[121.5685523,24.98849886],[121.56893,24.98672],[121.56893,24.98672],[121.570606,24.986224],[121.570606,24.986224],[121.57011,24.984828],[121.57011,24.984828],[121.56895990914902,24.984131427903375],[121.56895990914902,24.984131427903375],[121.56695,24.98347],[121.56695,24.98347],[121.56460855354919,24.982712452429457],[121.56460855354919,24.982712452429457],[121.562389,24.98292781],[121.562389,24.98292781],[121.561007,24.984487],[121.5589488,24.98412741],[121.5568155,24.98357787],[121.55435,24.98456],[121.55435,24.98456],[121.553332059894,24.9865677374486],[121.553332059894,24.9865677374486],[121.550077359064,24.98759233313],[121.550077359064,24.98759233313],[121.5464,24.986892],[121.5464,24.986892],[121.54401,24.98858],[121.54401,24.98858],[121.540918398248,24.9891053967322],[121.540918398248,24.9891053967322],[121.5413751,24.99207752],[121.541402549692,24.9920548778923],[121.5413365,24.99545268],[121.5413365,24.99545268],[121.5402001,24.99931624],[121.5402001,24.99931624],[121.5393892,25.00136317],[121.5393892,25.00136317],[121.5387822,25.00327364],[121.5387822,25.00327364],[121.53849,25.00761],[121.538470307254,25.0076706783786],[121.535185,25.013993],[121.535185,25.013993],[121.530566,25.018486],[121.530566,25.018486],[121.52803,25.02092],[121.52803,25.02092],[121.5265702582243,25.02214502516781],[121.5265702582243,25.02214502516781],[121.52476413675969,25.024022735483676],[121.52476413675969,25.024022735483676],[121.52269,25.02678],[121.52269,25.02678],[121.52096,25.02922],[121.51880642264224,25.0322495874994],[121.515136595156,25.0368285357308],[121.515136595156,25.0368285357308],[121.5163535,25.04192722],[121.5163535,25.04192722],[121.515057344159,25.0441772424518],[121.515057344159,25.0441772424518],[121.513879,25.046027],[121.513879,25.046027]]}},{"type":"Feature","properties":{"route_name":"251區","color":"#3bb7dc"},"geometry":{"type":"LineString","coordinates":[[121.595983977281,25.0042464092937],[121.595983977281,25.0042464092937],[121.59504,25.00246],[121.59504,25.00246],[121.5913505957924,24.999402832437188],[121.5913505957924,24.999402832437188],[121.58954681023364,25.000950102464405],[121.58954681023364,25.000950102464405],[121.585066207329,25.0031479361546],[121.585066207329,25.0031479361546],[121.583287778248,25.0028393386766],[121.583287778248,25.0028393386766],[121.579255519338,25.0011783104188],[121.579255519338,25.0011783104188],[121.575395362596,24.9993898137115],[121.575395362596,24.9993898137115],[121.57396,24.997735],[121.57396,24.997735],[121.572590803415,24.9965014109618],[121.572590803415,24.9965014109618],[121.571444566484,24.9935653207503],[121.571444566484,24.9935653207503],[121.570973024858,24.9913094198003],[121.570973024858,24.9913094198003],[121.56999253194654,24.990114359213134],[121.56999253194654,24.990114359213134],[121.5685523,24.98849886],[121.5685523,24.98849886],[121.56893,24.98672],[121.56893,24.98672],[121.570606,24.986224],[121.570606,24.986224],[121.57011,24.984828],[121.57011,24.984828],[121.56895990914902,24.984131427903375],[121.56895990914902,24.984131427903375],[121.56695,24.98347],[121.56695,24.98347],[121.56460855354919,24.982712452429457],[121.56460855354919,24.982712452429457],[121.562389,24.98292781],[121.562389,24.98292781],[121.561007,24.984487],[121.5589488,24.98412741],[121.5568155,24.98357787],[121.55435,24.98456],[121.55435,24.98456],[121.553332059894,24.9865677374486],[121.553332059894,24.9865677374486],[121.550077359064,24.98759233313],[121.550077359064,24.98759233313],[121.5464,24.986892],[121.5464,24.986892],[121.54401,24.98858],[121.54401,24.98858],[121.540918398248,24.9891053967322],[121.540918398248,24.9891053967322],[121.541402549692,24.9920548778923],[121.5413751,24.99207752],[121.5413365,24.99545268],[121.5413365,24.99545268],[121.5402001,24.99931624],[121.5402001,24.99931624],[121.5393892,25.00136317],[121.5393892,25.00136317],[121.5387822,25.00327364],[121.5387822,25.00327364],[121.53849,25.00761],[121.538470307254,25.0076706783786],[121.535185,25.013993],[121.535185,25.013993]]}},{"type":"Feature","properties":{"route_name":"252","color":"#d4dc3b"},"geometry":{"type":"LineString","coordinates":[[121.5913505957924,24.999402832437188],[121.5913505957924,24.999402832437188],[121.58954681023364,25.000950102464405],[121.58954681023364,25.000950102464405],[121.585066207329,25.0031479361546],[121.585066207329,25.0031479361546],[121.583287778248,25.0028393386766],[121.583287778248,25.0028393386766],[121.579255519338,25.0011783104188],[121.579255519338,25.0011783104188],[121.575395362596,24.9993898137115],[121.575395362596,24.9993898137115],[121.57396,24.997735],[121.57396,24.997735],[121.572590803415,24.9965014109618],[121.572590803415,24.9965014109618],[121.571444566484,24.9935653207503],[121.571444566484,24.9935653207503],[121.570973024858,24.9913094198003],[121.570973024858,24.9913094198003],[121.57056541020108,24.98938211529826],[121.57056541020108,24.98938211529826],[121.570606,24.986224],[121.570606,24.986224],[121.57011,24.984828],[121.57011,24.984828],[121.56895990914902,24.984131427903375],[121.56895990914902,24.984131427903375],[121.56695,24.98347],[121.56695,24.98347],[121.56460855354919,24.982712452429457],[121.56460855354919,24.982712452429457],[121.561849824052,24.9820534481377],[121.561849824052,24.9820534481377],[121.56033392387744,24.981733915823476],[121.56033392387744,24.981733915823476],[121.558272457788,24.9811534735698],[121.558272457788,24.9811534735698],[121.555554,24.980465],[121.555554,24.980465],[121.54025525837187,24.991120032966297],[121.54025525837187,24.991120032966297],[121.54075736926794,24.99234145800376],[121.54075736926794,24.99234145800376],[121.5413365,24.99545268],[121.5413365,24.99545268],[121.5402001,24.99931624],[121.5402001,24.99931624],[121.5393892,25.00136317],[121.5393892,25.00136317],[121.5387822,25.00327364],[121.5387822,25.00327364],[121.538470307254,25.0076706783786],[121.53849,25.00761],[121.535185,25.013993],[121.535185,25.013993],[121.530566,25.018486],[121.530566,25.018486],[121.52803,25.02092],[121.52803,25.02092],[121.5265702582243,25.02214502516781],[121.5265702582243,25.02214502516781],[121.52476413675969,25.024022735483676],[121.52476413675969,25.024022735483676],[121.52269,25.02678],[121.52269,25.02678],[121.52096,25.02922],[121.51880642264224,25.0322495874994],[121.51376300673572,25.03546453817517],[121.51145502265425,25.035878170399293],[121.51145502265425,25.035878170399293],[121.508728,25.036841],[121.508728,25.036841],[121.508285900629,25.041730058378],[121.508285900629,25.041730058378],[121.5094213,25.04568121],[121.509380726049,25.0456964941835],[121.51316241098594,25.046552005302367],[121.51316241098594,25.046552005302367]]}},{"type":"Feature","properties":{"route_name":"253","color":"#d1dc3b"},"geometry":{"type":"LineString","coordinates":[[121.55568,24.980335],[121.55568,24.980335],[121.5583622,24.98100977],[121.5583622,24.98100977],[121.559783932422,24.9813802657801],[121.559783932422,24.9813802657801],[121.561802,24.981856],[121.561802,24.981856],[121.562389,24.98292781],[121.562389,24.98292781],[121.561829231052,24.9843077885823],[121.561829231052,24.9843077885823],[121.56078735305545,24.987245753153893],[121.56078735305545,24.987245753153893],[121.559942504895,24.989363359859],[121.559942504895,24.989363359859],[121.55919,24.990768],[121.55919,24.990768],[121.55883687781873,24.99243758851507],[121.55883687781873,24.99243758851507],[121.5594086,24.99385696],[121.5594086,24.99385696],[121.56012261539274,24.996452582031367],[121.56012261539274,24.996452582031367],[121.55947313859588,24.9977449509898],[121.55947313859588,24.9977449509898],[121.557829,24.999259],[121.557829,24.999259],[121.555797991874,25.0004051038435],[121.555797991874,25.0004051038435],[121.553039816886,25.001459963615],[121.550073640107,25.0009828977016],[121.547448469573,24.9995842974218],[121.545835,24.998953],[121.54393655953,24.999719170953],[121.542530095186,25.0015098013863],[121.542530095186,25.0015098013863],[121.539995594657,25.0042661031504],[121.539995594657,25.0042661031504],[121.538470307254,25.0076706783786],[121.53849,25.00761],[121.535185,25.013993],[121.535185,25.013993],[121.53375,25.018029],[121.534388191196,25.0214053337175],[121.5349231,25.02527096],[121.531764,25.03020674],[121.52907,25.02982],[121.52776,25.03003],[121.526147474931,25.0319083503876],[121.522887,25.03276],[121.522887,25.03276],[121.524185846428,25.0349344108172],[121.5241858,25.03493441],[121.52487,25.03676],[121.52487,25.03676],[121.52567,25.03951],[121.526368,25.04197],[121.52277975890082,25.045112057683003],[121.5167218,25.0465408]]}},{"type":"Feature","properties":{"route_name":"254","color":"#cfdc3b"},"geometry":{"type":"LineString","coordinates":[[121.538530831111,25.0120963546845],[121.538530831111,25.0120963546845],[121.54013379820495,25.013398935169228],[121.54013379820495,25.013398935169228],[121.542468,25.015403],[121.542468,25.015403],[121.5448494574872,25.0174253459055],[121.5448494574872,25.0174253459055],[121.54746,25.01963],[121.54746,25.01963],[121.551906976436,25.0236369355906],[121.551906976436,25.0236369355906],[121.5549231,25.02628003],[121.5549231,25.02628003],[121.557084,25.028593],[121.557084,25.028593],[121.5574,25.03062],[121.5575983,25.03377721],[121.5576,25.03663],[121.557719526717,25.0390183419661],[121.557919,25.042733],[121.5579397,25.04698],[121.557946,25.04870308],[121.556952,25.052989],[121.55726,25.05367],[121.55985,25.05381],[121.5626621,25.05397814],[121.5638473,25.05481494],[121.56368,25.05753],[121.561144568697,25.058808540179]]}},{"type":"Feature","properties":{"route_name":"254區","color":"#b93bdc"},"geometry":{"type":"LineString","coordinates":[[121.531685,25.014457],[121.531685,25.014457],[121.534517055222,25.0143047215272],[121.534517055222,25.0143047215272]]}},{"type":"Feature","properties":{"route_name":"255","color":"#ccdc3b"},"geometry":{"type":"LineString","coordinates":[[121.5698963,25.10683945],[121.5677603,25.10601528],[121.566212,25.10586089],[121.56714,25.10655],[121.5681927,25.10671438],[121.5686968,25.10754459],[121.5661627,25.10771043],[121.5626717,25.10705214],[121.561631,25.108548],[121.5614042,25.10750605],[121.560788036637,25.107004336741],[121.5605355,25.10799451],[121.560057,25.10937],[121.5599722,25.11075838],[121.56215,25.11139],[121.5579606,25.11146528],[121.55708,25.10932],[121.55737,25.10712],[121.5572,25.10554],[121.5557205,25.10406772],[121.5520364,25.10144488],[121.549281,25.099862],[121.549281,25.099862],[121.5459328,25.09806813],[121.5459327705,25.098068128396],[121.543765927365,25.0972634661547],[121.543765927365,25.0972634661547],[121.541307,25.097411],[121.541307,25.097411],[121.539849,25.097585],[121.5398491,25.0975852],[121.53824562909286,25.098005332485762],[121.53824562909286,25.098005332485762],[121.53392,25.09776],[121.534030294965,25.0977513146504],[121.53144,25.0965],[121.53144,25.0965],[121.52976,25.0962],[121.52976,25.0962],[121.525882,25.095428],[121.522929,25.094772],[121.522929,25.094772],[121.519396,25.093132],[121.519396,25.093132],[121.517889,25.092141],[121.517889,25.092141],[121.50958853792531,25.085288548110366],[121.50958853792531,25.085288548110366],[121.5100276,25.08307587],[121.5100276,25.08307587],[121.5103891,25.08132113],[121.5103891,25.08132113],[121.5109944,25.07952198],[121.5109944,25.07952198],[121.5118,25.07605],[121.5118,25.07605],[121.510852,25.0713032],[121.5127488,25.06858641],[121.5127488,25.06858641],[121.5136438,25.06615028],[121.513516380874,25.0633249732882],[121.5135212,25.06097974],[121.513509342762,25.060980060423],[121.51369271164,25.0571504842388],[121.5136927,25.05715048],[121.514022,25.055504],[121.514022,25.055504],[121.514023920514,25.0530178614119],[121.514023920514,25.0530178614119],[121.51344796988172,25.050402129064192],[121.51344796988172,25.050402129064192]]}},{"type":"Feature","properties":{"route_name":"255區","color":"#dc3bac"},"geometry":{"type":"LineString","coordinates":[[121.504476019722,25.1003822071101],[121.50562988182526,25.10041172252245],[121.507447,25.100501],[121.515234,25.096205],[121.51711224794106,25.09415239272792],[121.51711224794106,25.09415239272792],[121.519189,25.092636],[121.519189,25.092636],[121.52330153373,25.0946048451863],[121.52330153373,25.0946048451863],[121.5270438,25.09550407],[121.5270438,25.09550407],[121.5290055,25.09583325],[121.5290055,25.09583325],[121.531395,25.096324],[121.531395,25.096324],[121.5334915,25.097224],[121.533481875716,25.0972847950979],[121.53792,25.097779],[121.53792,25.097779],[121.540175948519,25.0972328685249],[121.54021,25.09725],[121.541888,25.097131],[121.541888,25.097131],[121.547109328126,25.098296747051577],[121.547109328126,25.098296747051577],[121.5505164,25.10020446],[121.5526,25.10164],[121.55546,25.10374],[121.557351832521,25.105217442275],[121.55751,25.10731],[121.55728,25.10914],[121.5582374,25.11159072],[121.56179,25.1111],[121.56021,25.11119],[121.5598701,25.10935971],[121.5603366,25.1079774],[121.560717535671,25.1068988170426],[121.56162,25.10754],[121.562267710718,25.1076875268919],[121.5627429,25.10678328],[121.5662395,25.10754456],[121.56843,25.1073],[121.56821,25.10687],[121.5668822,25.1066287],[121.5661456,25.10628925],[121.56627,25.10558],[121.5678312,25.10596871],[121.569807,25.10657]]}},{"type":"Feature","properties":{"route_name":"256","color":"#c9dc3b"},"geometry":{"type":"LineString","coordinates":[[121.550812,25.083327],[121.55214,25.07972],[121.54947,25.07742],[121.54534,25.07757],[121.546182,25.078877],[121.5479855392,25.0802161011772],[121.5488002,25.08160965],[121.549307259251,25.0837373733406],[121.551895985064,25.0858624708036],[121.555253,25.08484],[121.555253,25.08484],[121.558196913178,25.0845384449731],[121.5615165067,25.0841512660387],[121.56384168984,25.0829452709661],[121.56384168984,25.0829452709661],[121.5656019,25.08562294],[121.56821752149,25.086349673182],[121.57246,25.08579],[121.573943217316,25.0851847031458],[121.5768304,25.08405797],[121.5810066,25.08468198],[121.58458,25.08439],[121.59054,25.085651],[121.59054,25.085651],[121.592247709587,25.0850667950708],[121.592247709587,25.0850667950708],[121.594248,25.084622],[121.594248,25.084622],[121.5956787,25.08329381],[121.5977367,25.08099496],[121.599056,25.079466],[121.598491,25.078822],[121.5966148,25.07846057],[121.5944283,25.07911977],[121.59252,25.08013],[121.589838083526,25.0798544258006],[121.59007719697958,25.076435413204408],[121.58972,25.073372],[121.589869957803,25.0710371489715],[121.589869957803,25.0710371489715],[121.590661157725,25.0680308659982],[121.590661157725,25.0680308659982],[121.590521443523,25.0670002134225],[121.5907021,25.06290258],[121.591015,25.061041],[121.591015,25.061041],[121.590455,25.060167],[121.587344,25.058162],[121.5852542,25.05733619],[121.5827604,25.05620879],[121.580911886242,25.0509225264878],[121.580911886242,25.0509225264878]]}},{"type":"Feature","properties":{"route_name":"257","color":"#c7dc3b"},"geometry":{"type":"LineString","coordinates":[[121.502346,25.042608],[121.502346,25.042608],[121.50367,25.041536],[121.50367,25.041536],[121.5051324,25.04153818],[121.5051324,25.04153818],[121.507436,25.04202065],[121.507436,25.04202065],[121.509834083745,25.0414915346214],[121.509834083745,25.0414915346214],[121.511555,25.043262],[121.511555,25.043262],[121.51129364418,25.04676505924],[121.51129364418,25.04676505924],[121.51700353811,25.0462559043502],[121.522629,25.044844],[121.52631480425094,25.04393012352479],[121.532172463125,25.0440991830962],[121.53745340737642,25.046123735201252],[121.5408273,25.04670644],[121.54312,25.0472080804531],[121.5462971,25.04814244],[121.5511,25.04807],[121.55415,25.048],[121.556774902982,25.04802340114676],[121.55984240587617,25.048299945369994],[121.56371383572485,25.048702587337512],[121.56649195154529,25.046530959098416],[121.5716977,25.04552009],[121.574507095768,25.0454550872459],[121.577690522404,25.0448632717332],[121.57771125853,25.0428257926695],[121.5777181,25.0399753],[121.5752654,25.0379567],[121.574493,25.035829],[121.57514012830093,25.033870235708875],[121.578747487242,25.0362197359093],[121.581141,25.036858],[121.583273769159,25.037669212048],[121.58728,25.03918064],[121.588329,25.03946811],[121.5883563,25.04098779],[121.5883563,25.04098779],[121.5870046,25.04275161],[121.5870046,25.04275161],[121.586704,25.0439376],[121.586704,25.0439376],[121.586480248666,25.046173957791],[121.590223592846,25.0463517157701],[121.5921143,25.04595121],[121.592777222745,25.0439257813799],[121.5935353,25.03952474],[121.5935353,25.03952474],[121.5926327,25.03895301],[121.5926327,25.03895301],[121.591151872157,25.0400314866247],[121.591151872157,25.0400314866247],[121.591596,25.041068],[121.591596,25.041068],[121.59258171464538,25.040011772420034],[121.59258171464538,25.040011772420034]]}},{"type":"Feature","properties":{"route_name":"26","color":"#3bdcb1"},"geometry":{"type":"LineString","coordinates":[[121.5020824,25.09001798],[121.502875912769,25.0896460928075],[121.504244,25.089298],[121.5056145,25.08933251],[121.5081045,25.0887967],[121.5087166,25.0880464],[121.517833,25.089884],[121.5204586,25.08926881],[121.521560747477,25.0885191533109],[121.5233264,25.08346835],[121.5223096,25.08105624],[121.5191524,25.07344017],[121.5183341,25.07106623],[121.5183341,25.07106623],[121.5182324,25.06788969],[121.518267306546,25.0679133670728],[121.5181,25.06487427],[121.5181,25.06487427],[121.5223009,25.06271419],[121.5223009,25.06271419],[121.5253813,25.06266873],[121.5253813,25.06266873],[121.5300637,25.06254664],[121.5300637,25.06254664],[121.53313278818085,25.060643374791923],[121.53313278818085,25.060643374791923],[121.533011,25.05500621]]}},{"type":"Feature","properties":{"route_name":"260","color":"#86dc3b"},"geometry":{"type":"LineString","coordinates":[[121.54603,25.15148],[121.5473281,25.15233918],[121.5497128929114,25.151258917059053],[121.552561,25.155492],[121.5494676,25.14972197],[121.54915093472783,25.14817175082818],[121.54954,25.14569],[121.54926,25.14275],[121.5496272,25.14086137],[121.54648,25.13809],[121.54581401932357,25.13472716039782],[121.54690862019565,25.13082779909332],[121.54753736436147,25.12946964750175],[121.55004336876296,25.124924540354783],[121.55169540467806,25.12257511145472],[121.55293378688096,25.11993179445477],[121.55202263410142,25.11799052630939],[121.550310398218,25.1140124257428],[121.54836175021,25.1104191040479],[121.547154139609,25.1095275064689],[121.545213090496,25.1068495776368],[121.543591,25.104977],[121.541536360844,25.1031851590031],[121.538359218545,25.104112892574],[121.537298719254,25.1072897892355],[121.53692,25.10331],[121.537579799115,25.1018780140349],[121.53392,25.09776],[121.534030294965,25.0977513146504],[121.53144,25.0965],[121.53144,25.0965],[121.52976,25.0962],[121.52976,25.0962],[121.5276799453955,25.092853732851424],[121.5276799453955,25.092853732851424],[121.5273919,25.09069989],[121.5273919,25.09069989],[121.5269357,25.08800277],[121.5269357,25.08800277],[121.525327,25.085353],[121.525327,25.085353],[121.524712226022,25.0817595131148],[121.523095139749,25.070066233009],[121.52244,25.0673],[121.5221621,25.06438114],[121.522776776113,25.0608309862107],[121.522776776113,25.0608309862107],[121.5225384,25.05658228],[121.522628910085,25.0564276089864],[121.52202112765,25.05126405386],[121.519759690546,25.046484462941],[121.5167218,25.0465408],[121.509098,25.04552755],[121.509144127644,25.0455115050969],[121.5083,25.04252],[121.508266771006,25.0425165606871],[121.506903709074,25.0378687908132],[121.506903709074,25.0378687908132],[121.5063886,25.03646318],[121.506507520259,25.0364933609706],[121.50448356536738,25.03205520434067],[121.50448356536738,25.03205520434067],[121.50298,25.03141],[121.500473,25.030744],[121.500473,25.030744],[121.50037694828528,25.0289649585261],[121.50037694828528,25.0289649585261],[121.50026027816166,25.025052181005517],[121.50026027816166,25.025052181005517],[121.49999538902145,25.024019027640023],[121.49999538902145,25.024019027640023],[121.497234,25.01942],[121.497234,25.01942],[121.49565,25.01714],[121.49565,25.01714]]}},{"type":"Feature","properties":{"route_name":"260區","color":"#dcb13b"},"geometry":{"type":"LineString","coordinates":[[121.54603,25.15148],[121.5393511,25.15284815],[121.539219,25.15468],[121.539696,25.15724449],[121.5390768,25.15466506],[121.53963,25.152412],[121.54109,25.151749],[121.544346,25.151846],[121.5473281,25.15233918],[121.5497128929114,25.151258917059053],[121.5494676,25.14972197],[121.54915093472783,25.14817175082818],[121.54954,25.14569],[121.54926,25.14275],[121.5496272,25.14086137],[121.54648,25.13809],[121.54581401932357,25.13472716039782],[121.54690862019565,25.13082779909332],[121.54753736436147,25.12946964750175],[121.55004336876296,25.124924540354783],[121.55169540467806,25.12257511145472],[121.55293378688096,25.11993179445477],[121.55202263410142,25.11799052630939],[121.550310398218,25.1140124257428],[121.54836175021,25.1104191040479],[121.547154139609,25.1095275064689],[121.545213090496,25.1068495776368],[121.543591,25.104977],[121.541536360844,25.1031851590031],[121.538359218545,25.104112892574],[121.537298719254,25.1072897892355],[121.53692,25.10331],[121.537579799115,25.1018780140349],[121.53392,25.09776],[121.534030294965,25.0977513146504],[121.53144,25.0965],[121.53144,25.0965],[121.52976,25.0962],[121.52976,25.0962],[121.5276799453955,25.092853732851424],[121.5276799453955,25.092853732851424],[121.5273919,25.09069989],[121.5273919,25.09069989],[121.5269357,25.08800277],[121.5269357,25.08800277],[121.525327,25.085353],[121.525327,25.085353],[121.524712226022,25.0817595131148],[121.523095139749,25.070066233009],[121.52244,25.0673],[121.5221621,25.06438114],[121.522776776113,25.0608309862107],[121.522776776113,25.0608309862107],[121.522628910085,25.0564276089864],[121.5225384,25.05658228],[121.52202112765,25.05126405386],[121.519759690546,25.046484462941],[121.5167218,25.0465408]]}},{"type":"Feature","properties":{"route_name":"260區預","color":"#dc3b86"},"geometry":{"type":"LineString","coordinates":[[121.54603,25.15148],[121.5393511,25.15284815],[121.539219,25.15468],[121.539696,25.15724449],[121.5390768,25.15466506],[121.53963,25.152412],[121.54109,25.151749],[121.544346,25.151846],[121.5473281,25.15233918],[121.5497128929114,25.151258917059053],[121.5494676,25.14972197],[121.54915093472783,25.14817175082818],[121.54954,25.14569],[121.54926,25.14275],[121.5496272,25.14086137],[121.54648,25.13809],[121.54581401932357,25.13472716039782],[121.54690862019565,25.13082779909332],[121.54753736436147,25.12946964750175],[121.55004336876296,25.124924540354783],[121.55169540467806,25.12257511145472],[121.55293378688096,25.11993179445477],[121.55202263410142,25.11799052630939],[121.550310398218,25.1140124257428],[121.54836175021,25.1104191040479],[121.547154139609,25.1095275064689],[121.545213090496,25.1068495776368],[121.543591,25.104977],[121.541536360844,25.1031851590031],[121.538359218545,25.104112892574],[121.537298719254,25.1072897892355],[121.53692,25.10331],[121.537579799115,25.1018780140349],[121.534030294965,25.0977513146504],[121.53392,25.09776],[121.53144,25.0965],[121.53144,25.0965],[121.52976,25.0962],[121.52976,25.0962],[121.5276799453955,25.092853732851424],[121.5276799453955,25.092853732851424],[121.5273919,25.09069989],[121.5273919,25.09069989],[121.5269357,25.08800277],[121.5269357,25.08800277],[121.525327,25.085353],[121.525327,25.085353],[121.524712226022,25.0817595131148],[121.523095139749,25.070066233009],[121.52244,25.0673],[121.5221621,25.06438114],[121.522776776113,25.0608309862107],[121.522776776113,25.0608309862107],[121.522628910085,25.0564276089864],[121.5225384,25.05658228],[121.52202112765,25.05126405386],[121.519759690546,25.046484462941],[121.5167218,25.0465408]]}},{"type":"Feature","properties":{"route_name":"261","color":"#84dc3b"},"geometry":{"type":"LineString","coordinates":[[121.5178677888,25.0628480067],[121.5178677888,25.0628480067],[121.522776776113,25.0608309862107],[121.522776776113,25.0608309862107],[121.5225384,25.05658228],[121.522628910085,25.0564276089864],[121.52202112765,25.05126405386],[121.519759690546,25.046484462941],[121.51846488093777,25.042525923467416],[121.51846488093777,25.042525923467416]]}},{"type":"Feature","properties":{"route_name":"261預","color":"#dcc43b"},"geometry":{"type":"LineString","coordinates":[[121.5178677888,25.0628480067],[121.5178677888,25.0628480067],[121.522776776113,25.0608309862107],[121.522776776113,25.0608309862107],[121.5225384,25.05658228],[121.522628910085,25.0564276089864],[121.52202112765,25.05126405386],[121.519759690546,25.046484462941],[121.51846488093777,25.042525923467416],[121.51846488093777,25.042525923467416]]}},{"type":"Feature","properties":{"route_name":"262","color":"#81dc3b"},"geometry":{"type":"LineString","coordinates":[[121.516898839078,25.0242546637841],[121.516898839078,25.0242546637841],[121.5155658,25.02907366],[121.5155658,25.02907366],[121.514086870192,25.0326456333347],[121.514086870192,25.0326456333347],[121.512761,25.037508],[121.511555,25.043262],[121.511555,25.043262],[121.51129364418,25.04676505924],[121.51129364418,25.04676505924],[121.515689438859,25.0465635496954],[121.515689438859,25.0465635496954],[121.522629,25.044844],[121.52631480425094,25.04393012352479],[121.53133882119596,25.04260323596391],[121.53420785577566,25.041964538706296],[121.53833135465409,25.04151329724535],[121.54108205639983,25.041512273166234],[121.546380002806,25.0414709888816],[121.549174,25.0430127],[121.549174,25.0430127],[121.5491941,25.04575795],[121.5491941,25.04575795],[121.549204,25.048949],[121.549204,25.048949],[121.54933,25.05258],[121.54933,25.05258],[121.5492693,25.05668072],[121.5492693,25.05668072],[121.5525641,25.05792823],[121.55569442816517,25.058201423962956],[121.559216750962,25.0585017739443],[121.560927032747,25.0586405271738],[121.5664423,25.05902066],[121.56886,25.060955],[121.56858398162726,25.06256326016851],[121.56816581358287,25.065092132222503]]}},{"type":"Feature","properties":{"route_name":"262區","color":"#61dc3b"},"geometry":{"type":"LineString","coordinates":[[121.516898839078,25.0242546637841],[121.516898839078,25.0242546637841],[121.5155658,25.02907366],[121.5155658,25.02907366],[121.514086870192,25.0326456333347],[121.514086870192,25.0326456333347],[121.512761,25.037508],[121.511555,25.043262],[121.511555,25.043262],[121.51129364418,25.04676505924],[121.51129364418,25.04676505924],[121.515689438859,25.0465635496954],[121.515689438859,25.0465635496954],[121.522629,25.044844],[121.52631480425094,25.04393012352479],[121.53133882119596,25.04260323596391],[121.53420785577566,25.041964538706296],[121.53833135465409,25.04151329724535],[121.54108205639983,25.041512273166234],[121.546380002806,25.0414709888816],[121.549174,25.0430127],[121.549174,25.0430127],[121.5491941,25.04575795],[121.5491941,25.04575795],[121.549204,25.048949],[121.549204,25.048949],[121.54933,25.05258],[121.54933,25.05258],[121.5492693,25.05668072],[121.5492693,25.05668072],[121.5525641,25.05792823],[121.55569442816517,25.058201423962956],[121.559216750962,25.0585017739443],[121.560927032747,25.0586405271738],[121.5664423,25.05902066],[121.56886,25.060955],[121.56858398162726,25.06256326016851],[121.56816581358287,25.065092132222503]]}},{"type":"Feature","properties":{"route_name":"264","color":"#7cdc3b"},"geometry":{"type":"LineString","coordinates":[[121.496932,25.035263],[121.496932,25.035263],[121.498804,25.03520468],[121.501464019539,25.0363140633243],[121.501464019539,25.0363140633243],[121.5019792,25.03968147],[121.5019792,25.03968147],[121.502463,25.042344],[121.502463,25.042344]]}},{"type":"Feature","properties":{"route_name":"265區","color":"#3ba9dc"},"geometry":{"type":"LineString","coordinates":[[121.4941737,25.02715329],[121.4941737,25.02715329],[121.496162828269,25.0295844111411],[121.496162828269,25.0295844111411],[121.497718,25.03244],[121.497718,25.03244],[121.498768,25.034147],[121.4987728,25.03418554],[121.500164,25.035143],[121.5000845,25.03514822],[121.50429,25.03583],[121.50429,25.03583],[121.5073666,25.03821366],[121.5073666,25.03821366],[121.508187414094,25.0409980900087],[121.5082192,25.04094605],[121.509519,25.045653],[121.509519,25.045653],[121.514521527226,25.0468151658683],[121.522629,25.044844],[121.522688737242,25.0429245302607],[121.519461,25.043292]]}},{"type":"Feature","properties":{"route_name":"265夜","color":"#6e3bdc"},"geometry":{"type":"LineString","coordinates":[[121.4941737,25.02715329],[121.4941737,25.02715329],[121.496162828269,25.0295844111411],[121.496162828269,25.0295844111411],[121.497718,25.03244],[121.497718,25.03244],[121.4987728,25.03418554],[121.498768,25.034147],[121.5000845,25.03514822],[121.500164,25.035143],[121.50429,25.03583],[121.50429,25.03583],[121.5073666,25.03821366],[121.5073666,25.03821366],[121.508187414094,25.0409980900087],[121.5082192,25.04094605],[121.509519,25.045653],[121.509519,25.045653],[121.514521527226,25.0468151658683],[121.522629,25.044844]]}},{"type":"Feature","properties":{"route_name":"265經中央路","color":"#9cdc3b"},"geometry":{"type":"LineString","coordinates":[[121.4941737,25.02715329],[121.4941737,25.02715329],[121.496162828269,25.0295844111411],[121.496162828269,25.0295844111411],[121.497718,25.03244],[121.497718,25.03244],[121.498768,25.034147],[121.4987728,25.03418554],[121.5000845,25.03514822],[121.500164,25.035143],[121.50429,25.03583],[121.50429,25.03583],[121.5073666,25.03821366],[121.5073666,25.03821366],[121.508187414094,25.0409980900087],[121.5082192,25.04094605],[121.509519,25.045653],[121.509519,25.045653],[121.514521527226,25.0468151658683],[121.522629,25.044844],[121.522688737242,25.0429245302607],[121.519461,25.043292]]}},{"type":"Feature","properties":{"route_name":"265經明德路","color":"#dc3bc7"},"geometry":{"type":"LineString","coordinates":[[121.4941737,25.02715329],[121.4941737,25.02715329],[121.496162828269,25.0295844111411],[121.496162828269,25.0295844111411],[121.497718,25.03244],[121.497718,25.03244],[121.4987728,25.03418554],[121.498768,25.034147],[121.5000845,25.03514822],[121.500164,25.035143],[121.50429,25.03583],[121.50429,25.03583],[121.5073666,25.03821366],[121.5073666,25.03821366],[121.508187414094,25.0409980900087],[121.5082192,25.04094605],[121.509519,25.045653],[121.509519,25.045653],[121.514521527226,25.0468151658683],[121.522629,25.044844],[121.522688737242,25.0429245302607],[121.519461,25.043292]]}},{"type":"Feature","properties":{"route_name":"267","color":"#74dc3b"},"geometry":{"type":"LineString","coordinates":[[121.6025457,25.08373507],[121.6025457,25.08373507],[121.6000154,25.08478664],[121.6000154,25.08478664],[121.59638478301,25.0845601194501],[121.59638478301,25.0845601194501],[121.5943834,25.08468616],[121.5943834,25.08468616],[121.592340188865,25.0851216204339],[121.592340188865,25.0851216204339],[121.590672857706,25.0856636770114],[121.590672857706,25.0856636770114],[121.58887802199136,25.086529319087273],[121.58887802199136,25.086529319087273],[121.58649239370985,25.088502189264172],[121.58649239370985,25.088502189264172],[121.58808,25.086917],[121.58808,25.086917],[121.59054,25.085651],[121.59054,25.085651],[121.592247709587,25.0850667950708],[121.592247709587,25.0850667950708],[121.5924824,25.0838005],[121.590028,25.081987],[121.58718,25.08132],[121.581399,25.079397],[121.5779835,25.07910692],[121.57610868441,25.0798366021365],[121.57610868441,25.0798366021365],[121.573860343024,25.0806380998734],[121.571386,25.081473],[121.569461375068,25.082118261496],[121.565868143978,25.0824213906562],[121.564098538475,25.0830692818289],[121.564098538475,25.0830692818289],[121.561535778783,25.0843810062584],[121.558119339359,25.0848172776379],[121.55468793143969,25.085303158353604],[121.55468793143969,25.085303158353604],[121.5490281,25.08377483],[121.5482394,25.0808482],[121.546139731473,25.0799238282333],[121.5436838,25.07978102],[121.54169,25.07961],[121.535552182321,25.0780024350627],[121.530144788528,25.0781282212443],[121.527964269875,25.077322358349],[121.524381872313,25.0805889011559],[121.52663,25.08697],[121.527703,25.091209],[121.528319753964,25.0947774592454],[121.527715,25.097204],[121.52415752169912,25.102215676833303],[121.52067,25.1025],[121.52067,25.1025],[121.517376,25.105815],[121.5172909,25.10582899],[121.517862336613,25.1072816355752],[121.520549,25.110161],[121.521978,25.112694],[121.522462412157,25.1146167482393],[121.520452,25.115554],[121.522205010272,25.1181002858817],[121.522205010272,25.1181002858817],[121.5249985,25.11844386],[121.5275693,25.11838172],[121.53084,25.11927],[121.5315658,25.121299],[121.53273,25.12424]]}},{"type":"Feature","properties":{"route_name":"268","color":"#71dc3b"},"geometry":{"type":"LineString","coordinates":[[121.556223237814,25.0812466844798],[121.556649286559,25.079873],[121.5588327,25.07983259],[121.55999587437228,25.07980065897969],[121.56384168984,25.0829452709661],[121.56384168984,25.0829452709661],[121.5656019,25.08562294],[121.56821752149,25.086349673182],[121.57246,25.08579],[121.573943217316,25.0851847031458],[121.5768304,25.08405797],[121.57808,25.08352],[121.5775386,25.08055757],[121.57610868441,25.0798366021365],[121.57610868441,25.0798366021365],[121.573860343024,25.0806380998734],[121.571386,25.081473],[121.569461375068,25.082118261496],[121.565868143978,25.0824213906562],[121.564098538475,25.0830692818289],[121.564098538475,25.0830692818289],[121.561535778783,25.0843810062584],[121.558119339359,25.0848172776379],[121.55468793143969,25.085303158353604],[121.55468793143969,25.085303158353604],[121.54728315713145,25.096654067919133],[121.5459328,25.09806813],[121.5459327705,25.098068128396],[121.543765927365,25.0972634661547],[121.543765927365,25.0972634661547],[121.541307,25.097411],[121.541307,25.097411],[121.5398491,25.0975852],[121.539849,25.097585],[121.53824562909286,25.098005332485762],[121.53824562909286,25.098005332485762],[121.5367,25.10139],[121.53414,25.10144],[121.53164,25.10193],[121.528958031912,25.1024487176408],[121.53074,25.1045],[121.530328,25.105462],[121.530150260751,25.1070832174183],[121.53065017432,25.1095102588294],[121.53189,25.11328],[121.534692981633,25.1173302889076],[121.5311071,25.11823857],[121.5276437,25.11850567],[121.52525,25.11857],[121.5227594,25.12021257],[121.5236475,25.1218225],[121.5256724,25.12356742],[121.5265466,25.12288432],[121.52664417791,25.1214083603177],[121.52615807606,25.118950713724]]}},{"type":"Feature","properties":{"route_name":"270","color":"#3bdc43"},"geometry":{"type":"LineString","coordinates":[[121.6097652,25.03382827],[121.611345,25.033428],[121.6121944,25.0332955],[121.61448946069,25.0346121838879],[121.61612,25.034863],[121.61695169081,25.035872068306],[121.6170236,25.03770122],[121.617633,25.040597],[121.616561,25.043422],[121.615639,25.045074],[121.615728,25.047462],[121.61601678871844,25.048610235261958],[121.61603141641,25.0515460114719],[121.6145567,25.05311326],[121.610465,25.05265346],[121.607245,25.05226],[121.60111276224704,25.051558036997456],[121.593165,25.050346],[121.593165,25.050346],[121.59077,25.04983],[121.59077,25.04983],[121.5878431,25.04908468],[121.5878431,25.04908468],[121.584229738588,25.0475212158758],[121.584229738588,25.0475212158758],[121.582072,25.04457266],[121.582072,25.04457266],[121.580447,25.042632],[121.580447,25.042632],[121.578931,25.041555],[121.578931,25.041555],[121.575743,25.040967],[121.57227674964417,25.04110667625752],[121.56996,25.04115],[121.56629,25.04124],[121.5630899,25.04132664],[121.5630899,25.04132664],[121.5609264,25.03768543],[121.5609264,25.03768543],[121.55781,25.0377],[121.55781,25.0377],[121.555779394717,25.0377743210687],[121.555779394717,25.0377743210687],[121.55304,25.03789],[121.553215911831,25.0378288007837],[121.55181,25.03796],[121.55181,25.03796],[121.5472892,25.03801348],[121.544071,25.03806],[121.53942763922,25.038167764865],[121.534337688959,25.0382385066713],[121.5331329,25.03824508],[121.52952,25.03834],[121.5254546,25.03835233],[121.5211551,25.03891262],[121.5211551,25.03891262],[121.5183669,25.03926197],[121.5183669,25.03926197],[121.514498656168,25.0386560843846],[121.514498656168,25.0386560843846],[121.50941,25.03918],[121.50941,25.03918],[121.507745,25.03723],[121.508187414094,25.0409980900087],[121.5082192,25.04094605]]}},{"type":"Feature","properties":{"route_name":"270區","color":"#b43bdc"},"geometry":{"type":"LineString","coordinates":[[121.6097652,25.03382827],[121.611345,25.033428],[121.6121944,25.0332955],[121.61448946069,25.0346121838879],[121.61612,25.034863],[121.61695169081,25.035872068306],[121.6170236,25.03770122],[121.617633,25.040597],[121.616561,25.043422],[121.615639,25.045074],[121.615728,25.047462],[121.61601678871844,25.048610235261958],[121.61603141641,25.0515460114719],[121.6145567,25.05311326],[121.610465,25.05265346],[121.607245,25.05226],[121.60111276224704,25.051558036997456],[121.593165,25.050346],[121.593165,25.050346],[121.59077,25.04983],[121.59077,25.04983],[121.5878431,25.04908468],[121.5878431,25.04908468],[121.584229738588,25.0475212158758],[121.584229738588,25.0475212158758],[121.582072,25.04457266],[121.582072,25.04457266],[121.580447,25.042632],[121.580447,25.042632],[121.578931,25.041555],[121.578931,25.041555],[121.575743,25.040967],[121.57227674964417,25.04110667625752],[121.56996,25.04115],[121.56629,25.04124],[121.5630899,25.04132664],[121.5630899,25.04132664]]}},{"type":"Feature","properties":{"route_name":"274","color":"#3bdc4e"},"geometry":{"type":"LineString","coordinates":[[121.513088,25.060795],[121.511324126973,25.0598303587356],[121.5114003,25.05792854],[121.511621119604,25.0545471507946],[121.51031,25.05265],[121.510398526977,25.0513352337636],[121.51719764702355,25.0484971857801],[121.51719764702355,25.0484971857801]]}},{"type":"Feature","properties":{"route_name":"275","color":"#3bdc51"},"geometry":{"type":"LineString","coordinates":[[121.538530831111,25.0120963546845],[121.538530831111,25.0120963546845],[121.54013379820495,25.013398935169228],[121.54013379820495,25.013398935169228],[121.542468,25.015403],[121.542468,25.015403],[121.5448494574872,25.0174253459055],[121.5448494574872,25.0174253459055],[121.54746,25.01963],[121.54746,25.01963],[121.54898,25.02391],[121.54898,25.02391],[121.549033716258,25.0275992243505],[121.5490337,25.02759922],[121.54906,25.02967],[121.54906,25.02967],[121.54906,25.03196],[121.54906,25.03196],[121.5490897913242,25.035951071734246],[121.5490897913242,25.035951071734246],[121.549163,25.039336],[121.549163,25.039336],[121.549174,25.0430127],[121.549174,25.0430127],[121.5491941,25.04575795],[121.5491941,25.04575795],[121.549204,25.048949],[121.549204,25.048949],[121.54933,25.05258],[121.54933,25.05258],[121.5492693,25.05668072],[121.5492693,25.05668072],[121.55019898812432,25.05971079181516],[121.55019898812432,25.05971079181516]]}},{"type":"Feature","properties":{"route_name":"276","color":"#3bdc54"},"geometry":{"type":"LineString","coordinates":[[121.622734485156,25.0384056841054],[121.621016,25.039526],[121.619044433004,25.0409122787157],[121.616561,25.043422],[121.615639,25.045074],[121.615728,25.047462],[121.61601678871844,25.048610235261958],[121.61603141641,25.0515460114719],[121.6156,25.05534],[121.6156,25.05534],[121.61366085593893,25.055463507638656],[121.61366085593893,25.055463507638656],[121.609776304165,25.0549683149017],[121.609776304165,25.0549683149017],[121.606693480964,25.0544113947875],[121.606693480964,25.0544113947875],[121.603501503157,25.0538268750408],[121.6036135,25.05385654],[121.600631965419,25.053410287006],[121.600631965419,25.053410287006],[121.598727,25.05384],[121.598727,25.05384],[121.59552,25.0546],[121.595509916336,25.0544903819023],[121.59255973649874,25.05440689628416],[121.59255973649874,25.05440689628416],[121.589992575868,25.0535036880317],[121.589992575868,25.0535036880317],[121.587762,25.053169],[121.587762,25.053169],[121.585050803739,25.0526502598819],[121.585050803739,25.0526502598819],[121.580911886242,25.0509225264878],[121.580911886242,25.0509225264878],[121.576598,25.050168],[121.576598,25.050168],[121.57491400582,25.0500731024231],[121.57491400582,25.0500731024231],[121.5716,25.05],[121.5716,25.05],[121.568426853203,25.0493159752737],[121.566655901166,25.0491343107615],[121.56375105137309,25.048925534354606],[121.560263,25.048547],[121.55669744493079,25.048204076570904],[121.55385352920746,25.048314127211775],[121.550231,25.048279],[121.54543,25.04807],[121.542732,25.047318],[121.5409163,25.04701628],[121.5372271,25.04633671],[121.53146493118,25.0441330065154],[121.52749815701229,25.043941210409297],[121.52277975890082,25.045112057683003],[121.5167218,25.0465408],[121.51311219241008,25.04441023077385],[121.512543916311,25.0423685522993],[121.512543916311,25.0423685522993]]}},{"type":"Feature","properties":{"route_name":"277","color":"#3bdc56"},"geometry":{"type":"LineString","coordinates":[[121.5746629,25.03236982],[121.57514012830093,25.033870235708875],[121.5777733,25.03596885],[121.577948835559,25.0400066129947],[121.5778998,25.04195027],[121.5778998,25.04195027],[121.577918664208,25.0435588382657],[121.577918664208,25.0435588382657],[121.57660432922873,25.045619541124736],[121.57342558398715,25.04570849030428],[121.569761304102,25.0457633038403],[121.56682,25.04641],[121.56552,25.05002],[121.564777,25.051492],[121.56111056329053,25.05158012283465],[121.555516323112,25.0516596699759],[121.54933,25.05258],[121.54933,25.05258],[121.5492693,25.05668072],[121.5492693,25.05668072],[121.5468517,25.05785197],[121.5468517,25.05785197],[121.545132,25.05790896],[121.545132,25.05790896],[121.5417414658165,25.05795717284778],[121.5417414658165,25.05795717284778],[121.5383134,25.05803455],[121.5383134,25.05803455],[121.5361688,25.05813986],[121.5361688,25.05813986],[121.53321393502,25.062118989233],[121.529148,25.062636],[121.529148,25.062636],[121.524689553008,25.0628463290373],[121.5224722,25.0642887],[121.5228199,25.06770081],[121.5240266,25.07222485],[121.524381872313,25.0805889011559],[121.525031,25.084952],[121.525031,25.084952],[121.526963489882,25.0907094764658],[121.526963489882,25.0907094764658],[121.5243968,25.09613979],[121.524405,25.096111],[121.522657043885,25.1007959524461],[121.522657043885,25.1007959524461],[121.52067,25.1025],[121.52067,25.1025],[121.5172909,25.10582899],[121.517376,25.105815],[121.51507,25.10754],[121.515157,25.107487],[121.511778736417,25.1104478952371],[121.511778736417,25.1104478952371],[121.51129,25.11352],[121.5131564,25.11434722],[121.515801262638,25.1157212492135],[121.516564,25.117369],[121.51968525315,25.1185668257628],[121.51968525315,25.1185668257628]]}},{"type":"Feature","properties":{"route_name":"278","color":"#3bdc59"},"geometry":{"type":"LineString","coordinates":[[121.5363395,24.99550417],[121.5363395,24.99550417],[121.5389062,24.99383424],[121.5389062,24.99383424],[121.54114,24.99333],[121.5413365,24.99545268],[121.5413365,24.99545268],[121.5402001,24.99931624],[121.5402001,24.99931624],[121.5393892,25.00136317],[121.5393892,25.00136317],[121.5387822,25.00327364],[121.5387822,25.00327364],[121.538470307254,25.0076706783786],[121.53849,25.00761],[121.535185,25.013993],[121.535185,25.013993],[121.530566,25.018486],[121.530566,25.018486],[121.52803,25.02092],[121.52803,25.02092],[121.5265702582243,25.02214502516781],[121.5265702582243,25.02214502516781],[121.52476413675969,25.024022735483676],[121.52476413675969,25.024022735483676],[121.5246159,25.02678744],[121.5278634988405,25.02650071684031],[121.529958,25.026362],[121.533012542409,25.0260973914545],[121.536235879941,25.0257355123764],[121.538492198683,25.0254072414078],[121.538492198683,25.0254072414078],[121.542239793699,25.0249140592421],[121.542239793699,25.0249140592421],[121.545343325676,25.0246033941802],[121.547571,25.024522],[121.549033716258,25.0275992243505],[121.5490337,25.02759922],[121.54906,25.02967],[121.54906,25.02967],[121.54906,25.03196],[121.54906,25.03196],[121.5490897913242,25.035951071734246],[121.5490897913242,25.035951071734246],[121.549163,25.039336],[121.549163,25.039336],[121.549174,25.0430127],[121.549174,25.0430127],[121.5491941,25.04575795],[121.5491941,25.04575795],[121.5511,25.04807],[121.55415,25.048],[121.557946,25.04870308],[121.556952,25.052989],[121.55726,25.05367],[121.55985,25.05381],[121.5626621,25.05397814],[121.5638473,25.05481494],[121.56368,25.05753],[121.5664423,25.05902066],[121.5676949,25.06018904],[121.566269,25.062445],[121.579477870198,25.066876801458],[121.58212115754,25.0680848776157],[121.58212115754,25.0680848776157],[121.58543789167122,25.06881463274073],[121.58896238097387,25.068895529659475],[121.590031196316,25.0712104683315],[121.590031196316,25.0712104683315],[121.592095,25.071852],[121.590016770287,25.0738091792986],[121.590231346227,25.0768845629687],[121.589939880159,25.0796177267452],[121.59200882874,25.0816997666211],[121.594132,25.08334]]}},{"type":"Feature","properties":{"route_name":"278區","color":"#3bdcc9"},"geometry":{"type":"LineString","coordinates":[[121.5363395,24.99550417],[121.5363395,24.99550417],[121.5389062,24.99383424],[121.5389062,24.99383424],[121.54114,24.99333],[121.5413365,24.99545268],[121.5413365,24.99545268],[121.5402001,24.99931624],[121.5402001,24.99931624],[121.5393892,25.00136317],[121.5393892,25.00136317],[121.5387822,25.00327364],[121.5387822,25.00327364],[121.53849,25.00761],[121.538470307254,25.0076706783786],[121.535185,25.013993],[121.535185,25.013993],[121.530566,25.018486],[121.530566,25.018486],[121.52803,25.02092],[121.52803,25.02092],[121.5265702582243,25.02214502516781],[121.5265702582243,25.02214502516781],[121.52476413675969,25.024022735483676],[121.52476413675969,25.024022735483676],[121.5246159,25.02678744],[121.5278634988405,25.02650071684031],[121.529958,25.026362],[121.533012542409,25.0260973914545],[121.536235879941,25.0257355123764],[121.538492198683,25.0254072414078],[121.538492198683,25.0254072414078],[121.542239793699,25.0249140592421],[121.542239793699,25.0249140592421],[121.545343325676,25.0246033941802],[121.547571,25.024522],[121.549033716258,25.0275992243505],[121.5490337,25.02759922],[121.54906,25.02967],[121.54906,25.02967],[121.54906,25.03196],[121.54906,25.03196],[121.5490897913242,25.035951071734246],[121.5490897913242,25.035951071734246],[121.549163,25.039336],[121.549163,25.039336],[121.549174,25.0430127],[121.549174,25.0430127],[121.5491941,25.04575795],[121.5491941,25.04575795],[121.5511,25.04807],[121.55415,25.048],[121.557946,25.04870308],[121.556952,25.052989],[121.55726,25.05367],[121.55985,25.05381],[121.5626621,25.05397814],[121.5638473,25.05481494],[121.56368,25.05753],[121.56339,25.06067],[121.56364748952177,25.06279839209022],[121.566155,25.062286]]}},{"type":"Feature","properties":{"route_name":"279","color":"#3bdc5c"},"geometry":{"type":"LineString","coordinates":[[121.53922,25.11433],[121.539164314308,25.1158769834742],[121.53683,25.11823],[121.53544,25.11823571],[121.53420057673,25.117222142683],[121.53219798892,25.1142079240147],[121.530332918097,25.1095348370884],[121.529800366051,25.107166732371],[121.528560201223,25.1054396312581],[121.525920635582,25.1043342088164],[121.524957,25.103354],[121.527411,25.097079],[121.5276799453955,25.092853732851424],[121.5276799453955,25.092853732851424],[121.5273919,25.09069989],[121.5273919,25.09069989],[121.5269357,25.08800277],[121.5269357,25.08800277],[121.525327,25.085353],[121.525327,25.085353],[121.524712226022,25.0817595131148],[121.52756,25.06731],[121.5276297,25.0650407],[121.52748,25.06333],[121.5300637,25.06254664],[121.5300637,25.06254664],[121.53313278818085,25.060643374791923],[121.53313278818085,25.060643374791923],[121.53171,25.05493],[121.529972633353,25.0541988929268],[121.532641149751,25.0519912439505],[121.53627250499,25.0519389515979],[121.54002052720857,25.05189813653983],[121.543561439976,25.0518040049938],[121.548353475095,25.0517035084006],[121.55469770362868,25.051594154729063],[121.5602663380149,25.05148353485096],[121.564943,25.051276],[121.56523,25.05013],[121.56649195154529,25.046530959098416],[121.5716977,25.04552009],[121.574507095768,25.0454550872459],[121.57830467729012,25.045370331966176],[121.581945222038,25.04523472781],[121.581945222038,25.04523472781],[121.585736,25.048227],[121.585736,25.048227],[121.587873523899,25.0488726204446],[121.5880308,25.04894289],[121.59096,25.04964],[121.59096,25.04964],[121.59306,25.050052],[121.595233108141,25.0529513842885],[121.595233108141,25.0529513842885],[121.594415258716,25.0553345135907],[121.59311,25.06211],[121.5972045,25.06215197],[121.6011887,25.06313719],[121.6030952,25.06305438]]}},{"type":"Feature","properties":{"route_name":"28","color":"#3bdcb7"},"geometry":{"type":"LineString","coordinates":[[121.550812,25.083327],[121.55214,25.07972],[121.54947,25.07742],[121.54534,25.07757],[121.546182,25.078877],[121.5479855392,25.0802161011772],[121.5488002,25.08160965],[121.549307259251,25.0837373733406],[121.551895985064,25.0858624708036],[121.555253,25.08484],[121.555253,25.08484],[121.558196913178,25.0845384449731],[121.5615165067,25.0841512660387],[121.56384168984,25.0829452709661],[121.56384168984,25.0829452709661],[121.565884872161,25.0821974042872],[121.565884872161,25.0821974042872],[121.56904542401,25.0819632554949],[121.56904542401,25.0819632554949],[121.57184,25.081132],[121.57184,25.081132],[121.574618145655,25.0801493693391],[121.574618145655,25.0801493693391],[121.57768,25.078956],[121.5812755,25.07929048],[121.5868,25.08114],[121.5894925,25.08178839],[121.589838083526,25.0798544258006],[121.59007719697958,25.076435413204408],[121.58972,25.073372],[121.592095,25.071852],[121.589869957803,25.0710371489715],[121.589869957803,25.0710371489715],[121.590661157725,25.0680308659982],[121.590661157725,25.0680308659982],[121.590521443523,25.0670002134225],[121.5907021,25.06290258],[121.591015,25.061041],[121.591015,25.061041],[121.5937887,25.05574836],[121.59255973649874,25.05440689628416],[121.59255973649874,25.05440689628416],[121.589992575868,25.0535036880317],[121.589992575868,25.0535036880317],[121.587762,25.053169],[121.587762,25.053169],[121.585050803739,25.0526502598819],[121.585050803739,25.0526502598819],[121.580911886242,25.0509225264878],[121.580911886242,25.0509225264878],[121.576598,25.050168],[121.576598,25.050168],[121.57491400582,25.0500731024231],[121.57491400582,25.0500731024231],[121.5716,25.05],[121.5716,25.05],[121.5682545,25.04799318],[121.5682545,25.04799318],[121.56628044728,25.0444493988665],[121.56628044728,25.0444493988665],[121.56453,25.03902],[121.56453,25.03902],[121.5653434,25.03683458],[121.5653434,25.03683458],[121.565358,25.03426179],[121.56459847127361,25.033242055020047],[121.56459847127361,25.033242055020047]]}},{"type":"Feature","properties":{"route_name":"280","color":"#3bdc96"},"geometry":{"type":"LineString","coordinates":[[121.53938898702161,25.11296710251853],[121.53973,25.11119],[121.537252,25.110333],[121.533503,25.109595],[121.53168417722993,25.108980959639226],[121.52972,25.1082539636723],[121.5279725,25.10762151],[121.5262961,25.1070703],[121.524101015012,25.1061831779426],[121.521557470717,25.1045901550924],[121.520473605143,25.1022630440787],[121.520473605143,25.1022630440787],[121.522307508871,25.1008497293525],[121.522307508871,25.1008497293525],[121.5243054,25.09589886],[121.524279381093,25.0959118891448],[121.526725,25.090999],[121.526768,25.090914],[121.524748,25.084849],[121.5233264,25.08346835],[121.5223096,25.08105624],[121.5191524,25.07344017],[121.5183341,25.07106623],[121.5183341,25.07106623],[121.5182324,25.06788969],[121.518267306546,25.0679133670728],[121.5181,25.06487427],[121.5181,25.06487427],[121.5223009,25.06271419],[121.5223009,25.06271419],[121.5253813,25.06266873],[121.5253813,25.06266873],[121.5300637,25.06254664],[121.5300637,25.06254664],[121.53313278818085,25.060643374791923],[121.53313278818085,25.060643374791923],[121.533011,25.05500621],[121.5329812,25.05228153],[121.5329145,25.04864879],[121.5328606,25.04460839],[121.532693,25.040288],[121.5326821,25.03851244],[121.5325798,25.03403642],[121.53346,25.03087],[121.53478,25.02639],[121.5345198,25.02466421],[121.534113646475,25.0215502113013],[121.5341124,25.02164507],[121.533435,25.018239],[121.533435,25.018239],[121.534517055222,25.0143047215272],[121.534517055222,25.0143047215272],[121.537808,25.0084374367022]]}},{"type":"Feature","properties":{"route_name":"280直","color":"#dc3bcc"},"geometry":{"type":"LineString","coordinates":[[121.53938898702161,25.11296710251853],[121.53973,25.11119],[121.537252,25.110333],[121.533503,25.109595],[121.53168417722993,25.108980959639226],[121.52972,25.1082539636723],[121.5279725,25.10762151],[121.5262961,25.1070703],[121.524661,25.105356],[121.52415752169912,25.102215676833303],[121.522307508871,25.1008497293525],[121.522307508871,25.1008497293525],[121.524279381093,25.0959118891448],[121.5243054,25.09589886],[121.526768,25.090914],[121.526725,25.090999],[121.525327,25.085353],[121.525327,25.085353],[121.524712226022,25.0817595131148],[121.52756,25.06731],[121.5276297,25.0650407],[121.52748,25.06333],[121.5300637,25.06254664],[121.5300637,25.06254664],[121.53313278818085,25.060643374791923],[121.53313278818085,25.060643374791923],[121.533011,25.05500621],[121.5329812,25.05228153],[121.5329145,25.04864879],[121.5328606,25.04460839],[121.532693,25.040288],[121.5326821,25.03851244],[121.5325798,25.03403642],[121.53346,25.03087],[121.53478,25.02639],[121.5345198,25.02466421],[121.534113646475,25.0215502113013],[121.5341124,25.02164507],[121.533435,25.018239],[121.533435,25.018239],[121.534517055222,25.0143047215272],[121.534517055222,25.0143047215272],[121.537808,25.0084374367022]]}},{"type":"Feature","properties":{"route_name":"281","color":"#3bdc99"},"geometry":{"type":"LineString","coordinates":[[121.623553,25.079068],[121.622813623616,25.0773157481393],[121.62118809341,25.0762017702812],[121.619351259043,25.0726450755284],[121.619351259043,25.0726450755284],[121.619134959956,25.0711232284945],[121.6184776,25.06922957],[121.61668,25.068177],[121.61668,25.068177],[121.614308439756,25.068763284981],[121.614308439756,25.068763284981],[121.61150222666,25.0674930032886],[121.61150222666,25.0674930032886],[121.61407454595626,25.0587135046885],[121.61407454595626,25.0587135046885],[121.61389139258283,25.05655055325109],[121.61389139258283,25.05655055325109],[121.61366085593893,25.055463507638656],[121.61366085593893,25.055463507638656],[121.609776304165,25.0549683149017],[121.609776304165,25.0549683149017],[121.606693480964,25.0544113947875],[121.606693480964,25.0544113947875],[121.6036135,25.05385654],[121.603501503157,25.0538268750408],[121.600631965419,25.053410287006],[121.600631965419,25.053410287006],[121.598727,25.05384],[121.598727,25.05384],[121.595509916336,25.0544903819023],[121.59552,25.0546],[121.5949802,25.0530195],[121.5949802,25.0530195],[121.593165,25.050346],[121.593165,25.050346],[121.59077,25.04983],[121.59077,25.04983],[121.5878431,25.04908468],[121.5878431,25.04908468],[121.584229738588,25.0475212158758],[121.584229738588,25.0475212158758],[121.58172282754578,25.0454545120215],[121.58077,25.047232],[121.57890868194112,25.048258672854057],[121.577685,25.047159],[121.577690522404,25.0448632717332],[121.577654,25.041936],[121.575743,25.040967],[121.57227674964417,25.04110667625752],[121.568284,25.038604],[121.568284,25.038604],[121.568268559011,25.0372323905063],[121.568268559011,25.0372323905063],[121.568236043782,25.0345352489599],[121.568236043782,25.0345352489599],[121.566687674056,25.0329497897498],[121.566687674056,25.0329497897498],[121.56459847127361,25.033242055020047],[121.56459847127361,25.033242055020047],[121.56357599974903,25.034512868313872],[121.56357599974903,25.034512868313872]]}},{"type":"Feature","properties":{"route_name":"282","color":"#3bdc9c"},"geometry":{"type":"LineString","coordinates":[[121.5913505957924,24.999402832437188],[121.5913505957924,24.999402832437188],[121.58954681023364,25.000950102464405],[121.58954681023364,25.000950102464405],[121.585066207329,25.0031479361546],[121.585066207329,25.0031479361546],[121.58021,24.99881],[121.58021,24.99881],[121.576778,24.9968],[121.576778,24.9968],[121.57363,24.993482],[121.57363,24.993482],[121.574153,24.99161],[121.574153,24.99161],[121.576757,24.989679],[121.576757,24.989679],[121.57604615193513,24.98782160454249],[121.57604615193513,24.98782160454249],[121.573881732316,24.9880845060964],[121.573881732316,24.9880845060964],[121.56997997801,24.987746922127],[121.56997997801,24.987746922127],[121.5686729036256,24.98794462737213],[121.5686729036256,24.98794462737213],[121.56980715638664,24.98976355883173],[121.56980715638664,24.98976355883173],[121.57111522305,24.9913142071305],[121.57111522305,24.9913142071305],[121.5716055,24.99360167],[121.5716055,24.99360167],[121.57232800362569,24.996044970003638],[121.57232800362569,24.996044970003638],[121.5743716,24.99787339],[121.5743091,24.99783812],[121.5737,25.0001268],[121.571969627588,25.0028541470424],[121.570509533684,25.0046814962866],[121.567813467771,25.0051424040312],[121.563512093163,25.0124070094545],[121.562293962737,25.0143745337282],[121.56085606375822,25.015923661863052],[121.557953,25.019475],[121.55616,25.021127],[121.554225,25.022926],[121.5549231,25.02628003],[121.5549231,25.02628003],[121.557084,25.028593],[121.557084,25.028593],[121.5574,25.03062],[121.5575983,25.03377721],[121.5576,25.03663],[121.557719526717,25.0390183419661],[121.557919,25.042733],[121.5579397,25.04698],[121.557946,25.04870308],[121.555516323112,25.0516596699759],[121.549520919642,25.0517934820293],[121.5444563164689,25.05191518176843],[121.54085264591662,25.051994714534274],[121.54085264591662,25.051994714534274],[121.537271345417,25.0520896887846],[121.533302047123,25.0521144980622],[121.530332504829,25.0521129968997],[121.525717467074,25.0521676118001],[121.519866,25.052867],[121.519866,25.052867],[121.5151374,25.05143327],[121.514207,25.052844],[121.514207,25.052844]]}},{"type":"Feature","properties":{"route_name":"284","color":"#3bdca1"},"geometry":{"type":"LineString","coordinates":[[121.61668,25.068177],[121.61668,25.068177],[121.614308439756,25.068763284981],[121.614308439756,25.068763284981],[121.611642249953,25.0702607638519],[121.611642249953,25.0702607638519],[121.609308386226,25.0718101504888],[121.609308386226,25.0718101504888],[121.607610913193,25.0726213066526],[121.607610913193,25.0726213066526],[121.6072451,25.07543061],[121.6072451,25.07543061],[121.607197,25.078107],[121.607197,25.078107],[121.60525229995443,25.08303681690925],[121.60525229995443,25.08303681690925],[121.6025457,25.08373507],[121.6025457,25.08373507],[121.6000154,25.08478664],[121.6000154,25.08478664],[121.59638478301,25.0845601194501],[121.59638478301,25.0845601194501],[121.593879114086,25.0834615421604],[121.59179366923021,25.081779319488682],[121.589838083526,25.0798544258006],[121.59007719697958,25.076435413204408],[121.58972,25.073372],[121.592095,25.071852],[121.589869957803,25.0710371489715],[121.589869957803,25.0710371489715],[121.590661157725,25.0680308659982],[121.590661157725,25.0680308659982],[121.590521443523,25.0670002134225],[121.5907021,25.06290258],[121.591015,25.061041],[121.591015,25.061041],[121.5937887,25.05574836],[121.5949802,25.0530195],[121.5949802,25.0530195],[121.593165,25.050346],[121.593165,25.050346],[121.59077,25.04983],[121.59077,25.04983],[121.5878431,25.04908468],[121.5878431,25.04908468],[121.584229738588,25.0475212158758],[121.584229738588,25.0475212158758],[121.58172282754578,25.0454545120215],[121.58077,25.047232],[121.57890868194112,25.048258672854057],[121.577685,25.047159],[121.577690522404,25.0448632717332],[121.577654,25.041936],[121.575743,25.040967],[121.57227674964417,25.04110667625752],[121.568284,25.038604],[121.568284,25.038604],[121.568268559011,25.0372323905063],[121.568268559011,25.0372323905063],[121.566640146973,25.0358810435418],[121.566640146973,25.0358810435418],[121.564528,25.035992],[121.564528,25.035992],[121.55974066645364,25.03361852334641],[121.55974066645364,25.03361852334641],[121.5586001,25.03159406],[121.5586001,25.03159406],[121.556522,25.028215],[121.556522,25.028215],[121.5546403,25.02633063],[121.5546403,25.02633063],[121.55135072927436,25.02462276337447],[121.547497854598,25.0247072352904],[121.5448151,25.02482681],[121.542376119519,25.0251035284638],[121.54065,25.02532],[121.539154243763,25.0255275256686],[121.5345198,25.02466421],[121.5341124,25.02164507],[121.534113646475,25.0215502113013],[121.533435,25.018239],[121.533435,25.018239],[121.534722,25.014321],[121.534722,25.014321],[121.538064047069,25.0081406778406],[121.538064047069,25.0081406778406],[121.53985642693925,25.004134202331223],[121.53985642693925,25.004134202331223],[121.542377053436,25.0014489083498],[121.542377053436,25.0014489083498],[121.54389161859,24.9994337628866],[121.544575703262,24.9972142117661]]}},{"type":"Feature","properties":{"route_name":"286","color":"#3bdca7"},"geometry":{"type":"LineString","coordinates":[[121.5902772,25.03872923],[121.591151872157,25.0400314866247],[121.591151872157,25.0400314866247],[121.591596,25.041068],[121.591596,25.041068],[121.59258171464538,25.040011772420034],[121.59258171464538,25.040011772420034],[121.5935353,25.03952474],[121.5935353,25.03952474],[121.5926327,25.03895301],[121.5926327,25.03895301],[121.5904127,25.03836032],[121.5904127,25.03836032],[121.588445117812,25.0395580004129],[121.586342880983,25.0389716224663],[121.58325,25.03789],[121.580964,25.037055],[121.578737539702,25.0363727952991],[121.577948835559,25.0400066129947],[121.5778998,25.04195027],[121.5778998,25.04195027],[121.577918664208,25.0435588382657],[121.577918664208,25.0435588382657],[121.577906954135,25.0450053957754],[121.577906954135,25.0450053957754],[121.5779129,25.04726924],[121.5779129,25.04726924],[121.578206062017,25.0498061943222],[121.578206062017,25.0498061943222]]}},{"type":"Feature","properties":{"route_name":"286副","color":"#3bdc79"},"geometry":{"type":"LineString","coordinates":[[121.5902772,25.03872923],[121.588445117812,25.0395580004129],[121.586342880983,25.0389716224663],[121.58325,25.03789],[121.580964,25.037055],[121.578737539702,25.0363727952991],[121.577948835559,25.0400066129947],[121.5778998,25.04195027],[121.5778998,25.04195027],[121.577918664208,25.0435588382657],[121.577918664208,25.0435588382657],[121.577906954135,25.0450053957754],[121.577906954135,25.0450053957754],[121.5779129,25.04726924],[121.5779129,25.04726924],[121.574202,25.048149],[121.572782,25.0474358],[121.569761304102,25.0457633038403],[121.568923,25.04831013],[121.568923,25.04831013],[121.5704299,25.05220024],[121.569875,25.055027],[121.569393769344,25.0577179708185],[121.5676949,25.06018904],[121.566269,25.062445],[121.579477870198,25.066876801458],[121.58212115754,25.0680848776157],[121.58212115754,25.0680848776157],[121.58543789167122,25.06881463274073],[121.58896238097387,25.068895529659475],[121.590031196316,25.0712104683315],[121.590031196316,25.0712104683315],[121.590016770287,25.0738091792986],[121.590231346227,25.0768845629687],[121.5883097,25.07901319],[121.5883097,25.07901319],[121.584351,25.078655],[121.584351,25.078655],[121.58078,25.07859],[121.578499,25.07889],[121.578499,25.07889],[121.57610868441,25.0798366021365],[121.57610868441,25.0798366021365],[121.573860343024,25.0806380998734],[121.571386,25.081473],[121.569461375068,25.082118261496],[121.566608,25.082292],[121.564098538475,25.0830692818289],[121.564098538475,25.0830692818289],[121.561535778783,25.0843810062584],[121.558119339359,25.0848172776379],[121.55468793143969,25.085303158353604],[121.55468793143969,25.085303158353604],[121.5490281,25.08377483],[121.5482394,25.0808482],[121.546139731473,25.0799238282333],[121.5441547,25.06497867],[121.5440531,25.06369319],[121.5440343,25.06148096],[121.5417414658165,25.05795717284778],[121.5417414658165,25.05795717284778],[121.5383134,25.05803455],[121.5383134,25.05803455],[121.5361688,25.05813986],[121.5361688,25.05813986],[121.5333498,25.0612684],[121.5333498,25.0612684],[121.533394,25.063292],[121.533394,25.063292]]}},{"type":"Feature","properties":{"route_name":"287區","color":"#dc793b"},"geometry":{"type":"LineString","coordinates":[[121.623553,25.079068],[121.622813623616,25.0773157481393],[121.62118809341,25.0762017702812],[121.619351259043,25.0726450755284],[121.619351259043,25.0726450755284],[121.619134959956,25.0711232284945],[121.6184776,25.06922957],[121.61668,25.068177],[121.61668,25.068177],[121.614308439756,25.068763284981],[121.614308439756,25.068763284981],[121.611642249953,25.0702607638519],[121.611642249953,25.0702607638519],[121.609308386226,25.0718101504888],[121.609308386226,25.0718101504888],[121.607610913193,25.0726213066526],[121.607610913193,25.0726213066526],[121.60468992917,25.0735474046187],[121.602397,25.07383],[121.600364932077,25.0775703139034],[121.599295,25.079518],[121.5978951,25.08111607],[121.596227,25.082986],[121.593879114086,25.0834615421604],[121.59179366923021,25.081779319488682],[121.589838083526,25.0798544258006],[121.5883097,25.07901319],[121.5883097,25.07901319],[121.584351,25.078655],[121.584351,25.078655],[121.58078,25.07859],[121.5779835,25.07910692],[121.57610868441,25.0798366021365],[121.57610868441,25.0798366021365],[121.573860343024,25.0806380998734],[121.571386,25.081473],[121.569461375068,25.082118261496],[121.565868143978,25.0824213906562],[121.564098538475,25.0830692818289],[121.564098538475,25.0830692818289],[121.561535778783,25.0843810062584],[121.558119339359,25.0848172776379],[121.55468793143969,25.085303158353604],[121.55468793143969,25.085303158353604],[121.5490281,25.08377483],[121.5482394,25.0808482],[121.546139731473,25.0799238282333],[121.5436838,25.07978102],[121.54169,25.07961],[121.535552182321,25.0780024350627],[121.530144788528,25.0781282212443],[121.527964269875,25.077322358349],[121.523095139749,25.070066233009],[121.5199738,25.06919565],[121.5182324,25.06788969],[121.518267306546,25.0679133670728],[121.5181,25.06487427],[121.5181,25.06487427],[121.517328,25.063069]]}},{"type":"Feature","properties":{"route_name":"288","color":"#3bdcac"},"geometry":{"type":"LineString","coordinates":[[121.51404308646119,25.095130545514156],[121.517833,25.089884],[121.5204586,25.08926881],[121.521560747477,25.0885191533109],[121.5233264,25.08346835],[121.5223096,25.08105624],[121.5191524,25.07344017],[121.5176838,25.07201334],[121.5176838,25.07201334],[121.515621,25.07209068],[121.515621,25.07209068],[121.514591,25.072042],[121.514591,25.072042],[121.5137100606,25.0688798965403],[121.5136438,25.06615028],[121.513516380874,25.0633249732882],[121.5135212,25.06097974],[121.513509342762,25.060980060423],[121.5136927,25.05715048],[121.51369271164,25.0571504842388],[121.514022,25.055504],[121.514022,25.055504],[121.515705430802,25.053651217399],[121.515705430802,25.053651217399],[121.519674930441,25.0527107746344],[121.525060474751,25.052069472359],[121.529855025946,25.0520078098529],[121.532641149751,25.0519912439505],[121.53627250499,25.0519389515979],[121.54002052720857,25.05189813653983],[121.543561439976,25.0518040049938],[121.548353475095,25.0517035084006],[121.55469770362868,25.051594154729063],[121.55774,25.04937],[121.5577342,25.04762],[121.55752374841019,25.042722340316903],[121.557499635507,25.0390095904505],[121.55741938767238,25.03672002337629],[121.5573365,25.03409828],[121.56127,25.031446],[121.5624103,25.02923056],[121.5632643,25.02827334],[121.565724,25.027402],[121.568554,25.026231],[121.569585,25.024432]]}},{"type":"Feature","properties":{"route_name":"290副","color":"#3bacdc"},"geometry":{"type":"LineString","coordinates":[[121.542530095186,25.0015098013863],[121.542530095186,25.0015098013863],[121.539995594657,25.0042661031504],[121.539995594657,25.0042661031504],[121.5384705,25.00341174],[121.5384705,25.00341174],[121.53891974229319,25.00178299384715],[121.53891974229319,25.00178299384715],[121.5398039,24.99939586],[121.5398039,24.99939586],[121.54100316430888,24.995644300082535],[121.54100316430888,24.995644300082535],[121.540591,24.99282],[121.540591,24.99282],[121.53983078018952,24.990932666343376],[121.53983078018952,24.990932666343376]]}},{"type":"Feature","properties":{"route_name":"290副萬和","color":"#41dc3b"},"geometry":{"type":"LineString","coordinates":[[121.542530095186,25.0015098013863],[121.542530095186,25.0015098013863],[121.539995594657,25.0042661031504],[121.539995594657,25.0042661031504],[121.536073,25.004817],[121.5362497,25.0030442],[121.5368362,25.002041],[121.53891974229319,25.00178299384715],[121.53891974229319,25.00178299384715],[121.5362271,25.000812],[121.5370373,24.999945],[121.54100316430888,24.995644300082535],[121.54100316430888,24.995644300082535],[121.540591,24.99282],[121.540591,24.99282],[121.53983078018952,24.990932666343376],[121.53983078018952,24.990932666343376]]}},{"type":"Feature","properties":{"route_name":"292","color":"#3bc9dc"},"geometry":{"type":"LineString","coordinates":[[121.518152,25.062226],[121.5179896,25.05672598],[121.5179896,25.05672598],[121.519674930441,25.0527107746344],[121.525060474751,25.052069472359],[121.529855025946,25.0520078098529],[121.532641149751,25.0519912439505],[121.53627250499,25.0519389515979],[121.54002052720857,25.05189813653983],[121.543561439976,25.0518040049938],[121.54874,25.04864],[121.54874,25.04864],[121.548797,25.04527113],[121.548797,25.04527113],[121.5487541,25.04186596],[121.5487541,25.04186596],[121.548697,25.039043],[121.548697,25.039043],[121.5508834,25.03772123],[121.550883391345,25.0377212341364],[121.5520521,25.03650265],[121.552398,25.034385],[121.553994124674,25.0330873803964],[121.55687,25.03311],[121.5586001,25.03159406],[121.5586001,25.03159406],[121.556522,25.028215],[121.556522,25.028215],[121.555194,25.02686],[121.553534505165,25.0232432826612],[121.555910878022,25.0210340657202],[121.5578044,25.01926083],[121.55853,25.01825]]}},{"type":"Feature","properties":{"route_name":"292副","color":"#713bdc"},"geometry":{"type":"LineString","coordinates":[[121.518152,25.062226],[121.5179896,25.05672598],[121.5179896,25.05672598],[121.519674930441,25.0527107746344],[121.525060474751,25.052069472359],[121.529855025946,25.0520078098529],[121.532641149751,25.0519912439505],[121.53627250499,25.0519389515979],[121.54002052720857,25.05189813653983],[121.543561439976,25.0518040049938],[121.54874,25.04864],[121.54874,25.04864],[121.548797,25.04527113],[121.548797,25.04527113],[121.5487541,25.04186596],[121.5487541,25.04186596],[121.548697,25.039043],[121.548697,25.039043],[121.5508834,25.03772123],[121.550883391345,25.0377212341364],[121.5520521,25.03650265],[121.552398,25.034385],[121.553994124674,25.0330873803964],[121.55687,25.03311],[121.5586001,25.03159406],[121.5586001,25.03159406],[121.556522,25.028215],[121.556522,25.028215],[121.555194,25.02686],[121.553534505165,25.0232432826612],[121.555910878022,25.0210340657202],[121.5578044,25.01926083],[121.55853,25.01825]]}},{"type":"Feature","properties":{"route_name":"294","color":"#3bc4dc"},"geometry":{"type":"LineString","coordinates":[[121.5913505957924,24.999402832437188],[121.5913505957924,24.999402832437188],[121.58954681023364,25.000950102464405],[121.58954681023364,25.000950102464405],[121.585066207329,25.0031479361546],[121.585066207329,25.0031479361546],[121.58021,24.99881],[121.58021,24.99881],[121.576778,24.9968],[121.576778,24.9968],[121.57363,24.993482],[121.57363,24.993482],[121.57021793429796,24.99177996801887],[121.57021793429796,24.99177996801887],[121.56627904290634,24.990657247443593],[121.56627904290634,24.990657247443593],[121.56463398583439,24.989753847794294],[121.56463398583439,24.989753847794294],[121.56247819644113,24.989024145656842],[121.56247819644113,24.989024145656842],[121.559397779257,24.9888253106036],[121.559397779257,24.9888253106036],[121.556489526679,24.9885175064144],[121.556489526679,24.9885175064144],[121.555499,24.988291],[121.555499,24.988291],[121.5528996,24.98800122],[121.5528996,24.98800122],[121.5524331,24.98848123],[121.5524331,24.98848123],[121.552374,24.990333],[121.552374,24.990333],[121.55339,24.99835],[121.55339,24.99835],[121.554092,24.999501],[121.554092,24.999501],[121.555211,25.001741],[121.556531813076,25.0037396380103],[121.55871833409,25.0070201506128],[121.55075149283692,25.016039021546764],[121.548282,25.018051],[121.54746,25.01963],[121.54746,25.01963],[121.54898,25.02391],[121.54898,25.02391],[121.5490337,25.02759922],[121.549033716258,25.0275992243505],[121.54906,25.02967],[121.54906,25.02967],[121.54906,25.03196],[121.54906,25.03196],[121.5490897913242,25.035951071734246],[121.5490897913242,25.035951071734246]]}},{"type":"Feature","properties":{"route_name":"295","color":"#3bc1dc"},"geometry":{"type":"LineString","coordinates":[[121.5913505957924,24.999402832437188],[121.5913505957924,24.999402832437188],[121.58954681023364,25.000950102464405],[121.58954681023364,25.000950102464405],[121.585066207329,25.0031479361546],[121.585066207329,25.0031479361546],[121.58021,24.99881],[121.58021,24.99881],[121.576778,24.9968],[121.576778,24.9968],[121.57363,24.993482],[121.57363,24.993482],[121.574153,24.99161],[121.574153,24.99161],[121.576757,24.989679],[121.576757,24.989679],[121.573881732316,24.9880845060964],[121.573881732316,24.9880845060964],[121.570606,24.986224],[121.570606,24.986224],[121.57011,24.984828],[121.57011,24.984828],[121.56895990914902,24.984131427903375],[121.56895990914902,24.984131427903375],[121.56695,24.98347],[121.56695,24.98347],[121.56460855354919,24.982712452429457],[121.56460855354919,24.982712452429457],[121.561849824052,24.9820534481377],[121.561849824052,24.9820534481377],[121.56033392387744,24.981733915823476],[121.56033392387744,24.981733915823476],[121.558272457788,24.9811534735698],[121.558272457788,24.9811534735698],[121.555554,24.980465],[121.555554,24.980465],[121.5537644922877,24.98176616079763],[121.5537644922877,24.98176616079763],[121.55435,24.98456],[121.55435,24.98456],[121.553332059894,24.9865677374486],[121.553332059894,24.9865677374486],[121.5524331,24.98848123],[121.5524331,24.98848123],[121.552374,24.990333],[121.552374,24.990333],[121.55339,24.99835],[121.55339,24.99835],[121.554092,24.999501],[121.554092,24.999501],[121.555211,25.001741],[121.556531813076,25.0037396380103],[121.55871833409,25.0070201506128],[121.55075149283692,25.016039021546764],[121.548282,25.018051],[121.545887467263,25.0203240566478],[121.5434997,25.02208456],[121.542376119519,25.0251035284638],[121.54065,25.02532],[121.539154243763,25.0255275256686],[121.53631985296,25.0259280472003],[121.532693859225,25.0263548162126],[121.53006,25.026622],[121.527713493878,25.026738138642],[121.523152,25.027172],[121.520842984034,25.0270778477608],[121.5183087,25.02997969],[121.5183087,25.02997969],[121.517416,25.030967],[121.517416,25.030967],[121.5157326,25.03339678],[121.51568,25.033381],[121.515136595156,25.0368285357308],[121.515136595156,25.0368285357308],[121.5163535,25.04192722],[121.5163535,25.04192722],[121.517704,25.04484411],[121.517704,25.04484411]]}},{"type":"Feature","properties":{"route_name":"295副","color":"#dc3b4e"},"geometry":{"type":"LineString","coordinates":[[121.5913505957924,24.999402832437188],[121.5913505957924,24.999402832437188],[121.58954681023364,25.000950102464405],[121.58954681023364,25.000950102464405],[121.585066207329,25.0031479361546],[121.585066207329,25.0031479361546],[121.58021,24.99881],[121.58021,24.99881],[121.576778,24.9968],[121.576778,24.9968],[121.57363,24.993482],[121.57363,24.993482],[121.574153,24.99161],[121.574153,24.99161],[121.576757,24.989679],[121.576757,24.989679],[121.573881732316,24.9880845060964],[121.573881732316,24.9880845060964],[121.570606,24.986224],[121.570606,24.986224],[121.57011,24.984828],[121.57011,24.984828],[121.56895990914902,24.984131427903375],[121.56895990914902,24.984131427903375],[121.56695,24.98347],[121.56695,24.98347],[121.56460855354919,24.982712452429457],[121.56460855354919,24.982712452429457],[121.561849824052,24.9820534481377],[121.561849824052,24.9820534481377],[121.56033392387744,24.981733915823476],[121.56033392387744,24.981733915823476],[121.558272457788,24.9811534735698],[121.558272457788,24.9811534735698],[121.555554,24.980465],[121.555554,24.980465],[121.5537644922877,24.98176616079763],[121.5537644922877,24.98176616079763],[121.55435,24.98456],[121.55435,24.98456],[121.553332059894,24.9865677374486],[121.553332059894,24.9865677374486],[121.5524331,24.98848123],[121.5524331,24.98848123],[121.552374,24.990333],[121.552374,24.990333],[121.55339,24.99835],[121.55339,24.99835],[121.554092,24.999501],[121.554092,24.999501],[121.555211,25.001741],[121.556531813076,25.0037396380103],[121.55871833409,25.0070201506128],[121.55075149283692,25.016039021546764],[121.54789116460638,25.017554094972425],[121.547575202612,25.0152802961331],[121.5454,25.01288],[121.543749,25.014422],[121.545887467263,25.0203240566478],[121.5434997,25.02208456],[121.542376119519,25.0251035284638],[121.54065,25.02532],[121.539154243763,25.0255275256686],[121.53631985296,25.0259280472003],[121.532693859225,25.0263548162126],[121.53006,25.026622],[121.527713493878,25.026738138642],[121.523152,25.027172],[121.520842984034,25.0270778477608],[121.5183087,25.02997969],[121.5183087,25.02997969],[121.517416,25.030967],[121.517416,25.030967],[121.5157326,25.03339678],[121.51568,25.033381],[121.515136595156,25.0368285357308],[121.515136595156,25.0368285357308],[121.5163535,25.04192722],[121.5163535,25.04192722],[121.517704,25.04484411],[121.517704,25.04484411]]}},{"type":"Feature","properties":{"route_name":"297","color":"#3bbcdc"},"geometry":{"type":"LineString","coordinates":[[121.516898839078,25.0242546637841],[121.516898839078,25.0242546637841],[121.517223396453,25.0253827252609],[121.519994,25.024784],[121.52355,25.02256],[121.524829613285,25.0214243649503],[121.5265702582243,25.02214502516781],[121.5265702582243,25.02214502516781],[121.52476413675969,25.024022735483676],[121.52476413675969,25.024022735483676],[121.52269,25.02678],[121.52269,25.02678],[121.5219375,25.02886065],[121.5219375,25.02886065],[121.52231632616744,25.030573897088548],[121.52231632616744,25.030573897088548],[121.522887,25.03276],[121.522887,25.03276],[121.5241858,25.03493441],[121.524185846428,25.0349344108172],[121.52487,25.03676],[121.52487,25.03676],[121.52567,25.03951],[121.5248024,25.04196413],[121.5230509,25.04241371]]}},{"type":"Feature","properties":{"route_name":"297預","color":"#3b3bdc"},"geometry":{"type":"LineString","coordinates":[[121.516898839078,25.0242546637841],[121.516898839078,25.0242546637841],[121.517223396453,25.0253827252609],[121.519994,25.024784],[121.52355,25.02256],[121.524829613285,25.0214243649503],[121.5265702582243,25.02214502516781],[121.5265702582243,25.02214502516781],[121.52476413675969,25.024022735483676],[121.52476413675969,25.024022735483676],[121.52269,25.02678],[121.52269,25.02678],[121.5219375,25.02886065],[121.5219375,25.02886065],[121.52231632616744,25.030573897088548],[121.52231632616744,25.030573897088548],[121.522887,25.03276],[121.522887,25.03276],[121.5241858,25.03493441],[121.524185846428,25.0349344108172],[121.52487,25.03676],[121.52487,25.03676],[121.52567,25.03951],[121.5248024,25.04196413],[121.5230509,25.04241371]]}},{"type":"Feature","properties":{"route_name":"298","color":"#3bb9dc"},"geometry":{"type":"LineString","coordinates":[[121.570457,25.001753],[121.569474,25.002436],[121.5672991,25.00146028],[121.56892,24.999962],[121.5695557,24.99858575],[121.570733,24.996667],[121.571444566484,24.9935653207503],[121.571444566484,24.9935653207503],[121.570973024858,24.9913094198003],[121.570973024858,24.9913094198003],[121.56999253194654,24.990114359213134],[121.56999253194654,24.990114359213134],[121.566361887311,24.9885790493873],[121.566361887311,24.9885790493873],[121.56247819644113,24.989024145656842],[121.56247819644113,24.989024145656842],[121.559942504895,24.989363359859],[121.559942504895,24.989363359859],[121.55919,24.990768],[121.55919,24.990768],[121.55883687781873,24.99243758851507],[121.55883687781873,24.99243758851507],[121.5594086,24.99385696],[121.5594086,24.99385696],[121.56012261539274,24.996452582031367],[121.56012261539274,24.996452582031367],[121.55947313859588,24.9977449509898],[121.55947313859588,24.9977449509898],[121.557829,24.999259],[121.557829,24.999259],[121.555797991874,25.0004051038435],[121.555797991874,25.0004051038435],[121.555211,25.001741],[121.556531813076,25.0037396380103],[121.55871833409,25.0070201506128],[121.55075149283692,25.016039021546764],[121.548282,25.018051],[121.545887467263,25.0203240566478],[121.540424,25.021623],[121.540424,25.021623],[121.537963,25.024365],[121.537963,25.024365],[121.538016,25.026372],[121.538016,25.026372],[121.53800596197,25.029775296009],[121.53800596197,25.029775296009],[121.5381185,25.03412852],[121.5381185,25.03412852],[121.53833054900049,25.036733858544963],[121.53833054900049,25.036733858544963],[121.5378866989778,25.040612146342024],[121.5378866989778,25.040612146342024],[121.536995,25.042828],[121.536995,25.042828],[121.53702,25.04943],[121.537172,25.054579],[121.537172,25.054579],[121.53711,25.05657],[121.53711,25.05657],[121.5372533,25.05999879]]}},{"type":"Feature","properties":{"route_name":"299","color":"#3bb7dc"},"geometry":{"type":"LineString","coordinates":[[121.51700353811,25.0462559043502],[121.522629,25.044844],[121.52631480425094,25.04393012352479],[121.53133882119596,25.04260323596391],[121.53420785577566,25.041964538706296],[121.53833135465409,25.04151329724535],[121.54108205639983,25.041512273166234],[121.547609588359,25.0414444737459],[121.547609588359,25.0414444737459],[121.55037495586,25.041391012662],[121.550375,25.04139101],[121.5536249,25.04131603],[121.553619,25.041262],[121.555503,25.04128222],[121.555503,25.04128222],[121.55934,25.04119],[121.55934,25.04119],[121.562106434251,25.0411343471192],[121.562106434251,25.0411343471192],[121.56755129315535,25.0435373602736],[121.569714,25.044968],[121.5716977,25.04552009],[121.574507095768,25.0454550872459],[121.577690522404,25.0448632717332],[121.57771125853,25.0428257926695],[121.5777181,25.0399753],[121.57826047278162,25.036935176419046],[121.5796725,25.03348445]]}},{"type":"Feature","properties":{"route_name":"300","color":"#3bdc84"},"geometry":{"type":"LineString","coordinates":[[121.549281,25.099862],[121.549281,25.099862],[121.5459328,25.09806813],[121.5459327705,25.098068128396],[121.545748,25.094566],[121.541307,25.097411],[121.541307,25.097411],[121.5398491,25.0975852],[121.539849,25.097585],[121.53824562909286,25.098005332485762],[121.53824562909286,25.098005332485762],[121.534030294965,25.0977513146504],[121.53392,25.09776],[121.53144,25.0965],[121.53144,25.0965],[121.52976,25.0962],[121.52976,25.0962],[121.526622,25.095583],[121.526622,25.095583],[121.522929,25.094772],[121.522929,25.094772],[121.52085,25.09406],[121.517889,25.092141],[121.517889,25.092141],[121.51144611421903,25.084340383790973],[121.51261,25.08192],[121.5136892,25.07451003],[121.5136892,25.07451003],[121.51367,25.07328],[121.51367,25.07328],[121.5137100606,25.0688798965403],[121.5136438,25.06615028],[121.513516380874,25.0633249732882],[121.5135212,25.06097974],[121.513509342762,25.060980060423],[121.5136927,25.05715048],[121.51369271164,25.0571504842388],[121.514022,25.055504],[121.514022,25.055504],[121.514023920514,25.0530178614119],[121.514023920514,25.0530178614119],[121.51344796988172,25.050402129064192],[121.51344796988172,25.050402129064192],[121.51316241098594,25.046552005302367],[121.51316241098594,25.046552005302367],[121.51311219241008,25.04441023077385],[121.512543916311,25.0423685522993],[121.512543916311,25.0423685522993],[121.51088,25.0423],[121.51088,25.0423],[121.5091239,25.04072737],[121.5091008,25.0390539],[121.508728,25.036841],[121.508728,25.036841]]}},{"type":"Feature","properties":{"route_name":"302","color":"#3bdc89"},"geometry":{"type":"LineString","coordinates":[[121.469318,25.12145],[121.469318,25.12145],[121.465117210312,25.1178447660379],[121.466052497879,25.1187984003072],[121.467189,25.120418],[121.467189,25.120418],[121.467238214885,25.1223858553805],[121.467238214885,25.1223858553805],[121.4654787,25.12495029],[121.465515545518,25.1249152150578],[121.466372780603,25.1268926040896],[121.466372780603,25.1268926040896],[121.4686822,25.12828944],[121.46878900446,25.1283184382016],[121.4713284,25.12963447],[121.471449088636,25.1297678333065],[121.473445688734,25.1313688133648],[121.473445688734,25.1313688133648],[121.4750843,25.13266231],[121.4750896208,25.1326768057341],[121.476927,25.13408],[121.476927,25.13408],[121.47853,25.13511],[121.47853,25.13511],[121.4818555,25.13683994],[121.48193288446,25.1368858501904],[121.48494894973,25.138009138037],[121.48494894973,25.138009138037],[121.4875,25.138191],[121.4875,25.138191],[121.48925,25.13839],[121.48925,25.13839],[121.4923517,25.13807076],[121.4923517,25.13807076],[121.4957248,25.1366901],[121.4957248,25.1366901],[121.498029,25.135605],[121.498029,25.135605],[121.5007209,25.13384543],[121.5007209,25.13384543],[121.5013177,25.13218314],[121.50131769692,25.1321537676007],[121.501062,25.130163],[121.501062,25.130163],[121.5011176,25.1278803],[121.501189626271,25.1278841376109],[121.4995994,25.12600361],[121.4995994,25.12600361],[121.499222,25.12242987],[121.499222,25.12242987],[121.501973,25.118907],[121.501973,25.118907],[121.503568,25.117433],[121.503568,25.117433],[121.50638,25.11487],[121.506438836067,25.114726442462],[121.508727083955,25.1127066443373],[121.508727083955,25.1127066443373],[121.512347,25.10953688],[121.512347026452,25.1095368758096],[121.5139733,25.10803433],[121.5139733,25.10803433],[121.517803,25.105059],[121.517803,25.105059],[121.520473605143,25.1022630440787],[121.520473605143,25.1022630440787],[121.522307508871,25.1008497293525],[121.522307508871,25.1008497293525],[121.5243054,25.09589886],[121.524279381093,25.0959118891448],[121.522929,25.094772],[121.522929,25.094772],[121.52085,25.09406],[121.517889,25.092141],[121.517889,25.092141],[121.51144611421903,25.084340383790973],[121.51261,25.08192],[121.5136892,25.07451003],[121.5136892,25.07451003],[121.51367,25.07328],[121.51367,25.07328],[121.5137100606,25.0688798965403],[121.5136438,25.06615028],[121.513516380874,25.0633249732882],[121.5135212,25.06097974],[121.513509342762,25.060980060423],[121.51369271164,25.0571504842388],[121.5136927,25.05715048],[121.514111,25.054917],[121.5134766,25.05316719],[121.510398526977,25.0513352337636],[121.510134,25.049002],[121.510134,25.049002],[121.508730726888,25.0445534816171],[121.508765096201,25.0445846194834],[121.507887356667,25.041649236993],[121.507887356667,25.041649236993],[121.506812536211,25.0380081419194],[121.506812536211,25.0380081419194],[121.502569664855,25.0382620086784],[121.50582384788,25.03944952637],[121.50582384788,25.03944952637]]}},{"type":"Feature","properties":{"route_name":"302區","color":"#dc593b"},"geometry":{"type":"LineString","coordinates":[[121.469318,25.12145],[121.469318,25.12145],[121.465117210312,25.1178447660379],[121.466052497879,25.1187984003072],[121.467189,25.120418],[121.467189,25.120418],[121.467238214885,25.1223858553805],[121.467238214885,25.1223858553805],[121.465515545518,25.1249152150578],[121.4654787,25.12495029],[121.466372780603,25.1268926040896],[121.466372780603,25.1268926040896],[121.4686822,25.12828944],[121.46878900446,25.1283184382016],[121.4713284,25.12963447],[121.471449088636,25.1297678333065],[121.473445688734,25.1313688133648],[121.473445688734,25.1313688133648],[121.4750843,25.13266231],[121.4750896208,25.1326768057341],[121.476927,25.13408],[121.476927,25.13408],[121.47853,25.13511],[121.47853,25.13511],[121.4818555,25.13683994],[121.48193288446,25.1368858501904],[121.48494894973,25.138009138037],[121.48494894973,25.138009138037],[121.4875,25.138191],[121.4875,25.138191],[121.48925,25.13839],[121.48925,25.13839],[121.4923517,25.13807076],[121.4923517,25.13807076],[121.4957248,25.1366901],[121.4957248,25.1366901],[121.498029,25.135605],[121.498029,25.135605],[121.5007209,25.13384543],[121.5007209,25.13384543],[121.5013177,25.13218314],[121.50131769692,25.1321537676007],[121.501062,25.130163],[121.501062,25.130163],[121.501189626271,25.1278841376109],[121.5011176,25.1278803],[121.4995994,25.12600361],[121.4995994,25.12600361],[121.499222,25.12242987],[121.499222,25.12242987],[121.501973,25.118907],[121.501973,25.118907],[121.503568,25.117433],[121.503568,25.117433],[121.50638,25.11487],[121.506438836067,25.114726442462],[121.508727083955,25.1127066443373],[121.508727083955,25.1127066443373],[121.512347026452,25.1095368758096],[121.512347,25.10953688],[121.5139733,25.10803433],[121.5139733,25.10803433],[121.517803,25.105059],[121.517803,25.105059],[121.520473605143,25.1022630440787],[121.520473605143,25.1022630440787],[121.522307508871,25.1008497293525],[121.522307508871,25.1008497293525],[121.524279381093,25.0959118891448],[121.5243054,25.09589886],[121.522929,25.094772],[121.522929,25.094772],[121.52085,25.09406],[121.517889,25.092141],[121.517889,25.092141],[121.51459702986995,25.095240716768018],[121.515234,25.096205]]}},{"type":"Feature","properties":{"route_name":"303","color":"#3bdc8c"},"geometry":{"type":"LineString","coordinates":[[121.525031,25.084952],[121.525031,25.084952],[121.5260219,25.0874398],[121.526963489882,25.0907094764658],[121.526963489882,25.0907094764658],[121.525671636781,25.0928638299869],[121.5267653,25.09543483],[121.5267653,25.09543483],[121.5290055,25.09583325],[121.5290055,25.09583325],[121.531395,25.096324],[121.531395,25.096324],[121.5334915,25.097224],[121.533481875716,25.0972847950979],[121.537708683954,25.101779204864],[121.53702433513,25.1035131480372],[121.536903542185,25.1069424036663],[121.5381247,25.10410142],[121.540318712854,25.1020154099508],[121.543899657612,25.1050667160996],[121.5453823,25.10696523],[121.547020026043,25.1092441758524],[121.548654,25.110508],[121.55056001317,25.1143365915433],[121.5521,25.11785],[121.55309076524317,25.120427697654744],[121.55146530005,25.1230700246186],[121.55027648092783,25.124902973723618],[121.547624545151,25.1297799480943],[121.54684,25.13135],[121.546296671701,25.1361057782174],[121.5465825,25.13875593],[121.539805689524,25.1372765580827],[121.54379,25.13847],[121.54648,25.13809],[121.54965081795456,25.14067928068319],[121.54926514715302,25.14305029076675],[121.549608408559,25.1459354022478],[121.549325751061,25.1480738467069],[121.5487984,25.14914372],[121.547813,25.150204],[121.5473281,25.15233918],[121.5497128929114,25.151258917059053],[121.55865,25.15167],[121.5613198,25.1513866],[121.5616406,25.1511579],[121.56032,25.14956],[121.55836,25.14736],[121.55875354232,25.146524748078],[121.5575439,25.14515072],[121.5471173,25.13808703],[121.5495602,25.13906191],[121.55124,25.139787],[121.55698845385638,25.142226101803665],[121.558337712714,25.1420099648513],[121.559129,25.143152],[121.5593191,25.14392192],[121.5647162,25.14441446],[121.5641876,25.14353762],[121.56488,25.14206],[121.56747,25.14083],[121.5688647,25.14092838],[121.570212,25.139328],[121.571595,25.13784856],[121.572083813217,25.13655528],[121.57406,25.13507],[121.57303,25.13068],[121.574546,25.13084198],[121.574833,25.13194],[121.5764777900028,25.131355431183984],[121.57652,25.1298],[121.5746383,25.12891321],[121.5734895,25.12505137],[121.5726818,25.12412029],[121.57227,25.12313]]}},{"type":"Feature","properties":{"route_name":"303區","color":"#dcac3b"},"geometry":{"type":"LineString","coordinates":[[121.525031,25.084952],[121.525031,25.084952],[121.5260219,25.0874398],[121.526963489882,25.0907094764658],[121.526963489882,25.0907094764658],[121.525671636781,25.0928638299869],[121.5267653,25.09543483],[121.5267653,25.09543483],[121.5290055,25.09583325],[121.5290055,25.09583325],[121.531395,25.096324],[121.531395,25.096324],[121.533481875716,25.0972847950979],[121.5334915,25.097224],[121.537708683954,25.101779204864],[121.53702433513,25.1035131480372],[121.536903542185,25.1069424036663],[121.5381247,25.10410142],[121.540318712854,25.1020154099508],[121.543899657612,25.1050667160996],[121.5453823,25.10696523],[121.547020026043,25.1092441758524],[121.548654,25.110508],[121.55056001317,25.1143365915433],[121.5521,25.11785],[121.55309076524317,25.120427697654744],[121.55146530005,25.1230700246186],[121.55027648092783,25.124902973723618],[121.547624545151,25.1297799480943],[121.54684,25.13135],[121.546296671701,25.1361057782174],[121.5465825,25.13875593],[121.539805689524,25.1372765580827],[121.54379,25.13847],[121.54648,25.13809],[121.54965081795456,25.14067928068319],[121.54926514715302,25.14305029076675],[121.549608408559,25.1459354022478],[121.549325751061,25.1480738467069],[121.5487984,25.14914372],[121.547813,25.150204],[121.5473281,25.15233918],[121.5497128929114,25.151258917059053],[121.55865,25.15167],[121.5613198,25.1513866],[121.5616406,25.1511579],[121.56032,25.14956],[121.55836,25.14736],[121.55875354232,25.146524748078],[121.5575439,25.14515072],[121.5471173,25.13808703],[121.5495602,25.13906191],[121.55124,25.139787],[121.55698845385638,25.142226101803665],[121.558337712714,25.1420099648513],[121.559129,25.143152],[121.5593191,25.14392192],[121.5647162,25.14441446],[121.5641876,25.14353762],[121.56488,25.14206],[121.56747,25.14083],[121.5688647,25.14092838],[121.570212,25.139328],[121.571595,25.13784856],[121.572083813217,25.13655528],[121.57406,25.13507],[121.5732578,25.13076683],[121.574546,25.13084198],[121.574833,25.13194],[121.5764777900028,25.131355431183984]]}},{"type":"Feature","properties":{"route_name":"304承德","color":"#3bdca4"},"geometry":{"type":"LineString","coordinates":[[121.549281,25.099862],[121.549281,25.099862],[121.5459328,25.09806813],[121.5459327705,25.098068128396],[121.543765927365,25.0972634661547],[121.543765927365,25.0972634661547],[121.541307,25.097411],[121.541307,25.097411],[121.539849,25.097585],[121.5398491,25.0975852],[121.53824562909286,25.098005332485762],[121.53824562909286,25.098005332485762],[121.534030294965,25.0977513146504],[121.53392,25.09776],[121.53144,25.0965],[121.53144,25.0965],[121.52976,25.0962],[121.52976,25.0962],[121.526622,25.095583],[121.526622,25.095583],[121.526725,25.090999],[121.526768,25.090914],[121.524748,25.084849],[121.5233264,25.08346835],[121.5223096,25.08105624],[121.5191524,25.07344017],[121.5183341,25.07106623],[121.5183341,25.07106623],[121.5182324,25.06788969],[121.518267306546,25.0679133670728],[121.5181,25.06487427],[121.5181,25.06487427],[121.518152,25.062226],[121.5179896,25.05672598],[121.5179896,25.05672598],[121.5167729,25.05073509],[121.5167729,25.05073509],[121.510134,25.049002],[121.510134,25.049002],[121.509098,25.04552755],[121.509144127644,25.0455115050969],[121.5083,25.04252],[121.508266771006,25.0425165606871],[121.5085509,25.03630737],[121.511946,25.035137],[121.5138969,25.03238167],[121.5153917,25.02888681],[121.516528,25.024804],[121.516528,25.024804]]}},{"type":"Feature","properties":{"route_name":"304重慶","color":"#3bdcd1"},"geometry":{"type":"LineString","coordinates":[[121.549281,25.099862],[121.549281,25.099862],[121.5459328,25.09806813],[121.5459327705,25.098068128396],[121.543765927365,25.0972634661547],[121.543765927365,25.0972634661547],[121.541307,25.097411],[121.541307,25.097411],[121.539849,25.097585],[121.5398491,25.0975852],[121.53824562909286,25.098005332485762],[121.53824562909286,25.098005332485762],[121.534030294965,25.0977513146504],[121.53392,25.09776],[121.53144,25.0965],[121.53144,25.0965],[121.52976,25.0962],[121.52976,25.0962],[121.526622,25.095583],[121.526622,25.095583],[121.523269,25.094828],[121.52085,25.09406],[121.517889,25.092141],[121.517889,25.092141],[121.51144611421903,25.084340383790973],[121.51261,25.08192],[121.5136892,25.07451003],[121.5136892,25.07451003],[121.51367,25.07328],[121.51367,25.07328],[121.5137100606,25.0688798965403],[121.5136438,25.06615028],[121.513516380874,25.0633249732882],[121.5135212,25.06097974],[121.513509342762,25.060980060423],[121.51369271164,25.0571504842388],[121.5136927,25.05715048],[121.514022,25.055504],[121.514022,25.055504],[121.514023920514,25.0530178614119],[121.514023920514,25.0530178614119],[121.51344796988172,25.050402129064192],[121.51344796988172,25.050402129064192],[121.510134,25.049002],[121.510134,25.049002],[121.509098,25.04552755],[121.509144127644,25.0455115050969],[121.5083,25.04252],[121.508266771006,25.0425165606871],[121.5085509,25.03630737],[121.511946,25.035137],[121.5138969,25.03238167],[121.5153917,25.02888681],[121.516528,25.024804],[121.516528,25.024804]]}},{"type":"Feature","properties":{"route_name":"306","color":"#3bdc94"},"geometry":{"type":"LineString","coordinates":[[121.513509342762,25.060980060423],[121.5135212,25.06097974],[121.5136927,25.05715048],[121.51369271164,25.0571504842388],[121.514022,25.055504],[121.514022,25.055504],[121.515705430802,25.053651217399],[121.515705430802,25.053651217399],[121.519674930441,25.0527107746344],[121.525060474751,25.052069472359],[121.529855025946,25.0520078098529],[121.532641149751,25.0519912439505],[121.53627250499,25.0519389515979],[121.54002052720857,25.05189813653983],[121.543561439976,25.0518040049938],[121.548353475095,25.0517035084006],[121.55469770362868,25.051594154729063],[121.5602663380149,25.05148353485096],[121.566535683299,25.0512559293088],[121.56915,25.05115],[121.57131845679393,25.050545938983998],[121.573848311551,25.0499024516685],[121.5737917,25.04993748],[121.577246475627,25.0499755097464],[121.577246475627,25.0499755097464],[121.58108,25.05082],[121.58108,25.05082],[121.5841759,25.05212599],[121.584201721401,25.052203296391],[121.5872289,25.05293617],[121.5872289,25.05293617],[121.58971,25.05323],[121.58971,25.05323],[121.5921075,25.05408309],[121.5921075,25.05408309],[121.59633521222251,25.05424093800564],[121.59633521222251,25.05424093800564],[121.598139533007,25.0538414991689],[121.598139533007,25.0538414991689],[121.60075620256,25.0533242413246],[121.60075620256,25.0533242413246],[121.603021736172,25.053655363078],[121.603021736172,25.053655363078],[121.60712,25.05433],[121.60712,25.05433],[121.61066212694543,25.05493375102052],[121.61066212694543,25.05493375102052],[121.613597939232,25.0551240859182],[121.6136264,25.0551358],[121.616456,25.054699],[121.616456,25.054699],[121.615865875754,25.0518036904539],[121.615625,25.049543],[121.615363,25.047199],[121.61558513647303,25.044722099556466],[121.61648,25.04313],[121.617338,25.039528],[121.6169015,25.03813813],[121.616893,25.036259],[121.6161708,25.03500483],[121.6147203,25.03474253],[121.61838014471944,25.04117512726169],[121.6202488,25.03984242],[121.62277,25.03833]]}},{"type":"Feature","properties":{"route_name":"306區","color":"#3bdc64"},"geometry":{"type":"LineString","coordinates":[[121.622734485156,25.0384056841054],[121.621016,25.039526],[121.619044433004,25.0409122787157],[121.616561,25.043422],[121.615639,25.045074],[121.615728,25.047462],[121.61601678871844,25.048610235261958],[121.61603141641,25.0515460114719],[121.6156,25.05534],[121.6156,25.05534],[121.61366085593893,25.055463507638656],[121.61366085593893,25.055463507638656],[121.609776304165,25.0549683149017],[121.609776304165,25.0549683149017],[121.606693480964,25.0544113947875],[121.606693480964,25.0544113947875],[121.6036135,25.05385654],[121.603501503157,25.0538268750408],[121.600631965419,25.053410287006],[121.600631965419,25.053410287006],[121.598727,25.05384],[121.598727,25.05384],[121.595509916336,25.0544903819023],[121.59552,25.0546],[121.59255973649874,25.05440689628416],[121.59255973649874,25.05440689628416],[121.589992575868,25.0535036880317],[121.589992575868,25.0535036880317],[121.587762,25.053169],[121.587762,25.053169],[121.585050803739,25.0526502598819],[121.585050803739,25.0526502598819],[121.580911886242,25.0509225264878],[121.580911886242,25.0509225264878],[121.576598,25.050168],[121.576598,25.050168],[121.57491400582,25.0500731024231],[121.57491400582,25.0500731024231],[121.571871,25.050387],[121.569058,25.051515],[121.56665364964157,25.051513187536237],[121.56111056329053,25.05158012283465],[121.555516323112,25.0516596699759],[121.549520919642,25.0517934820293],[121.5444563164689,25.05191518176843],[121.54085264591662,25.051994714534274],[121.54085264591662,25.051994714534274],[121.537271345417,25.0520896887846],[121.533302047123,25.0521144980622],[121.530332504829,25.0521129968997],[121.525717467074,25.0521676118001],[121.519866,25.052867],[121.519866,25.052867],[121.51678653159566,25.053591227672776],[121.513825816749,25.0567660236851],[121.513825816749,25.0567660236851],[121.51358595205109,25.060581358412865],[121.51358595205109,25.060581358412865],[121.5113712,25.06155982],[121.5113712,25.06155982]]}},{"type":"Feature","properties":{"route_name":"307","color":"#3bdc96"},"geometry":{"type":"LineString","coordinates":[[121.497706,25.01987],[121.497706,25.01987],[121.499894100772,25.0232906952259],[121.499894100772,25.0232906952259],[121.500485,25.025045],[121.500485,25.025045],[121.500599,25.028737],[121.500599,25.028737],[121.500635,25.0308055],[121.500635,25.0308055],[121.50255,25.03113],[121.50499126498305,25.03268103989999],[121.506607,25.0357],[121.506607,25.0357],[121.508285900629,25.041730058378],[121.508285900629,25.041730058378],[121.509380726049,25.0456964941835],[121.5094213,25.04568121],[121.515689438859,25.0465635496954],[121.515689438859,25.0465635496954],[121.5215079,25.04483077],[121.522278540137,25.0437303889139],[121.523978,25.046759],[121.524405,25.04809523],[121.52495,25.05059],[121.529855025946,25.0520078098529],[121.532641149751,25.0519912439505],[121.53627250499,25.0519389515979],[121.54002052720857,25.05189813653983],[121.543561439976,25.0518040049938],[121.548353475095,25.0517035084006],[121.55469770362868,25.051594154729063],[121.5602663380149,25.05148353485096],[121.566535683299,25.0512559293088],[121.56915,25.05115],[121.5704299,25.05220024],[121.569875,25.055027],[121.569393769344,25.0577179708185],[121.5676949,25.06018904],[121.566269,25.062445],[121.5657277,25.06530387]]}},{"type":"Feature","properties":{"route_name":"307西藏三民","color":"#dc3bb7"},"geometry":{"type":"LineString","coordinates":[[121.497706,25.01987],[121.497706,25.01987],[121.499894100772,25.0232906952259],[121.499894100772,25.0232906952259],[121.500485,25.025045],[121.500485,25.025045],[121.500599,25.028737],[121.500599,25.028737],[121.50208327245365,25.029553445358935],[121.504168146781,25.0306970667598],[121.50499126498305,25.03268103989999],[121.506607,25.0357],[121.506607,25.0357],[121.508285900629,25.041730058378],[121.508285900629,25.041730058378],[121.5094213,25.04568121],[121.509380726049,25.0456964941835],[121.515689438859,25.0465635496954],[121.515689438859,25.0465635496954],[121.5215079,25.04483077],[121.522278540137,25.0437303889139],[121.523978,25.046759],[121.524405,25.04809523],[121.52495,25.05059],[121.529855025946,25.0520078098529],[121.532641149751,25.0519912439505],[121.53627250499,25.0519389515979],[121.54002052720857,25.05189813653983],[121.543561439976,25.0518040049938],[121.548353475095,25.0517035084006],[121.55469770362868,25.051594154729063],[121.5602663380149,25.05148353485096],[121.5638994,25.053597],[121.5638473,25.05481494],[121.56368,25.05753],[121.5664423,25.05902066],[121.5676949,25.06018904],[121.566269,25.062445],[121.5657277,25.06530387]]}},{"type":"Feature","properties":{"route_name":"308","color":"#3bdc99"},"geometry":{"type":"LineString","coordinates":[[121.4654787,25.12495029],[121.465515545518,25.1249152150578],[121.466372780603,25.1268926040896],[121.466372780603,25.1268926040896],[121.46878900446,25.1283184382016],[121.4686822,25.12828944],[121.4713284,25.12963447],[121.471449088636,25.1297678333065],[121.473445688734,25.1313688133648],[121.473445688734,25.1313688133648],[121.4750843,25.13266231],[121.4750896208,25.1326768057341],[121.476927,25.13408],[121.476927,25.13408],[121.47853,25.13511],[121.47853,25.13511],[121.4818555,25.13683994],[121.48193288446,25.1368858501904],[121.48494894973,25.138009138037],[121.48494894973,25.138009138037],[121.4875,25.138191],[121.4875,25.138191],[121.48925,25.13839],[121.48925,25.13839],[121.4923517,25.13807076],[121.4923517,25.13807076],[121.4957248,25.1366901],[121.4957248,25.1366901],[121.498029,25.135605],[121.498029,25.135605],[121.5007209,25.13384543],[121.5007209,25.13384543],[121.50131769692,25.1321537676007],[121.5013177,25.13218314],[121.501062,25.130163],[121.501062,25.130163],[121.5011176,25.1278803],[121.501189626271,25.1278841376109],[121.4995994,25.12600361],[121.4995994,25.12600361],[121.499222,25.12242987],[121.499222,25.12242987],[121.501973,25.118907],[121.501973,25.118907],[121.503568,25.117433],[121.503568,25.117433],[121.506438836067,25.114726442462],[121.50638,25.11487],[121.508727083955,25.1127066443373],[121.508727083955,25.1127066443373],[121.512347,25.10953688],[121.512347026452,25.1095368758096],[121.5139733,25.10803433],[121.5139733,25.10803433],[121.517803,25.105059],[121.517803,25.105059],[121.520473605143,25.1022630440787],[121.520473605143,25.1022630440787],[121.522307508871,25.1008497293525],[121.522307508871,25.1008497293525],[121.5243054,25.09589886],[121.524279381093,25.0959118891448],[121.526768,25.090914],[121.526725,25.090999],[121.525327,25.085353],[121.525327,25.085353]]}},{"type":"Feature","properties":{"route_name":"310","color":"#3bdcd7"},"geometry":{"type":"LineString","coordinates":[[121.496932,25.035263],[121.496932,25.035263],[121.5000845,25.03514822],[121.500164,25.035143],[121.50409,25.03563],[121.5073666,25.03821366],[121.5073666,25.03821366],[121.5082192,25.04094605],[121.508187414094,25.0409980900087],[121.509380726049,25.0456964941835],[121.5094213,25.04568121],[121.510332531364,25.0492507169836],[121.510332,25.04924],[121.51719764702355,25.0484971857801],[121.51719764702355,25.0484971857801],[121.522081,25.050519],[121.522969858739,25.0562422589842],[121.5230341,25.06158152],[121.5224722,25.0642887],[121.5228199,25.06770081],[121.5240266,25.07222485],[121.524381872313,25.0805889011559],[121.52663,25.08697],[121.527703,25.091209],[121.528319753964,25.0947774592454],[121.527715,25.097204],[121.52415752169912,25.102215676833303]]}},{"type":"Feature","properties":{"route_name":"310區","color":"#3bc1dc"},"geometry":{"type":"LineString","coordinates":[[121.496932,25.035263],[121.496932,25.035263],[121.5000845,25.03514822],[121.500164,25.035143],[121.50409,25.03563],[121.5073666,25.03821366],[121.5073666,25.03821366],[121.5082192,25.04094605],[121.508187414094,25.0409980900087],[121.5094213,25.04568121],[121.509380726049,25.0456964941835],[121.510332531364,25.0492507169836],[121.510332,25.04924],[121.51719764702355,25.0484971857801],[121.51719764702355,25.0484971857801]]}},{"type":"Feature","properties":{"route_name":"311","color":"#3bdcd9"},"geometry":{"type":"LineString","coordinates":[[121.531685,25.014457],[121.531685,25.014457],[121.52922,25.01723],[121.528858,25.018986],[121.528858,25.018986],[121.531379,25.017546],[121.531379,25.017546],[121.53375,25.018029],[121.534388191196,25.0214053337175],[121.5349231,25.02527096],[121.53384,25.03048],[121.5329027,25.03320526],[121.5343357,25.03804468],[121.537072110796,25.0380314055468],[121.54077520473633,25.03796159361127],[121.543165,25.037854],[121.545738,25.03784],[121.5476903,25.03778353],[121.550883391345,25.0377212341364],[121.5508834,25.03772123],[121.552717,25.037669],[121.552717,25.037669],[121.5552985,25.03762585],[121.555234376148,25.0376217119559],[121.55728,25.03754],[121.55728,25.03754],[121.56118,25.037543],[121.56118,25.037543],[121.563754,25.038332],[121.563754,25.038332],[121.5664817,25.04423486],[121.5664817,25.04423486],[121.568923,25.04831013],[121.568923,25.04831013],[121.57161,25.04976],[121.57161,25.04976],[121.573848311551,25.0499024516685],[121.5737917,25.04993748],[121.578206062017,25.0498061943222],[121.578206062017,25.0498061943222]]}},{"type":"Feature","properties":{"route_name":"311區","color":"#3b6edc"},"geometry":{"type":"LineString","coordinates":[[121.531685,25.014457],[121.531685,25.014457],[121.534517055222,25.0143047215272],[121.534517055222,25.0143047215272],[121.535791,25.013102],[121.535791,25.013102]]}},{"type":"Feature","properties":{"route_name":"32","color":"#3bbfdc"},"geometry":{"type":"LineString","coordinates":[[121.5902879,25.03884143],[121.591151872157,25.0400314866247],[121.591151872157,25.0400314866247],[121.591596,25.041068],[121.591596,25.041068],[121.59258171464538,25.040011772420034],[121.59258171464538,25.040011772420034],[121.5929045,25.04397129],[121.59264,25.04584],[121.58948692688,25.0466220947386],[121.586251788683,25.0462378312467],[121.5829604,25.04521051],[121.5829604,25.04521051],[121.58172282754578,25.0454545120215],[121.58077,25.047232],[121.57890868194112,25.048258672854057],[121.577685,25.047159],[121.577690522404,25.0448632717332],[121.577654,25.041936],[121.575743,25.040967],[121.57227674964417,25.04110667625752],[121.568284,25.038604],[121.568284,25.038604],[121.568268559011,25.0372323905063],[121.568268559011,25.0372323905063],[121.568236043782,25.0345352489599],[121.568236043782,25.0345352489599],[121.568193073869,25.0307954082722],[121.568164,25.02881],[121.568554,25.026231],[121.569585,25.024432]]}},{"type":"Feature","properties":{"route_name":"33","color":"#3bbcdc"},"geometry":{"type":"LineString","coordinates":[[121.579780430471,25.0334460670503],[121.57862046795393,25.036008316057096],[121.577948835559,25.0400066129947],[121.5785081,25.04110183],[121.580888,25.042737],[121.581579,25.04236358],[121.5827287,25.04015768],[121.58325,25.03789],[121.580964,25.037055],[121.578737539702,25.0363727952991],[121.57704,25.03555],[121.5749131,25.03402693],[121.568193073869,25.0307954082722],[121.568164,25.02881],[121.5680489,25.02685576],[121.56521,25.027607],[121.563488827932,25.0282411640192],[121.5623852,25.02952622],[121.561326,25.031399],[121.55813,25.0331],[121.554622114057,25.033193427795],[121.552849,25.033223],[121.549449,25.03337757],[121.5490897913242,25.035951071734246],[121.5490897913242,25.035951071734246],[121.549163,25.039336],[121.549163,25.039336],[121.549174,25.0430127],[121.549174,25.0430127],[121.5491941,25.04575795],[121.5491941,25.04575795],[121.549204,25.048949],[121.549204,25.048949],[121.54933,25.05258],[121.54933,25.05258],[121.5492693,25.05668072],[121.5492693,25.05668072],[121.55019898812432,25.05971079181516],[121.55019898812432,25.05971079181516],[121.5482873,25.06203573],[121.5482873,25.06203573],[121.5444202,25.06414996],[121.5453154,25.07971159],[121.5479855392,25.0802161011772],[121.5488002,25.08160965],[121.549307259251,25.0837373733406],[121.551895985064,25.0858624708036],[121.555253,25.08484],[121.555253,25.08484],[121.558196913178,25.0845384449731]]}},{"type":"Feature","properties":{"route_name":"37","color":"#3bb1dc"},"geometry":{"type":"LineString","coordinates":[[121.5746629,25.03236982],[121.568193073869,25.0307954082722],[121.568164,25.02881],[121.569585,25.024432],[121.5695997,25.02453056],[121.568628,25.026234],[121.56521,25.027607],[121.563488827932,25.0282411640192],[121.5623852,25.02952622],[121.561326,25.031399],[121.5601565,25.0336777],[121.5601565,25.0336777],[121.5620977,25.03702869],[121.562097736356,25.0370286899675],[121.5609264,25.03768543],[121.5609264,25.03768543],[121.55781,25.0377],[121.55781,25.0377],[121.555779394717,25.0377743210687],[121.555779394717,25.0377743210687],[121.55304,25.03789],[121.553215911831,25.0378288007837],[121.55181,25.03796],[121.55181,25.03796],[121.5472892,25.03801348],[121.544071,25.03806],[121.53942763922,25.038167764865],[121.534337688959,25.0382385066713],[121.5331329,25.03824508],[121.52952,25.03834],[121.5254546,25.03835233],[121.5211551,25.03891262],[121.5211551,25.03891262],[121.5183669,25.03926197],[121.5183669,25.03926197],[121.5163535,25.04192722],[121.5163535,25.04192722]]}},{"type":"Feature","properties":{"route_name":"38","color":"#3bafdc"},"geometry":{"type":"LineString","coordinates":[[121.493379,25.018859],[121.49163,25.02288],[121.4906879,25.02489835],[121.4894532,25.02767161],[121.49029,25.03062],[121.491328,25.031919],[121.493340521386,25.0341141458286],[121.496276,25.035221],[121.5000845,25.03514822],[121.500164,25.035143],[121.50409,25.03563],[121.5085509,25.03630737],[121.51163,25.035233],[121.51548,25.03348],[121.515375,25.033565],[121.5157,25.029828],[121.5157,25.029828],[121.518037534882,25.0299878580087],[121.518037534882,25.0299878580087],[121.52231632616744,25.030573897088548],[121.52231632616744,25.030573897088548],[121.522887,25.03276],[121.522887,25.03276],[121.5241858,25.03493441],[121.524185846428,25.0349344108172],[121.5268262109198,25.034191768178662],[121.52972531757206,25.03372668176573],[121.5321735300744,25.033583332926412],[121.53542376322785,25.03352937220551],[121.53800596197,25.029775296009],[121.53800596197,25.029775296009]]}},{"type":"Feature","properties":{"route_name":"38區","color":"#dcd93b"},"geometry":{"type":"LineString","coordinates":[[121.495968,25.021365],[121.49573,25.02281],[121.4952326,25.02425231],[121.494436,25.0259561],[121.4941737,25.02715329],[121.4941737,25.02715329],[121.496162828269,25.0295844111411],[121.496162828269,25.0295844111411],[121.497718,25.03244],[121.497718,25.03244],[121.4987728,25.03418554],[121.498768,25.034147],[121.500164,25.035143],[121.5000845,25.03514822]]}},{"type":"Feature","properties":{"route_name":"41","color":"#3b6edc"},"geometry":{"type":"LineString","coordinates":[[121.504476019722,25.1003822071101],[121.50562988182526,25.10041172252245],[121.507447,25.100501],[121.50899838312725,25.100517081943632],[121.509867,25.10044],[121.515234,25.096205],[121.517257621831,25.0951400679331],[121.517199,25.095042],[121.518581144123,25.0948969338159],[121.518581144123,25.0948969338159],[121.52041074945086,25.092644539015005],[121.52206662370652,25.090555500498695],[121.523626,25.08816494],[121.524748,25.084849],[121.5233264,25.08346835],[121.5223096,25.08105624],[121.5191524,25.07344017],[121.5176838,25.07201334],[121.5176838,25.07201334],[121.515621,25.07209068],[121.515621,25.07209068],[121.514591,25.072042],[121.514591,25.072042],[121.5135209,25.07218551],[121.5135209,25.07218551],[121.510852,25.0713032],[121.510875,25.068085],[121.5108318,25.06617549],[121.511052,25.06432],[121.5111652,25.06204706],[121.512933,25.060697],[121.513712,25.062346],[121.5178677888,25.0628480067],[121.5178677888,25.0628480067],[121.5223009,25.06271419],[121.5223009,25.06271419],[121.5253813,25.06266873],[121.5253813,25.06266873],[121.5300637,25.06254664],[121.5300637,25.06254664],[121.53313278818085,25.060643374791923],[121.53313278818085,25.060643374791923],[121.533011,25.05500621],[121.5329812,25.05228153],[121.5329145,25.04864879],[121.5328606,25.04460839],[121.53745340737642,25.046123735201252],[121.5408273,25.04670644],[121.54312,25.0472080804531],[121.5462971,25.04814244],[121.548797,25.04527113],[121.548797,25.04527113],[121.5487541,25.04186596],[121.5487541,25.04186596],[121.548697,25.039043],[121.548697,25.039043],[121.5485022,25.03412379],[121.5485022,25.03412379],[121.5461666,25.0333837],[121.5438266,25.03340442]]}},{"type":"Feature","properties":{"route_name":"42","color":"#3b6cdc"},"geometry":{"type":"LineString","coordinates":[[121.5574829,25.08002077],[121.55565762442,25.080032815073],[121.55251766575329,25.080092816575963],[121.551632,25.08172328],[121.5490281,25.08377483],[121.5482394,25.0808482],[121.546139731473,25.0799238282333],[121.5436838,25.07978102],[121.54169,25.07961],[121.54125,25.079985],[121.540087,25.082444],[121.5380292,25.08409294],[121.5398705,25.08290057],[121.541188,25.07998],[121.535552182321,25.0780024350627],[121.530144788528,25.0781282212443],[121.527964269875,25.077322358349],[121.523095139749,25.070066233009],[121.52244,25.0673],[121.5221621,25.06438114],[121.522776776113,25.0608309862107],[121.522776776113,25.0608309862107],[121.52136241205059,25.05785889251285],[121.52136241205059,25.05785889251285],[121.519034332355,25.0575481163977],[121.519034332355,25.0575481163977],[121.5149159,25.05716475],[121.5149159,25.05716475],[121.514022,25.055504],[121.514022,25.055504],[121.514023920514,25.0530178614119],[121.514023920514,25.0530178614119],[121.51344796988172,25.050402129064192],[121.51344796988172,25.050402129064192],[121.510332,25.04924],[121.510332531364,25.0492507169836]]}},{"type":"Feature","properties":{"route_name":"42區","color":"#4bdc3b"},"geometry":{"type":"LineString","coordinates":[[121.5574829,25.08002077],[121.55565762442,25.080032815073],[121.55251766575329,25.080092816575963],[121.551632,25.08172328],[121.5490281,25.08377483],[121.5482394,25.0808482],[121.546139731473,25.0799238282333],[121.5436838,25.07978102],[121.54169,25.07961],[121.54125,25.079985],[121.540087,25.082444],[121.5380292,25.08409294],[121.5398705,25.08290057],[121.541188,25.07998],[121.535552182321,25.0780024350627],[121.530144788528,25.0781282212443],[121.527964269875,25.077322358349],[121.523095139749,25.070066233009],[121.520216,25.069744]]}},{"type":"Feature","properties":{"route_name":"46","color":"#3b61dc"},"geometry":{"type":"LineString","coordinates":[[121.5746629,25.03236982],[121.570056,25.033006],[121.568446471104,25.0336908507959],[121.566640146973,25.0358810435418],[121.566640146973,25.0358810435418],[121.5655763,25.03685005],[121.568268559011,25.0372323905063],[121.568268559011,25.0372323905063],[121.568236043782,25.0345352489599],[121.568236043782,25.0345352489599],[121.568984,25.032648],[121.57514012830093,25.033870235708875],[121.5777733,25.03596885],[121.578747487242,25.0362197359093],[121.581141,25.036858],[121.583273769159,25.037669212048],[121.5827027,25.0403216],[121.5815915,25.04249611],[121.580447,25.042632],[121.580447,25.042632],[121.578931,25.041555],[121.578931,25.041555],[121.5778998,25.04195027],[121.5778998,25.04195027],[121.577918664208,25.0435588382657],[121.577918664208,25.0435588382657],[121.57660432922873,25.045619541124736],[121.57342558398715,25.04570849030428],[121.569761304102,25.0457633038403],[121.56682,25.04641],[121.56552,25.05002],[121.564777,25.051492],[121.56111056329053,25.05158012283465],[121.555516323112,25.0516596699759],[121.549520919642,25.0517934820293],[121.5444563164689,25.05191518176843],[121.54085264591662,25.051994714534274],[121.54085264591662,25.051994714534274],[121.537271345417,25.0520896887846],[121.533302047123,25.0521144980622],[121.530332504829,25.0521129968997],[121.525717467074,25.0521676118001],[121.519866,25.052867],[121.519866,25.052867],[121.5151374,25.05143327]]}},{"type":"Feature","properties":{"route_name":"49","color":"#3b59dc"},"geometry":{"type":"LineString","coordinates":[[121.534472,25.067193],[121.537162,25.068066],[121.538733,25.068039],[121.542007,25.067849],[121.5441547,25.06497867],[121.5440531,25.06369319],[121.541275218891,25.0623959365736],[121.541275218891,25.0623959365736],[121.53746,25.06248317],[121.53746,25.06248317],[121.5334388,25.06252486],[121.5334388,25.06252486],[121.53313278818085,25.060643374791923],[121.53313278818085,25.060643374791923],[121.533011,25.05500621],[121.5329812,25.05228153],[121.5319452,25.04855925],[121.5287418,25.04827485],[121.5255434,25.04902285],[121.524119571056,25.0481741643018],[121.5235453,25.04586572],[121.5167218,25.0465408],[121.508765096201,25.0445846194834],[121.508730726888,25.0445534816171],[121.507887356667,25.041649236993],[121.507887356667,25.041649236993],[121.50548,25.04073],[121.5024023,25.04057897],[121.5018943,25.0395701],[121.5018943,25.0395701],[121.5012851,25.03630505],[121.5012851,25.03630505],[121.5010585,25.03486363],[121.5010585,25.03486363],[121.50051,25.03176],[121.50051,25.03176],[121.500473,25.030744],[121.500473,25.030744],[121.50037694828528,25.0289649585261],[121.50037694828528,25.0289649585261],[121.50026027816166,25.025052181005517],[121.50026027816166,25.025052181005517],[121.49999538902145,25.024019027640023],[121.49999538902145,25.024019027640023],[121.497234,25.01942],[121.497234,25.01942],[121.49565,25.01714],[121.49565,25.01714]]}},{"type":"Feature","properties":{"route_name":"5","color":"#dcc93b"},"geometry":{"type":"LineString","coordinates":[[121.516898839078,25.0242546637841],[121.516898839078,25.0242546637841],[121.517445,25.028027],[121.517445,25.028027],[121.5166342,25.02986525],[121.51730073589657,25.031281468826304],[121.51568,25.033381],[121.5157326,25.03339678],[121.515136595156,25.0368285357308],[121.515136595156,25.0368285357308],[121.5163535,25.04192722],[121.5163535,25.04192722],[121.517704,25.04484411],[121.517704,25.04484411],[121.520239869754,25.046578538214],[121.522081,25.050519],[121.525060474751,25.052069472359],[121.529855025946,25.0520078098529],[121.532641149751,25.0519912439505],[121.5331386,25.05453652],[121.535046,25.057791],[121.535046,25.057791],[121.5381394,25.05772436],[121.5381394,25.05772436],[121.5428,25.057628],[121.5428,25.057628],[121.544405,25.060855],[121.541275218891,25.0623959365736],[121.541275218891,25.0623959365736],[121.53746,25.06248317],[121.53746,25.06248317],[121.5334388,25.06252486],[121.5334388,25.06252486]]}},{"type":"Feature","properties":{"route_name":"505","color":"#963bdc"},"geometry":{"type":"LineString","coordinates":[[121.55167519487803,25.072080234444158],[121.5567725,25.07209559],[121.56213,25.07049],[121.565572,25.065033],[121.566155,25.062286],[121.5679233,25.05966141],[121.5663295,25.0591755],[121.561144568697,25.058808540179],[121.558923442523,25.0586249332513],[121.556044429017,25.058415078013],[121.5526273,25.05813129],[121.5468517,25.05785197],[121.5468517,25.05785197],[121.545132,25.05790896],[121.545132,25.05790896],[121.5417414658165,25.05795717284778],[121.5417414658165,25.05795717284778],[121.5383134,25.05803455],[121.5383134,25.05803455],[121.5361688,25.05813986],[121.5361688,25.05813986],[121.533011,25.05500621],[121.5329812,25.05228153],[121.5329145,25.04864879],[121.5328606,25.04460839],[121.532693,25.040288],[121.5326821,25.03851244],[121.5325798,25.03403642],[121.53346,25.03087],[121.53478,25.02639],[121.5345198,25.02466421],[121.5341124,25.02164507],[121.534113646475,25.0215502113013],[121.533435,25.018239],[121.533435,25.018239],[121.534722,25.014321],[121.534722,25.014321],[121.538064047069,25.0081406778406],[121.538064047069,25.0081406778406],[121.5384705,25.00341174],[121.5384705,25.00341174],[121.53891974229319,25.00178299384715],[121.53891974229319,25.00178299384715],[121.5398039,24.99939586],[121.5398039,24.99939586],[121.54100316430888,24.995644300082535],[121.54100316430888,24.995644300082535],[121.5428136,24.99274359],[121.542708979168,24.992776404618],[121.542536892973,24.9897079824046],[121.542536892973,24.9897079824046]]}},{"type":"Feature","properties":{"route_name":"508","color":"#9e3bdc"},"geometry":{"type":"LineString","coordinates":[[121.508399869161,25.0862710146474],[121.508399869161,25.0862710146474],[121.51817,25.09192],[121.51817,25.09192],[121.519189,25.092636],[121.519189,25.092636],[121.522781,25.094485],[121.5243968,25.09613979],[121.524405,25.096111],[121.522657043885,25.1007959524461],[121.522657043885,25.1007959524461],[121.52067,25.1025],[121.52067,25.1025],[121.5172909,25.10582899],[121.517376,25.105815],[121.517862336613,25.1072816355752],[121.51904,25.10987],[121.51761,25.11225],[121.5154878,25.11515658],[121.515801262638,25.1157212492135],[121.516564,25.117369],[121.51968525315,25.1185668257628],[121.51968525315,25.1185668257628],[121.5227594,25.12021257],[121.5236475,25.1218225],[121.5256724,25.12356742],[121.52619,25.12451],[121.528123,25.126212],[121.5292833,25.1281732],[121.528537,25.128842],[121.5281012,25.1304703],[121.52858,25.13278],[121.5287961,25.13595232],[121.5282707,25.13776309],[121.5283094,25.13969584],[121.52727,25.14348],[121.523174,25.146018]]}},{"type":"Feature","properties":{"route_name":"508區","color":"#dc6e3b"},"geometry":{"type":"LineString","coordinates":[[121.508399869161,25.0862710146474],[121.508399869161,25.0862710146474],[121.51817,25.09192],[121.51817,25.09192],[121.519189,25.092636],[121.519189,25.092636],[121.522781,25.094485],[121.524405,25.096111],[121.5243968,25.09613979],[121.522657043885,25.1007959524461],[121.522657043885,25.1007959524461],[121.52067,25.1025],[121.52067,25.1025],[121.517376,25.105815],[121.5172909,25.10582899],[121.517862336613,25.1072816355752],[121.51904,25.10987],[121.51761,25.11225],[121.5154878,25.11515658],[121.515801262638,25.1157212492135],[121.516564,25.117369],[121.51968525315,25.1185668257628],[121.51968525315,25.1185668257628],[121.5227594,25.12021257],[121.5236475,25.1218225],[121.5256724,25.12356742],[121.52619,25.12451],[121.528123,25.126212],[121.5292833,25.1281732],[121.528537,25.128842],[121.5281012,25.1304703],[121.52858,25.13278],[121.5287961,25.13595232],[121.5282707,25.13776309],[121.5283094,25.13969584],[121.52727,25.14348],[121.523174,25.146018]]}},{"type":"Feature","properties":{"route_name":"513","color":"#dc3bd4"},"geometry":{"type":"LineString","coordinates":[[121.502490233032,25.0399728811606],[121.502490233032,25.0399728811606],[121.50582384788,25.03944952637],[121.50582384788,25.03944952637],[121.508187414094,25.0409980900087],[121.5082192,25.04094605],[121.509834083745,25.0414915346214],[121.509834083745,25.0414915346214],[121.511555,25.043262],[121.511555,25.043262],[121.51129364418,25.04676505924],[121.51129364418,25.04676505924],[121.51316241098594,25.046552005302367],[121.51316241098594,25.046552005302367],[121.5146668,25.04337336],[121.5146668,25.04337336],[121.516148167061,25.0419357569938],[121.516148167061,25.0419357569938]]}},{"type":"Feature","properties":{"route_name":"52","color":"#5e3bdc"},"geometry":{"type":"LineString","coordinates":[[121.542530095186,25.0015098013863],[121.542530095186,25.0015098013863],[121.539995594657,25.0042661031504],[121.539995594657,25.0042661031504],[121.53849,25.00761],[121.538470307254,25.0076706783786],[121.535185,25.013993],[121.535185,25.013993],[121.53375,25.018029],[121.534388191196,25.0214053337175],[121.5349231,25.02527096],[121.536235879941,25.0257355123764],[121.538492198683,25.0254072414078],[121.538492198683,25.0254072414078],[121.542239793699,25.0249140592421],[121.542239793699,25.0249140592421],[121.545343325676,25.0246033941802],[121.547571,25.024522],[121.549033716258,25.0275992243505],[121.5490337,25.02759922],[121.54906,25.02967],[121.54906,25.02967],[121.54906,25.03196],[121.54906,25.03196],[121.5490897913242,25.035951071734246],[121.5490897913242,25.035951071734246],[121.549163,25.039336],[121.549163,25.039336],[121.549174,25.0430127],[121.549174,25.0430127],[121.5491941,25.04575795],[121.5491941,25.04575795],[121.54531,25.04829],[121.542821,25.04833589],[121.54094,25.04838],[121.537798642451,25.0484436106169],[121.5340244,25.04853888],[121.5319452,25.04855925],[121.530068,25.049486],[121.530156,25.051132],[121.525717467074,25.0521676118001],[121.519866,25.052867],[121.519866,25.052867],[121.51678653159566,25.053591227672776],[121.5134766,25.05316719],[121.510398526977,25.0513352337636]]}},{"type":"Feature","properties":{"route_name":"520","color":"#dc3b89"},"geometry":{"type":"LineString","coordinates":[[121.5178677888,25.0628480067],[121.5178677888,25.0628480067],[121.5223009,25.06271419],[121.5223009,25.06271419],[121.5253813,25.06266873],[121.5253813,25.06266873],[121.5274385,25.06100515],[121.5274385,25.06100515]]}},{"type":"Feature","properties":{"route_name":"521","color":"#dc3b86"},"geometry":{"type":"LineString","coordinates":[[121.58649239370985,25.088502189264172],[121.58649239370985,25.088502189264172],[121.58808,25.086917],[121.58808,25.086917],[121.59054,25.085651],[121.59054,25.085651],[121.592247709587,25.0850667950708],[121.592247709587,25.0850667950708],[121.593879114086,25.0834615421604],[121.59179366923021,25.081779319488682],[121.589838083526,25.0798544258006],[121.59007719697958,25.076435413204408],[121.58972,25.073372],[121.592095,25.071852],[121.589869957803,25.0710371489715],[121.589869957803,25.0710371489715],[121.58821790633739,25.06918300127649],[121.58556,25.06901],[121.583129808238,25.0685609459737],[121.583129808238,25.0685609459737],[121.57895384595646,25.066982973174284],[121.566155,25.062286],[121.5679233,25.05966141],[121.5663295,25.0591755],[121.561144568697,25.058808540179],[121.558923442523,25.0586249332513],[121.556044429017,25.058415078013],[121.5526273,25.05813129],[121.5468517,25.05785197],[121.5468517,25.05785197],[121.54399053234562,25.05697224224693],[121.54399053234562,25.05697224224693],[121.543919,25.05344],[121.543919,25.05344],[121.543802690086,25.0492793865955],[121.5462971,25.04814244],[121.548797,25.04527113],[121.548797,25.04527113],[121.546693508012,25.0416948578606],[121.546693508012,25.0416948578606],[121.54391,25.042932],[121.54391,25.042932],[121.54399,25.04531]]}},{"type":"Feature","properties":{"route_name":"529","color":"#dc3b71"},"geometry":{"type":"LineString","coordinates":[[121.515234,25.096205],[121.51711224794106,25.09415239272792],[121.51711224794106,25.09415239272792],[121.52041074945086,25.092644539015005],[121.52206662370652,25.090555500498695],[121.523626,25.08816494],[121.524748,25.084849],[121.5233264,25.08346835],[121.5223096,25.08105624],[121.5208544,25.08152656],[121.5195241,25.08304057],[121.519433,25.085356],[121.51951,25.08654],[121.518596,25.086956],[121.518222,25.089027],[121.518073,25.091443],[121.521417,25.095666],[121.521417,25.095666],[121.522307508871,25.1008497293525],[121.522307508871,25.1008497293525],[121.5243054,25.09589886],[121.524279381093,25.0959118891448],[121.522929,25.094772],[121.522929,25.094772]]}},{"type":"Feature","properties":{"route_name":"53","color":"#613bdc"},"geometry":{"type":"LineString","coordinates":[[121.622813623616,25.0773157481393],[121.62118809341,25.0762017702812],[121.619351259043,25.0726450755284],[121.619351259043,25.0726450755284],[121.619134959956,25.0711232284945],[121.6184776,25.06922957],[121.61668,25.068177],[121.61668,25.068177],[121.614308439756,25.068763284981],[121.614308439756,25.068763284981],[121.61150222666,25.0674930032886],[121.61150222666,25.0674930032886],[121.60998,25.06354],[121.603466,25.062478],[121.603153,25.063126],[121.6013134,25.06328522],[121.5975,25.06228],[121.59315,25.06242],[121.590455,25.060167],[121.587344,25.058162],[121.5852542,25.05733619],[121.5827604,25.05620879],[121.580911886242,25.0509225264878],[121.580911886242,25.0509225264878],[121.576598,25.050168],[121.576598,25.050168],[121.57491400582,25.0500731024231],[121.57491400582,25.0500731024231],[121.571871,25.050387],[121.569058,25.051515],[121.56665364964157,25.051513187536237],[121.5638994,25.053597],[121.56716,25.05625]]}},{"type":"Feature","properties":{"route_name":"530","color":"#dc413b"},"geometry":{"type":"LineString","coordinates":[[121.585437474256,24.9812125534647],[121.5894172,24.98280334],[121.5873303,24.98599992],[121.587942169381,24.9871695314337],[121.587632890382,24.9881804824337],[121.587330314433,24.9895918327333],[121.58023,24.98929],[121.578362099893,24.9890523658557],[121.57604615193513,24.98782160454249],[121.57604615193513,24.98782160454249],[121.573881732316,24.9880845060964],[121.573881732316,24.9880845060964],[121.56997997801,24.987746922127],[121.56997997801,24.987746922127],[121.5686729036256,24.98794462737213],[121.5686729036256,24.98794462737213],[121.566361887311,24.9885790493873],[121.566361887311,24.9885790493873],[121.56247819644113,24.989024145656842],[121.56247819644113,24.989024145656842],[121.559942504895,24.989363359859],[121.559942504895,24.989363359859],[121.55919,24.990768],[121.55919,24.990768],[121.55883687781873,24.99243758851507],[121.55883687781873,24.99243758851507],[121.5594086,24.99385696],[121.5594086,24.99385696],[121.56012261539274,24.996452582031367],[121.56012261539274,24.996452582031367],[121.55947313859588,24.9977449509898],[121.55947313859588,24.9977449509898],[121.557829,24.999259],[121.557829,24.999259],[121.555797991874,25.0004051038435],[121.555797991874,25.0004051038435],[121.553039816886,25.001459963615],[121.550073640107,25.0009828977016],[121.547448469573,24.9995842974218],[121.545835,24.998953],[121.54393655953,24.999719170953],[121.542530095186,25.0015098013863],[121.542530095186,25.0015098013863],[121.539995594657,25.0042661031504],[121.539995594657,25.0042661031504],[121.53849,25.00761],[121.538470307254,25.0076706783786],[121.535185,25.013993],[121.535185,25.013993],[121.531094,25.018104],[121.531094,25.018104],[121.532327,25.021872],[121.532327,25.021872],[121.534113646475,25.0215502113013],[121.5341124,25.02164507],[121.533435,25.018239],[121.533435,25.018239]]}},{"type":"Feature","properties":{"route_name":"531","color":"#dc433b"},"geometry":{"type":"LineString","coordinates":[[121.600364932077,25.0775703139034],[121.598491,25.078822],[121.5966148,25.07846057],[121.5944283,25.07911977],[121.59252,25.08013],[121.59200882874,25.0816997666211],[121.594132,25.08334],[121.5956787,25.08329381],[121.5977367,25.08099496],[121.599056,25.079466],[121.600001703154,25.0780426740961],[121.602349,25.073588],[121.604275942446,25.0734224462912],[121.6075013,25.07246542],[121.6075013,25.07246542],[121.609320074507,25.0716328345384],[121.609320074507,25.0716328345384],[121.6116528,25.06996983],[121.61150222666,25.0674930032886],[121.61150222666,25.0674930032886],[121.60998,25.06354],[121.603466,25.062478],[121.603153,25.063126],[121.6013134,25.06328522],[121.5975,25.06228],[121.59315,25.06242],[121.590455,25.060167],[121.587344,25.058162],[121.5852542,25.05733619],[121.5820702,25.05473551],[121.5808207,25.05401775],[121.5777436,25.05333336],[121.5763266,25.05396814],[121.5778445,25.05477272],[121.58190757561452,25.05609097336375],[121.580911886242,25.0509225264878],[121.580911886242,25.0509225264878],[121.578206062017,25.0498061943222],[121.578206062017,25.0498061943222]]}},{"type":"Feature","properties":{"route_name":"536","color":"#dc513b"},"geometry":{"type":"LineString","coordinates":[[121.468652,25.109126],[121.4708548,25.10818883],[121.4725103,25.10658744],[121.47427,25.10614],[121.4762383,25.10585744],[121.47886,25.10581],[121.4812673,25.10595228],[121.4831859,25.10591285],[121.48448,25.10563],[121.4872193,25.10323827],[121.48915,25.1017],[121.49168,25.09956],[121.49333,25.09816],[121.49461,25.09707],[121.49561,25.09612],[121.497441758086,25.094151501983],[121.5020824,25.09001798],[121.502875912769,25.0896460928075],[121.504244,25.089298],[121.5056145,25.08933251],[121.5081045,25.0887967],[121.5087166,25.0880464],[121.51817,25.09192],[121.51817,25.09192],[121.519189,25.092636],[121.519189,25.092636],[121.522781,25.094485],[121.5243968,25.09613979],[121.524405,25.096111],[121.522657043885,25.1007959524461],[121.522657043885,25.1007959524461],[121.52067,25.1025],[121.52067,25.1025],[121.517376,25.105815],[121.5172909,25.10582899],[121.517862336613,25.1072816355752],[121.51904,25.10987],[121.51761,25.11225],[121.5154878,25.11515658],[121.515801262638,25.1157212492135],[121.516564,25.117369],[121.51968525315,25.1185668257628],[121.51968525315,25.1185668257628],[121.5227594,25.12021257],[121.5236475,25.1218225],[121.5256724,25.12356742],[121.52619,25.12451],[121.528123,25.126212],[121.5292833,25.1281732],[121.528537,25.128842],[121.5281012,25.1304703],[121.52858,25.13278],[121.5287961,25.13595232],[121.5282707,25.13776309],[121.5283094,25.13969584],[121.52727,25.14348],[121.523174,25.146018]]}},{"type":"Feature","properties":{"route_name":"536區","color":"#dc3ba7"},"geometry":{"type":"LineString","coordinates":[[121.468652,25.109126],[121.4708548,25.10818883],[121.4725103,25.10658744],[121.47427,25.10614],[121.4762383,25.10585744],[121.47886,25.10581],[121.4812673,25.10595228],[121.4831859,25.10591285],[121.48448,25.10563],[121.4872193,25.10323827],[121.48915,25.1017],[121.49168,25.09956],[121.49333,25.09816],[121.49461,25.09707],[121.49561,25.09612],[121.497441758086,25.094151501983],[121.5020824,25.09001798],[121.502875912769,25.0896460928075],[121.504244,25.089298],[121.5056145,25.08933251],[121.5081045,25.0887967],[121.5087166,25.0880464],[121.51817,25.09192],[121.51817,25.09192],[121.519189,25.092636],[121.519189,25.092636],[121.522781,25.094485],[121.524405,25.096111],[121.5243968,25.09613979],[121.522657043885,25.1007959524461],[121.522657043885,25.1007959524461],[121.52067,25.1025],[121.52067,25.1025],[121.517376,25.105815],[121.5172909,25.10582899],[121.517862336613,25.1072816355752],[121.51904,25.10987],[121.51761,25.11225],[121.5154878,25.11515658],[121.515801262638,25.1157212492135],[121.516564,25.117369],[121.51968525315,25.1185668257628],[121.51968525315,25.1185668257628]]}},{"type":"Feature","properties":{"route_name":"539","color":"#dc593b"},"geometry":{"type":"LineString","coordinates":[[121.5178677888,25.0628480067],[121.5178677888,25.0628480067],[121.522776776113,25.0608309862107],[121.522776776113,25.0608309862107],[121.52136241205059,25.05785889251285],[121.52136241205059,25.05785889251285]]}},{"type":"Feature","properties":{"route_name":"539預","color":"#dc893b"},"geometry":{"type":"LineString","coordinates":[[121.5178677888,25.0628480067],[121.5178677888,25.0628480067],[121.522776776113,25.0608309862107],[121.522776776113,25.0608309862107],[121.52136241205059,25.05785889251285],[121.52136241205059,25.05785889251285]]}},{"type":"Feature","properties":{"route_name":"542","color":"#dc993b"},"geometry":{"type":"LineString","coordinates":[[121.5127488,25.06858641],[121.5127488,25.06858641],[121.520216,25.069744],[121.5219958317649,25.06836964371407],[121.5242636,25.06834316],[121.530399427523,25.0671439681624],[121.5306207,25.06478877],[121.53409,25.06471],[121.5368048,25.06585474],[121.53905,25.06605],[121.5441547,25.06497867],[121.5440531,25.06369319],[121.5440343,25.06148096]]}},{"type":"Feature","properties":{"route_name":"542預","color":"#dcc93b"},"geometry":{"type":"LineString","coordinates":[[121.520216,25.069744],[121.5219958317649,25.06836964371407],[121.5242636,25.06834316],[121.530399427523,25.0671439681624],[121.5306207,25.06478877],[121.53409,25.06471],[121.5368048,25.06585474],[121.53905,25.06605],[121.5441547,25.06497867],[121.5440531,25.06369319],[121.5440343,25.06148096]]}},{"type":"Feature","properties":{"route_name":"550","color":"#d1dc3b"},"geometry":{"type":"LineString","coordinates":[[121.465117210312,25.1178447660379],[121.466052497879,25.1187984003072],[121.467189,25.120418],[121.467189,25.120418],[121.467238214885,25.1223858553805],[121.467238214885,25.1223858553805],[121.465515545518,25.1249152150578],[121.4654787,25.12495029],[121.466372780603,25.1268926040896],[121.466372780603,25.1268926040896],[121.46878900446,25.1283184382016],[121.4686822,25.12828944],[121.4713284,25.12963447],[121.471449088636,25.1297678333065],[121.473445688734,25.1313688133648],[121.473445688734,25.1313688133648],[121.4750843,25.13266231],[121.4750896208,25.1326768057341],[121.476927,25.13408],[121.476927,25.13408],[121.47853,25.13511],[121.47853,25.13511],[121.48193288446,25.1368858501904],[121.4818555,25.13683994],[121.48494894973,25.138009138037],[121.48494894973,25.138009138037],[121.4875,25.138191],[121.4875,25.138191],[121.48925,25.13839],[121.48925,25.13839],[121.4923517,25.13807076],[121.4923517,25.13807076],[121.4957248,25.1366901],[121.4957248,25.1366901],[121.498029,25.135605],[121.498029,25.135605],[121.5007209,25.13384543],[121.5007209,25.13384543],[121.50131769692,25.1321537676007],[121.5013177,25.13218314],[121.501062,25.130163],[121.501062,25.130163],[121.501189626271,25.1278841376109],[121.5011176,25.1278803],[121.50068,25.12591],[121.50419,25.12098],[121.507204221793,25.120365436068],[121.508648,25.120154],[121.511691191756,25.1191852593947],[121.51367,25.11668],[121.51277,25.114301],[121.5105335296023,25.113305413702086],[121.50466,25.11607],[121.502414,25.11446],[121.499004,25.108041],[121.4990467,25.10705942],[121.4992227,25.10326612],[121.5059969206,25.1005585521]]}},{"type":"Feature","properties":{"route_name":"551","color":"#cfdc3b"},"geometry":{"type":"LineString","coordinates":[[121.582062,25.060371],[121.579639,25.058701],[121.5764993,25.05717396],[121.5760209,25.05864893],[121.578622,25.059881],[121.583819096678,25.0613243529619],[121.58537,25.0639],[121.582711,25.070517],[121.582711,25.070517],[121.581177,25.071952],[121.581177,25.071952],[121.57766690657958,25.07478024553194],[121.57766690657958,25.07478024553194],[121.575587990787,25.077240508774],[121.57642,25.0787],[121.57806788111567,25.080919190818054],[121.5783099,25.08298972],[121.5810066,25.08468198],[121.58458,25.08439],[121.58649239370985,25.088502189264172],[121.58649239370985,25.088502189264172],[121.58808,25.086917],[121.58808,25.086917],[121.59054,25.085651],[121.59054,25.085651],[121.592247709587,25.0850667950708],[121.592247709587,25.0850667950708],[121.594248,25.084622],[121.594248,25.084622],[121.593879114086,25.0834615421604],[121.59179366923021,25.081779319488682],[121.589838083526,25.0798544258006],[121.59007719697958,25.076435413204408],[121.58972,25.073372],[121.592095,25.071852],[121.589869957803,25.0710371489715],[121.589869957803,25.0710371489715],[121.590661157725,25.0680308659982],[121.590661157725,25.0680308659982],[121.590521443523,25.0670002134225],[121.5907021,25.06290258],[121.591015,25.061041],[121.591015,25.061041],[121.596717,25.055561],[121.596717,25.055561],[121.59918,25.05646],[121.59918,25.05646],[121.60365,25.0576],[121.60365,25.0576],[121.605787937555,25.0558130579444],[121.6071781,25.05319593],[121.6071781,25.05319593],[121.606693480964,25.0544113947875],[121.606693480964,25.0544113947875],[121.603501503157,25.0538268750408],[121.6036135,25.05385654],[121.600631965419,25.053410287006],[121.600631965419,25.053410287006],[121.598727,25.05384],[121.598727,25.05384],[121.59552,25.0546],[121.595509916336,25.0544903819023],[121.5949802,25.0530195],[121.5949802,25.0530195],[121.594406,25.050667]]}},{"type":"Feature","properties":{"route_name":"552","color":"#ccdc3b"},"geometry":{"type":"LineString","coordinates":[[121.58649239370985,25.088502189264172],[121.58649239370985,25.088502189264172],[121.58808,25.086917],[121.58808,25.086917],[121.59054,25.085651],[121.59054,25.085651],[121.592247709587,25.0850667950708],[121.592247709587,25.0850667950708],[121.5924824,25.0838005],[121.590028,25.081987],[121.58718,25.08132],[121.581399,25.079397],[121.578499,25.07889],[121.578499,25.07889],[121.57768,25.078956],[121.581597209792,25.0783569202296],[121.58339,25.07667],[121.5808412,25.07451903],[121.57766690657958,25.07478024553194],[121.57766690657958,25.07478024553194],[121.5731066,25.07729684],[121.573134,25.077273],[121.568256,25.079478],[121.568256,25.079478],[121.565903409458,25.0805158061818],[121.565903409458,25.0805158061818],[121.56712,25.07768],[121.57453173263708,25.067824919406444],[121.57742,25.06238],[121.57742,25.06238],[121.578858331191,25.0605916742291],[121.578858331191,25.0605916742291],[121.580495,25.058297],[121.56628044728,25.0444493988665],[121.56628044728,25.0444493988665],[121.565249,25.040991],[121.565249,25.040991]]}},{"type":"Feature","properties":{"route_name":"556","color":"#c1dc3b"},"geometry":{"type":"LineString","coordinates":[[121.5913505957924,24.999402832437188],[121.5913505957924,24.999402832437188],[121.58954681023364,25.000950102464405],[121.58954681023364,25.000950102464405],[121.585066207329,25.0031479361546],[121.585066207329,25.0031479361546],[121.583287778248,25.0028393386766],[121.583287778248,25.0028393386766],[121.579255519338,25.0011783104188],[121.579255519338,25.0011783104188],[121.575395362596,24.9993898137115],[121.575395362596,24.9993898137115],[121.5737,25.0001268],[121.571969627588,25.0028541470424],[121.570509533684,25.0046814962866],[121.567813467771,25.0051424040312],[121.563512093163,25.0124070094545],[121.562293962737,25.0143745337282],[121.56085606375822,25.015923661863052],[121.557953,25.019475],[121.55616,25.021127],[121.554225,25.022926],[121.550915062346,25.0245319230801],[121.549033716258,25.0275992243505],[121.5490337,25.02759922],[121.54906,25.02967],[121.54906,25.02967],[121.54906,25.03196],[121.54906,25.03196],[121.5490897913242,25.035951071734246],[121.5490897913242,25.035951071734246],[121.549163,25.039336],[121.549163,25.039336],[121.549174,25.0430127],[121.549174,25.0430127],[121.5491941,25.04575795],[121.5491941,25.04575795],[121.549204,25.048949],[121.549204,25.048949],[121.54933,25.05258],[121.54933,25.05258],[121.5492693,25.05668072],[121.5492693,25.05668072],[121.55019898812432,25.05971079181516],[121.55019898812432,25.05971079181516],[121.552,25.06145],[121.55578,25.06188],[121.5573,25.06199574],[121.5611,25.06247253],[121.56364748952177,25.06279839209022],[121.579477870198,25.066876801458],[121.58212115754,25.0680848776157],[121.58212115754,25.0680848776157],[121.582711,25.070517],[121.582711,25.070517],[121.581177,25.071952],[121.581177,25.071952],[121.57766690657958,25.07478024553194],[121.57766690657958,25.07478024553194],[121.573134,25.077273],[121.5731066,25.07729684],[121.568256,25.079478],[121.568256,25.079478],[121.565903409458,25.0805158061818],[121.565903409458,25.0805158061818],[121.564098538475,25.0830692818289],[121.564098538475,25.0830692818289],[121.561535778783,25.0843810062584],[121.558119339359,25.0848172776379],[121.55468793143969,25.085303158353604],[121.55468793143969,25.085303158353604],[121.5490281,25.08377483],[121.5482394,25.0808482],[121.546139731473,25.0799238282333],[121.5436838,25.07978102],[121.54169,25.07961],[121.535552182321,25.0780024350627],[121.530144788528,25.0781282212443],[121.527964269875,25.077322358349],[121.524381872313,25.0805889011559],[121.525031,25.084952],[121.525031,25.084952]]}},{"type":"Feature","properties":{"route_name":"557","color":"#bfdc3b"},"geometry":{"type":"LineString","coordinates":[[121.51822,25.09549],[121.51822,25.09549],[121.517419129378,25.0953476878965],[121.517419129378,25.0953476878965],[121.51711224794106,25.09415239272792],[121.51711224794106,25.09415239272792],[121.519189,25.092636],[121.519189,25.092636],[121.522781,25.094485],[121.5267653,25.09543483],[121.5267653,25.09543483],[121.5290055,25.09583325],[121.5290055,25.09583325],[121.531395,25.096324],[121.531395,25.096324],[121.533481875716,25.0972847950979],[121.5334915,25.097224],[121.53792,25.097779],[121.53792,25.097779],[121.54021,25.09725],[121.540175948519,25.0972328685249],[121.541888,25.097131],[121.541888,25.097131],[121.545748,25.094566]]}},{"type":"Feature","properties":{"route_name":"559","color":"#b9dc3b"},"geometry":{"type":"LineString","coordinates":[[121.51542,25.11581],[121.51478635582,25.116067992916],[121.51313,25.120321],[121.510168,25.12257],[121.514556,25.12313]]}},{"type":"Feature","properties":{"route_name":"568","color":"#69dc3b"},"geometry":{"type":"LineString","coordinates":[[121.4889513,25.03228397],[121.490275889545,25.0315232668912],[121.491328,25.031919],[121.493340521386,25.0341141458286],[121.496276,25.035221],[121.500164,25.035143],[121.5000845,25.03514822],[121.5024902037,25.035100755316],[121.5062725,25.03242295],[121.5062725,25.03242295],[121.509834,25.030056],[121.509834,25.030056],[121.5117,25.02908],[121.5117,25.02908],[121.5141283,25.02773669],[121.5141283,25.02773669],[121.51751,25.026752],[121.520278734081,25.0265749351805],[121.5246159,25.02678744],[121.5278634988405,25.02650071684031],[121.529958,25.026362],[121.533012542409,25.0260973914545],[121.536235879941,25.0257355123764],[121.538492198683,25.0254072414078],[121.538492198683,25.0254072414078],[121.542239793699,25.0249140592421],[121.542239793699,25.0249140592421],[121.545343325676,25.0246033941802],[121.547571,25.024522],[121.550861893498,25.0242726614044],[121.553534505165,25.0232432826612],[121.555910878022,25.0210340657202],[121.5578044,25.01926083],[121.55853,25.01825]]}},{"type":"Feature","properties":{"route_name":"578","color":"#3bdc61"},"geometry":{"type":"LineString","coordinates":[[121.5092776,25.05025178],[121.5092776,25.05025178],[121.51719764702355,25.0484971857801],[121.51719764702355,25.0484971857801]]}},{"type":"Feature","properties":{"route_name":"579","color":"#3bdc64"},"geometry":{"type":"LineString","coordinates":[[121.5092776,25.05025178],[121.5092776,25.05025178],[121.51719764702355,25.0484971857801],[121.51719764702355,25.0484971857801]]}},{"type":"Feature","properties":{"route_name":"582","color":"#3bdca4"},"geometry":{"type":"LineString","coordinates":[[121.5092776,25.05025178],[121.5092776,25.05025178],[121.51719764702355,25.0484971857801],[121.51719764702355,25.0484971857801]]}},{"type":"Feature","properties":{"route_name":"582經工業區","color":"#dc3bc7"},"geometry":{"type":"LineString","coordinates":[[121.5092776,25.05025178],[121.5092776,25.05025178],[121.51719764702355,25.0484971857801],[121.51719764702355,25.0484971857801]]}},{"type":"Feature","properties":{"route_name":"583","color":"#3bdca7"},"geometry":{"type":"LineString","coordinates":[[121.51968525315,25.1185668257628],[121.51968525315,25.1185668257628]]}},{"type":"Feature","properties":{"route_name":"589","color":"#3bdcb7"},"geometry":{"type":"LineString","coordinates":[[121.617342075005,25.0551425857593],[121.617342075005,25.0551425857593],[121.6156,25.05534],[121.6156,25.05534],[121.61366085593893,25.055463507638656],[121.61366085593893,25.055463507638656],[121.609776304165,25.0549683149017],[121.609776304165,25.0549683149017],[121.6069591,25.05340065],[121.6069591,25.05340065]]}},{"type":"Feature","properties":{"route_name":"590","color":"#3bc7dc"},"geometry":{"type":"LineString","coordinates":[[121.61668,25.068177],[121.61668,25.068177],[121.614308439756,25.068763284981],[121.614308439756,25.068763284981],[121.61150222666,25.0674930032886],[121.61150222666,25.0674930032886],[121.61407454595626,25.0587135046885],[121.61407454595626,25.0587135046885],[121.61389139258283,25.05655055325109],[121.61389139258283,25.05655055325109],[121.609776304165,25.0549683149017],[121.609776304165,25.0549683149017],[121.6069591,25.05340065],[121.6069591,25.05340065]]}},{"type":"Feature","properties":{"route_name":"591","color":"#3bc4dc"},"geometry":{"type":"LineString","coordinates":[[121.61668,25.068177],[121.61668,25.068177],[121.614308439756,25.068763284981],[121.614308439756,25.068763284981],[121.61150222666,25.0674930032886],[121.61150222666,25.0674930032886],[121.61407454595626,25.0587135046885],[121.61407454595626,25.0587135046885],[121.61389139258283,25.05655055325109],[121.61389139258283,25.05655055325109],[121.609776304165,25.0549683149017],[121.609776304165,25.0549683149017],[121.6069591,25.05340065],[121.6069591,25.05340065]]}},{"type":"Feature","properties":{"route_name":"597","color":"#3bb4dc"},"geometry":{"type":"LineString","coordinates":[[121.5092776,25.05025178],[121.5092776,25.05025178],[121.51719764702355,25.0484971857801],[121.51719764702355,25.0484971857801]]}},{"type":"Feature","properties":{"route_name":"600","color":"#3bdc8c"},"geometry":{"type":"LineString","coordinates":[[121.60707,25.058155],[121.60707,25.058155],[121.60939,25.05884],[121.60939,25.05884],[121.61043408707262,25.05927148642987],[121.61043408707262,25.05927148642987],[121.61241,25.05897],[121.61241,25.05897],[121.61407454595626,25.0587135046885],[121.61407454595626,25.0587135046885],[121.61389139258283,25.05655055325109],[121.61389139258283,25.05655055325109],[121.61366085593893,25.055463507638656],[121.61366085593893,25.055463507638656],[121.609776304165,25.0549683149017],[121.609776304165,25.0549683149017],[121.606693480964,25.0544113947875],[121.606693480964,25.0544113947875],[121.603501503157,25.0538268750408],[121.6036135,25.05385654],[121.600631965419,25.053410287006],[121.600631965419,25.053410287006],[121.598727,25.05384],[121.598727,25.05384],[121.59552,25.0546],[121.595509916336,25.0544903819023],[121.5949802,25.0530195],[121.5949802,25.0530195],[121.593165,25.050346],[121.593165,25.050346],[121.59077,25.04983],[121.59077,25.04983],[121.5878431,25.04908468],[121.5878431,25.04908468],[121.584229738588,25.0475212158758],[121.584229738588,25.0475212158758],[121.582072,25.04457266],[121.582072,25.04457266],[121.580447,25.042632],[121.580447,25.042632],[121.578931,25.041555],[121.578931,25.041555],[121.575743,25.040967],[121.57227674964417,25.04110667625752],[121.56996,25.04115],[121.56629,25.04124],[121.5630899,25.04132664],[121.5630899,25.04132664],[121.55900840485135,25.04148364593397],[121.55900840485135,25.04148364593397],[121.5561206,25.04153654],[121.5561206,25.04153654],[121.55328900975,25.041561244151],[121.553289,25.04156124],[121.5501789,25.0416333],[121.5501789,25.0416333],[121.546693508012,25.0416948578606],[121.546693508012,25.0416948578606],[121.542636,25.04177],[121.542636,25.04177],[121.53921450721282,25.041847778405945],[121.53921450721282,25.041847778405945],[121.53457,25.04222],[121.53457,25.04222],[121.5311997,25.04289823],[121.52749815701229,25.043941210409297],[121.52277975890082,25.045112057683003],[121.514053,25.047175],[121.514053,25.047175]]}},{"type":"Feature","properties":{"route_name":"602","color":"#3bdc91"},"geometry":{"type":"LineString","coordinates":[[121.53938898702161,25.11296710251853],[121.53973,25.11119],[121.537252,25.110333],[121.533503,25.109595],[121.53168417722993,25.108980959639226],[121.53065017432,25.1095102588294],[121.53189,25.11328],[121.534692981633,25.1173302889076],[121.5311071,25.11823857],[121.5276437,25.11850567],[121.5262529,25.11878529],[121.5267177,25.12118051],[121.5266532,25.12292985],[121.525261,25.12357001],[121.5238999,25.12221658],[121.5226771,25.12028036],[121.520551599272,25.1188249158648],[121.520551599272,25.1188249158648],[121.518052504684,25.1184508084325],[121.518052504684,25.1184508084325],[121.516366480061,25.1172201622833],[121.515502,25.115911],[121.51478635582,25.116067992916],[121.511973,25.119636],[121.50914,25.12051],[121.50736,25.120913],[121.505229693995,25.1213471298747],[121.502948188139,25.1223766584811],[121.50476,25.12314],[121.506346272697,25.124355020579],[121.50829,25.12566],[121.5076,25.12764],[121.5056715,25.12939742],[121.504679,25.13111],[121.50369,25.13267],[121.50256846263959,25.13489933134952],[121.50444128215462,25.13658039419034],[121.503116860832,25.1377878885811],[121.501688456724,25.1392080991718],[121.50003982457,25.140779616914],[121.498822886077,25.1422718056895],[121.498191201655,25.1434882184522],[121.496498,25.144813],[121.494135327259,25.1454283711567],[121.492633753399,25.1452633730156],[121.492071,25.144595]]}},{"type":"Feature","properties":{"route_name":"604","color":"#3bdc96"},"geometry":{"type":"LineString","coordinates":[[121.493132,25.028426],[121.496505,25.028909],[121.49914,25.02935],[121.50208327245365,25.029553445358935],[121.504168146781,25.0306970667598],[121.50499126498305,25.03268103989999],[121.506607,25.0357],[121.506607,25.0357],[121.508285900629,25.041730058378],[121.508285900629,25.041730058378],[121.5094213,25.04568121],[121.509380726049,25.0456964941835],[121.515689438859,25.0465635496954],[121.515689438859,25.0465635496954],[121.522629,25.044844],[121.522688737242,25.0429245302607],[121.519461,25.043292]]}},{"type":"Feature","properties":{"route_name":"605","color":"#3bdc99"},"geometry":{"type":"LineString","coordinates":[[121.617342075005,25.0551425857593],[121.617342075005,25.0551425857593],[121.6156,25.05534],[121.6156,25.05534],[121.61366085593893,25.055463507638656],[121.61366085593893,25.055463507638656],[121.609776304165,25.0549683149017],[121.609776304165,25.0549683149017],[121.606693480964,25.0544113947875],[121.606693480964,25.0544113947875],[121.603501503157,25.0538268750408],[121.6036135,25.05385654],[121.600631965419,25.053410287006],[121.600631965419,25.053410287006],[121.598727,25.05384],[121.598727,25.05384],[121.595509916336,25.0544903819023],[121.59552,25.0546],[121.59255973649874,25.05440689628416],[121.59255973649874,25.05440689628416],[121.589992575868,25.0535036880317],[121.589992575868,25.0535036880317],[121.587762,25.053169],[121.587762,25.053169],[121.585050803739,25.0526502598819],[121.585050803739,25.0526502598819],[121.580911886242,25.0509225264878],[121.580911886242,25.0509225264878],[121.576598,25.050168],[121.576598,25.050168],[121.57491400582,25.0500731024231],[121.57491400582,25.0500731024231],[121.5716,25.05],[121.5716,25.05],[121.568426853203,25.0493159752737],[121.566655901166,25.0491343107615],[121.56375105137309,25.048925534354606],[121.560263,25.048547],[121.55669744493079,25.048204076570904],[121.55385352920746,25.048314127211775],[121.55149614124916,25.048292238016234],[121.548797,25.04527113],[121.548797,25.04527113],[121.546693508012,25.0416948578606],[121.546693508012,25.0416948578606],[121.542636,25.04177],[121.542636,25.04177],[121.53921450721282,25.041847778405945],[121.53921450721282,25.041847778405945],[121.53457,25.04222],[121.53457,25.04222],[121.5311997,25.04289823],[121.52749815701229,25.043941210409297],[121.52277975890082,25.045112057683003],[121.5167218,25.0465408],[121.51316241098594,25.046552005302367],[121.51316241098594,25.046552005302367],[121.51317492694037,25.04555817012959],[121.515057344159,25.0441772424518],[121.515057344159,25.0441772424518]]}},{"type":"Feature","properties":{"route_name":"605副","color":"#dc3b5c"},"geometry":{"type":"LineString","coordinates":[[121.617342075005,25.0551425857593],[121.617342075005,25.0551425857593],[121.6156,25.05534],[121.6156,25.05534],[121.61366085593893,25.055463507638656],[121.61366085593893,25.055463507638656],[121.609776304165,25.0549683149017],[121.609776304165,25.0549683149017],[121.606693480964,25.0544113947875],[121.606693480964,25.0544113947875],[121.605894620023,25.0557156774337],[121.602725808672,25.05778835407],[121.602725808672,25.05778835407],[121.59951,25.05684],[121.59951,25.05684],[121.5960871,25.05548009],[121.5960871,25.05548009],[121.59255973649874,25.05440689628416],[121.59255973649874,25.05440689628416],[121.589992575868,25.0535036880317],[121.589992575868,25.0535036880317],[121.587762,25.053169],[121.587762,25.053169],[121.585050803739,25.0526502598819],[121.585050803739,25.0526502598819],[121.580911886242,25.0509225264878],[121.580911886242,25.0509225264878],[121.578206062017,25.0498061943222],[121.578206062017,25.0498061943222]]}},{"type":"Feature","properties":{"route_name":"605快","color":"#3ba7dc"},"geometry":{"type":"LineString","coordinates":[[121.58567426682049,25.059637621521563],[121.57950353609606,25.056369580641974],[121.577715906746,25.0554380798046],[121.56665364964157,25.051513187536237],[121.56111056329053,25.05158012283465],[121.555516323112,25.0516596699759],[121.549520919642,25.0517934820293],[121.5444563164689,25.05191518176843],[121.54085264591662,25.051994714534274],[121.54085264591662,25.051994714534274],[121.537271345417,25.0520896887846],[121.533302047123,25.0521144980622],[121.530332504829,25.0521129968997],[121.525717467074,25.0521676118001],[121.519866,25.052867],[121.519866,25.052867],[121.51678653159566,25.053591227672776],[121.514023920514,25.0530178614119],[121.514023920514,25.0530178614119],[121.51344796988172,25.050402129064192],[121.51344796988172,25.050402129064192],[121.51316241098594,25.046552005302367],[121.51316241098594,25.046552005302367],[121.51317492694037,25.04555817012959],[121.515057344159,25.0441772424518],[121.515057344159,25.0441772424518],[121.515689438859,25.0465635496954],[121.515689438859,25.0465635496954],[121.520239869754,25.046578538214],[121.522081,25.050519]]}},{"type":"Feature","properties":{"route_name":"605新台五","color":"#dc3ba4"},"geometry":{"type":"LineString","coordinates":[[121.617342075005,25.0551425857593],[121.617342075005,25.0551425857593],[121.6156,25.05534],[121.6156,25.05534],[121.61366085593893,25.055463507638656],[121.61366085593893,25.055463507638656],[121.609776304165,25.0549683149017],[121.609776304165,25.0549683149017],[121.606693480964,25.0544113947875],[121.606693480964,25.0544113947875],[121.603501503157,25.0538268750408],[121.6036135,25.05385654],[121.600631965419,25.053410287006],[121.600631965419,25.053410287006],[121.598727,25.05384],[121.598727,25.05384],[121.59552,25.0546],[121.595509916336,25.0544903819023],[121.59255973649874,25.05440689628416],[121.59255973649874,25.05440689628416],[121.589992575868,25.0535036880317],[121.589992575868,25.0535036880317],[121.587762,25.053169],[121.587762,25.053169],[121.585050803739,25.0526502598819],[121.585050803739,25.0526502598819],[121.580911886242,25.0509225264878],[121.580911886242,25.0509225264878],[121.576598,25.050168],[121.576598,25.050168],[121.57491400582,25.0500731024231],[121.57491400582,25.0500731024231],[121.5716,25.05],[121.5716,25.05],[121.568426853203,25.0493159752737],[121.566655901166,25.0491343107615],[121.56375105137309,25.048925534354606],[121.560263,25.048547],[121.55669744493079,25.048204076570904],[121.55385352920746,25.048314127211775],[121.55149614124916,25.048292238016234],[121.548797,25.04527113],[121.548797,25.04527113],[121.546693508012,25.0416948578606],[121.546693508012,25.0416948578606],[121.542636,25.04177],[121.542636,25.04177],[121.53921450721282,25.041847778405945],[121.53921450721282,25.041847778405945],[121.53457,25.04222],[121.53457,25.04222],[121.5311997,25.04289823],[121.52749815701229,25.043941210409297],[121.52277975890082,25.045112057683003],[121.5167218,25.0465408],[121.51316241098594,25.046552005302367],[121.51316241098594,25.046552005302367],[121.51317492694037,25.04555817012959],[121.515057344159,25.0441772424518],[121.515057344159,25.0441772424518]]}},{"type":"Feature","properties":{"route_name":"606","color":"#3bdc9c"},"geometry":{"type":"LineString","coordinates":[[121.570457,25.001753],[121.569474,25.002436],[121.5672991,25.00146028],[121.56892,24.999962],[121.567262,24.999065],[121.5625566,24.99756829],[121.5603813,24.99706037],[121.55947313859588,24.9977449509898],[121.55947313859588,24.9977449509898],[121.557829,24.999259],[121.557829,24.999259],[121.555797991874,25.0004051038435],[121.555797991874,25.0004051038435],[121.553039816886,25.001459963615],[121.550073640107,25.0009828977016],[121.547448469573,24.9995842974218],[121.545835,24.998953],[121.54393655953,24.999719170953],[121.542530095186,25.0015098013863],[121.542530095186,25.0015098013863],[121.539995594657,25.0042661031504],[121.539995594657,25.0042661031504],[121.538470307254,25.0076706783786],[121.53849,25.00761],[121.535185,25.013993],[121.535185,25.013993],[121.530566,25.018486],[121.530566,25.018486],[121.52803,25.02092],[121.52803,25.02092],[121.5265702582243,25.02214502516781],[121.5265702582243,25.02214502516781],[121.52476413675969,25.024022735483676],[121.52476413675969,25.024022735483676],[121.523591,25.026842],[121.526353,25.028663],[121.52673,25.03066],[121.5272129,25.03321177],[121.5281994,25.03778986],[121.5292018,25.04049366],[121.5293,25.04879],[121.5282,25.05085],[121.52765,25.05411],[121.52781,25.05699],[121.530273,25.058365],[121.530302,25.060532],[121.529148,25.062636],[121.529148,25.062636],[121.52798329556133,25.06385884449781],[121.528089,25.066076],[121.52804750361558,25.06761882553957],[121.524381872313,25.0805889011559],[121.52663,25.08697],[121.527703,25.091209],[121.528319753964,25.0947774592454],[121.527797,25.096957],[121.525683877315,25.1039067740372],[121.528640834207,25.1050501328713],[121.530150260751,25.1070832174183],[121.53065017432,25.1095102588294],[121.53189,25.11328],[121.534692981633,25.1173302889076],[121.5311071,25.11823857],[121.5276437,25.11850567],[121.52525,25.11857],[121.520551599272,25.1188249158648],[121.520551599272,25.1188249158648],[121.51738,25.11904]]}},{"type":"Feature","properties":{"route_name":"611","color":"#3bd7dc"},"geometry":{"type":"LineString","coordinates":[[121.5913505957924,24.999402832437188],[121.5913505957924,24.999402832437188],[121.58954681023364,25.000950102464405],[121.58954681023364,25.000950102464405],[121.585066207329,25.0031479361546],[121.585066207329,25.0031479361546],[121.58021,24.99881],[121.58021,24.99881],[121.576778,24.9968],[121.576778,24.9968],[121.57363,24.993482],[121.57363,24.993482],[121.574153,24.99161],[121.574153,24.99161],[121.576757,24.989679],[121.576757,24.989679],[121.57604615193513,24.98782160454249],[121.57604615193513,24.98782160454249],[121.573881732316,24.9880845060964],[121.573881732316,24.9880845060964],[121.570606,24.986224],[121.570606,24.986224],[121.57011,24.984828],[121.57011,24.984828],[121.56895990914902,24.984131427903375],[121.56895990914902,24.984131427903375],[121.56695,24.98347],[121.56695,24.98347],[121.56460855354919,24.982712452429457],[121.56460855354919,24.982712452429457],[121.561849824052,24.9820534481377],[121.561849824052,24.9820534481377],[121.56033392387744,24.981733915823476],[121.56033392387744,24.981733915823476],[121.558272457788,24.9811534735698],[121.558272457788,24.9811534735698],[121.555554,24.980465],[121.555554,24.980465],[121.5537644922877,24.98176616079763],[121.5537644922877,24.98176616079763],[121.556904,24.983484],[121.5588151484035,24.983990104989015],[121.5609564,24.98429184],[121.56078735305545,24.987245753153893],[121.56078735305545,24.987245753153893],[121.559942504895,24.989363359859],[121.559942504895,24.989363359859],[121.55919,24.990768],[121.55919,24.990768],[121.55883687781873,24.99243758851507],[121.55883687781873,24.99243758851507],[121.5594086,24.99385696],[121.5594086,24.99385696],[121.56012261539274,24.996452582031367],[121.56012261539274,24.996452582031367],[121.55947313859588,24.9977449509898],[121.55947313859588,24.9977449509898],[121.557829,24.999259],[121.557829,24.999259],[121.555797991874,25.0004051038435],[121.555797991874,25.0004051038435],[121.555211,25.001741],[121.556531813076,25.0037396380103],[121.55871833409,25.0070201506128],[121.55075149283692,25.016039021546764],[121.548282,25.018051],[121.54746,25.01963],[121.54746,25.01963],[121.551906976436,25.0236369355906],[121.551906976436,25.0236369355906],[121.5549231,25.02628003],[121.5549231,25.02628003],[121.557084,25.028593],[121.557084,25.028593],[121.5588464,25.03159637],[121.5588464,25.03159637],[121.5601565,25.0336777],[121.5601565,25.0336777],[121.564893286779,25.0358368102123],[121.567407790567,25.0357841121602],[121.568534,25.03724],[121.568621,25.039991],[121.5726502,25.04085411],[121.575809,25.040733],[121.5778998,25.04195027],[121.5778998,25.04195027],[121.577918664208,25.0435588382657],[121.577918664208,25.0435588382657],[121.577906954135,25.0450053957754],[121.577906954135,25.0450053957754],[121.5779129,25.04726924],[121.5779129,25.04726924],[121.578206062017,25.0498061943222],[121.578206062017,25.0498061943222]]}},{"type":"Feature","properties":{"route_name":"612","color":"#3bd4dc"},"geometry":{"type":"LineString","coordinates":[[121.5746629,25.03236982],[121.570056,25.033006],[121.568446471104,25.0336908507959],[121.566640146973,25.0358810435418],[121.566640146973,25.0358810435418],[121.564528,25.035992],[121.564528,25.035992],[121.563754,25.038332],[121.563754,25.038332],[121.56755129315535,25.0435373602736],[121.569761304102,25.0457633038403],[121.56682,25.04641],[121.56552,25.05002],[121.564777,25.051492],[121.5638994,25.053597],[121.5638473,25.05481494],[121.56368,25.05753],[121.561144568697,25.058808540179],[121.558923442523,25.0586249332513],[121.556044429017,25.058415078013],[121.5526273,25.05813129],[121.5468517,25.05785197],[121.5468517,25.05785197],[121.545132,25.05790896],[121.545132,25.05790896],[121.5417414658165,25.05795717284778],[121.5417414658165,25.05795717284778],[121.5383134,25.05803455],[121.5383134,25.05803455],[121.5361688,25.05813986],[121.5361688,25.05813986],[121.53321393502,25.062118989233],[121.529148,25.062636],[121.529148,25.062636],[121.524689553008,25.0628463290373],[121.5224722,25.0642887],[121.5228199,25.06770081],[121.5240266,25.07222485],[121.524381872313,25.0805889011559],[121.52663,25.08697],[121.527703,25.091209],[121.528319753964,25.0947774592454],[121.527715,25.097204],[121.52496462789321,25.105464036905595],[121.525339,25.10833609],[121.525980301506,25.1114606666738],[121.527168964819,25.1136575672193],[121.52816,25.11569],[121.5276437,25.11850567],[121.5262529,25.11878529],[121.5267177,25.12118051],[121.5266532,25.12292985],[121.52619,25.12451],[121.528123,25.126212],[121.5292833,25.1281732],[121.528537,25.128842],[121.5281012,25.1304703],[121.52858,25.13278],[121.5287961,25.13595232],[121.5282707,25.13776309],[121.5283094,25.13969584],[121.52727,25.14348],[121.52314,25.14588]]}},{"type":"Feature","properties":{"route_name":"615","color":"#3bccdc"},"geometry":{"type":"LineString","coordinates":[[121.5092776,25.05025178],[121.5092776,25.05025178],[121.51719764702355,25.0484971857801],[121.51719764702355,25.0484971857801],[121.519759690546,25.046484462941]]}},{"type":"Feature","properties":{"route_name":"616","color":"#3bc9dc"},"geometry":{"type":"LineString","coordinates":[[121.5178677888,25.0628480067],[121.5178677888,25.0628480067],[121.51846,25.06357],[121.51846,25.06357],[121.5185171,25.06632905],[121.5185171,25.06632905],[121.5185487,25.06894017],[121.5185487,25.06894017],[121.519041158328,25.0725860525549],[121.5199745,25.0742494],[121.5227513,25.08106627],[121.523596,25.08335644],[121.525031,25.084952],[121.525031,25.084952],[121.526963489882,25.0907094764658],[121.526963489882,25.0907094764658],[121.5243968,25.09613979],[121.524405,25.096111],[121.522657043885,25.1007959524461],[121.522657043885,25.1007959524461],[121.522856,25.1027],[121.523591,25.105781],[121.5259541,25.10679142],[121.5277039,25.10740411],[121.52965,25.10813],[121.53065017432,25.1095102588294],[121.53189,25.11328],[121.534692981633,25.1173302889076],[121.5311071,25.11823857],[121.53084,25.11927],[121.5315658,25.121299],[121.53273,25.12424]]}},{"type":"Feature","properties":{"route_name":"617","color":"#3bc7dc"},"geometry":{"type":"LineString","coordinates":[[121.5178677888,25.0628480067],[121.5178677888,25.0628480067],[121.5223009,25.06271419],[121.5223009,25.06271419],[121.5253813,25.06266873],[121.5253813,25.06266873],[121.5300637,25.06254664],[121.5300637,25.06254664],[121.5328589,25.0624771],[121.5328589,25.0624771],[121.5364984,25.06236889],[121.5364984,25.06236889],[121.540554014847,25.0623255291835],[121.540554014847,25.0623255291835],[121.5438692,25.06227185],[121.5438692,25.06227185],[121.54762539917303,25.062020643130538],[121.54762539917303,25.062020643130538],[121.552,25.06145],[121.55578,25.06188],[121.5573,25.06199574],[121.5611,25.06247253],[121.56364748952177,25.06279839209022],[121.579477870198,25.066876801458],[121.58212115754,25.0680848776157],[121.58212115754,25.0680848776157],[121.58543789167122,25.06881463274073],[121.58896238097387,25.068895529659475],[121.590031196316,25.0712104683315],[121.590031196316,25.0712104683315],[121.590016770287,25.0738091792986],[121.590231346227,25.0768845629687],[121.589939880159,25.0796177267452],[121.59200882874,25.0816997666211],[121.594132,25.08334],[121.59841,25.08456],[121.59841,25.08456],[121.600182,25.08453],[121.600182,25.08453],[121.602592,25.08343],[121.602592,25.08343],[121.6048,25.08288733],[121.6048,25.08288733],[121.606985,25.077575],[121.606985,25.077575],[121.60709165757346,25.076003252282835],[121.60709165757346,25.076003252282835],[121.60631194598926,25.07432866824676],[121.60631194598926,25.07432866824676]]}},{"type":"Feature","properties":{"route_name":"617副","color":"#c43bdc"},"geometry":{"type":"LineString","coordinates":[[121.5178677888,25.0628480067],[121.5178677888,25.0628480067],[121.5223009,25.06271419],[121.5223009,25.06271419],[121.5253813,25.06266873],[121.5253813,25.06266873],[121.5300637,25.06254664],[121.5300637,25.06254664],[121.5328589,25.0624771],[121.5328589,25.0624771],[121.5364984,25.06236889],[121.5364984,25.06236889],[121.540554014847,25.0623255291835],[121.540554014847,25.0623255291835],[121.5438692,25.06227185],[121.5438692,25.06227185],[121.54762539917303,25.062020643130538],[121.54762539917303,25.062020643130538],[121.55196,25.063277],[121.55196,25.063277],[121.552,25.06145],[121.55578,25.06188],[121.5573,25.06199574],[121.5611,25.06247253],[121.56364748952177,25.06279839209022],[121.579477870198,25.066876801458],[121.58212115754,25.0680848776157],[121.58212115754,25.0680848776157],[121.58543789167122,25.06881463274073],[121.58896238097387,25.068895529659475],[121.59365,25.06874],[121.5957666,25.06819281],[121.598356860114,25.0670359070235],[121.601285503886,25.0672531124649],[121.6048395,25.07190837],[121.6072451,25.07543061],[121.6072451,25.07543061],[121.607197,25.078107],[121.607197,25.078107],[121.60525229995443,25.08303681690925],[121.60525229995443,25.08303681690925],[121.6025457,25.08373507],[121.6025457,25.08373507],[121.6000154,25.08478664],[121.6000154,25.08478664],[121.59638478301,25.0845601194501],[121.59638478301,25.0845601194501],[121.593879114086,25.0834615421604],[121.59179366923021,25.081779319488682],[121.59007719697958,25.076435413204408],[121.58972,25.073372],[121.592095,25.071852],[121.589869957803,25.0710371489715],[121.589869957803,25.0710371489715]]}},{"type":"Feature","properties":{"route_name":"618","color":"#3bc4dc"},"geometry":{"type":"LineString","coordinates":[[121.5178677888,25.0628480067],[121.5178677888,25.0628480067],[121.51846,25.06357],[121.51846,25.06357],[121.5185171,25.06632905],[121.5185171,25.06632905],[121.5185487,25.06894017],[121.5185487,25.06894017],[121.519041158328,25.0725860525549],[121.5199745,25.0742494],[121.5227513,25.08106627],[121.523596,25.08335644],[121.52227,25.08804],[121.52227,25.08804],[121.51989,25.091],[121.51989,25.091],[121.519189,25.092636],[121.519189,25.092636],[121.52330153373,25.0946048451863],[121.52330153373,25.0946048451863],[121.524789386925,25.094058815207],[121.526725,25.090999],[121.526768,25.090914]]}},{"type":"Feature","properties":{"route_name":"62","color":"#b13bdc"},"geometry":{"type":"LineString","coordinates":[[121.501993,25.040741],[121.5018943,25.0395701],[121.5018943,25.0395701],[121.5012851,25.03630505],[121.5012851,25.03630505],[121.5010585,25.03486363],[121.5010585,25.03486363],[121.50051,25.03176],[121.50051,25.03176],[121.500473,25.030744],[121.500473,25.030744],[121.50037694828528,25.0289649585261],[121.50037694828528,25.0289649585261],[121.50026027816166,25.025052181005517],[121.50026027816166,25.025052181005517],[121.49999538902145,25.024019027640023],[121.49999538902145,25.024019027640023],[121.497234,25.01942],[121.497234,25.01942],[121.49565,25.01714],[121.49565,25.01714]]}},{"type":"Feature","properties":{"route_name":"621","color":"#3b84dc"},"geometry":{"type":"LineString","coordinates":[[121.502346,25.042608],[121.502346,25.042608],[121.50367,25.041536],[121.50367,25.041536],[121.5051324,25.04153818],[121.5051324,25.04153818],[121.507436,25.04202065],[121.507436,25.04202065],[121.509834083745,25.0414915346214],[121.509834083745,25.0414915346214],[121.5132,25.042018],[121.5132,25.042018],[121.51572629465,25.0433393370677],[121.51572629465,25.0433393370677],[121.516148167061,25.0419357569938],[121.516148167061,25.0419357569938]]}},{"type":"Feature","properties":{"route_name":"622","color":"#3b81dc"},"geometry":{"type":"LineString","coordinates":[[121.5092776,25.05025178],[121.5092776,25.05025178],[121.51371,25.05032],[121.51371,25.05032],[121.514207,25.052844],[121.514207,25.052844],[121.515705430802,25.053651217399],[121.515705430802,25.053651217399],[121.519674930441,25.0527107746344]]}},{"type":"Feature","properties":{"route_name":"624","color":"#3b7cdc"},"geometry":{"type":"LineString","coordinates":[[121.516898839078,25.0242546637841],[121.516898839078,25.0242546637841],[121.517445,25.028027],[121.517445,25.028027],[121.517263,25.026994],[121.517263,25.026994],[121.51419,25.02801],[121.51419,25.02801],[121.511851,25.0293],[121.511851,25.0293],[121.508779,25.030898],[121.508711,25.03088],[121.50578,25.033191],[121.50578,25.033191],[121.5020082,25.03534159],[121.5020082,25.03534159],[121.501464019539,25.0363140633243],[121.501464019539,25.0363140633243],[121.5019792,25.03968147],[121.5019792,25.03968147],[121.502463,25.042344],[121.502463,25.042344],[121.503074,25.044994],[121.503074,25.044994]]}},{"type":"Feature","properties":{"route_name":"624綠野香坡","color":"#c13bdc"},"geometry":{"type":"LineString","coordinates":[[121.516898839078,25.0242546637841],[121.516898839078,25.0242546637841],[121.517445,25.028027],[121.517445,25.028027],[121.517263,25.026994],[121.517263,25.026994],[121.51419,25.02801],[121.51419,25.02801],[121.511851,25.0293],[121.511851,25.0293],[121.508711,25.03088],[121.508779,25.030898],[121.50578,25.033191],[121.50578,25.033191],[121.5020082,25.03534159],[121.5020082,25.03534159],[121.501464019539,25.0363140633243],[121.501464019539,25.0363140633243],[121.5019792,25.03968147],[121.5019792,25.03968147],[121.502463,25.042344],[121.502463,25.042344],[121.503074,25.044994],[121.503074,25.044994]]}},{"type":"Feature","properties":{"route_name":"629","color":"#3b6edc"},"geometry":{"type":"LineString","coordinates":[[121.61668,25.068177],[121.61668,25.068177],[121.614308439756,25.068763284981],[121.614308439756,25.068763284981],[121.61150222666,25.0674930032886],[121.61150222666,25.0674930032886],[121.61407454595626,25.0587135046885],[121.61407454595626,25.0587135046885],[121.61389139258283,25.05655055325109],[121.61389139258283,25.05655055325109],[121.609776304165,25.0549683149017],[121.609776304165,25.0549683149017],[121.606693480964,25.0544113947875],[121.606693480964,25.0544113947875],[121.6036135,25.05385654],[121.603501503157,25.0538268750408],[121.600631965419,25.053410287006],[121.600631965419,25.053410287006],[121.598727,25.05384],[121.598727,25.05384],[121.595509916336,25.0544903819023],[121.59552,25.0546],[121.59255973649874,25.05440689628416],[121.59255973649874,25.05440689628416],[121.589992575868,25.0535036880317],[121.589992575868,25.0535036880317],[121.587762,25.053169],[121.587762,25.053169],[121.585050803739,25.0526502598819],[121.585050803739,25.0526502598819],[121.580911886242,25.0509225264878],[121.580911886242,25.0509225264878],[121.578206062017,25.0498061943222],[121.578206062017,25.0498061943222]]}},{"type":"Feature","properties":{"route_name":"63","color":"#b43bdc"},"geometry":{"type":"LineString","coordinates":[[121.576485,25.067523],[121.5792076,25.06526113],[121.57789,25.0642],[121.57742,25.06238],[121.57742,25.06238],[121.578858331191,25.0605916742291],[121.578858331191,25.0605916742291],[121.580495,25.058297],[121.58190757561452,25.05609097336375],[121.580911886242,25.0509225264878],[121.580911886242,25.0509225264878],[121.576598,25.050168],[121.576598,25.050168],[121.57491400582,25.0500731024231],[121.57491400582,25.0500731024231],[121.571871,25.050387],[121.5704299,25.05220024],[121.569875,25.055027],[121.569393769344,25.0577179708185],[121.5663295,25.0591755],[121.561144568697,25.058808540179],[121.558923442523,25.0586249332513],[121.556044429017,25.058415078013],[121.5526273,25.05813129],[121.5468517,25.05785197],[121.5468517,25.05785197],[121.545132,25.05790896],[121.545132,25.05790896],[121.544388,25.058117],[121.544405,25.060855],[121.541275218891,25.0623959365736],[121.541275218891,25.0623959365736],[121.53746,25.06248317],[121.53746,25.06248317],[121.5334388,25.06252486],[121.5334388,25.06252486],[121.529148,25.062636],[121.529148,25.062636],[121.5259472364,25.0627519578754],[121.5259472364,25.0627519578754],[121.5230024,25.06285356],[121.5230024,25.06285356],[121.518977516403,25.062948670718],[121.518977516403,25.062948670718],[121.518152,25.062226],[121.5179896,25.05672598],[121.5179896,25.05672598],[121.5167729,25.05073509],[121.5167729,25.05073509]]}},{"type":"Feature","properties":{"route_name":"630","color":"#433bdc"},"geometry":{"type":"LineString","coordinates":[[121.496094355207,25.0171711735736],[121.496094355207,25.0171711735736],[121.497706,25.01987],[121.497706,25.01987],[121.5000872,25.02109899],[121.5020719,25.02196658],[121.50277864902843,25.023224075638726],[121.50333348774862,25.02477910385403],[121.504647,25.025478],[121.5062868,25.02596466],[121.5077926,25.02761832],[121.5091439,25.0298392],[121.509834,25.030056],[121.509834,25.030056],[121.513095,25.029178],[121.5157,25.029828],[121.5157,25.029828],[121.51730073589657,25.031281468826304],[121.5157326,25.03339678],[121.51568,25.033381],[121.515136595156,25.0368285357308],[121.515136595156,25.0368285357308],[121.5184523,25.03912915],[121.5213453,25.03876925],[121.5235878,25.0384529],[121.5280453,25.03821895],[121.532402806246,25.038163002655],[121.5343357,25.03804468],[121.537072110796,25.0380314055468],[121.54077520473633,25.03796159361127],[121.543165,25.037854],[121.545738,25.03784],[121.5476903,25.03778353],[121.549163,25.039336],[121.549163,25.039336],[121.549174,25.0430127],[121.549174,25.0430127],[121.5491941,25.04575795],[121.5491941,25.04575795],[121.549204,25.048949],[121.549204,25.048949],[121.54933,25.05258],[121.54933,25.05258],[121.5492693,25.05668072],[121.5492693,25.05668072],[121.55019898812432,25.05971079181516],[121.55019898812432,25.05971079181516],[121.552,25.06145],[121.55578,25.06188],[121.5573,25.06199574],[121.5611,25.06247253],[121.56364748952177,25.06279839209022],[121.579477870198,25.066876801458],[121.58212115754,25.0680848776157],[121.58212115754,25.0680848776157],[121.58543789167122,25.06881463274073],[121.58896238097387,25.068895529659475],[121.590031196316,25.0712104683315],[121.590031196316,25.0712104683315],[121.590016770287,25.0738091792986],[121.590231346227,25.0768845629687],[121.589939880159,25.0796177267452],[121.59200882874,25.0816997666211],[121.594132,25.08334],[121.59841,25.08456],[121.59841,25.08456],[121.600182,25.08453],[121.600182,25.08453],[121.602592,25.08343],[121.602592,25.08343],[121.6048,25.08288733],[121.6048,25.08288733],[121.606985,25.077575],[121.606985,25.077575],[121.60709165757346,25.076003252282835],[121.60709165757346,25.076003252282835],[121.60631194598926,25.07432866824676],[121.60631194598926,25.07432866824676],[121.6075013,25.07246542],[121.6075013,25.07246542],[121.609320074507,25.0716328345384],[121.609320074507,25.0716328345384],[121.6144033,25.06860831],[121.6144033,25.06860831],[121.6165906,25.06806969],[121.6165906,25.06806969],[121.618788,25.069547],[121.6191996,25.07119075],[121.6194588,25.07287274],[121.6194588,25.07287274],[121.621188834486,25.0761334864734],[121.62288,25.07715]]}},{"type":"Feature","properties":{"route_name":"631","color":"#463bdc"},"geometry":{"type":"LineString","coordinates":[[121.48868,25.14363],[121.48868,25.14363],[121.489860552554,25.1423265533076],[121.489860552554,25.1423265533076],[121.48958,25.13974],[121.48958,25.13974],[121.4923517,25.13807076],[121.4923517,25.13807076],[121.4957248,25.1366901],[121.4957248,25.1366901],[121.498029,25.135605],[121.498029,25.135605],[121.5007209,25.13384543],[121.5007209,25.13384543],[121.5013177,25.13218314],[121.50131769692,25.1321537676007],[121.501062,25.130163],[121.501062,25.130163],[121.501189626271,25.1278841376109],[121.5011176,25.1278803],[121.4995994,25.12600361],[121.4995994,25.12600361],[121.498447,25.126464],[121.498447,25.126464],[121.49742,25.12909],[121.49742,25.12909]]}},{"type":"Feature","properties":{"route_name":"635","color":"#513bdc"},"geometry":{"type":"LineString","coordinates":[[121.502490233032,25.0399728811606],[121.502490233032,25.0399728811606],[121.50582384788,25.03944952637],[121.50582384788,25.03944952637],[121.5082192,25.04094605],[121.508187414094,25.0409980900087],[121.509834083745,25.0414915346214],[121.509834083745,25.0414915346214],[121.511555,25.043262],[121.511555,25.043262],[121.51018571259864,25.046034860361424],[121.51018571259864,25.046034860361424]]}},{"type":"Feature","properties":{"route_name":"636","color":"#543bdc"},"geometry":{"type":"LineString","coordinates":[[121.5178677888,25.0628480067],[121.5178677888,25.0628480067],[121.522776776113,25.0608309862107],[121.522776776113,25.0608309862107],[121.522628910085,25.0564276089864],[121.5225384,25.05658228]]}},{"type":"Feature","properties":{"route_name":"637","color":"#563bdc"},"geometry":{"type":"LineString","coordinates":[[121.502490233032,25.0399728811606],[121.502490233032,25.0399728811606],[121.50582384788,25.03944952637],[121.50582384788,25.03944952637],[121.508187414094,25.0409980900087],[121.5082192,25.04094605],[121.509834083745,25.0414915346214],[121.509834083745,25.0414915346214],[121.511555,25.043262],[121.511555,25.043262],[121.51018571259864,25.046034860361424],[121.51018571259864,25.046034860361424]]}},{"type":"Feature","properties":{"route_name":"638","color":"#593bdc"},"geometry":{"type":"LineString","coordinates":[[121.5178677888,25.0628480067],[121.5178677888,25.0628480067],[121.5223009,25.06271419],[121.5223009,25.06271419],[121.5255106,25.06108573],[121.5255106,25.06108573],[121.52549,25.05883],[121.52549,25.05883],[121.52693,25.05795],[121.52693,25.05795],[121.52919,25.05791],[121.52919,25.05791],[121.5325543,25.05776804],[121.5325543,25.05776804],[121.535046,25.057791],[121.535046,25.057791],[121.5381394,25.05772436],[121.5381394,25.05772436],[121.5428,25.057628],[121.5428,25.057628],[121.54399053234562,25.05697224224693],[121.54399053234562,25.05697224224693],[121.543919,25.05344],[121.543919,25.05344]]}},{"type":"Feature","properties":{"route_name":"639","color":"#5c3bdc"},"geometry":{"type":"LineString","coordinates":[[121.5135212,25.06097974],[121.513509342762,25.060980060423],[121.51369271164,25.0571504842388],[121.5136927,25.05715048],[121.514022,25.055504],[121.514022,25.055504],[121.514023920514,25.0530178614119],[121.514023920514,25.0530178614119],[121.51344796988172,25.050402129064192],[121.51344796988172,25.050402129064192]]}},{"type":"Feature","properties":{"route_name":"640","color":"#963bdc"},"geometry":{"type":"LineString","coordinates":[[121.502346,25.042608],[121.502346,25.042608],[121.50367,25.041536],[121.50367,25.041536],[121.5051324,25.04153818],[121.5051324,25.04153818],[121.507436,25.04202065],[121.507436,25.04202065],[121.509834083745,25.0414915346214],[121.509834083745,25.0414915346214],[121.5132,25.042018],[121.5132,25.042018],[121.5146668,25.04337336],[121.5146668,25.04337336]]}},{"type":"Feature","properties":{"route_name":"640A","color":"#a43bdc"},"geometry":{"type":"LineString","coordinates":[[121.502346,25.042608],[121.502346,25.042608],[121.50367,25.041536],[121.50367,25.041536],[121.5051324,25.04153818],[121.5051324,25.04153818],[121.507436,25.04202065],[121.507436,25.04202065],[121.509834083745,25.0414915346214],[121.509834083745,25.0414915346214],[121.5132,25.042018],[121.5132,25.042018],[121.5146668,25.04337336],[121.5146668,25.04337336]]}},{"type":"Feature","properties":{"route_name":"641","color":"#993bdc"},"geometry":{"type":"LineString","coordinates":[[121.5135212,25.06097974],[121.513509342762,25.060980060423],[121.5136927,25.05715048],[121.51369271164,25.0571504842388],[121.514022,25.055504],[121.514022,25.055504],[121.514023920514,25.0530178614119],[121.514023920514,25.0530178614119],[121.51344796988172,25.050402129064192],[121.51344796988172,25.050402129064192],[121.51719764702355,25.0484971857801],[121.51719764702355,25.0484971857801]]}},{"type":"Feature","properties":{"route_name":"643","color":"#9e3bdc"},"geometry":{"type":"LineString","coordinates":[[121.54025525837187,24.991120032966297],[121.54025525837187,24.991120032966297],[121.54075736926794,24.99234145800376],[121.54075736926794,24.99234145800376],[121.5413365,24.99545268],[121.5413365,24.99545268],[121.5402001,24.99931624],[121.5402001,24.99931624],[121.5393892,25.00136317],[121.5393892,25.00136317],[121.5387822,25.00327364],[121.5387822,25.00327364],[121.53849,25.00761],[121.538470307254,25.0076706783786],[121.535185,25.013993],[121.535185,25.013993],[121.53375,25.018029],[121.534388191196,25.0214053337175],[121.5349231,25.02527096],[121.53384,25.03048],[121.5329027,25.03320526],[121.5328703,25.03779674],[121.5328758,25.04198981],[121.53299,25.045],[121.532997019655,25.0482736559236],[121.533087,25.0517997],[121.5331386,25.05453652],[121.533176617617,25.057613818954],[121.533394,25.063292],[121.533394,25.063292],[121.5333635,25.0671805],[121.537162,25.068066],[121.538733,25.068039],[121.542007,25.067849],[121.5441547,25.06497867]]}},{"type":"Feature","properties":{"route_name":"644","color":"#a13bdc"},"geometry":{"type":"LineString","coordinates":[[121.54025525837187,24.991120032966297],[121.54025525837187,24.991120032966297],[121.54075736926794,24.99234145800376],[121.54075736926794,24.99234145800376],[121.5413365,24.99545268],[121.5413365,24.99545268],[121.5402001,24.99931624],[121.5402001,24.99931624],[121.5393892,25.00136317],[121.5393892,25.00136317],[121.5387822,25.00327364],[121.5387822,25.00327364],[121.53849,25.00761],[121.538470307254,25.0076706783786],[121.535185,25.013993],[121.535185,25.013993],[121.530566,25.018486],[121.530566,25.018486],[121.52803,25.02092],[121.52803,25.02092],[121.5265702582243,25.02214502516781],[121.5265702582243,25.02214502516781],[121.52476413675969,25.024022735483676],[121.52476413675969,25.024022735483676],[121.52269,25.02678],[121.52269,25.02678],[121.5219375,25.02886065],[121.5219375,25.02886065],[121.52231632616744,25.030573897088548],[121.52231632616744,25.030573897088548],[121.51992,25.0337],[121.51992,25.0337],[121.51376300673572,25.03546453817517],[121.51145502265425,25.035878170399293],[121.51145502265425,25.035878170399293],[121.51092,25.03743],[121.511555,25.043262],[121.511555,25.043262]]}},{"type":"Feature","properties":{"route_name":"645","color":"#a43bdc"},"geometry":{"type":"LineString","coordinates":[[121.622734485156,25.0384056841054],[121.621016,25.039526],[121.619044433004,25.0409122787157],[121.616561,25.043422],[121.615639,25.045074],[121.615728,25.047462],[121.61601678871844,25.048610235261958],[121.61603141641,25.0515460114719],[121.6156,25.05534],[121.6156,25.05534],[121.6141291,25.05641711],[121.6141291,25.05641711],[121.614279736525,25.0596223969091],[121.611416,25.066845],[121.611642249953,25.0702607638519],[121.611642249953,25.0702607638519],[121.609308386226,25.0718101504888],[121.609308386226,25.0718101504888],[121.607610913193,25.0726213066526],[121.607610913193,25.0726213066526],[121.6048395,25.0723674],[121.60099,25.067297],[121.5984,25.06726047],[121.59613,25.06831],[121.592095,25.071852],[121.589869957803,25.0710371489715],[121.589869957803,25.0710371489715],[121.59362,25.06897],[121.58821790633739,25.06918300127649],[121.58556,25.06901],[121.582711,25.070517],[121.582711,25.070517],[121.581177,25.071952],[121.581177,25.071952],[121.57766690657958,25.07478024553194],[121.57766690657958,25.07478024553194],[121.573134,25.077273],[121.5731066,25.07729684],[121.568256,25.079478],[121.568256,25.079478],[121.565903409458,25.0805158061818],[121.565903409458,25.0805158061818],[121.5646071,25.07973077],[121.5612469,25.07999076],[121.5590841,25.08004249],[121.5574829,25.08002077],[121.55565762442,25.080032815073],[121.55251766575329,25.080092816575963],[121.551632,25.08172328],[121.5501232,25.08399238],[121.54728315713145,25.096654067919133],[121.5459327705,25.098068128396],[121.5459328,25.09806813],[121.543765927365,25.0972634661547],[121.543765927365,25.0972634661547],[121.541307,25.097411],[121.541307,25.097411],[121.539849,25.097585],[121.5398491,25.0975852],[121.53824562909286,25.098005332485762],[121.53824562909286,25.098005332485762],[121.5367,25.10139],[121.53414,25.10144],[121.53164,25.10193],[121.528958031912,25.1024487176408],[121.53074,25.1045],[121.530328,25.105462],[121.530150260751,25.1070832174183],[121.53065017432,25.1095102588294],[121.53189,25.11328],[121.534692981633,25.1173302889076],[121.5311071,25.11823857],[121.5276437,25.11850567],[121.52525,25.11857],[121.520551599272,25.1188249158648],[121.520551599272,25.1188249158648],[121.518052504684,25.1184508084325],[121.518052504684,25.1184508084325],[121.516366480061,25.1172201622833],[121.515502,25.115911],[121.51501,25.114729]]}},{"type":"Feature","properties":{"route_name":"645副","color":"#3b51dc"},"geometry":{"type":"LineString","coordinates":[[121.6097652,25.03382827],[121.611345,25.033428],[121.6121944,25.0332955],[121.61448946069,25.0346121838879],[121.61612,25.034863],[121.61695169081,25.035872068306],[121.6170236,25.03770122],[121.617633,25.040597],[121.616561,25.043422],[121.615639,25.045074],[121.615728,25.047462],[121.61601678871844,25.048610235261958],[121.61603141641,25.0515460114719],[121.6156,25.05534],[121.6156,25.05534],[121.6141291,25.05641711],[121.6141291,25.05641711],[121.614279736525,25.0596223969091],[121.611416,25.066845],[121.611642249953,25.0702607638519],[121.611642249953,25.0702607638519],[121.609308386226,25.0718101504888],[121.609308386226,25.0718101504888],[121.607610913193,25.0726213066526],[121.607610913193,25.0726213066526],[121.6048395,25.0723674],[121.60099,25.067297],[121.5984,25.06726047],[121.59613,25.06831],[121.592095,25.071852],[121.589869957803,25.0710371489715],[121.589869957803,25.0710371489715],[121.59362,25.06897],[121.58821790633739,25.06918300127649],[121.58556,25.06901],[121.582711,25.070517],[121.582711,25.070517],[121.581177,25.071952],[121.581177,25.071952],[121.57766690657958,25.07478024553194],[121.57766690657958,25.07478024553194],[121.573134,25.077273],[121.5731066,25.07729684],[121.568256,25.079478],[121.568256,25.079478],[121.565903409458,25.0805158061818],[121.565903409458,25.0805158061818],[121.5646071,25.07973077],[121.5612469,25.07999076],[121.5590841,25.08004249],[121.5574829,25.08002077],[121.55565762442,25.080032815073],[121.55251766575329,25.080092816575963],[121.551632,25.08172328],[121.5501232,25.08399238],[121.54728315713145,25.096654067919133],[121.5459327705,25.098068128396],[121.5459328,25.09806813],[121.543765927365,25.0972634661547],[121.543765927365,25.0972634661547],[121.541307,25.097411],[121.541307,25.097411],[121.5398491,25.0975852],[121.539849,25.097585],[121.53824562909286,25.098005332485762],[121.53824562909286,25.098005332485762],[121.5367,25.10139],[121.53414,25.10144],[121.53164,25.10193],[121.528958031912,25.1024487176408],[121.53074,25.1045],[121.530328,25.105462],[121.530150260751,25.1070832174183],[121.53065017432,25.1095102588294],[121.53189,25.11328],[121.534692981633,25.1173302889076],[121.5311071,25.11823857],[121.5276437,25.11850567],[121.52525,25.11857],[121.520551599272,25.1188249158648],[121.520551599272,25.1188249158648],[121.518052504684,25.1184508084325],[121.518052504684,25.1184508084325],[121.516366480061,25.1172201622833],[121.515502,25.115911],[121.51501,25.114729]]}},{"type":"Feature","properties":{"route_name":"646","color":"#a73bdc"},"geometry":{"type":"LineString","coordinates":[[121.622813623616,25.0773157481393],[121.62118809341,25.0762017702812],[121.619351259043,25.0726450755284],[121.619351259043,25.0726450755284],[121.619134959956,25.0711232284945],[121.6184776,25.06922957],[121.61668,25.068177],[121.61668,25.068177],[121.614308439756,25.068763284981],[121.614308439756,25.068763284981],[121.611642249953,25.0702607638519],[121.611642249953,25.0702607638519],[121.609308386226,25.0718101504888],[121.609308386226,25.0718101504888],[121.607610913193,25.0726213066526],[121.607610913193,25.0726213066526],[121.60468992917,25.0735474046187],[121.602397,25.07383],[121.600364932077,25.0775703139034],[121.598491,25.078822],[121.5966148,25.07846057],[121.5944283,25.07911977],[121.5911913,25.07865237],[121.58776,25.07701],[121.58479,25.07507],[121.5808412,25.07451903],[121.57766690657958,25.07478024553194],[121.57766690657958,25.07478024553194],[121.575587990787,25.077240508774],[121.57610868441,25.0798366021365],[121.57610868441,25.0798366021365],[121.573860343024,25.0806380998734],[121.571386,25.081473],[121.569461375068,25.082118261496],[121.565868143978,25.0824213906562],[121.564098538475,25.0830692818289],[121.564098538475,25.0830692818289],[121.561535778783,25.0843810062584],[121.558119339359,25.0848172776379],[121.55468793143969,25.085303158353604],[121.55468793143969,25.085303158353604],[121.5490281,25.08377483],[121.5482394,25.0808482],[121.546139731473,25.0799238282333],[121.5436838,25.07978102],[121.54169,25.07961],[121.535552182321,25.0780024350627],[121.530144788528,25.0781282212443],[121.527964269875,25.077322358349],[121.524381872313,25.0805889011559],[121.525327,25.085353],[121.525327,25.085353]]}},{"type":"Feature","properties":{"route_name":"647","color":"#a93bdc"},"geometry":{"type":"LineString","coordinates":[[121.5465259,24.9867882],[121.5465259,24.9867882],[121.549735378275,24.9873383747906],[121.549735378275,24.9873383747906],[121.554868,24.98809],[121.554868,24.98809],[121.556482491508,24.9884116429436],[121.556482491508,24.9884116429436],[121.559246461721,24.9886499986778],[121.559246461721,24.9886499986778],[121.56251,24.98887],[121.56251,24.98887],[121.564680250523,24.9895792490522],[121.564680250523,24.9895792490522],[121.566356005774,24.9904710370064],[121.566356005774,24.9904710370064],[121.5701829379833,24.99161145656871],[121.5701829379833,24.99161145656871],[121.5716055,24.99360167],[121.5716055,24.99360167],[121.57232800362569,24.996044970003638],[121.57232800362569,24.996044970003638],[121.5743091,24.99783812],[121.5743716,24.99787339],[121.57533,24.99899],[121.57533,24.99899],[121.566687674056,25.0329497897498],[121.566687674056,25.0329497897498],[121.56357599974903,25.034512868313872],[121.56357599974903,25.034512868313872],[121.563754,25.038332],[121.563754,25.038332],[121.5668354,25.04100991],[121.5668354,25.04100991]]}},{"type":"Feature","properties":{"route_name":"648","color":"#ac3bdc"},"geometry":{"type":"LineString","coordinates":[[121.54025525837187,24.991120032966297],[121.54025525837187,24.991120032966297],[121.54075736926794,24.99234145800376],[121.54075736926794,24.99234145800376],[121.5413365,24.99545268],[121.5413365,24.99545268],[121.5402001,24.99931624],[121.5402001,24.99931624],[121.5393892,25.00136317],[121.5393892,25.00136317],[121.5387822,25.00327364],[121.5387822,25.00327364],[121.53849,25.00761],[121.538470307254,25.0076706783786],[121.535185,25.013993],[121.535185,25.013993],[121.530566,25.018486],[121.530566,25.018486],[121.52803,25.02092],[121.52803,25.02092],[121.5265702582243,25.02214502516781],[121.5265702582243,25.02214502516781],[121.52476413675969,25.024022735483676],[121.52476413675969,25.024022735483676],[121.52269,25.02678],[121.52269,25.02678],[121.5219375,25.02886065],[121.5219375,25.02886065],[121.52231632616744,25.030573897088548],[121.52231632616744,25.030573897088548],[121.51992,25.0337],[121.51992,25.0337],[121.515136595156,25.0368285357308],[121.515136595156,25.0368285357308],[121.5163535,25.04192722],[121.5163535,25.04192722],[121.517704,25.04484411],[121.517704,25.04484411]]}},{"type":"Feature","properties":{"route_name":"651","color":"#dc3bcc"},"geometry":{"type":"LineString","coordinates":[[121.493132,25.028426],[121.496162828269,25.0295844111411],[121.496162828269,25.0295844111411],[121.497718,25.03244],[121.497718,25.03244],[121.4987728,25.03418554],[121.498768,25.034147],[121.5000845,25.03514822],[121.500164,25.035143],[121.50409,25.03563],[121.5073666,25.03821366],[121.5073666,25.03821366],[121.508187414094,25.0409980900087],[121.5082192,25.04094605],[121.509834083745,25.0414915346214],[121.509834083745,25.0414915346214],[121.5132,25.042018],[121.5132,25.042018],[121.51572629465,25.0433393370677],[121.51572629465,25.0433393370677],[121.516148167061,25.0419357569938],[121.516148167061,25.0419357569938],[121.5184523,25.03912915],[121.5213453,25.03876925],[121.5235878,25.0384529],[121.5280453,25.03821895],[121.532402806246,25.038163002655],[121.5343357,25.03804468],[121.537072110796,25.0380314055468],[121.54077520473633,25.03796159361127],[121.543165,25.037854],[121.545738,25.03784],[121.5476903,25.03778353],[121.550883391345,25.0377212341364],[121.5508834,25.03772123],[121.552717,25.037669],[121.552717,25.037669],[121.555234376148,25.0376217119559],[121.5552985,25.03762585],[121.55728,25.03754],[121.55728,25.03754],[121.56118,25.037543],[121.56118,25.037543],[121.563754,25.038332],[121.563754,25.038332],[121.568268559011,25.0372323905063],[121.568268559011,25.0372323905063],[121.566640146973,25.0358810435418],[121.566640146973,25.0358810435418],[121.564528,25.035992],[121.564528,25.035992]]}},{"type":"Feature","properties":{"route_name":"652","color":"#dc3bc9"},"geometry":{"type":"LineString","coordinates":[[121.515689438859,25.0465635496954],[121.515689438859,25.0465635496954],[121.520239869754,25.046578538214],[121.522081,25.050519],[121.525060474751,25.052069472359],[121.529855025946,25.0520078098529],[121.532641149751,25.0519912439505],[121.53627250499,25.0519389515979],[121.54002052720857,25.05189813653983],[121.543561439976,25.0518040049938],[121.548353475095,25.0517035084006],[121.55469770362868,25.051594154729063],[121.556952,25.052989],[121.5558427,25.05527186],[121.55569442816517,25.058201423962956],[121.559216750962,25.0585017739443],[121.560927032747,25.0586405271738],[121.5664423,25.05902066],[121.5676949,25.06018904],[121.566269,25.062445],[121.579477870198,25.066876801458],[121.58212115754,25.0680848776157],[121.58212115754,25.0680848776157],[121.58543789167122,25.06881463274073],[121.58896238097387,25.068895529659475],[121.590031196316,25.0712104683315],[121.590031196316,25.0712104683315],[121.590016770287,25.0738091792986],[121.590231346227,25.0768845629687]]}},{"type":"Feature","properties":{"route_name":"656","color":"#dc3bbf"},"geometry":{"type":"LineString","coordinates":[[121.496932,25.035263],[121.496932,25.035263],[121.500164,25.035143],[121.5000845,25.03514822],[121.50429,25.03583],[121.50429,25.03583],[121.5073666,25.03821366],[121.5073666,25.03821366],[121.5082192,25.04094605],[121.508187414094,25.0409980900087],[121.509834083745,25.0414915346214],[121.509834083745,25.0414915346214],[121.511555,25.043262],[121.511555,25.043262],[121.5131649,25.04469193],[121.5131649,25.04469193],[121.5146668,25.04337336],[121.5146668,25.04337336],[121.516148167061,25.0419357569938],[121.516148167061,25.0419357569938]]}},{"type":"Feature","properties":{"route_name":"658","color":"#dc3bb9"},"geometry":{"type":"LineString","coordinates":[[121.496932,25.035263],[121.496932,25.035263],[121.498804,25.03520468],[121.501585,25.036891],[121.501585,25.036891],[121.5019792,25.03968147],[121.5019792,25.03968147],[121.502463,25.042344],[121.502463,25.042344],[121.503074,25.044994],[121.503074,25.044994]]}},{"type":"Feature","properties":{"route_name":"66","color":"#bc3bdc"},"geometry":{"type":"LineString","coordinates":[[121.58021,24.99881],[121.58021,24.99881],[121.576778,24.9968],[121.576778,24.9968],[121.57363,24.993482],[121.57363,24.993482],[121.574153,24.99161],[121.574153,24.99161],[121.576757,24.989679],[121.576757,24.989679],[121.57604615193513,24.98782160454249],[121.57604615193513,24.98782160454249],[121.573881732316,24.9880845060964],[121.573881732316,24.9880845060964],[121.570606,24.986224],[121.570606,24.986224],[121.57011,24.984828],[121.57011,24.984828],[121.56895990914902,24.984131427903375],[121.56895990914902,24.984131427903375],[121.56695,24.98347],[121.56695,24.98347],[121.56460855354919,24.982712452429457],[121.56460855354919,24.982712452429457],[121.562389,24.98292781],[121.562389,24.98292781],[121.561829231052,24.9843077885823],[121.561829231052,24.9843077885823],[121.56078735305545,24.987245753153893],[121.56078735305545,24.987245753153893],[121.559942504895,24.989363359859],[121.559942504895,24.989363359859],[121.55919,24.990768],[121.55919,24.990768],[121.55883687781873,24.99243758851507],[121.55883687781873,24.99243758851507],[121.5594086,24.99385696],[121.5594086,24.99385696],[121.56012261539274,24.996452582031367],[121.56012261539274,24.996452582031367],[121.56078,24.996958],[121.56229,24.99729],[121.56623,24.998733],[121.56808367448,24.9988589682607],[121.570733,24.996667],[121.57232800362569,24.996044970003638],[121.57232800362569,24.996044970003638],[121.5743091,24.99783812],[121.5743716,24.99787339],[121.57533,24.99899],[121.57533,24.99899],[121.566687674056,25.0329497897498],[121.566687674056,25.0329497897498],[121.565536,25.034635],[121.567407790567,25.0357841121602],[121.568534,25.03724],[121.568621,25.039991],[121.5726502,25.04085411],[121.575809,25.040733],[121.5778998,25.04195027],[121.5778998,25.04195027],[121.577918664208,25.0435588382657],[121.577918664208,25.0435588382657],[121.577906954135,25.0450053957754],[121.577906954135,25.0450053957754],[121.5779129,25.04726924],[121.5779129,25.04726924],[121.578206062017,25.0498061943222],[121.578206062017,25.0498061943222]]}},{"type":"Feature","properties":{"route_name":"660","color":"#dc3b7c"},"geometry":{"type":"LineString","coordinates":[[121.595983977281,25.0042464092937],[121.595983977281,25.0042464092937],[121.59504,25.00246],[121.59504,25.00246],[121.5913505957924,24.999402832437188],[121.5913505957924,24.999402832437188],[121.58954681023364,25.000950102464405],[121.58954681023364,25.000950102464405],[121.585066207329,25.0031479361546],[121.585066207329,25.0031479361546],[121.583287778248,25.0028393386766],[121.583287778248,25.0028393386766],[121.579255519338,25.0011783104188],[121.579255519338,25.0011783104188],[121.575395362596,24.9993898137115],[121.575395362596,24.9993898137115],[121.57396,24.997735],[121.57396,24.997735],[121.572590803415,24.9965014109618],[121.572590803415,24.9965014109618],[121.571444566484,24.9935653207503],[121.571444566484,24.9935653207503],[121.570973024858,24.9913094198003],[121.570973024858,24.9913094198003],[121.56999253194654,24.990114359213134],[121.56999253194654,24.990114359213134],[121.566361887311,24.9885790493873],[121.566361887311,24.9885790493873],[121.56247819644113,24.989024145656842],[121.56247819644113,24.989024145656842],[121.559397779257,24.9888253106036],[121.559397779257,24.9888253106036],[121.556489526679,24.9885175064144],[121.556489526679,24.9885175064144],[121.555499,24.988291],[121.555499,24.988291],[121.5528996,24.98800122],[121.5528996,24.98800122],[121.550077359064,24.98759233313],[121.550077359064,24.98759233313],[121.5464,24.986892],[121.5464,24.986892],[121.54401,24.98858],[121.54401,24.98858],[121.540918398248,24.9891053967322],[121.540918398248,24.9891053967322],[121.541402549692,24.9920548778923],[121.5413751,24.99207752],[121.5413365,24.99545268],[121.5413365,24.99545268],[121.5402001,24.99931624],[121.5402001,24.99931624],[121.5393892,25.00136317],[121.5393892,25.00136317],[121.5387822,25.00327364],[121.5387822,25.00327364],[121.538470307254,25.0076706783786],[121.53849,25.00761],[121.535185,25.013993],[121.535185,25.013993],[121.530566,25.018486],[121.530566,25.018486],[121.52803,25.02092],[121.52803,25.02092],[121.5265702582243,25.02214502516781],[121.5265702582243,25.02214502516781],[121.52476413675969,25.024022735483676],[121.52476413675969,25.024022735483676],[121.52269,25.02678],[121.52269,25.02678],[121.52096,25.02922],[121.51880642264224,25.0322495874994],[121.51376300673572,25.03546453817517],[121.51145502265425,25.035878170399293],[121.51145502265425,25.035878170399293],[121.508728,25.036841],[121.508728,25.036841],[121.508285900629,25.041730058378],[121.508285900629,25.041730058378],[121.5094213,25.04568121],[121.509380726049,25.0456964941835],[121.5106101265,25.0506096983314],[121.5106101265,25.0506096983314],[121.510462439727,25.0528521380205],[121.510462439727,25.0528521380205],[121.51130002943,25.053799726585],[121.51130002943,25.053799726585],[121.513268344324,25.0539552344985],[121.5132,25.05398],[121.5134766,25.05316719]]}},{"type":"Feature","properties":{"route_name":"660區","color":"#dcbc3b"},"geometry":{"type":"LineString","coordinates":[[121.595983977281,25.0042464092937],[121.595983977281,25.0042464092937],[121.59504,25.00246],[121.59504,25.00246],[121.5913505957924,24.999402832437188],[121.5913505957924,24.999402832437188],[121.58954681023364,25.000950102464405],[121.58954681023364,25.000950102464405],[121.585066207329,25.0031479361546],[121.585066207329,25.0031479361546],[121.583287778248,25.0028393386766],[121.583287778248,25.0028393386766],[121.579255519338,25.0011783104188],[121.579255519338,25.0011783104188],[121.575395362596,24.9993898137115],[121.575395362596,24.9993898137115],[121.57396,24.997735],[121.57396,24.997735],[121.572590803415,24.9965014109618],[121.572590803415,24.9965014109618],[121.571444566484,24.9935653207503],[121.571444566484,24.9935653207503],[121.570973024858,24.9913094198003],[121.570973024858,24.9913094198003],[121.56999253194654,24.990114359213134],[121.56999253194654,24.990114359213134],[121.566361887311,24.9885790493873],[121.566361887311,24.9885790493873],[121.56247819644113,24.989024145656842],[121.56247819644113,24.989024145656842],[121.559397779257,24.9888253106036],[121.559397779257,24.9888253106036],[121.556489526679,24.9885175064144],[121.556489526679,24.9885175064144],[121.555499,24.988291],[121.555499,24.988291],[121.5528996,24.98800122],[121.5528996,24.98800122],[121.550077359064,24.98759233313],[121.550077359064,24.98759233313],[121.5464,24.986892],[121.5464,24.986892],[121.54401,24.98858],[121.54401,24.98858],[121.540918398248,24.9891053967322],[121.540918398248,24.9891053967322],[121.5413751,24.99207752],[121.541402549692,24.9920548778923]]}},{"type":"Feature","properties":{"route_name":"662","color":"#dc3b76"},"geometry":{"type":"LineString","coordinates":[[121.509098,25.04552755],[121.509144127644,25.0455115050969],[121.5083,25.04252],[121.508266771006,25.0425165606871],[121.5091008,25.0390539],[121.514486272409,25.0385833202908],[121.5149627,25.03800782],[121.5149627,25.03800782],[121.5149763,25.0364626],[121.514976309391,25.0364625980204]]}},{"type":"Feature","properties":{"route_name":"663","color":"#dc3b74"},"geometry":{"type":"LineString","coordinates":[[121.502490233032,25.0399728811606],[121.502490233032,25.0399728811606],[121.50582384788,25.03944952637],[121.50582384788,25.03944952637],[121.5091008,25.0390539],[121.514486272409,25.0385833202908],[121.5149627,25.03800782],[121.5149627,25.03800782],[121.514976309391,25.0364625980204],[121.5149763,25.0364626],[121.515375,25.033565],[121.51548,25.03348],[121.5157,25.029828],[121.5157,25.029828],[121.518037534882,25.0299878580087],[121.518037534882,25.0299878580087],[121.520315080867,25.0273649962157],[121.5246159,25.02678744],[121.5278634988405,25.02650071684031],[121.529958,25.026362],[121.533012542409,25.0260973914545],[121.536235879941,25.0257355123764],[121.538492198683,25.0254072414078],[121.538492198683,25.0254072414078],[121.542239793699,25.0249140592421],[121.542239793699,25.0249140592421],[121.545343325676,25.0246033941802],[121.547571,25.024522],[121.5501916,25.02553767],[121.5505851,25.02874334],[121.552557,25.031516],[121.552601,25.034479],[121.5521758,25.03661955],[121.5497082,25.03964863],[121.55037495586,25.041391012662],[121.550375,25.04139101],[121.553619,25.041262],[121.5536249,25.04131603],[121.555503,25.04128222],[121.555503,25.04128222]]}},{"type":"Feature","properties":{"route_name":"666烏塗窟","color":"#dc3b79"},"geometry":{"type":"LineString","coordinates":[[121.5363395,24.99550417],[121.5363395,24.99550417],[121.5389062,24.99383424],[121.5389062,24.99383424],[121.5428136,24.99274359],[121.542708979168,24.992776404618],[121.542536892973,24.9897079824046],[121.542536892973,24.9897079824046],[121.54381,24.988478],[121.54381,24.988478],[121.5465259,24.9867882],[121.5465259,24.9867882],[121.549735378275,24.9873383747906],[121.549735378275,24.9873383747906],[121.554868,24.98809],[121.554868,24.98809],[121.556482491508,24.9884116429436],[121.556482491508,24.9884116429436],[121.559246461721,24.9886499986778],[121.559246461721,24.9886499986778],[121.56251,24.98887],[121.56251,24.98887],[121.56657,24.9885],[121.56657,24.9885],[121.56980715638664,24.98976355883173],[121.56980715638664,24.98976355883173],[121.57111522305,24.9913142071305],[121.57111522305,24.9913142071305],[121.5716055,24.99360167],[121.5716055,24.99360167],[121.57232800362569,24.996044970003638],[121.57232800362569,24.996044970003638],[121.5743716,24.99787339],[121.5743091,24.99783812],[121.57533,24.99899],[121.57533,24.99899],[121.57937,25.00102],[121.57937,25.00102],[121.58301,25.00261],[121.58301,25.00261],[121.584612472655,25.0029972947861],[121.584612472655,25.0029972947861],[121.58947304948941,25.00068878171876],[121.58947304948941,25.00068878171876],[121.590552451575,24.9998141769425],[121.590552451575,24.9998141769425],[121.5951402,25.00225632],[121.595183821322,25.0022030300169]]}},{"type":"Feature","properties":{"route_name":"666皇帝殿","color":"#593bdc"},"geometry":{"type":"LineString","coordinates":[[121.5363395,24.99550417],[121.5363395,24.99550417],[121.5389062,24.99383424],[121.5389062,24.99383424],[121.5428136,24.99274359],[121.542708979168,24.992776404618],[121.542536892973,24.9897079824046],[121.542536892973,24.9897079824046],[121.54381,24.988478],[121.54381,24.988478],[121.5465259,24.9867882],[121.5465259,24.9867882],[121.549735378275,24.9873383747906],[121.549735378275,24.9873383747906],[121.554868,24.98809],[121.554868,24.98809],[121.556482491508,24.9884116429436],[121.556482491508,24.9884116429436],[121.559246461721,24.9886499986778],[121.559246461721,24.9886499986778],[121.56251,24.98887],[121.56251,24.98887],[121.56657,24.9885],[121.56657,24.9885],[121.56980715638664,24.98976355883173],[121.56980715638664,24.98976355883173],[121.57111522305,24.9913142071305],[121.57111522305,24.9913142071305],[121.5716055,24.99360167],[121.5716055,24.99360167],[121.57232800362569,24.996044970003638],[121.57232800362569,24.996044970003638],[121.5743716,24.99787339],[121.5743091,24.99783812],[121.57533,24.99899],[121.57533,24.99899],[121.57937,25.00102],[121.57937,25.00102],[121.58301,25.00261],[121.58301,25.00261],[121.584612472655,25.0029972947861],[121.584612472655,25.0029972947861],[121.58947304948941,25.00068878171876],[121.58947304948941,25.00068878171876],[121.590552451575,24.9998141769425],[121.590552451575,24.9998141769425],[121.595183821322,25.0022030300169],[121.5951402,25.00225632]]}},{"type":"Feature","properties":{"route_name":"666華梵大學","color":"#593bdc"},"geometry":{"type":"LineString","coordinates":[[121.5363395,24.99550417],[121.5363395,24.99550417],[121.5389062,24.99383424],[121.5389062,24.99383424],[121.5428136,24.99274359],[121.542708979168,24.992776404618],[121.542536892973,24.9897079824046],[121.542536892973,24.9897079824046],[121.54381,24.988478],[121.54381,24.988478],[121.5465259,24.9867882],[121.5465259,24.9867882],[121.549735378275,24.9873383747906],[121.549735378275,24.9873383747906],[121.554868,24.98809],[121.554868,24.98809],[121.556482491508,24.9884116429436],[121.556482491508,24.9884116429436],[121.559246461721,24.9886499986778],[121.559246461721,24.9886499986778],[121.56251,24.98887],[121.56251,24.98887],[121.56657,24.9885],[121.56657,24.9885],[121.56980715638664,24.98976355883173],[121.56980715638664,24.98976355883173],[121.57111522305,24.9913142071305],[121.57111522305,24.9913142071305],[121.5716055,24.99360167],[121.5716055,24.99360167],[121.57232800362569,24.996044970003638],[121.57232800362569,24.996044970003638],[121.5743091,24.99783812],[121.5743716,24.99787339],[121.57533,24.99899],[121.57533,24.99899],[121.57937,25.00102],[121.57937,25.00102],[121.58301,25.00261],[121.58301,25.00261],[121.584612472655,25.0029972947861],[121.584612472655,25.0029972947861],[121.58947304948941,25.00068878171876],[121.58947304948941,25.00068878171876],[121.590552451575,24.9998141769425],[121.590552451575,24.9998141769425],[121.5951402,25.00225632],[121.595183821322,25.0022030300169]]}},{"type":"Feature","properties":{"route_name":"667","color":"#dc3b69"},"geometry":{"type":"LineString","coordinates":[[121.49433,25.031173],[121.49433,25.031173],[121.49703,25.03295],[121.49703,25.03295],[121.5007597,25.03283797],[121.5007597,25.03283797],[121.502732,25.033257],[121.502732,25.033257],[121.506607,25.0357],[121.506607,25.0357],[121.508285900629,25.041730058378],[121.508285900629,25.041730058378],[121.5094213,25.04568121],[121.509380726049,25.0456964941835]]}},{"type":"Feature","properties":{"route_name":"668","color":"#dc3b66"},"geometry":{"type":"LineString","coordinates":[[121.617342075005,25.0551425857593],[121.617342075005,25.0551425857593],[121.6156,25.05534],[121.6156,25.05534],[121.61366085593893,25.055463507638656],[121.61366085593893,25.055463507638656],[121.609776304165,25.0549683149017],[121.609776304165,25.0549683149017],[121.606693480964,25.0544113947875],[121.606693480964,25.0544113947875],[121.603501503157,25.0538268750408],[121.6036135,25.05385654],[121.600631965419,25.053410287006],[121.600631965419,25.053410287006],[121.598727,25.05384],[121.598727,25.05384],[121.59552,25.0546],[121.595509916336,25.0544903819023],[121.59255973649874,25.05440689628416],[121.59255973649874,25.05440689628416],[121.589992575868,25.0535036880317],[121.589992575868,25.0535036880317],[121.587762,25.053169],[121.587762,25.053169],[121.585050803739,25.0526502598819],[121.585050803739,25.0526502598819],[121.580911886242,25.0509225264878],[121.580911886242,25.0509225264878],[121.576598,25.050168],[121.576598,25.050168],[121.57491400582,25.0500731024231],[121.57491400582,25.0500731024231],[121.571871,25.050387],[121.569058,25.051515],[121.56665364964157,25.051513187536237],[121.56111056329053,25.05158012283465],[121.555516323112,25.0516596699759],[121.549520919642,25.0517934820293],[121.5444563164689,25.05191518176843],[121.54085264591662,25.051994714534274],[121.54085264591662,25.051994714534274],[121.537271345417,25.0520896887846],[121.533302047123,25.0521144980622],[121.5329145,25.04864879],[121.5328606,25.04460839],[121.532693,25.040288],[121.5326821,25.03851244],[121.5325798,25.03403642],[121.53346,25.03087],[121.53478,25.02639],[121.5345198,25.02466421],[121.534113646475,25.0215502113013],[121.5341124,25.02164507],[121.533435,25.018239],[121.533435,25.018239],[121.534517055222,25.0143047215272],[121.534517055222,25.0143047215272],[121.537808,25.0084374367022]]}},{"type":"Feature","properties":{"route_name":"669","color":"#dc3b64"},"geometry":{"type":"LineString","coordinates":[[121.508399869161,25.0862710146474],[121.508399869161,25.0862710146474],[121.50958853792531,25.085288548110366],[121.50958853792531,25.085288548110366],[121.5100276,25.08307587],[121.5100276,25.08307587],[121.5103891,25.08132113],[121.5103891,25.08132113],[121.5109944,25.07952198],[121.5109944,25.07952198],[121.5118,25.07605],[121.5118,25.07605],[121.510852,25.0713032],[121.510875,25.068085],[121.5108318,25.06617549],[121.511052,25.06432],[121.5111652,25.06204706],[121.511324126973,25.0598303587356],[121.5114003,25.05792854],[121.511621119604,25.0545471507946],[121.511619183571,25.0529374524353],[121.5118824,25.05079028],[121.51719764702355,25.0484971857801],[121.51719764702355,25.0484971857801],[121.5232824,25.04772528],[121.5264947,25.04712235],[121.5286672,25.0464873],[121.5315442,25.0456428],[121.5356214,25.04469814],[121.5373,25.0446],[121.5373,25.0446],[121.54156977220232,25.044438351927294],[121.54156977220232,25.044438351927294],[121.54502,25.04474],[121.54955,25.04465],[121.554377,25.044426],[121.5592751,25.0455743],[121.5625826,25.04699097],[121.56649195154529,25.046530959098416],[121.56628044728,25.0444493988665],[121.56628044728,25.0444493988665],[121.56453,25.03902],[121.56453,25.03902],[121.5653434,25.03683458],[121.5653434,25.03683458],[121.567407790567,25.0357841121602],[121.568236043782,25.0345352489599],[121.568236043782,25.0345352489599]]}},{"type":"Feature","properties":{"route_name":"670","color":"#dc4e3b"},"geometry":{"type":"LineString","coordinates":[[121.516898839078,25.0242546637841],[121.516898839078,25.0242546637841],[121.517445,25.028027],[121.517445,25.028027],[121.517263,25.026994],[121.517263,25.026994],[121.5131483,25.02546189],[121.5098376,25.02479555],[121.508379,25.025757],[121.506661163485,25.0272364792619],[121.50540777894,25.0285917595947],[121.504168146781,25.0306970667598],[121.50499126498305,25.03268103989999],[121.5062837,25.03501116],[121.508285900629,25.041730058378],[121.508285900629,25.041730058378],[121.5094213,25.04568121],[121.509380726049,25.0456964941835],[121.51316241098594,25.046552005302367],[121.51316241098594,25.046552005302367]]}},{"type":"Feature","properties":{"route_name":"671","color":"#dc513b"},"geometry":{"type":"LineString","coordinates":[[121.55568,24.980335],[121.55568,24.980335],[121.5583622,24.98100977],[121.5583622,24.98100977],[121.559783932422,24.9813802657801],[121.559783932422,24.9813802657801],[121.561802,24.981856],[121.561802,24.981856],[121.562389,24.98292781],[121.562389,24.98292781],[121.561829231052,24.9843077885823],[121.561829231052,24.9843077885823],[121.56078735305545,24.987245753153893],[121.56078735305545,24.987245753153893],[121.559397779257,24.9888253106036],[121.559397779257,24.9888253106036],[121.556489526679,24.9885175064144],[121.556489526679,24.9885175064144],[121.555499,24.988291],[121.555499,24.988291],[121.5528996,24.98800122],[121.5528996,24.98800122],[121.550077359064,24.98759233313],[121.550077359064,24.98759233313],[121.5464,24.986892],[121.5464,24.986892],[121.54401,24.98858],[121.54401,24.98858],[121.540918398248,24.9891053967322],[121.540918398248,24.9891053967322],[121.5413751,24.99207752],[121.541402549692,24.9920548778923],[121.5413365,24.99545268],[121.5413365,24.99545268],[121.5402001,24.99931624],[121.5402001,24.99931624],[121.5393892,25.00136317],[121.5393892,25.00136317],[121.5387822,25.00327364],[121.5387822,25.00327364],[121.538470307254,25.0076706783786],[121.53849,25.00761],[121.535185,25.013993],[121.535185,25.013993],[121.531094,25.018104],[121.531094,25.018104],[121.53203,25.02235],[121.52802,25.01912],[121.52802,25.01912],[121.525083045325,25.0214728907771],[121.523149018086,25.0230486091138],[121.520519399553,25.0247432949757],[121.518108688499,25.0253055164294],[121.5146583,25.02615202],[121.51324,25.02628],[121.511073,25.02706],[121.5092254,25.02823096],[121.5075488,25.02762806],[121.506661163485,25.0272364792619],[121.50540777894,25.0285917595947],[121.504168146781,25.0306970667598],[121.50499126498305,25.03268103989999],[121.5062837,25.03501116],[121.508285900629,25.041730058378],[121.508285900629,25.041730058378],[121.5094213,25.04568121],[121.509380726049,25.0456964941835],[121.515689438859,25.0465635496954],[121.515689438859,25.0465635496954]]}},{"type":"Feature","properties":{"route_name":"672","color":"#dc543b"},"geometry":{"type":"LineString","coordinates":[[121.535185,25.013993],[121.535185,25.013993],[121.530566,25.018486],[121.530566,25.018486],[121.52803,25.02092],[121.52803,25.02092],[121.5265702582243,25.02214502516781],[121.5265702582243,25.02214502516781],[121.52476413675969,25.024022735483676],[121.52476413675969,25.024022735483676],[121.5246159,25.02678744],[121.5278634988405,25.02650071684031],[121.529958,25.026362],[121.533012542409,25.0260973914545],[121.53384,25.03048],[121.5329027,25.03320526],[121.5328703,25.03779674],[121.5328758,25.04198981],[121.53299,25.045],[121.532997019655,25.0482736559236],[121.533115926333,25.0495344197275],[121.53627250499,25.0519389515979],[121.54002052720857,25.05189813653983],[121.543561439976,25.0518040049938],[121.548353475095,25.0517035084006],[121.54933,25.05258],[121.54933,25.05258],[121.5492693,25.05668072],[121.5492693,25.05668072],[121.5525641,25.05792823],[121.55569442816517,25.058201423962956],[121.559216750962,25.0585017739443],[121.560927032747,25.0586405271738]]}},{"type":"Feature","properties":{"route_name":"672區","color":"#dc3b54"},"geometry":{"type":"LineString","coordinates":[[121.535185,25.013993],[121.535185,25.013993]]}},{"type":"Feature","properties":{"route_name":"673","color":"#dc563b"},"geometry":{"type":"LineString","coordinates":[[121.540918398248,24.9891053967322],[121.540918398248,24.9891053967322],[121.541402549692,24.9920548778923],[121.5413751,24.99207752],[121.542708979168,24.992776404618],[121.5428136,24.99274359],[121.5447432,24.99474012],[121.544841356252,24.9969326584305],[121.545859,24.998797],[121.547902045529,24.9996328919305],[121.550307886322,25.0009702685655],[121.553328388246,25.0012218102124],[121.555211,25.001741],[121.556531813076,25.0037396380103],[121.55871833409,25.0070201506128],[121.55075149283692,25.016039021546764],[121.548282,25.018051],[121.5456371524934,25.01851242321545],[121.5456371524934,25.01851242321545],[121.5422472,25.01571376],[121.5422472,25.01571376],[121.540464,25.01415156],[121.540464,25.01415156],[121.538069443257,25.0121089588721],[121.538069443257,25.0121089588721],[121.535185,25.013993],[121.535185,25.013993],[121.531094,25.018104],[121.531094,25.018104],[121.53203,25.02235],[121.52802,25.01912],[121.52802,25.01912],[121.525083045325,25.0214728907771],[121.523149018086,25.0230486091138],[121.520519399553,25.0247432949757],[121.518108688499,25.0253055164294],[121.5146583,25.02615202],[121.5131483,25.02546189],[121.5098376,25.02479555],[121.508379,25.025757],[121.506661163485,25.0272364792619],[121.50540777894,25.0285917595947],[121.504168146781,25.0306970667598],[121.50499126498305,25.03268103989999],[121.506607,25.0357],[121.506607,25.0357],[121.5043,25.0381],[121.5043,25.0381],[121.502569664855,25.0382620086784],[121.500815164828,25.0384724642396],[121.5008467,25.03852036],[121.49923722375564,25.036339844420194],[121.498448,25.034146],[121.49848,25.03422],[121.49746,25.03244],[121.49746,25.03244],[121.495950804601,25.0296582647227],[121.495950804601,25.0296582647227],[121.496505,25.028909],[121.49914,25.02935],[121.50037694828528,25.0289649585261],[121.50037694828528,25.0289649585261],[121.50026027816166,25.025052181005517],[121.50026027816166,25.025052181005517],[121.49999538902145,25.024019027640023],[121.49999538902145,25.024019027640023],[121.497234,25.01942],[121.497234,25.01942],[121.49565,25.01714],[121.49565,25.01714]]}},{"type":"Feature","properties":{"route_name":"675","color":"#dc5c3b"},"geometry":{"type":"LineString","coordinates":[[121.617342075005,25.0551425857593],[121.617342075005,25.0551425857593],[121.616849,25.056341],[121.616849,25.056341],[121.619311,25.059472],[121.619320046669,25.0594207806529],[121.57950353609606,25.056369580641974],[121.577715906746,25.0554380798046],[121.56665364964157,25.051513187536237],[121.56111056329053,25.05158012283465],[121.555516323112,25.0516596699759],[121.549520919642,25.0517934820293],[121.5444563164689,25.05191518176843],[121.54085264591662,25.051994714534274],[121.54085264591662,25.051994714534274],[121.537271345417,25.0520896887846],[121.533302047123,25.0521144980622],[121.5329145,25.04864879],[121.5328606,25.04460839],[121.532693,25.040288],[121.5326821,25.03851244],[121.5325798,25.03403642],[121.53346,25.03087],[121.53478,25.02639],[121.5345198,25.02466421],[121.534113646475,25.0215502113013],[121.5341124,25.02164507],[121.533435,25.018239],[121.533435,25.018239],[121.534517055222,25.0143047215272],[121.534517055222,25.0143047215272],[121.537808,25.0084374367022]]}},{"type":"Feature","properties":{"route_name":"676","color":"#dc5e3b"},"geometry":{"type":"LineString","coordinates":[[121.58021,24.99881],[121.58021,24.99881],[121.576778,24.9968],[121.576778,24.9968],[121.57363,24.993482],[121.57363,24.993482],[121.574153,24.99161],[121.574153,24.99161],[121.576757,24.989679],[121.576757,24.989679],[121.57604615193513,24.98782160454249],[121.57604615193513,24.98782160454249],[121.573881732316,24.9880845060964],[121.573881732316,24.9880845060964],[121.570606,24.986224],[121.570606,24.986224],[121.57011,24.984828],[121.57011,24.984828],[121.56895990914902,24.984131427903375],[121.56895990914902,24.984131427903375],[121.56695,24.98347],[121.56695,24.98347],[121.56460855354919,24.982712452429457],[121.56460855354919,24.982712452429457],[121.562389,24.98292781],[121.562389,24.98292781],[121.561829231052,24.9843077885823],[121.561829231052,24.9843077885823],[121.56078735305545,24.987245753153893],[121.56078735305545,24.987245753153893],[121.559942504895,24.989363359859],[121.559942504895,24.989363359859],[121.55919,24.990768],[121.55919,24.990768],[121.55883687781873,24.99243758851507],[121.55883687781873,24.99243758851507],[121.5594086,24.99385696],[121.5594086,24.99385696],[121.56012261539274,24.996452582031367],[121.56012261539274,24.996452582031367],[121.55947313859588,24.9977449509898],[121.55947313859588,24.9977449509898],[121.557829,24.999259],[121.557829,24.999259],[121.555797991874,25.0004051038435],[121.555797991874,25.0004051038435],[121.553039816886,25.001459963615],[121.550073640107,25.0009828977016],[121.547448469573,24.9995842974218],[121.545835,24.998953],[121.54393655953,24.999719170953],[121.542530095186,25.0015098013863],[121.542530095186,25.0015098013863],[121.539995594657,25.0042661031504],[121.539995594657,25.0042661031504],[121.538470307254,25.0076706783786],[121.53849,25.00761],[121.535185,25.013993],[121.535185,25.013993],[121.53375,25.018029],[121.534388191196,25.0214053337175],[121.5349231,25.02527096],[121.53384,25.03048],[121.5329027,25.03320526],[121.5328703,25.03779674],[121.5328758,25.04198981],[121.53299,25.045],[121.532997019655,25.0482736559236],[121.533087,25.0517997],[121.5331386,25.05453652],[121.533176617617,25.057613818954],[121.533394,25.063292],[121.533394,25.063292],[121.5333635,25.0671805],[121.5358965,25.06566199],[121.536726116591,25.0639456066029],[121.5334388,25.06252486],[121.5334388,25.06252486]]}},{"type":"Feature","properties":{"route_name":"677","color":"#dc613b"},"geometry":{"type":"LineString","coordinates":[[121.61668,25.068177],[121.61668,25.068177],[121.614308439756,25.068763284981],[121.614308439756,25.068763284981],[121.611642249953,25.0702607638519],[121.611642249953,25.0702607638519],[121.609308386226,25.0718101504888],[121.609308386226,25.0718101504888],[121.607610913193,25.0726213066526],[121.607610913193,25.0726213066526],[121.6072451,25.07543061],[121.6072451,25.07543061],[121.607197,25.078107],[121.607197,25.078107],[121.60525229995443,25.08303681690925],[121.60525229995443,25.08303681690925],[121.6025457,25.08373507],[121.6025457,25.08373507],[121.6000154,25.08478664],[121.6000154,25.08478664],[121.59638478301,25.0845601194501],[121.59638478301,25.0845601194501],[121.5943834,25.08468616],[121.5943834,25.08468616],[121.592340188865,25.0851216204339],[121.592340188865,25.0851216204339],[121.590672857706,25.0856636770114],[121.590672857706,25.0856636770114],[121.58887802199136,25.086529319087273],[121.58887802199136,25.086529319087273],[121.58649239370985,25.088502189264172],[121.58649239370985,25.088502189264172]]}},{"type":"Feature","properties":{"route_name":"677副","color":"#d43bdc"},"geometry":{"type":"LineString","coordinates":[[121.61668,25.068177],[121.61668,25.068177],[121.614308439756,25.068763284981],[121.614308439756,25.068763284981],[121.611642249953,25.0702607638519],[121.611642249953,25.0702607638519],[121.609308386226,25.0718101504888],[121.609308386226,25.0718101504888],[121.607610913193,25.0726213066526],[121.607610913193,25.0726213066526],[121.6072451,25.07543061],[121.6072451,25.07543061],[121.607197,25.078107],[121.607197,25.078107],[121.60525229995443,25.08303681690925],[121.60525229995443,25.08303681690925],[121.6025457,25.08373507],[121.6025457,25.08373507],[121.6000154,25.08478664],[121.6000154,25.08478664],[121.59638478301,25.0845601194501],[121.59638478301,25.0845601194501],[121.5943834,25.08468616],[121.5943834,25.08468616],[121.592340188865,25.0851216204339],[121.592340188865,25.0851216204339],[121.590672857706,25.0856636770114],[121.590672857706,25.0856636770114],[121.58887802199136,25.086529319087273],[121.58887802199136,25.086529319087273],[121.58649239370985,25.088502189264172],[121.58649239370985,25.088502189264172]]}},{"type":"Feature","properties":{"route_name":"678","color":"#dc643b"},"geometry":{"type":"LineString","coordinates":[[121.617342075005,25.0551425857593],[121.617342075005,25.0551425857593],[121.6156,25.05534],[121.6156,25.05534],[121.61366085593893,25.055463507638656],[121.61366085593893,25.055463507638656],[121.609776304165,25.0549683149017],[121.609776304165,25.0549683149017],[121.606693480964,25.0544113947875],[121.606693480964,25.0544113947875],[121.6036135,25.05385654],[121.603501503157,25.0538268750408],[121.600631965419,25.053410287006],[121.600631965419,25.053410287006],[121.598727,25.05384],[121.598727,25.05384],[121.595509916336,25.0544903819023],[121.59552,25.0546],[121.59255973649874,25.05440689628416],[121.59255973649874,25.05440689628416],[121.589992575868,25.0535036880317],[121.589992575868,25.0535036880317],[121.587762,25.053169],[121.587762,25.053169],[121.585050803739,25.0526502598819],[121.585050803739,25.0526502598819],[121.580911886242,25.0509225264878],[121.580911886242,25.0509225264878],[121.576598,25.050168],[121.576598,25.050168],[121.57491400582,25.0500731024231],[121.57491400582,25.0500731024231],[121.5716,25.05],[121.5716,25.05],[121.5682545,25.04799318],[121.5682545,25.04799318],[121.56628044728,25.0444493988665],[121.56628044728,25.0444493988665],[121.565249,25.040991],[121.565249,25.040991],[121.5653434,25.03683458],[121.5653434,25.03683458],[121.564528,25.035992],[121.564528,25.035992],[121.563754,25.038332],[121.563754,25.038332]]}},{"type":"Feature","properties":{"route_name":"679","color":"#dc663b"},"geometry":{"type":"LineString","coordinates":[[121.58021,24.99881],[121.58021,24.99881],[121.576778,24.9968],[121.576778,24.9968],[121.57363,24.993482],[121.57363,24.993482],[121.574153,24.99161],[121.574153,24.99161],[121.576757,24.989679],[121.576757,24.989679],[121.573881732316,24.9880845060964],[121.573881732316,24.9880845060964],[121.56997997801,24.987746922127],[121.56997997801,24.987746922127],[121.5686729036256,24.98794462737213],[121.5686729036256,24.98794462737213],[121.56980715638664,24.98976355883173],[121.56980715638664,24.98976355883173],[121.57111522305,24.9913142071305],[121.57111522305,24.9913142071305],[121.5716055,24.99360167],[121.5716055,24.99360167],[121.57232800362569,24.996044970003638],[121.57232800362569,24.996044970003638],[121.5743716,24.99787339],[121.5743091,24.99783812],[121.57533,24.99899],[121.57533,24.99899],[121.57937,25.00102],[121.57937,25.00102],[121.58301,25.00261],[121.58301,25.00261],[121.584612472655,25.0029972947861],[121.584612472655,25.0029972947861],[121.58947304948941,25.00068878171876],[121.58947304948941,25.00068878171876],[121.590552451575,24.9998141769425],[121.590552451575,24.9998141769425],[121.595183821322,25.0022030300169],[121.5951402,25.00225632],[121.623444406143,25.0181521125487],[121.622274,25.019693],[121.623751641276,25.021787596715],[121.6244801,25.02497284],[121.623735843062,25.0265278209575],[121.621327582177,25.02983169705],[121.62076,25.03724],[121.621016,25.039526],[121.619044433004,25.0409122787157],[121.616561,25.043422],[121.615639,25.045074],[121.615728,25.047462],[121.61601678871844,25.048610235261958],[121.61603141641,25.0515460114719],[121.6156,25.05534],[121.6156,25.05534],[121.61366085593893,25.055463507638656],[121.61366085593893,25.055463507638656],[121.609776304165,25.0549683149017],[121.609776304165,25.0549683149017],[121.6069591,25.05340065],[121.6069591,25.05340065]]}},{"type":"Feature","properties":{"route_name":"68","color":"#c13bdc"},"geometry":{"type":"LineString","coordinates":[[121.500102,25.102928],[121.501442,25.10163],[121.502682,25.101263],[121.504476019722,25.1003822071101],[121.50562988182526,25.10041172252245],[121.507447,25.100501],[121.515234,25.096205],[121.51711224794106,25.09415239272792],[121.51711224794106,25.09415239272792],[121.519189,25.092636],[121.519189,25.092636],[121.52330153373,25.0946048451863],[121.52330153373,25.0946048451863],[121.524789386925,25.094058815207],[121.526725,25.090999],[121.526768,25.090914],[121.525031,25.084952],[121.525031,25.084952]]}},{"type":"Feature","properties":{"route_name":"680","color":"#dca13b"},"geometry":{"type":"LineString","coordinates":[[121.562293962737,25.0143745337282],[121.56085606375822,25.015923661863052],[121.557953,25.019475],[121.55616,25.021127],[121.554225,25.022926],[121.550915062346,25.0245319230801],[121.547497854598,25.0247072352904],[121.5448151,25.02482681],[121.542376119519,25.0251035284638],[121.54065,25.02532],[121.539154243763,25.0255275256686],[121.53631985296,25.0259280472003],[121.53384,25.03048],[121.5329027,25.03320526],[121.5328703,25.03779674],[121.5328758,25.04198981],[121.53299,25.045],[121.532997019655,25.0482736559236],[121.533087,25.0517997],[121.5331386,25.05453652],[121.535046,25.057791],[121.535046,25.057791],[121.5381394,25.05772436],[121.5381394,25.05772436],[121.5428,25.057628],[121.5428,25.057628],[121.544405,25.060855],[121.5444202,25.06414996],[121.5453154,25.07971159],[121.5479855392,25.0802161011772],[121.5488002,25.08160965],[121.549307259251,25.0837373733406],[121.54728315713145,25.096654067919133],[121.5459328,25.09806813],[121.5459327705,25.098068128396],[121.543765927365,25.0972634661547],[121.543765927365,25.0972634661547],[121.541307,25.097411],[121.541307,25.097411],[121.539849,25.097585],[121.5398491,25.0975852],[121.53824562909286,25.098005332485762],[121.53824562909286,25.098005332485762],[121.534030294965,25.0977513146504],[121.53392,25.09776],[121.53144,25.0965],[121.53144,25.0965],[121.52976,25.0962],[121.52976,25.0962],[121.527715,25.097204],[121.52496462789321,25.105464036905595],[121.525339,25.10833609],[121.525980301506,25.1114606666738],[121.527168964819,25.1136575672193],[121.52816,25.11569],[121.53084,25.11927],[121.5315658,25.121299],[121.53273,25.12424],[121.53245,25.12420428],[121.53187,25.12262],[121.53134848347,25.12124699952],[121.53060908611,25.1193246795518],[121.5308437,25.118085],[121.53533,25.11807],[121.53707,25.11807],[121.53898,25.11525]]}},{"type":"Feature","properties":{"route_name":"681","color":"#dca43b"},"geometry":{"type":"LineString","coordinates":[[121.603466,25.062478],[121.611416,25.066845],[121.611642249953,25.0702607638519],[121.611642249953,25.0702607638519],[121.609308386226,25.0718101504888],[121.609308386226,25.0718101504888],[121.607610913193,25.0726213066526],[121.607610913193,25.0726213066526],[121.6072451,25.07543061],[121.6072451,25.07543061],[121.607197,25.078107],[121.607197,25.078107],[121.60525229995443,25.08303681690925],[121.60525229995443,25.08303681690925],[121.6025457,25.08373507],[121.6025457,25.08373507],[121.6000154,25.08478664],[121.6000154,25.08478664],[121.59638478301,25.0845601194501],[121.59638478301,25.0845601194501],[121.593879114086,25.0834615421604],[121.59179366923021,25.081779319488682],[121.589838083526,25.0798544258006],[121.5883097,25.07901319],[121.5883097,25.07901319],[121.584351,25.078655],[121.584351,25.078655],[121.58078,25.07859],[121.5779835,25.07910692],[121.57610868441,25.0798366021365],[121.57610868441,25.0798366021365],[121.573860343024,25.0806380998734],[121.571386,25.081473],[121.569461375068,25.082118261496],[121.565868143978,25.0824213906562],[121.564098538475,25.0830692818289],[121.564098538475,25.0830692818289],[121.561535778783,25.0843810062584],[121.558119339359,25.0848172776379],[121.55468793143969,25.085303158353604],[121.55468793143969,25.085303158353604],[121.54728315713145,25.096654067919133],[121.5459327705,25.098068128396],[121.5459328,25.09806813],[121.543765927365,25.0972634661547],[121.543765927365,25.0972634661547],[121.541307,25.097411],[121.541307,25.097411],[121.539849,25.097585],[121.5398491,25.0975852],[121.53824562909286,25.098005332485762],[121.53824562909286,25.098005332485762],[121.537708683954,25.101779204864],[121.53702433513,25.1035131480372],[121.536903542185,25.1069424036663],[121.5381247,25.10410142],[121.540318712854,25.1020154099508],[121.543899657612,25.1050667160996],[121.5453823,25.10696523],[121.547020026043,25.1092441758524],[121.548654,25.110508],[121.55056001317,25.1143365915433],[121.5521,25.11785],[121.55309076524317,25.120427697654744],[121.55146530005,25.1230700246186],[121.55027648092783,25.124902973723618],[121.547624545151,25.1297799480943],[121.54684,25.13135],[121.546296671701,25.1361057782174],[121.5465825,25.13875593],[121.54965081795456,25.14067928068319],[121.54926514715302,25.14305029076675],[121.549608408559,25.1459354022478],[121.549325751061,25.1480738467069],[121.54960015536507,25.149638967548405],[121.5500578,25.1507481],[121.549636,25.151372],[121.5474217,25.15249728],[121.54608,25.15532]]}},{"type":"Feature","properties":{"route_name":"682","color":"#dca73b"},"geometry":{"type":"LineString","coordinates":[[121.465515545518,25.1249152150578],[121.4654787,25.12495029],[121.466372780603,25.1268926040896],[121.466372780603,25.1268926040896],[121.4686822,25.12828944],[121.46878900446,25.1283184382016],[121.471449088636,25.1297678333065],[121.4713284,25.12963447],[121.473445688734,25.1313688133648],[121.473445688734,25.1313688133648],[121.4750843,25.13266231],[121.4750896208,25.1326768057341],[121.476927,25.13408],[121.476927,25.13408],[121.47853,25.13511],[121.47853,25.13511],[121.4818555,25.13683994],[121.48193288446,25.1368858501904],[121.48494894973,25.138009138037],[121.48494894973,25.138009138037],[121.4875,25.138191],[121.4875,25.138191],[121.48925,25.13839],[121.48925,25.13839],[121.4923517,25.13807076],[121.4923517,25.13807076],[121.4957248,25.1366901],[121.4957248,25.1366901],[121.498029,25.135605],[121.498029,25.135605],[121.5007209,25.13384543],[121.5007209,25.13384543],[121.50131769692,25.1321537676007],[121.5013177,25.13218314],[121.501062,25.130163],[121.501062,25.130163],[121.5011176,25.1278803],[121.501189626271,25.1278841376109],[121.50068,25.12591],[121.50419,25.12098],[121.507204221793,25.120365436068],[121.508648,25.120154],[121.511691191756,25.1191852593947],[121.51367,25.11668],[121.51277,25.114301],[121.5105335296023,25.113305413702086],[121.50466,25.11607],[121.502414,25.11446],[121.497441758086,25.094151501983],[121.5020824,25.09001798],[121.502875912769,25.0896460928075],[121.504244,25.089298],[121.5056145,25.08933251],[121.5081045,25.0887967],[121.5098955,25.08883486],[121.50954,25.09057],[121.5070241,25.09179635],[121.5046468,25.09236688],[121.50203,25.09153]]}},{"type":"Feature","properties":{"route_name":"683","color":"#dca93b"},"geometry":{"type":"LineString","coordinates":[[121.504476019722,25.1003822071101],[121.50562988182526,25.10041172252245],[121.507447,25.100501],[121.51404308646119,25.095130545514156],[121.517833,25.089884],[121.5181604458413,25.089126426302588],[121.5177634,25.08731858],[121.519433,25.085356],[121.51951,25.08654],[121.51989,25.091],[121.51989,25.091],[121.519189,25.092636],[121.519189,25.092636],[121.52330153373,25.0946048451863],[121.52330153373,25.0946048451863],[121.5270438,25.09550407],[121.5270438,25.09550407],[121.5290055,25.09583325],[121.5290055,25.09583325],[121.531395,25.096324],[121.531395,25.096324],[121.5334915,25.097224],[121.533481875716,25.0972847950979],[121.53792,25.097779],[121.53792,25.097779],[121.54021,25.09725],[121.540175948519,25.0972328685249],[121.541888,25.097131],[121.541888,25.097131],[121.54455,25.09704],[121.54679912183309,25.09735486763365],[121.551895985064,25.0858624708036],[121.555253,25.08484],[121.555253,25.08484],[121.558196913178,25.0845384449731],[121.5615165067,25.0841512660387],[121.56384168984,25.0829452709661],[121.56384168984,25.0829452709661],[121.565884872161,25.0821974042872],[121.565884872161,25.0821974042872],[121.56904542401,25.0819632554949],[121.56904542401,25.0819632554949],[121.57184,25.081132],[121.57184,25.081132],[121.574618145655,25.0801493693391],[121.574618145655,25.0801493693391],[121.578396,25.078683],[121.578396,25.078683],[121.581597209792,25.0783569202296],[121.5841327,25.07840172],[121.5841327,25.07840172],[121.587565869008,25.0787035812339],[121.589939880159,25.0796177267452],[121.59200882874,25.0816997666211],[121.594132,25.08334],[121.59841,25.08456],[121.59841,25.08456],[121.600182,25.08453],[121.600182,25.08453],[121.602592,25.08343],[121.602592,25.08343],[121.6048,25.08288733],[121.6048,25.08288733],[121.606985,25.077575],[121.606985,25.077575],[121.60709165757346,25.076003252282835],[121.60709165757346,25.076003252282835],[121.60631194598926,25.07432866824676],[121.60631194598926,25.07432866824676],[121.6075013,25.07246542],[121.6075013,25.07246542],[121.609320074507,25.0716328345384],[121.609320074507,25.0716328345384],[121.6116528,25.06996983],[121.61150222666,25.0674930032886],[121.61150222666,25.0674930032886],[121.61282,25.05914],[121.61282,25.05914],[121.61005754124962,25.05937408357435],[121.61005754124962,25.05937408357435],[121.60895745708942,25.05887707963565],[121.60895745708942,25.05887707963565],[121.607046,25.056276],[121.61066212694543,25.05493375102052],[121.61066212694543,25.05493375102052]]}},{"type":"Feature","properties":{"route_name":"683預","color":"#3b3edc"},"geometry":{"type":"LineString","coordinates":[[121.504476019722,25.1003822071101],[121.50562988182526,25.10041172252245],[121.507447,25.100501],[121.51404308646119,25.095130545514156],[121.517833,25.089884],[121.5181604458413,25.089126426302588],[121.5177634,25.08731858],[121.519331,25.085362],[121.51951,25.08654],[121.51989,25.091],[121.51989,25.091],[121.519189,25.092636],[121.519189,25.092636],[121.52330153373,25.0946048451863],[121.52330153373,25.0946048451863],[121.5270438,25.09550407],[121.5270438,25.09550407],[121.5290055,25.09583325],[121.5290055,25.09583325],[121.531395,25.096324],[121.531395,25.096324],[121.533481875716,25.0972847950979],[121.5334915,25.097224],[121.53792,25.097779],[121.53792,25.097779],[121.540175948519,25.0972328685249],[121.54021,25.09725],[121.541888,25.097131],[121.541888,25.097131],[121.54455,25.09704],[121.54679912183309,25.09735486763365],[121.551895985064,25.0858624708036],[121.555253,25.08484],[121.555253,25.08484],[121.558196913178,25.0845384449731],[121.5615165067,25.0841512660387],[121.56384168984,25.0829452709661],[121.56384168984,25.0829452709661],[121.565884872161,25.0821974042872],[121.565884872161,25.0821974042872],[121.56904542401,25.0819632554949],[121.56904542401,25.0819632554949],[121.57184,25.081132],[121.57184,25.081132],[121.574618145655,25.0801493693391],[121.574618145655,25.0801493693391],[121.578396,25.078683],[121.578396,25.078683],[121.581597209792,25.0783569202296],[121.5841327,25.07840172],[121.5841327,25.07840172],[121.587565869008,25.0787035812339],[121.589939880159,25.0796177267452],[121.59200882874,25.0816997666211],[121.594132,25.08334],[121.59841,25.08456],[121.59841,25.08456],[121.600182,25.08453],[121.600182,25.08453],[121.602592,25.08343],[121.602592,25.08343],[121.6048,25.08288733],[121.6048,25.08288733],[121.606985,25.077575],[121.606985,25.077575],[121.60709165757346,25.076003252282835],[121.60709165757346,25.076003252282835],[121.60631194598926,25.07432866824676],[121.60631194598926,25.07432866824676],[121.6075013,25.07246542],[121.6075013,25.07246542],[121.609320074507,25.0716328345384],[121.609320074507,25.0716328345384],[121.6116528,25.06996983],[121.61150222666,25.0674930032886],[121.61150222666,25.0674930032886],[121.61282,25.05914],[121.61282,25.05914],[121.61005754124962,25.05937408357435],[121.61005754124962,25.05937408357435],[121.60895745708942,25.05887707963565],[121.60895745708942,25.05887707963565],[121.607046,25.056276],[121.61066212694543,25.05493375102052],[121.61066212694543,25.05493375102052]]}},{"type":"Feature","properties":{"route_name":"685","color":"#dcaf3b"},"geometry":{"type":"LineString","coordinates":[[121.56085606375822,25.015923661863052],[121.557953,25.019475],[121.55616,25.021127],[121.554225,25.022926],[121.550915062346,25.0245319230801],[121.547497854598,25.0247072352904],[121.5448151,25.02482681],[121.5435778,25.02598619],[121.5435778,25.02598619],[121.54359,25.029],[121.5436779,25.0319747],[121.54387,25.0341],[121.54387,25.0341],[121.543866,25.035508],[121.543905345353,25.0385037857679],[121.54391,25.042932],[121.54391,25.042932],[121.54399,25.04531],[121.54397,25.049009],[121.544248,25.052679],[121.544225,25.055306],[121.544388,25.058117],[121.544405,25.060855],[121.541275218891,25.0623959365736],[121.541275218891,25.0623959365736],[121.53746,25.06248317],[121.53746,25.06248317],[121.5334388,25.06252486],[121.5334388,25.06252486],[121.529148,25.062636],[121.529148,25.062636],[121.52798329556133,25.06385884449781],[121.528089,25.066076],[121.52804750361558,25.06761882553957],[121.53039,25.063273],[121.53043612268,25.0646446447265],[121.530461591151,25.0671453212593],[121.529100012174,25.0683993097876],[121.524381872313,25.0805889011559],[121.52663,25.08697],[121.527703,25.091209],[121.528319753964,25.0947774592454],[121.527797,25.096957],[121.525683877315,25.1039067740372],[121.528640834207,25.1050501328713],[121.530534,25.105428],[121.5328397,25.10834],[121.53168417722993,25.108980959639226],[121.53065017432,25.1095102588294],[121.53189,25.11328],[121.534692981633,25.1173302889076],[121.5311071,25.11823857],[121.53084,25.11927],[121.5315658,25.121299],[121.53273,25.12424]]}},{"type":"Feature","properties":{"route_name":"688","color":"#dcb73b"},"geometry":{"type":"LineString","coordinates":[[121.534472,25.067193],[121.530399427523,25.0671439681624],[121.5302915,25.065151],[121.530295913433,25.0633783394423],[121.5328589,25.0624771],[121.5328589,25.0624771],[121.5364984,25.06236889],[121.5364984,25.06236889],[121.540554014847,25.0623255291835],[121.540554014847,25.0623255291835],[121.5438692,25.06227185],[121.5438692,25.06227185],[121.54762539917303,25.062020643130538],[121.54762539917303,25.062020643130538],[121.5496186,25.06158785],[121.548902,25.057956],[121.548902,25.057956],[121.54883,25.05458],[121.54883,25.05458],[121.548768,25.052139],[121.548768,25.052139],[121.54874,25.04864],[121.54874,25.04864],[121.548797,25.04527113],[121.548797,25.04527113],[121.5487541,25.04186596],[121.5487541,25.04186596],[121.548697,25.039043],[121.548697,25.039043],[121.548726,25.033775],[121.548726,25.033775],[121.5483934,25.03207451],[121.5483934,25.03207451],[121.5484575,25.0284111],[121.5484575,25.0284111],[121.548418,25.026461],[121.548418,25.026461],[121.54858,25.02391],[121.54858,25.02391],[121.54763,25.02024],[121.54763,25.02024],[121.5456371524934,25.01851242321545],[121.5456371524934,25.01851242321545],[121.5422472,25.01571376],[121.5422472,25.01571376],[121.540464,25.01415156],[121.540464,25.01415156],[121.538069443257,25.0121089588721],[121.538069443257,25.0121089588721]]}},{"type":"Feature","properties":{"route_name":"701","color":"#dc913b"},"geometry":{"type":"LineString","coordinates":[[121.496932,25.035263],[121.496932,25.035263],[121.498804,25.03520468],[121.501585,25.036891],[121.501585,25.036891],[121.5019792,25.03968147],[121.5019792,25.03968147],[121.502463,25.042344],[121.502463,25.042344],[121.503074,25.044994],[121.503074,25.044994],[121.505237,25.045991],[121.505237,25.045991]]}},{"type":"Feature","properties":{"route_name":"705","color":"#dc9c3b"},"geometry":{"type":"LineString","coordinates":[[121.4941737,25.02715329],[121.4941737,25.02715329],[121.496162828269,25.0295844111411],[121.496162828269,25.0295844111411],[121.497718,25.03244],[121.497718,25.03244],[121.4987728,25.03418554],[121.498768,25.034147],[121.5000845,25.03514822],[121.500164,25.035143],[121.501585,25.036891],[121.501585,25.036891],[121.5019792,25.03968147],[121.5019792,25.03968147],[121.502463,25.042344],[121.502463,25.042344],[121.503074,25.044994],[121.503074,25.044994],[121.505237,25.045991],[121.505237,25.045991]]}},{"type":"Feature","properties":{"route_name":"706","color":"#dc9e3b"},"geometry":{"type":"LineString","coordinates":[[121.516898839078,25.0242546637841],[121.516898839078,25.0242546637841],[121.5155658,25.02907366],[121.5155658,25.02907366],[121.514086870192,25.0326456333347],[121.514086870192,25.0326456333347],[121.51145502265425,25.035878170399293],[121.51145502265425,25.035878170399293],[121.508728,25.036841],[121.508728,25.036841],[121.508187414094,25.0409980900087],[121.5082192,25.04094605],[121.5093021,25.04495097]]}},{"type":"Feature","properties":{"route_name":"707","color":"#dca13b"},"geometry":{"type":"LineString","coordinates":[[121.538530831111,25.0120963546845],[121.538530831111,25.0120963546845],[121.54013379820495,25.013398935169228],[121.54013379820495,25.013398935169228],[121.542468,25.015403],[121.542468,25.015403],[121.5448494574872,25.0174253459055],[121.5448494574872,25.0174253459055],[121.54746,25.01963],[121.54746,25.01963],[121.54898,25.02391],[121.54898,25.02391],[121.549033716258,25.0275992243505],[121.5490337,25.02759922],[121.54906,25.02967],[121.54906,25.02967],[121.54906,25.03196],[121.54906,25.03196],[121.5490897913242,25.035951071734246],[121.5490897913242,25.035951071734246],[121.549163,25.039336],[121.549163,25.039336],[121.549174,25.0430127],[121.549174,25.0430127],[121.5491941,25.04575795],[121.5491941,25.04575795],[121.549204,25.048949],[121.549204,25.048949],[121.54933,25.05258],[121.54933,25.05258],[121.5492693,25.05668072],[121.5492693,25.05668072],[121.55019898812432,25.05971079181516],[121.55019898812432,25.05971079181516]]}},{"type":"Feature","properties":{"route_name":"711","color":"#d4dc3b"},"geometry":{"type":"LineString","coordinates":[[121.61668,25.068177],[121.61668,25.068177],[121.614308439756,25.068763284981],[121.614308439756,25.068763284981],[121.61150222666,25.0674930032886],[121.61150222666,25.0674930032886],[121.61407454595626,25.0587135046885],[121.61407454595626,25.0587135046885],[121.61389139258283,25.05655055325109],[121.61389139258283,25.05655055325109],[121.609776304165,25.0549683149017],[121.609776304165,25.0549683149017],[121.606693480964,25.0544113947875],[121.606693480964,25.0544113947875],[121.603501503157,25.0538268750408],[121.6036135,25.05385654],[121.600631965419,25.053410287006],[121.600631965419,25.053410287006],[121.598727,25.05384],[121.598727,25.05384],[121.59552,25.0546],[121.595509916336,25.0544903819023],[121.59255973649874,25.05440689628416],[121.59255973649874,25.05440689628416],[121.589992575868,25.0535036880317],[121.589992575868,25.0535036880317],[121.587762,25.053169],[121.587762,25.053169],[121.585050803739,25.0526502598819],[121.585050803739,25.0526502598819],[121.580911886242,25.0509225264878],[121.580911886242,25.0509225264878],[121.576598,25.050168],[121.576598,25.050168],[121.57491400582,25.0500731024231],[121.57491400582,25.0500731024231],[121.571871,25.050387],[121.569058,25.051515],[121.56665364964157,25.051513187536237],[121.56111056329053,25.05158012283465],[121.555516323112,25.0516596699759],[121.549520919642,25.0517934820293],[121.5444563164689,25.05191518176843],[121.54085264591662,25.051994714534274],[121.54085264591662,25.051994714534274],[121.537271345417,25.0520896887846],[121.533302047123,25.0521144980622],[121.530332504829,25.0521129968997],[121.525717467074,25.0521676118001],[121.519866,25.052867],[121.519866,25.052867],[121.5151374,25.05143327]]}},{"type":"Feature","properties":{"route_name":"72","color":"#dc3bb4"},"geometry":{"type":"LineString","coordinates":[[121.562293962737,25.0143745337282],[121.56085606375822,25.015923661863052],[121.557953,25.019475],[121.55616,25.021127],[121.554225,25.022926],[121.550915062346,25.0245319230801],[121.547497854598,25.0247072352904],[121.5448151,25.02482681],[121.542376119519,25.0251035284638],[121.54065,25.02532],[121.539154243763,25.0255275256686],[121.53631985296,25.0259280472003],[121.53384,25.03048],[121.5329027,25.03320526],[121.5328703,25.03779674],[121.5328758,25.04198981],[121.53299,25.045],[121.532997019655,25.0482736559236],[121.533087,25.0517997],[121.5331386,25.05453652],[121.533176617617,25.057613818954],[121.533394,25.063292],[121.533394,25.063292],[121.5333635,25.0671805],[121.536368939523,25.0723302205134],[121.5408,25.072283],[121.5453154,25.07971159],[121.5479855392,25.0802161011772],[121.5488002,25.08160965],[121.549307259251,25.0837373733406],[121.551895985064,25.0858624708036],[121.555253,25.08484],[121.555253,25.08484],[121.558196913178,25.0845384449731],[121.5584464,25.08185576],[121.5574829,25.08002077],[121.556408099291,25.0813388630833]]}},{"type":"Feature","properties":{"route_name":"756","color":"#3bbcdc"},"geometry":{"type":"LineString","coordinates":[[121.46505,25.12347],[121.46505,25.12347],[121.47061,25.12274],[121.47061,25.12274],[121.501973,25.118907],[121.501973,25.118907],[121.503568,25.117433],[121.503568,25.117433],[121.50638,25.11487],[121.506438836067,25.114726442462],[121.508727083955,25.1127066443373],[121.508727083955,25.1127066443373],[121.511788,25.105283],[121.51195122674679,25.10302567688198],[121.51404308646119,25.095130545514156],[121.517833,25.089884],[121.5204586,25.08926881],[121.521560747477,25.0885191533109],[121.5233264,25.08346835],[121.5223096,25.08105624],[121.5191524,25.07344017],[121.5183341,25.07106623],[121.5183341,25.07106623],[121.5182324,25.06788969],[121.518267306546,25.0679133670728],[121.5181,25.06487427],[121.5181,25.06487427],[121.518152,25.062226],[121.5179896,25.05672598],[121.5179896,25.05672598],[121.5167729,25.05073509],[121.5167729,25.05073509],[121.510332,25.04924],[121.510332531364,25.0492507169836]]}},{"type":"Feature","properties":{"route_name":"757","color":"#3bb9dc"},"geometry":{"type":"LineString","coordinates":[[121.46505,25.12347],[121.46505,25.12347],[121.47061,25.12274],[121.47061,25.12274],[121.501973,25.118907],[121.501973,25.118907],[121.503568,25.117433],[121.503568,25.117433],[121.506438836067,25.114726442462],[121.50638,25.11487],[121.508727083955,25.1127066443373],[121.508727083955,25.1127066443373],[121.511788,25.105283],[121.51195122674679,25.10302567688198],[121.51404308646119,25.095130545514156],[121.51144611421903,25.084340383790973],[121.51261,25.08192],[121.5136892,25.07451003],[121.5136892,25.07451003],[121.51367,25.07328],[121.51367,25.07328],[121.5137100606,25.0688798965403],[121.5136438,25.06615028],[121.513516380874,25.0633249732882],[121.5135212,25.06097974],[121.513509342762,25.060980060423],[121.5136927,25.05715048],[121.51369271164,25.0571504842388],[121.514022,25.055504],[121.514022,25.055504],[121.514023920514,25.0530178614119],[121.514023920514,25.0530178614119],[121.51344796988172,25.050402129064192],[121.51344796988172,25.050402129064192],[121.5106101265,25.0506096983314],[121.5106101265,25.0506096983314]]}},{"type":"Feature","properties":{"route_name":"758","color":"#3bb7dc"},"geometry":{"type":"LineString","coordinates":[[121.502346,25.042608],[121.502346,25.042608],[121.50367,25.041536],[121.50367,25.041536],[121.5051324,25.04153818],[121.5051324,25.04153818],[121.507436,25.04202065],[121.507436,25.04202065],[121.5091008,25.0390539],[121.514486272409,25.0385833202908],[121.52070098538395,25.03723469016352],[121.52392406077344,25.03564868242583],[121.5268262109198,25.034191768178662],[121.52972531757206,25.03372668176573],[121.5321735300744,25.033583332926412],[121.53542376322785,25.03352937220551],[121.53906320415818,25.033444679044305],[121.54326844618258,25.033375050631893],[121.54563534893852,25.03331117343357],[121.54820957149374,25.033281131508218],[121.55122687477919,25.033180975171472],[121.553994124674,25.0330873803964],[121.55687,25.03311],[121.5586001,25.03159406],[121.5586001,25.03159406],[121.556522,25.028215],[121.556522,25.028215],[121.555194,25.02686],[121.553534505165,25.0232432826612],[121.555910878022,25.0210340657202],[121.5578044,25.01926083],[121.55853,25.01825],[121.561041,25.015473],[121.562466432938,25.0138741581322]]}},{"type":"Feature","properties":{"route_name":"783","color":"#ac3bdc"},"geometry":{"type":"LineString","coordinates":[[121.502346,25.042608],[121.502346,25.042608],[121.50367,25.041536],[121.50367,25.041536],[121.5051324,25.04153818],[121.5051324,25.04153818],[121.507436,25.04202065],[121.507436,25.04202065],[121.509834083745,25.0414915346214],[121.509834083745,25.0414915346214],[121.511555,25.043262],[121.511555,25.043262],[121.51018571259864,25.046034860361424],[121.51018571259864,25.046034860361424]]}},{"type":"Feature","properties":{"route_name":"785","color":"#b13bdc"},"geometry":{"type":"LineString","coordinates":[[121.5135212,25.06097974],[121.513509342762,25.060980060423],[121.5136927,25.05715048],[121.51369271164,25.0571504842388],[121.514022,25.055504],[121.514022,25.055504],[121.514023920514,25.0530178614119],[121.514023920514,25.0530178614119],[121.51344796988172,25.050402129064192],[121.51344796988172,25.050402129064192]]}},{"type":"Feature","properties":{"route_name":"793","color":"#dc3bb9"},"geometry":{"type":"LineString","coordinates":[[121.55568,24.980335],[121.55568,24.980335],[121.5583622,24.98100977],[121.5583622,24.98100977],[121.559783932422,24.9813802657801],[121.559783932422,24.9813802657801],[121.561802,24.981856],[121.561802,24.981856],[121.56456790757427,24.982503951501606],[121.56456790757427,24.982503951501606],[121.56636,24.98305],[121.56636,24.98305],[121.568528509552,24.9837877068618],[121.568528509552,24.9837877068618],[121.570615,24.985348],[121.570622,24.98551],[121.570722800802,24.9871941238226],[121.5707228,24.98719412],[121.57084690242372,24.989578452014587],[121.57084690242372,24.989578452014587],[121.57111522305,24.9913142071305],[121.57111522305,24.9913142071305],[121.573853,24.992819],[121.573853,24.992819],[121.576197,24.996309],[121.576285,24.99626767],[121.57996,24.99857],[121.57996,24.99857]]}},{"type":"Feature","properties":{"route_name":"795往十分寮(台灣好行-木柵平溪線)","color":"#dccc3b"},"geometry":{"type":"LineString","coordinates":[[121.58021,24.99881],[121.58021,24.99881],[121.576778,24.9968],[121.576778,24.9968],[121.57363,24.993482],[121.57363,24.993482],[121.57021793429796,24.99177996801887],[121.57021793429796,24.99177996801887],[121.56627904290634,24.990657247443593],[121.56627904290634,24.990657247443593],[121.56463398583439,24.989753847794294],[121.56463398583439,24.989753847794294],[121.56657,24.9885],[121.56657,24.9885],[121.56980715638664,24.98976355883173],[121.56980715638664,24.98976355883173],[121.57111522305,24.9913142071305],[121.57111522305,24.9913142071305],[121.5716055,24.99360167],[121.5716055,24.99360167],[121.57232800362569,24.996044970003638],[121.57232800362569,24.996044970003638],[121.5743716,24.99787339],[121.5743091,24.99783812],[121.57533,24.99899],[121.57533,24.99899],[121.57937,25.00102],[121.57937,25.00102],[121.58301,25.00261],[121.58301,25.00261],[121.58947304948941,25.00068878171876],[121.58947304948941,25.00068878171876],[121.590552451575,24.9998141769425],[121.590552451575,24.9998141769425],[121.5951402,25.00225632],[121.595183821322,25.0022030300169]]}},{"type":"Feature","properties":{"route_name":"795往平溪(台灣好行-木柵平溪線)","color":"#d73bdc"},"geometry":{"type":"LineString","coordinates":[[121.58021,24.99881],[121.58021,24.99881],[121.576778,24.9968],[121.576778,24.9968],[121.57363,24.993482],[121.57363,24.993482],[121.57021793429796,24.99177996801887],[121.57021793429796,24.99177996801887],[121.56627904290634,24.990657247443593],[121.56627904290634,24.990657247443593],[121.56463398583439,24.989753847794294],[121.56463398583439,24.989753847794294],[121.56657,24.9885],[121.56657,24.9885],[121.56980715638664,24.98976355883173],[121.56980715638664,24.98976355883173],[121.57111522305,24.9913142071305],[121.57111522305,24.9913142071305],[121.5716055,24.99360167],[121.5716055,24.99360167],[121.57232800362569,24.996044970003638],[121.57232800362569,24.996044970003638],[121.5743716,24.99787339],[121.5743091,24.99783812],[121.57533,24.99899],[121.57533,24.99899],[121.57937,25.00102],[121.57937,25.00102],[121.58301,25.00261],[121.58301,25.00261],[121.58947304948941,25.00068878171876],[121.58947304948941,25.00068878171876],[121.590552451575,24.9998141769425],[121.590552451575,24.9998141769425],[121.5951402,25.00225632],[121.595183821322,25.0022030300169]]}},{"type":"Feature","properties":{"route_name":"795往木柵(台灣好行-木柵平溪線)","color":"#bcdc3b"},"geometry":{"type":"LineString","coordinates":[[121.595983977281,25.0042464092937],[121.595983977281,25.0042464092937],[121.59504,25.00246],[121.59504,25.00246],[121.5913505957924,24.999402832437188],[121.5913505957924,24.999402832437188],[121.58954681023364,25.000950102464405],[121.58954681023364,25.000950102464405],[121.583287778248,25.0028393386766],[121.583287778248,25.0028393386766],[121.579255519338,25.0011783104188],[121.579255519338,25.0011783104188],[121.575395362596,24.9993898137115],[121.575395362596,24.9993898137115],[121.57396,24.997735],[121.57396,24.997735],[121.572590803415,24.9965014109618],[121.572590803415,24.9965014109618],[121.571444566484,24.9935653207503],[121.571444566484,24.9935653207503],[121.570973024858,24.9913094198003],[121.570973024858,24.9913094198003],[121.56999253194654,24.990114359213134],[121.56999253194654,24.990114359213134],[121.566361887311,24.9885790493873],[121.566361887311,24.9885790493873],[121.564680250523,24.9895792490522],[121.564680250523,24.9895792490522],[121.566356005774,24.9904710370064],[121.566356005774,24.9904710370064],[121.5701829379833,24.99161145656871],[121.5701829379833,24.99161145656871],[121.573853,24.992819],[121.573853,24.992819],[121.576197,24.996309],[121.576285,24.99626767],[121.57996,24.99857],[121.57996,24.99857]]}},{"type":"Feature","properties":{"route_name":"796","color":"#dc3bb1"},"geometry":{"type":"LineString","coordinates":[[121.58954681023364,25.000950102464405],[121.58954681023364,25.000950102464405],[121.583287778248,25.0028393386766],[121.583287778248,25.0028393386766],[121.579255519338,25.0011783104188],[121.579255519338,25.0011783104188],[121.575395362596,24.9993898137115],[121.575395362596,24.9993898137115],[121.57396,24.997735],[121.57396,24.997735],[121.572590803415,24.9965014109618],[121.572590803415,24.9965014109618],[121.571444566484,24.9935653207503],[121.571444566484,24.9935653207503],[121.570973024858,24.9913094198003],[121.570973024858,24.9913094198003],[121.56999253194654,24.990114359213134],[121.56999253194654,24.990114359213134],[121.5685523,24.98849886],[121.5685523,24.98849886],[121.5675834,24.98591966],[121.5675834,24.98591966],[121.565877,24.983723],[121.565878316644,24.9837214466608],[121.56460855354919,24.982712452429457],[121.56460855354919,24.982712452429457],[121.561849824052,24.9820534481377],[121.561849824052,24.9820534481377],[121.56033392387744,24.981733915823476],[121.56033392387744,24.981733915823476],[121.558272457788,24.9811534735698],[121.558272457788,24.9811534735698],[121.555554,24.980465],[121.555554,24.980465]]}},{"type":"Feature","properties":{"route_name":"797","color":"#dc3baf"},"geometry":{"type":"LineString","coordinates":[[121.502490233032,25.0399728811606],[121.502490233032,25.0399728811606],[121.50582384788,25.03944952637],[121.50582384788,25.03944952637],[121.508285900629,25.041730058378],[121.508285900629,25.041730058378],[121.509380726049,25.0456964941835],[121.5094213,25.04568121],[121.5106101265,25.0506096983314],[121.5106101265,25.0506096983314],[121.510462439727,25.0528521380205],[121.510462439727,25.0528521380205],[121.51130002943,25.053799726585],[121.51130002943,25.053799726585],[121.513268344324,25.0539552344985],[121.5132,25.05398],[121.515705430802,25.053651217399],[121.515705430802,25.053651217399],[121.5167729,25.05073509],[121.5167729,25.05073509]]}},{"type":"Feature","properties":{"route_name":"799","color":"#dc3ba9"},"geometry":{"type":"LineString","coordinates":[[121.502490233032,25.0399728811606],[121.502490233032,25.0399728811606],[121.50469,25.0422],[121.50469,25.0422],[121.50533,25.04463],[121.50533,25.04463],[121.508765096201,25.0445846194834],[121.508730726888,25.0445534816171],[121.50665358531,25.042689544956],[121.50665358531,25.042689544956]]}},{"type":"Feature","properties":{"route_name":"801","color":"#943bdc"},"geometry":{"type":"LineString","coordinates":[[121.5178677888,25.0628480067],[121.5178677888,25.0628480067],[121.5223009,25.06271419],[121.5223009,25.06271419],[121.5253813,25.06266873],[121.5253813,25.06266873],[121.5300637,25.06254664],[121.5300637,25.06254664],[121.5328589,25.0624771],[121.5328589,25.0624771],[121.5364984,25.06236889],[121.5364984,25.06236889],[121.540554014847,25.0623255291835],[121.540554014847,25.0623255291835],[121.5438692,25.06227185],[121.5438692,25.06227185],[121.54762539917303,25.062020643130538],[121.54762539917303,25.062020643130538],[121.55196,25.063277],[121.55196,25.063277]]}},{"type":"Feature","properties":{"route_name":"803","color":"#993bdc"},"geometry":{"type":"LineString","coordinates":[[121.5178677888,25.0628480067],[121.5178677888,25.0628480067],[121.5223009,25.06271419],[121.5223009,25.06271419],[121.5253813,25.06266873],[121.5253813,25.06266873],[121.5300637,25.06254664],[121.5300637,25.06254664],[121.5328589,25.0624771],[121.5328589,25.0624771],[121.5364984,25.06236889],[121.5364984,25.06236889],[121.540554014847,25.0623255291835],[121.540554014847,25.0623255291835],[121.5438692,25.06227185],[121.5438692,25.06227185],[121.54762539917303,25.062020643130538],[121.54762539917303,25.062020643130538],[121.55196,25.063277],[121.55196,25.063277]]}},{"type":"Feature","properties":{"route_name":"811","color":"#dc3bd1"},"geometry":{"type":"LineString","coordinates":[[121.508399869161,25.0862710146474],[121.508399869161,25.0862710146474],[121.50958853792531,25.085288548110366],[121.50958853792531,25.085288548110366],[121.5100276,25.08307587],[121.5100276,25.08307587],[121.5103891,25.08132113],[121.5103891,25.08132113],[121.5109944,25.07952198],[121.5109944,25.07952198],[121.5118,25.07605],[121.5118,25.07605],[121.5115542,25.07205633],[121.5115542,25.07205633],[121.5143475,25.07198581],[121.5143475,25.07198581],[121.5154577,25.07195442],[121.5154577,25.07195442],[121.5180213,25.07188056],[121.5180213,25.07188056],[121.5183341,25.07106623],[121.5183341,25.07106623],[121.518267306546,25.0679133670728],[121.5182324,25.06788969],[121.5181,25.06487427],[121.5181,25.06487427],[121.5223009,25.06271419],[121.5223009,25.06271419],[121.5255106,25.06108573],[121.5255106,25.06108573],[121.52549,25.05883],[121.52549,25.05883],[121.52445,25.05814],[121.52445,25.05814],[121.52136241205059,25.05785889251285],[121.52136241205059,25.05785889251285],[121.519034332355,25.0575481163977],[121.519034332355,25.0575481163977],[121.5149159,25.05716475],[121.5149159,25.05716475],[121.514022,25.055504],[121.514022,25.055504],[121.515705430802,25.053651217399],[121.515705430802,25.053651217399],[121.5167729,25.05073509],[121.5167729,25.05073509],[121.5084,25.05126],[121.5084,25.05126]]}},{"type":"Feature","properties":{"route_name":"815","color":"#dc3bc7"},"geometry":{"type":"LineString","coordinates":[[121.508399869161,25.0862710146474],[121.508399869161,25.0862710146474],[121.51817,25.09192],[121.51817,25.09192],[121.519189,25.092636],[121.519189,25.092636],[121.52330153373,25.0946048451863],[121.52330153373,25.0946048451863],[121.5270438,25.09550407],[121.5270438,25.09550407],[121.5290055,25.09583325],[121.5290055,25.09583325],[121.531395,25.096324],[121.531395,25.096324],[121.5334915,25.097224],[121.533481875716,25.0972847950979],[121.53792,25.097779],[121.53792,25.097779],[121.54021,25.09725],[121.540175948519,25.0972328685249],[121.541888,25.097131],[121.541888,25.097131],[121.547109328126,25.098296747051577],[121.547109328126,25.098296747051577],[121.549281,25.099862],[121.549281,25.099862]]}},{"type":"Feature","properties":{"route_name":"816","color":"#dc3bc4"},"geometry":{"type":"LineString","coordinates":[[121.508399869161,25.0862710146474],[121.508399869161,25.0862710146474],[121.51817,25.09192],[121.51817,25.09192],[121.519189,25.092636],[121.519189,25.092636],[121.52330153373,25.0946048451863],[121.52330153373,25.0946048451863],[121.5270438,25.09550407],[121.5270438,25.09550407]]}},{"type":"Feature","properties":{"route_name":"817","color":"#dc3bc1"},"geometry":{"type":"LineString","coordinates":[[121.617342075005,25.0551425857593],[121.617342075005,25.0551425857593],[121.6156,25.05534],[121.6156,25.05534],[121.6141291,25.05641711],[121.6141291,25.05641711],[121.61282,25.05914],[121.61282,25.05914],[121.61005754124962,25.05937408357435],[121.61005754124962,25.05937408357435],[121.60895745708942,25.05887707963565],[121.60895745708942,25.05887707963565],[121.605866,25.058039],[121.605866,25.058039],[121.602725808672,25.05778835407],[121.602725808672,25.05778835407],[121.59951,25.05684],[121.59951,25.05684],[121.5960871,25.05548009],[121.5960871,25.05548009],[121.5949802,25.0530195],[121.5949802,25.0530195],[121.593165,25.050346],[121.593165,25.050346],[121.59077,25.04983],[121.59077,25.04983],[121.5878431,25.04908468],[121.5878431,25.04908468],[121.584229738588,25.0475212158758],[121.584229738588,25.0475212158758],[121.582072,25.04457266],[121.582072,25.04457266],[121.580447,25.042632],[121.580447,25.042632],[121.578931,25.041555],[121.578931,25.041555],[121.5778998,25.04195027],[121.5778998,25.04195027],[121.577918664208,25.0435588382657],[121.577918664208,25.0435588382657],[121.577906954135,25.0450053957754],[121.577906954135,25.0450053957754],[121.5779129,25.04726924],[121.5779129,25.04726924],[121.578206062017,25.0498061943222],[121.578206062017,25.0498061943222],[121.58003,25.04799],[121.58003,25.04799]]}},{"type":"Feature","properties":{"route_name":"819","color":"#dc3bbc"},"geometry":{"type":"LineString","coordinates":[[121.595983977281,25.0042464092937],[121.595983977281,25.0042464092937],[121.59504,25.00246],[121.59504,25.00246],[121.5913505957924,24.999402832437188],[121.5913505957924,24.999402832437188],[121.58954681023364,25.000950102464405],[121.58954681023364,25.000950102464405],[121.585066207329,25.0031479361546],[121.585066207329,25.0031479361546],[121.583287778248,25.0028393386766],[121.583287778248,25.0028393386766],[121.579255519338,25.0011783104188],[121.579255519338,25.0011783104188],[121.575395362596,24.9993898137115],[121.575395362596,24.9993898137115],[121.57396,24.997735],[121.57396,24.997735],[121.572590803415,24.9965014109618],[121.572590803415,24.9965014109618],[121.571444566484,24.9935653207503],[121.571444566484,24.9935653207503],[121.570973024858,24.9913094198003],[121.570973024858,24.9913094198003],[121.57056541020108,24.98938211529826],[121.57056541020108,24.98938211529826],[121.570606,24.986224],[121.570606,24.986224],[121.57011,24.984828],[121.57011,24.984828],[121.56895990914902,24.984131427903375],[121.56895990914902,24.984131427903375],[121.56695,24.98347],[121.56695,24.98347],[121.56460855354919,24.982712452429457],[121.56460855354919,24.982712452429457],[121.561849824052,24.9820534481377],[121.561849824052,24.9820534481377],[121.56033392387744,24.981733915823476],[121.56033392387744,24.981733915823476],[121.558272457788,24.9811534735698],[121.558272457788,24.9811534735698],[121.555554,24.980465],[121.555554,24.980465]]}},{"type":"Feature","properties":{"route_name":"819副","color":"#3bdccf"},"geometry":{"type":"LineString","coordinates":[[121.5363395,24.99550417],[121.5363395,24.99550417],[121.5389062,24.99383424],[121.5389062,24.99383424],[121.540591,24.99282],[121.540591,24.99282],[121.53983078018952,24.990932666343376],[121.53983078018952,24.990932666343376],[121.55568,24.980335],[121.55568,24.980335],[121.5583622,24.98100977],[121.5583622,24.98100977],[121.559783932422,24.9813802657801],[121.559783932422,24.9813802657801],[121.561802,24.981856],[121.561802,24.981856],[121.56456790757427,24.982503951501606],[121.56456790757427,24.982503951501606],[121.56636,24.98305],[121.56636,24.98305],[121.568528509552,24.9837877068618],[121.568528509552,24.9837877068618],[121.570622,24.98551],[121.570615,24.985348],[121.570722800802,24.9871941238226],[121.5707228,24.98719412],[121.57084690242372,24.989578452014587],[121.57084690242372,24.989578452014587],[121.57111522305,24.9913142071305],[121.57111522305,24.9913142071305],[121.5716055,24.99360167],[121.5716055,24.99360167],[121.57232800362569,24.996044970003638],[121.57232800362569,24.996044970003638],[121.5743091,24.99783812],[121.5743716,24.99787339],[121.57533,24.99899],[121.57533,24.99899],[121.57937,25.00102],[121.57937,25.00102],[121.58301,25.00261],[121.58301,25.00261],[121.584612472655,25.0029972947861],[121.584612472655,25.0029972947861],[121.58947304948941,25.00068878171876],[121.58947304948941,25.00068878171876],[121.590552451575,24.9998141769425],[121.590552451575,24.9998141769425],[121.5951402,25.00225632],[121.595183821322,25.0022030300169]]}},{"type":"Feature","properties":{"route_name":"820","color":"#dc3b81"},"geometry":{"type":"LineString","coordinates":[[121.5178677888,25.0628480067],[121.5178677888,25.0628480067],[121.522776776113,25.0608309862107],[121.522776776113,25.0608309862107],[121.52136241205059,25.05785889251285],[121.52136241205059,25.05785889251285],[121.519034332355,25.0575481163977],[121.519034332355,25.0575481163977],[121.51829,25.05801],[121.51829,25.05801],[121.51836569309,25.0593635889387],[121.51836569309,25.0593635889387]]}},{"type":"Feature","properties":{"route_name":"821","color":"#dc3b7e"},"geometry":{"type":"LineString","coordinates":[[121.465515545518,25.1249152150578],[121.4654787,25.12495029],[121.466372780603,25.1268926040896],[121.466372780603,25.1268926040896],[121.46878900446,25.1283184382016],[121.4686822,25.12828944],[121.471449088636,25.1297678333065],[121.4713284,25.12963447],[121.473445688734,25.1313688133648],[121.473445688734,25.1313688133648],[121.4750896208,25.1326768057341],[121.4750843,25.13266231],[121.476927,25.13408],[121.476927,25.13408],[121.47853,25.13511],[121.47853,25.13511],[121.48193288446,25.1368858501904],[121.4818555,25.13683994],[121.48494894973,25.138009138037],[121.48494894973,25.138009138037],[121.4875,25.138191],[121.4875,25.138191],[121.48925,25.13839],[121.48925,25.13839],[121.4923517,25.13807076],[121.4923517,25.13807076],[121.4957248,25.1366901],[121.4957248,25.1366901],[121.498029,25.135605],[121.498029,25.135605],[121.5007209,25.13384543],[121.5007209,25.13384543],[121.50131769692,25.1321537676007],[121.5013177,25.13218314],[121.501062,25.130163],[121.501062,25.130163],[121.501189626271,25.1278841376109],[121.5011176,25.1278803],[121.4995994,25.12600361],[121.4995994,25.12600361],[121.499222,25.12242987],[121.499222,25.12242987],[121.501973,25.118907],[121.501973,25.118907],[121.503568,25.117433],[121.503568,25.117433],[121.506438836067,25.114726442462],[121.50638,25.11487],[121.508727083955,25.1127066443373],[121.508727083955,25.1127066443373],[121.512347,25.10953688],[121.512347026452,25.1095368758096],[121.5139733,25.10803433],[121.5139733,25.10803433],[121.517803,25.105059],[121.517803,25.105059],[121.520473605143,25.1022630440787],[121.520473605143,25.1022630440787],[121.52135,25.095531],[121.52135,25.095531],[121.519396,25.093132],[121.519396,25.093132],[121.517616379607,25.0939491036857],[121.517616379607,25.0939491036857],[121.517257621831,25.0951400679331],[121.517199,25.095042],[121.518581144123,25.0948969338159],[121.518581144123,25.0948969338159]]}},{"type":"Feature","properties":{"route_name":"823","color":"#dc3b79"},"geometry":{"type":"LineString","coordinates":[[121.6233248,25.0394543],[121.6233248,25.0394543],[121.6208947,25.04107056],[121.6208947,25.04107056],[121.619864,25.042651],[121.619864,25.042651],[121.6190381,25.04344894],[121.6190381,25.04344894],[121.6197158,25.056329],[121.617965105741,25.0548787451546],[121.617965105741,25.0548787451546]]}},{"type":"Feature","properties":{"route_name":"835","color":"#dc563b"},"geometry":{"type":"LineString","coordinates":[[121.502490233032,25.0399728811606],[121.502490233032,25.0399728811606],[121.50582384788,25.03944952637],[121.50582384788,25.03944952637],[121.508187414094,25.0409980900087],[121.5082192,25.04094605],[121.509834083745,25.0414915346214],[121.509834083745,25.0414915346214],[121.511555,25.043262],[121.511555,25.043262],[121.51129364418,25.04676505924],[121.51129364418,25.04676505924],[121.51316241098594,25.046552005302367],[121.51316241098594,25.046552005302367],[121.5131649,25.04469193],[121.5131649,25.04469193],[121.5146668,25.04337336],[121.5146668,25.04337336],[121.516148167061,25.0419357569938],[121.516148167061,25.0419357569938]]}},{"type":"Feature","properties":{"route_name":"837副","color":"#3b49dc"},"geometry":{"type":"LineString","coordinates":[[121.464545,25.127442],[121.464545,25.127442],[121.465093,25.124734],[121.465093,25.124734]]}},{"type":"Feature","properties":{"route_name":"838","color":"#dc5e3b"},"geometry":{"type":"LineString","coordinates":[[121.46505,25.12347],[121.46505,25.12347],[121.4715738,25.123722],[121.467024,25.125124],[121.467024,25.125124]]}},{"type":"Feature","properties":{"route_name":"849","color":"#dcb43b"},"geometry":{"type":"LineString","coordinates":[[121.54025525837187,24.991120032966297],[121.54025525837187,24.991120032966297],[121.54075736926794,24.99234145800376],[121.54075736926794,24.99234145800376],[121.5413365,24.99545268],[121.5413365,24.99545268],[121.5402001,24.99931624],[121.5402001,24.99931624],[121.5393892,25.00136317],[121.5393892,25.00136317],[121.5387822,25.00327364],[121.5387822,25.00327364],[121.53849,25.00761],[121.538470307254,25.0076706783786],[121.535185,25.013993],[121.535185,25.013993],[121.530566,25.018486],[121.530566,25.018486],[121.52803,25.02092],[121.52803,25.02092],[121.5265702582243,25.02214502516781],[121.5265702582243,25.02214502516781],[121.52476413675969,25.024022735483676],[121.52476413675969,25.024022735483676],[121.52269,25.02678],[121.52269,25.02678],[121.5219375,25.02886065],[121.5219375,25.02886065],[121.52231632616744,25.030573897088548],[121.52231632616744,25.030573897088548],[121.51992,25.0337],[121.51992,25.0337],[121.515136595156,25.0368285357308],[121.515136595156,25.0368285357308],[121.5163535,25.04192722],[121.5163535,25.04192722]]}},{"type":"Feature","properties":{"route_name":"849屈尺社區","color":"#693bdc"},"geometry":{"type":"LineString","coordinates":[[121.54025525837187,24.991120032966297],[121.54025525837187,24.991120032966297],[121.54075736926794,24.99234145800376],[121.54075736926794,24.99234145800376],[121.5413365,24.99545268],[121.5413365,24.99545268],[121.5402001,24.99931624],[121.5402001,24.99931624],[121.5393892,25.00136317],[121.5393892,25.00136317],[121.5387822,25.00327364],[121.5387822,25.00327364],[121.538470307254,25.0076706783786],[121.53849,25.00761],[121.535185,25.013993],[121.535185,25.013993],[121.530566,25.018486],[121.530566,25.018486],[121.52803,25.02092],[121.52803,25.02092],[121.5265702582243,25.02214502516781],[121.5265702582243,25.02214502516781],[121.52476413675969,25.024022735483676],[121.52476413675969,25.024022735483676],[121.52269,25.02678],[121.52269,25.02678],[121.5219375,25.02886065],[121.5219375,25.02886065],[121.52231632616744,25.030573897088548],[121.52231632616744,25.030573897088548],[121.51992,25.0337],[121.51992,25.0337],[121.515136595156,25.0368285357308],[121.515136595156,25.0368285357308],[121.5163535,25.04192722],[121.5163535,25.04192722]]}},{"type":"Feature","properties":{"route_name":"864","color":"#6cdc3b"},"geometry":{"type":"LineString","coordinates":[[121.4654787,25.12495029],[121.465515545518,25.1249152150578],[121.466372780603,25.1268926040896],[121.466372780603,25.1268926040896],[121.4686822,25.12828944],[121.46878900446,25.1283184382016],[121.4713284,25.12963447],[121.471449088636,25.1297678333065],[121.473445688734,25.1313688133648],[121.473445688734,25.1313688133648],[121.4750843,25.13266231],[121.4750896208,25.1326768057341],[121.476927,25.13408],[121.476927,25.13408],[121.47853,25.13511],[121.47853,25.13511],[121.48193288446,25.1368858501904],[121.4818555,25.13683994],[121.48494894973,25.138009138037],[121.48494894973,25.138009138037],[121.4875,25.138191],[121.4875,25.138191],[121.48925,25.13839],[121.48925,25.13839],[121.4923517,25.13807076],[121.4923517,25.13807076],[121.4957248,25.1366901],[121.4957248,25.1366901],[121.498029,25.135605],[121.498029,25.135605],[121.5007209,25.13384543],[121.5007209,25.13384543],[121.5013177,25.13218314],[121.50131769692,25.1321537676007],[121.501062,25.130163],[121.501062,25.130163],[121.501189626271,25.1278841376109],[121.5011176,25.1278803],[121.4995994,25.12600361],[121.4995994,25.12600361],[121.499222,25.12242987],[121.499222,25.12242987],[121.501973,25.118907],[121.501973,25.118907],[121.503568,25.117433],[121.503568,25.117433],[121.50638,25.11487],[121.506438836067,25.114726442462],[121.508727083955,25.1127066443373],[121.508727083955,25.1127066443373],[121.512347,25.10953688],[121.512347026452,25.1095368758096],[121.5139733,25.10803433],[121.5139733,25.10803433],[121.517803,25.105059],[121.517803,25.105059],[121.520473605143,25.1022630440787],[121.520473605143,25.1022630440787],[121.522307508871,25.1008497293525],[121.522307508871,25.1008497293525],[121.524279381093,25.0959118891448],[121.5243054,25.09589886],[121.526768,25.090914],[121.526725,25.090999]]}},{"type":"Feature","properties":{"route_name":"879","color":"#3bdc6c"},"geometry":{"type":"LineString","coordinates":[[121.46505,25.12347],[121.46505,25.12347]]}},{"type":"Feature","properties":{"route_name":"88","color":"#dc3b51"},"geometry":{"type":"LineString","coordinates":[[121.607046,25.056276],[121.607245,25.05226],[121.60111276224704,25.051558036997456],[121.595013,25.0503],[121.592777222745,25.0439257813799],[121.5935353,25.03952474],[121.5935353,25.03952474],[121.5926327,25.03895301],[121.5926327,25.03895301],[121.5904127,25.03836032],[121.5904127,25.03836032],[121.588445117812,25.0395580004129],[121.586342880983,25.0389716224663],[121.58325,25.03789],[121.580964,25.037055],[121.578737539702,25.0363727952991],[121.57704,25.03555],[121.5749131,25.03402693],[121.570056,25.033006],[121.566687674056,25.0329497897498],[121.566687674056,25.0329497897498],[121.56459847127361,25.033242055020047],[121.56459847127361,25.033242055020047],[121.55813,25.0331],[121.554622114057,25.033193427795],[121.552849,25.033223],[121.549449,25.03337757],[121.5461666,25.0333837],[121.5438266,25.03340442],[121.542275,25.033382],[121.53846436682753,25.033528900407934],[121.5359159,25.03355035],[121.53336986167852,25.033641163337222],[121.53039498137659,25.033725370699948],[121.52775567033312,25.034084364885075],[121.5247830381989,25.035289619677716],[121.52065828149863,25.03734153832383],[121.5163535,25.04192722],[121.5163535,25.04192722],[121.517704,25.04484411],[121.517704,25.04484411]]}},{"type":"Feature","properties":{"route_name":"88區","color":"#3bd1dc"},"geometry":{"type":"LineString","coordinates":[[121.591151872157,25.0400314866247],[121.591151872157,25.0400314866247],[121.591596,25.041068],[121.591596,25.041068],[121.59258171464538,25.040011772420034],[121.59258171464538,25.040011772420034],[121.5935353,25.03952474],[121.5935353,25.03952474],[121.5926327,25.03895301],[121.5926327,25.03895301],[121.5898,25.039097],[121.5898,25.039097],[121.588445117812,25.0395580004129],[121.586342880983,25.0389716224663],[121.58325,25.03789],[121.580964,25.037055],[121.578737539702,25.0363727952991],[121.57704,25.03555],[121.5749131,25.03402693],[121.570056,25.033006],[121.566687674056,25.0329497897498],[121.566687674056,25.0329497897498],[121.56459847127361,25.033242055020047],[121.56459847127361,25.033242055020047],[121.55813,25.0331],[121.554622114057,25.033193427795],[121.552849,25.033223],[121.549449,25.03337757],[121.5461666,25.0333837],[121.5438266,25.03340442],[121.542275,25.033382],[121.53846436682753,25.033528900407934],[121.5359159,25.03355035],[121.53336986167852,25.033641163337222],[121.53039498137659,25.033725370699948],[121.52775567033312,25.034084364885075],[121.5247830381989,25.035289619677716],[121.52065828149863,25.03734153832383],[121.5163535,25.04192722],[121.5163535,25.04192722],[121.517704,25.04484411],[121.517704,25.04484411]]}},{"type":"Feature","properties":{"route_name":"895","color":"#3bb1dc"},"geometry":{"type":"LineString","coordinates":[[121.531685,25.014457],[121.531685,25.014457],[121.534517055222,25.0143047215272],[121.534517055222,25.0143047215272]]}},{"type":"Feature","properties":{"route_name":"896","color":"#3bafdc"},"geometry":{"type":"LineString","coordinates":[[121.61668,25.068177],[121.61668,25.068177],[121.614308439756,25.068763284981],[121.614308439756,25.068763284981],[121.61150222666,25.0674930032886],[121.61150222666,25.0674930032886],[121.61407454595626,25.0587135046885],[121.61407454595626,25.0587135046885],[121.61389139258283,25.05655055325109],[121.61389139258283,25.05655055325109],[121.609776304165,25.0549683149017],[121.609776304165,25.0549683149017],[121.6069591,25.05340065],[121.6069591,25.05340065]]}},{"type":"Feature","properties":{"route_name":"9","color":"#dcd43b"},"geometry":{"type":"LineString","coordinates":[[121.502875912769,25.0896460928075],[121.504244,25.089298],[121.5056145,25.08933251],[121.5081045,25.0887967],[121.5087166,25.0880464],[121.50958853792531,25.085288548110366],[121.50958853792531,25.085288548110366],[121.5100276,25.08307587],[121.5100276,25.08307587],[121.5103891,25.08132113],[121.5103891,25.08132113],[121.5109944,25.07952198],[121.5109944,25.07952198],[121.5118,25.07605],[121.5118,25.07605],[121.5115542,25.07205633],[121.5115542,25.07205633],[121.5133789,25.07204184],[121.5137100606,25.0688798965403],[121.5136438,25.06615028],[121.513516380874,25.0633249732882],[121.513088,25.060795],[121.511324126973,25.0598303587356],[121.5114003,25.05792854],[121.511621119604,25.0545471507946],[121.51031,25.05265],[121.510398526977,25.0513352337636],[121.510134,25.049002],[121.510134,25.049002],[121.508730726888,25.0445534816171],[121.508765096201,25.0445846194834],[121.507887356667,25.041649236993],[121.507887356667,25.041649236993],[121.506812536211,25.0380081419194],[121.506812536211,25.0380081419194],[121.5038948,25.03584463],[121.5038948,25.03584463],[121.5020082,25.03534159],[121.5020082,25.03534159],[121.501464019539,25.0363140633243],[121.501464019539,25.0363140633243]]}},{"type":"Feature","properties":{"route_name":"902","color":"#3bdc99"},"geometry":{"type":"LineString","coordinates":[[121.562293962737,25.0143745337282],[121.56085606375822,25.015923661863052],[121.557953,25.019475],[121.55616,25.021127],[121.554225,25.022926],[121.550915062346,25.0245319230801],[121.549033716258,25.0275992243505],[121.5490337,25.02759922],[121.54906,25.02967],[121.54906,25.02967],[121.54906,25.03196],[121.54906,25.03196],[121.5490897913242,25.035951071734246],[121.5490897913242,25.035951071734246],[121.549163,25.039336],[121.549163,25.039336],[121.549174,25.0430127],[121.549174,25.0430127],[121.5491941,25.04575795],[121.5491941,25.04575795],[121.549204,25.048949],[121.549204,25.048949],[121.54933,25.05258],[121.54933,25.05258],[121.5492693,25.05668072],[121.5492693,25.05668072],[121.55019898812432,25.05971079181516],[121.55019898812432,25.05971079181516],[121.552,25.06145],[121.55578,25.06188],[121.5573,25.06199574],[121.5611,25.06247253],[121.56364748952177,25.06279839209022],[121.579477870198,25.066876801458],[121.58212115754,25.0680848776157],[121.58212115754,25.0680848776157],[121.582711,25.070517],[121.582711,25.070517],[121.581177,25.071952],[121.581177,25.071952],[121.57766690657958,25.07478024553194],[121.57766690657958,25.07478024553194],[121.5731066,25.07729684],[121.573134,25.077273],[121.568256,25.079478],[121.568256,25.079478],[121.565903409458,25.0805158061818],[121.565903409458,25.0805158061818],[121.564098538475,25.0830692818289],[121.564098538475,25.0830692818289],[121.561535778783,25.0843810062584],[121.558119339359,25.0848172776379],[121.55468793143969,25.085303158353604],[121.55468793143969,25.085303158353604],[121.5490281,25.08377483],[121.5482394,25.0808482],[121.546139731473,25.0799238282333],[121.5436838,25.07978102],[121.54169,25.07961],[121.535552182321,25.0780024350627],[121.530144788528,25.0781282212443],[121.527964269875,25.077322358349],[121.524381872313,25.0805889011559],[121.52663,25.08697],[121.527703,25.091209],[121.528319753964,25.0947774592454],[121.527715,25.097204],[121.52496462789321,25.105464036905595],[121.525339,25.10833609],[121.525980301506,25.1114606666738],[121.527168964819,25.1136575672193],[121.52816,25.11569],[121.5276437,25.11850567],[121.52525,25.11857],[121.520551599272,25.1188249158648],[121.520551599272,25.1188249158648],[121.518052504684,25.1184508084325],[121.518052504684,25.1184508084325],[121.516366480061,25.1172201622833],[121.515502,25.115911],[121.51501,25.114729]]}},{"type":"Feature","properties":{"route_name":"902區","color":"#3bafdc"},"geometry":{"type":"LineString","coordinates":[[121.562293962737,25.0143745337282],[121.56085606375822,25.015923661863052],[121.557953,25.019475],[121.55616,25.021127],[121.554225,25.022926],[121.550915062346,25.0245319230801],[121.5490337,25.02759922],[121.549033716258,25.0275992243505],[121.54906,25.02967],[121.54906,25.02967],[121.54906,25.03196],[121.54906,25.03196],[121.5490897913242,25.035951071734246],[121.5490897913242,25.035951071734246],[121.549163,25.039336],[121.549163,25.039336],[121.549174,25.0430127],[121.549174,25.0430127],[121.5491941,25.04575795],[121.5491941,25.04575795],[121.549204,25.048949],[121.549204,25.048949],[121.54933,25.05258],[121.54933,25.05258],[121.5492693,25.05668072],[121.5492693,25.05668072],[121.55019898812432,25.05971079181516],[121.55019898812432,25.05971079181516],[121.55196,25.063277],[121.55196,25.063277]]}},{"type":"Feature","properties":{"route_name":"903","color":"#3bdc9c"},"geometry":{"type":"LineString","coordinates":[[121.622813623616,25.0773157481393],[121.62118809341,25.0762017702812],[121.619351259043,25.0726450755284],[121.619351259043,25.0726450755284],[121.619134959956,25.0711232284945],[121.6184776,25.06922957],[121.61668,25.068177],[121.61668,25.068177],[121.614308439756,25.068763284981],[121.614308439756,25.068763284981],[121.611642249953,25.0702607638519],[121.611642249953,25.0702607638519],[121.609308386226,25.0718101504888],[121.609308386226,25.0718101504888],[121.607610913193,25.0726213066526],[121.607610913193,25.0726213066526],[121.6048395,25.0723674],[121.60099,25.067297],[121.5984,25.06726047],[121.59613,25.06831],[121.59362,25.06897],[121.592095,25.071852],[121.589869957803,25.0710371489715],[121.589869957803,25.0710371489715],[121.58821790633739,25.06918300127649],[121.58556,25.06901],[121.583129808238,25.0685609459737],[121.583129808238,25.0685609459737],[121.57895384595646,25.066982973174284],[121.564002,25.063093],[121.5605346,25.06265373],[121.5555141,25.06209189],[121.548902,25.057956],[121.548902,25.057956],[121.54883,25.05458],[121.54883,25.05458],[121.548768,25.052139],[121.548768,25.052139],[121.54874,25.04864],[121.54874,25.04864],[121.548797,25.04527113],[121.548797,25.04527113],[121.546693508012,25.0416948578606],[121.546693508012,25.0416948578606]]}},{"type":"Feature","properties":{"route_name":"905","color":"#3bdca1"},"geometry":{"type":"LineString","coordinates":[[121.54746,25.01963],[121.54746,25.01963],[121.54898,25.02391],[121.54898,25.02391],[121.5490337,25.02759922],[121.549033716258,25.0275992243505],[121.54906,25.02967],[121.54906,25.02967],[121.54906,25.03196],[121.54906,25.03196],[121.5490897913242,25.035951071734246],[121.5490897913242,25.035951071734246],[121.549163,25.039336],[121.549163,25.039336],[121.549174,25.0430127],[121.549174,25.0430127],[121.5491941,25.04575795],[121.5491941,25.04575795],[121.549204,25.048949],[121.549204,25.048949],[121.54933,25.05258],[121.54933,25.05258],[121.5492693,25.05668072],[121.5492693,25.05668072],[121.5525641,25.05792823],[121.55569442816517,25.058201423962956],[121.559216750962,25.0585017739443],[121.560927032747,25.0586405271738],[121.56339,25.06067],[121.56364748952177,25.06279839209022],[121.566155,25.062286]]}},{"type":"Feature","properties":{"route_name":"905副","color":"#a4dc3b"},"geometry":{"type":"LineString","coordinates":[[121.54746,25.01963],[121.54746,25.01963],[121.54898,25.02391],[121.54898,25.02391],[121.5490337,25.02759922],[121.549033716258,25.0275992243505],[121.54906,25.02967],[121.54906,25.02967],[121.54906,25.03196],[121.54906,25.03196],[121.5490897913242,25.035951071734246],[121.5490897913242,25.035951071734246],[121.549163,25.039336],[121.549163,25.039336],[121.549174,25.0430127],[121.549174,25.0430127],[121.5491941,25.04575795],[121.5491941,25.04575795],[121.549204,25.048949],[121.549204,25.048949],[121.54933,25.05258],[121.54933,25.05258],[121.5492693,25.05668072],[121.5492693,25.05668072],[121.5525641,25.05792823],[121.55569442816517,25.058201423962956],[121.559216750962,25.0585017739443],[121.560927032747,25.0586405271738],[121.56339,25.06067],[121.56364748952177,25.06279839209022],[121.566155,25.062286]]}},{"type":"Feature","properties":{"route_name":"906","color":"#3bdca4"},"geometry":{"type":"LineString","coordinates":[[121.54746,25.01963],[121.54746,25.01963],[121.54898,25.02391],[121.54898,25.02391],[121.549033716258,25.0275992243505],[121.5490337,25.02759922],[121.54906,25.02967],[121.54906,25.02967],[121.54906,25.03196],[121.54906,25.03196],[121.5490897913242,25.035951071734246],[121.5490897913242,25.035951071734246],[121.549163,25.039336],[121.549163,25.039336],[121.549174,25.0430127],[121.549174,25.0430127],[121.5491941,25.04575795],[121.5491941,25.04575795],[121.549204,25.048949],[121.549204,25.048949],[121.54933,25.05258],[121.54933,25.05258],[121.5492693,25.05668072],[121.5492693,25.05668072],[121.55019898812432,25.05971079181516],[121.55019898812432,25.05971079181516],[121.55196,25.063277],[121.55196,25.063277]]}},{"type":"Feature","properties":{"route_name":"907","color":"#3bdca7"},"geometry":{"type":"LineString","coordinates":[[121.4889513,25.03228397],[121.490275889545,25.0315232668912],[121.491328,25.031919],[121.493340521386,25.0341141458286],[121.496276,25.035221],[121.5000845,25.03514822],[121.500164,25.035143],[121.5024902037,25.035100755316],[121.5062725,25.03242295],[121.5062725,25.03242295],[121.509834,25.030056],[121.509834,25.030056],[121.5117,25.02908],[121.5117,25.02908],[121.5141283,25.02773669],[121.5141283,25.02773669],[121.51751,25.026752],[121.520278734081,25.0265749351805],[121.5246159,25.02678744],[121.5278634988405,25.02650071684031],[121.529958,25.026362],[121.533012542409,25.0260973914545],[121.5345198,25.02466421],[121.534113646475,25.0215502113013],[121.5341124,25.02164507],[121.533435,25.018239],[121.533435,25.018239],[121.534722,25.014321],[121.534722,25.014321],[121.538530831111,25.0120963546845],[121.538530831111,25.0120963546845],[121.54013379820495,25.013398935169228],[121.54013379820495,25.013398935169228],[121.542468,25.015403],[121.542468,25.015403],[121.5448494574872,25.0174253459055],[121.5448494574872,25.0174253459055],[121.54789116460638,25.017554094972425]]}},{"type":"Feature","properties":{"route_name":"907通勤","color":"#563bdc"},"geometry":{"type":"LineString","coordinates":[[121.4889513,25.03228397],[121.490275889545,25.0315232668912],[121.491328,25.031919],[121.493340521386,25.0341141458286],[121.496276,25.035221],[121.5000845,25.03514822],[121.500164,25.035143],[121.5024902037,25.035100755316],[121.5062725,25.03242295],[121.5062725,25.03242295],[121.509834,25.030056],[121.509834,25.030056],[121.5117,25.02908],[121.5117,25.02908],[121.5141283,25.02773669],[121.5141283,25.02773669],[121.51751,25.026752],[121.520278734081,25.0265749351805],[121.5246159,25.02678744],[121.5278634988405,25.02650071684031],[121.529958,25.026362],[121.533012542409,25.0260973914545],[121.5345198,25.02466421],[121.534113646475,25.0215502113013],[121.5341124,25.02164507],[121.533435,25.018239],[121.533435,25.018239],[121.534722,25.014321],[121.534722,25.014321],[121.538530831111,25.0120963546845],[121.538530831111,25.0120963546845],[121.54013379820495,25.013398935169228],[121.54013379820495,25.013398935169228],[121.542468,25.015403],[121.542468,25.015403],[121.5448494574872,25.0174253459055],[121.5448494574872,25.0174253459055],[121.54789116460638,25.017554094972425],[121.548282,25.018051],[121.5456371524934,25.01851242321545],[121.5456371524934,25.01851242321545],[121.5422472,25.01571376],[121.5422472,25.01571376],[121.540464,25.01415156],[121.540464,25.01415156],[121.538069443257,25.0121089588721],[121.538069443257,25.0121089588721],[121.535185,25.013993],[121.535185,25.013993],[121.534113646475,25.0215502113013],[121.5341124,25.02164507],[121.533435,25.018239],[121.533435,25.018239]]}},{"type":"Feature","properties":{"route_name":"909","color":"#3bdcac"},"geometry":{"type":"LineString","coordinates":[[121.54746,25.01963],[121.54746,25.01963],[121.54898,25.02391],[121.54898,25.02391],[121.549033716258,25.0275992243505],[121.5490337,25.02759922],[121.54906,25.02967],[121.54906,25.02967],[121.54906,25.03196],[121.54906,25.03196],[121.5490897913242,25.035951071734246],[121.5490897913242,25.035951071734246],[121.549163,25.039336],[121.549163,25.039336],[121.549174,25.0430127],[121.549174,25.0430127],[121.5491941,25.04575795],[121.5491941,25.04575795],[121.549204,25.048949],[121.549204,25.048949],[121.54933,25.05258],[121.54933,25.05258],[121.5492693,25.05668072],[121.5492693,25.05668072],[121.55019898812432,25.05971079181516],[121.55019898812432,25.05971079181516],[121.55196,25.063277],[121.55196,25.063277]]}},{"type":"Feature","properties":{"route_name":"912","color":"#3bccdc"},"geometry":{"type":"LineString","coordinates":[[121.595983977281,25.0042464092937],[121.595983977281,25.0042464092937],[121.59504,25.00246],[121.59504,25.00246],[121.5913505957924,24.999402832437188],[121.5913505957924,24.999402832437188],[121.58954681023364,25.000950102464405],[121.58954681023364,25.000950102464405],[121.585066207329,25.0031479361546],[121.585066207329,25.0031479361546],[121.583287778248,25.0028393386766],[121.583287778248,25.0028393386766],[121.579255519338,25.0011783104188],[121.579255519338,25.0011783104188],[121.568446471104,25.0336908507959],[121.566640146973,25.0358810435418],[121.566640146973,25.0358810435418],[121.564528,25.035992],[121.564528,25.035992],[121.563754,25.038332],[121.563754,25.038332],[121.5668354,25.04100991],[121.5668354,25.04100991]]}},{"type":"Feature","properties":{"route_name":"913","color":"#3bc9dc"},"geometry":{"type":"LineString","coordinates":[[121.54746,25.01963],[121.54746,25.01963],[121.54898,25.02391],[121.54898,25.02391],[121.5490337,25.02759922],[121.549033716258,25.0275992243505],[121.54906,25.02967],[121.54906,25.02967],[121.54906,25.03196],[121.54906,25.03196],[121.5490897913242,25.035951071734246],[121.5490897913242,25.035951071734246],[121.549163,25.039336],[121.549163,25.039336],[121.549174,25.0430127],[121.549174,25.0430127],[121.5491941,25.04575795],[121.5491941,25.04575795],[121.549204,25.048949],[121.549204,25.048949],[121.54933,25.05258],[121.54933,25.05258],[121.5492693,25.05668072],[121.5492693,25.05668072],[121.55019898812432,25.05971079181516],[121.55019898812432,25.05971079181516],[121.55196,25.063277],[121.55196,25.063277]]}},{"type":"Feature","properties":{"route_name":"915","color":"#3bc4dc"},"geometry":{"type":"LineString","coordinates":[[121.5363395,24.99550417],[121.5363395,24.99550417],[121.5389062,24.99383424],[121.5389062,24.99383424],[121.542708979168,24.992776404618],[121.5428136,24.99274359],[121.542536892973,24.9897079824046],[121.542536892973,24.9897079824046],[121.54381,24.988478],[121.54381,24.988478],[121.5465259,24.9867882],[121.5465259,24.9867882],[121.549735378275,24.9873383747906],[121.549735378275,24.9873383747906],[121.554868,24.98809],[121.554868,24.98809],[121.556482491508,24.9884116429436],[121.556482491508,24.9884116429436],[121.559246461721,24.9886499986778],[121.559246461721,24.9886499986778],[121.56251,24.98887],[121.56251,24.98887],[121.56657,24.9885],[121.56657,24.9885],[121.56980715638664,24.98976355883173],[121.56980715638664,24.98976355883173],[121.57111522305,24.9913142071305],[121.57111522305,24.9913142071305],[121.5716055,24.99360167],[121.5716055,24.99360167],[121.57232800362569,24.996044970003638],[121.57232800362569,24.996044970003638],[121.5743716,24.99787339],[121.5743091,24.99783812],[121.57533,24.99899],[121.57533,24.99899],[121.566687674056,25.0329497897498],[121.566687674056,25.0329497897498],[121.56357599974903,25.034512868313872],[121.56357599974903,25.034512868313872],[121.563754,25.038332],[121.563754,25.038332],[121.5668354,25.04100991],[121.5668354,25.04100991]]}},{"type":"Feature","properties":{"route_name":"919","color":"#3bb9dc"},"geometry":{"type":"LineString","coordinates":[[121.617342075005,25.0551425857593],[121.617342075005,25.0551425857593],[121.616849,25.056341],[121.616849,25.056341],[121.619320046669,25.0594207806529],[121.619311,25.059472],[121.56628044728,25.0444493988665],[121.56628044728,25.0444493988665],[121.5630899,25.04132664],[121.5630899,25.04132664],[121.55900840485135,25.04148364593397],[121.55900840485135,25.04148364593397],[121.5561206,25.04153654],[121.5561206,25.04153654],[121.553289,25.04156124],[121.55328900975,25.041561244151],[121.5501789,25.0416333],[121.5501789,25.0416333],[121.546693508012,25.0416948578606],[121.546693508012,25.0416948578606],[121.542636,25.04177],[121.542636,25.04177],[121.53921450721282,25.041847778405945],[121.53921450721282,25.041847778405945],[121.536995,25.042828],[121.536995,25.042828],[121.5373,25.0446],[121.5373,25.0446],[121.54156977220232,25.044438351927294],[121.54156977220232,25.044438351927294]]}},{"type":"Feature","properties":{"route_name":"933","color":"#543bdc"},"geometry":{"type":"LineString","coordinates":[[121.5465259,24.9867882],[121.5465259,24.9867882],[121.549735378275,24.9873383747906],[121.549735378275,24.9873383747906],[121.554868,24.98809],[121.554868,24.98809],[121.556482491508,24.9884116429436],[121.556482491508,24.9884116429436],[121.559246461721,24.9886499986778],[121.559246461721,24.9886499986778],[121.56251,24.98887],[121.56251,24.98887],[121.56657,24.9885],[121.56657,24.9885],[121.5685523,24.98849886],[121.5685523,24.98849886],[121.56893,24.98672],[121.56893,24.98672],[121.5707228,24.98719412],[121.570722800802,24.9871941238226],[121.574739,24.98778],[121.574739,24.98778],[121.576427,24.988319],[121.576427,24.988319],[121.57699279565435,24.989020423587586],[121.57699279565435,24.989020423587586],[121.576905,24.990413],[121.576905,24.990413],[121.574627,24.991863],[121.574627,24.991863],[121.573853,24.992819],[121.573853,24.992819],[121.576197,24.996309],[121.576285,24.99626767],[121.57996,24.99857],[121.57996,24.99857]]}},{"type":"Feature","properties":{"route_name":"935","color":"#593bdc"},"geometry":{"type":"LineString","coordinates":[[121.54746,25.01963],[121.54746,25.01963],[121.551906976436,25.0236369355906],[121.551906976436,25.0236369355906],[121.5549231,25.02628003],[121.5549231,25.02628003],[121.557084,25.028593],[121.557084,25.028593],[121.5588464,25.03159637],[121.5588464,25.03159637],[121.5601565,25.0336777],[121.5601565,25.0336777],[121.563754,25.038332],[121.563754,25.038332],[121.56453,25.03902],[121.56453,25.03902],[121.568268559011,25.0372323905063],[121.568268559011,25.0372323905063],[121.566640146973,25.0358810435418],[121.566640146973,25.0358810435418],[121.564528,25.035992],[121.564528,25.035992]]}},{"type":"Feature","properties":{"route_name":"936","color":"#5c3bdc"},"geometry":{"type":"LineString","coordinates":[[121.509146,25.077989],[121.5136892,25.07451003],[121.5136892,25.07451003],[121.51367,25.07328],[121.51367,25.07328],[121.51425,25.06854],[121.51425,25.06854],[121.51626,25.06847],[121.51626,25.06847],[121.5185487,25.06894017],[121.5185487,25.06894017]]}},{"type":"Feature","properties":{"route_name":"936A","color":"#dc3baf"},"geometry":{"type":"LineString","coordinates":[[121.509146,25.077989],[121.5136892,25.07451003],[121.5136892,25.07451003],[121.51367,25.07328],[121.51367,25.07328],[121.51425,25.06854],[121.51425,25.06854],[121.51626,25.06847],[121.51626,25.06847],[121.5185487,25.06894017],[121.5185487,25.06894017]]}},{"type":"Feature","properties":{"route_name":"937","color":"#5e3bdc"},"geometry":{"type":"LineString","coordinates":[[121.509146,25.077989],[121.5136892,25.07451003],[121.5136892,25.07451003],[121.51367,25.07328],[121.51367,25.07328],[121.51425,25.06854],[121.51425,25.06854],[121.51626,25.06847],[121.51626,25.06847],[121.518574,25.069322],[121.518574,25.069322]]}},{"type":"Feature","properties":{"route_name":"937A","color":"#dc3b5c"},"geometry":{"type":"LineString","coordinates":[[121.509146,25.077989],[121.5136892,25.07451003],[121.5136892,25.07451003],[121.51367,25.07328],[121.51367,25.07328],[121.51425,25.06854],[121.51425,25.06854],[121.51626,25.06847],[121.51626,25.06847],[121.518574,25.069322],[121.518574,25.069322]]}},{"type":"Feature","properties":{"route_name":"937副","color":"#3bdc81"},"geometry":{"type":"LineString","coordinates":[[121.5136892,25.07451003],[121.5136892,25.07451003],[121.51367,25.07328],[121.51367,25.07328],[121.51425,25.06854],[121.51425,25.06854],[121.51626,25.06847],[121.51626,25.06847],[121.518574,25.069322],[121.518574,25.069322],[121.5200431,25.07157]]}},{"type":"Feature","properties":{"route_name":"938","color":"#613bdc"},"geometry":{"type":"LineString","coordinates":[[121.50705,25.04701],[121.50705,25.04701],[121.507984,25.045384],[121.507984,25.045384],[121.5131649,25.04469193],[121.5131649,25.04469193],[121.51572629465,25.0433393370677],[121.51572629465,25.0433393370677],[121.516148167061,25.0419357569938],[121.516148167061,25.0419357569938]]}},{"type":"Feature","properties":{"route_name":"939","color":"#643bdc"},"geometry":{"type":"LineString","coordinates":[[121.54898,25.02391],[121.54898,25.02391],[121.5490337,25.02759922],[121.549033716258,25.0275992243505],[121.54906,25.02967],[121.54906,25.02967],[121.54906,25.03196],[121.54906,25.03196],[121.5490897913242,25.035951071734246],[121.5490897913242,25.035951071734246],[121.5508834,25.03772123],[121.550883391345,25.0377212341364],[121.552717,25.037669],[121.552717,25.037669],[121.555234376148,25.0376217119559],[121.5552985,25.03762585],[121.55728,25.03754],[121.55728,25.03754],[121.56118,25.037543],[121.56118,25.037543],[121.563754,25.038332],[121.563754,25.038332],[121.56453,25.03902],[121.56453,25.03902],[121.568268559011,25.0372323905063],[121.568268559011,25.0372323905063],[121.566640146973,25.0358810435418],[121.566640146973,25.0358810435418],[121.564528,25.035992],[121.564528,25.035992]]}},{"type":"Feature","properties":{"route_name":"939副","color":"#3b91dc"},"geometry":{"type":"LineString","coordinates":[[121.54898,25.02391],[121.54898,25.02391],[121.5490337,25.02759922],[121.549033716258,25.0275992243505],[121.54906,25.02967],[121.54906,25.02967],[121.54906,25.03196],[121.54906,25.03196],[121.5490897913242,25.035951071734246],[121.5490897913242,25.035951071734246],[121.5508834,25.03772123],[121.550883391345,25.0377212341364],[121.552717,25.037669],[121.552717,25.037669],[121.5552985,25.03762585],[121.555234376148,25.0376217119559],[121.55728,25.03754],[121.55728,25.03754],[121.56118,25.037543],[121.56118,25.037543],[121.563754,25.038332],[121.563754,25.038332],[121.56453,25.03902],[121.56453,25.03902],[121.568268559011,25.0372323905063],[121.568268559011,25.0372323905063],[121.566640146973,25.0358810435418],[121.566640146973,25.0358810435418],[121.564528,25.035992],[121.564528,25.035992]]}},{"type":"Feature","properties":{"route_name":"939跳蛙","color":"#b43bdc"},"geometry":{"type":"LineString","coordinates":[[121.54898,25.02391],[121.54898,25.02391],[121.54906,25.03196],[121.54906,25.03196],[121.5490897913242,25.035951071734246],[121.5490897913242,25.035951071734246],[121.5508834,25.03772123],[121.550883391345,25.0377212341364],[121.552717,25.037669],[121.552717,25.037669],[121.555234376148,25.0376217119559],[121.5552985,25.03762585],[121.55728,25.03754],[121.55728,25.03754],[121.56118,25.037543],[121.56118,25.037543],[121.563754,25.038332],[121.563754,25.038332],[121.56453,25.03902],[121.56453,25.03902],[121.568268559011,25.0372323905063],[121.568268559011,25.0372323905063],[121.566640146973,25.0358810435418],[121.566640146973,25.0358810435418],[121.564528,25.035992],[121.564528,25.035992]]}},{"type":"Feature","properties":{"route_name":"943","color":"#a73bdc"},"geometry":{"type":"LineString","coordinates":[[121.52587,25.01996],[121.52587,25.01996],[121.528858,25.018986],[121.528858,25.018986],[121.537172,25.054579],[121.537172,25.054579],[121.5381394,25.05772436],[121.5381394,25.05772436],[121.5428,25.057628],[121.5428,25.057628]]}},{"type":"Feature","properties":{"route_name":"945","color":"#ac3bdc"},"geometry":{"type":"LineString","coordinates":[[121.509146,25.077989],[121.53307,25.06338],[121.53307,25.06338],[121.53313278818085,25.060643374791923],[121.53313278818085,25.060643374791923],[121.535046,25.057791],[121.535046,25.057791],[121.5381394,25.05772436],[121.5381394,25.05772436],[121.5428,25.057628],[121.5428,25.057628],[121.545777,25.057658],[121.545777,25.057658],[121.55019898812432,25.05971079181516],[121.55019898812432,25.05971079181516],[121.55137,25.063262]]}},{"type":"Feature","properties":{"route_name":"946","color":"#af3bdc"},"geometry":{"type":"LineString","coordinates":[[121.509146,25.077989],[121.57446,25.07204],[121.57446,25.07204],[121.577744,25.073152],[121.577744,25.073152],[121.57766690657958,25.07478024553194],[121.57766690657958,25.07478024553194],[121.5731066,25.07729684],[121.573134,25.077273]]}},{"type":"Feature","properties":{"route_name":"946副","color":"#dc3b46"},"geometry":{"type":"LineString","coordinates":[[121.509146,25.077989],[121.57446,25.07204],[121.57446,25.07204],[121.577744,25.073152],[121.577744,25.073152],[121.57766690657958,25.07478024553194],[121.57766690657958,25.07478024553194],[121.5731066,25.07729684],[121.573134,25.077273]]}},{"type":"Feature","properties":{"route_name":"949","color":"#b73bdc"},"geometry":{"type":"LineString","coordinates":[[121.595983977281,25.0042464092937],[121.595983977281,25.0042464092937],[121.59504,25.00246],[121.59504,25.00246],[121.5913505957924,24.999402832437188],[121.5913505957924,24.999402832437188],[121.58954681023364,25.000950102464405],[121.58954681023364,25.000950102464405],[121.585066207329,25.0031479361546],[121.585066207329,25.0031479361546],[121.583287778248,25.0028393386766],[121.583287778248,25.0028393386766],[121.579255519338,25.0011783104188],[121.579255519338,25.0011783104188],[121.548282,25.018051],[121.545887467263,25.0203240566478],[121.540424,25.021623],[121.540424,25.021623],[121.53203,25.02235],[121.52803,25.02092],[121.52803,25.02092],[121.5265702582243,25.02214502516781],[121.5265702582243,25.02214502516781],[121.52476413675969,25.024022735483676],[121.52476413675969,25.024022735483676],[121.5246159,25.02678744],[121.5278634988405,25.02650071684031],[121.529958,25.026362],[121.533012542409,25.0260973914545],[121.536235879941,25.0257355123764],[121.53742,25.0241]]}},{"type":"Feature","properties":{"route_name":"950","color":"#dc3bc7"},"geometry":{"type":"LineString","coordinates":[[121.551906976436,25.0236369355906],[121.551906976436,25.0236369355906],[121.5549231,25.02628003],[121.5549231,25.02628003],[121.557084,25.028593],[121.557084,25.028593],[121.5588464,25.03159637],[121.5588464,25.03159637],[121.5601565,25.0336777],[121.5601565,25.0336777],[121.563754,25.038332],[121.563754,25.038332],[121.581074,25.057957],[121.581074,25.057957],[121.5791317,25.06054231],[121.5791317,25.06054231],[121.57861,25.062],[121.58149990509064,25.063647810032915],[121.582711,25.070517],[121.582711,25.070517],[121.581177,25.071952],[121.581177,25.071952],[121.57766690657958,25.07478024553194],[121.57766690657958,25.07478024553194],[121.573134,25.077273],[121.5731066,25.07729684],[121.568256,25.079478],[121.568256,25.079478],[121.565903409458,25.0805158061818],[121.565903409458,25.0805158061818],[121.565884872161,25.0821974042872],[121.565884872161,25.0821974042872]]}},{"type":"Feature","properties":{"route_name":"951","color":"#dc3bc4"},"geometry":{"type":"LineString","coordinates":[[121.617342075005,25.0551425857593],[121.617342075005,25.0551425857593],[121.6156,25.05534],[121.6156,25.05534],[121.6141291,25.05641711],[121.6141291,25.05641711],[121.61427996989374,25.05870570745196],[121.61427996989374,25.05870570745196],[121.61533,25.05985329],[121.61533,25.05985329],[121.619311,25.059472],[121.619320046669,25.0594207806529]]}},{"type":"Feature","properties":{"route_name":"953","color":"#dc3bbf"},"geometry":{"type":"LineString","coordinates":[[121.600384,25.064057],[121.53665,25.073021],[121.537378,25.039916],[121.537378,25.039916],[121.53747,25.03642],[121.53747,25.03642],[121.5374877,25.03392144],[121.5374877,25.03392144],[121.5374388,25.03134398],[121.5374388,25.03134398],[121.537445,25.02976279],[121.537445,25.02976279],[121.538492198683,25.0254072414078],[121.538492198683,25.0254072414078],[121.542239793699,25.0249140592421],[121.542239793699,25.0249140592421],[121.543212145552,25.0228925562998],[121.543212145552,25.0228925562998]]}},{"type":"Feature","properties":{"route_name":"953區","color":"#dc3b4e"},"geometry":{"type":"LineString","coordinates":[[121.600384,25.064057],[121.53665,25.073021]]}},{"type":"Feature","properties":{"route_name":"955","color":"#dc3bb9"},"geometry":{"type":"LineString","coordinates":[[121.617342075005,25.0551425857593],[121.617342075005,25.0551425857593],[121.616849,25.056341],[121.616849,25.056341],[121.619311,25.059472],[121.619320046669,25.0594207806529],[121.579477870198,25.066876801458],[121.58212115754,25.0680848776157],[121.58212115754,25.0680848776157],[121.582711,25.070517],[121.582711,25.070517],[121.581177,25.071952],[121.581177,25.071952],[121.57766690657958,25.07478024553194],[121.57766690657958,25.07478024553194],[121.573134,25.077273],[121.5731066,25.07729684],[121.568256,25.079478],[121.568256,25.079478],[121.565903409458,25.0805158061818],[121.565903409458,25.0805158061818],[121.564098538475,25.0830692818289],[121.564098538475,25.0830692818289],[121.561535778783,25.0843810062584],[121.558119339359,25.0848172776379],[121.55711,25.08386],[121.55711,25.08386]]}},{"type":"Feature","properties":{"route_name":"957","color":"#dc3bb4"},"geometry":{"type":"LineString","coordinates":[[121.46505,25.12347],[121.46505,25.12347],[121.47061,25.12274],[121.47061,25.12274],[121.497441758086,25.094151501983],[121.508399869161,25.0862710146474],[121.508399869161,25.0862710146474],[121.51817,25.09192],[121.51817,25.09192],[121.519189,25.092636],[121.519189,25.092636],[121.52330153373,25.0946048451863],[121.52330153373,25.0946048451863],[121.5270438,25.09550407],[121.5270438,25.09550407],[121.5290055,25.09583325],[121.5290055,25.09583325],[121.531395,25.096324],[121.531395,25.096324],[121.5334915,25.097224],[121.533481875716,25.0972847950979],[121.53792,25.097779],[121.53792,25.097779],[121.540175948519,25.0972328685249],[121.54021,25.09725],[121.541888,25.097131],[121.541888,25.097131],[121.54455,25.09704],[121.54679912183309,25.09735486763365],[121.551895985064,25.0858624708036],[121.555253,25.08484],[121.555253,25.08484],[121.558196913178,25.0845384449731]]}},{"type":"Feature","properties":{"route_name":"965(台灣好行-九份金瓜石線)","color":"#9c3bdc"},"geometry":{"type":"LineString","coordinates":[[121.5007597,25.03283797],[121.5007597,25.03283797],[121.507884,25.039986],[121.509519,25.045653],[121.509519,25.045653],[121.510332531364,25.0492507169836],[121.510332,25.04924],[121.553654,25.044317],[121.600435,25.063913]]}},{"type":"Feature","properties":{"route_name":"966","color":"#dc3b64"},"geometry":{"type":"LineString","coordinates":[[121.5136892,25.07451003],[121.5136892,25.07451003],[121.5143475,25.07198581],[121.5143475,25.07198581],[121.5154577,25.07195442],[121.5154577,25.07195442],[121.5180213,25.07188056],[121.5180213,25.07188056],[121.5183341,25.07106623],[121.5183341,25.07106623],[121.518267306546,25.0679133670728],[121.5182324,25.06788969],[121.5181,25.06487427],[121.5181,25.06487427],[121.518101,25.061107],[121.518101,25.061107],[121.5179896,25.05672598],[121.5179896,25.05672598]]}},{"type":"Feature","properties":{"route_name":"966A","color":"#dc3ba7"},"geometry":{"type":"LineString","coordinates":[[121.5136892,25.07451003],[121.5136892,25.07451003],[121.5143475,25.07198581],[121.5143475,25.07198581],[121.5154577,25.07195442],[121.5154577,25.07195442],[121.5180213,25.07188056],[121.5180213,25.07188056],[121.5183341,25.07106623],[121.5183341,25.07106623],[121.5182324,25.06788969],[121.518267306546,25.0679133670728],[121.5181,25.06487427],[121.5181,25.06487427],[121.518101,25.061107],[121.518101,25.061107],[121.5179896,25.05672598],[121.5179896,25.05672598]]}},{"type":"Feature","properties":{"route_name":"966副","color":"#41dc3b"},"geometry":{"type":"LineString","coordinates":[[121.5136892,25.07451003],[121.5136892,25.07451003],[121.5143475,25.07198581],[121.5143475,25.07198581],[121.5154577,25.07195442],[121.5154577,25.07195442],[121.5180213,25.07188056],[121.5180213,25.07188056],[121.5183341,25.07106623],[121.5183341,25.07106623],[121.518267306546,25.0679133670728],[121.5182324,25.06788969],[121.5181,25.06487427],[121.5181,25.06487427],[121.518101,25.061107],[121.518101,25.061107],[121.5179896,25.05672598],[121.5179896,25.05672598]]}},{"type":"Feature","properties":{"route_name":"967","color":"#dc3b61"},"geometry":{"type":"LineString","coordinates":[[121.533098,25.064434],[121.5364984,25.06236889],[121.5364984,25.06236889],[121.540554014847,25.0623255291835],[121.540554014847,25.0623255291835],[121.5438692,25.06227185],[121.5438692,25.06227185],[121.54762539917303,25.062020643130538],[121.54762539917303,25.062020643130538],[121.55137,25.063262],[121.548902,25.057956],[121.548902,25.057956],[121.54883,25.05458],[121.54883,25.05458],[121.548768,25.052139],[121.548768,25.052139],[121.54874,25.04864],[121.54874,25.04864],[121.548797,25.04527113],[121.548797,25.04527113],[121.5487541,25.04186596],[121.5487541,25.04186596],[121.548697,25.039043],[121.548697,25.039043],[121.5508834,25.03772123],[121.550883391345,25.0377212341364],[121.552717,25.037669],[121.552717,25.037669],[121.5552985,25.03762585],[121.555234376148,25.0376217119559],[121.55728,25.03754],[121.55728,25.03754],[121.56118,25.037543],[121.56118,25.037543],[121.563754,25.038332],[121.563754,25.038332]]}},{"type":"Feature","properties":{"route_name":"967副","color":"#3bdc89"},"geometry":{"type":"LineString","coordinates":[[121.533098,25.064434],[121.5364984,25.06236889],[121.5364984,25.06236889],[121.540554014847,25.0623255291835],[121.540554014847,25.0623255291835],[121.5438692,25.06227185],[121.5438692,25.06227185],[121.54762539917303,25.062020643130538],[121.54762539917303,25.062020643130538],[121.55137,25.063262],[121.548902,25.057956],[121.548902,25.057956],[121.54883,25.05458],[121.54883,25.05458],[121.548768,25.052139],[121.548768,25.052139],[121.54874,25.04864],[121.54874,25.04864],[121.548797,25.04527113],[121.548797,25.04527113],[121.5487541,25.04186596],[121.5487541,25.04186596],[121.548697,25.039043],[121.548697,25.039043]]}},{"type":"Feature","properties":{"route_name":"967直","color":"#3bdc6c"},"geometry":{"type":"LineString","coordinates":[[121.533098,25.064434],[121.5364984,25.06236889],[121.5364984,25.06236889],[121.540554014847,25.0623255291835],[121.540554014847,25.0623255291835],[121.5438692,25.06227185],[121.5438692,25.06227185],[121.54762539917303,25.062020643130538],[121.54762539917303,25.062020643130538],[121.55137,25.063262],[121.548902,25.057956],[121.548902,25.057956],[121.54883,25.05458],[121.54883,25.05458],[121.548768,25.052139],[121.548768,25.052139],[121.54874,25.04864],[121.54874,25.04864],[121.548797,25.04527113],[121.548797,25.04527113],[121.5487541,25.04186596],[121.5487541,25.04186596],[121.548697,25.039043],[121.548697,25.039043],[121.5508834,25.03772123],[121.550883391345,25.0377212341364],[121.552717,25.037669],[121.552717,25.037669],[121.5552985,25.03762585],[121.555234376148,25.0376217119559],[121.55728,25.03754],[121.55728,25.03754],[121.56118,25.037543],[121.56118,25.037543],[121.563754,25.038332],[121.563754,25.038332]]}},{"type":"Feature","properties":{"route_name":"983","color":"#dcb13b"},"geometry":{"type":"LineString","coordinates":[[121.46505,25.12347],[121.46505,25.12347],[121.4715738,25.123722],[121.4689301,25.12451676],[121.4689301,25.12451676],[121.467024,25.125124],[121.467024,25.125124]]}},{"type":"Feature","properties":{"route_name":"985萬大樹林先導公車","color":"#dc3b89"},"geometry":{"type":"LineString","coordinates":[[121.497706,25.01987],[121.497706,25.01987],[121.499894100772,25.0232906952259],[121.499894100772,25.0232906952259],[121.500485,25.025045],[121.500485,25.025045],[121.500599,25.028737],[121.500599,25.028737],[121.49892995282089,25.02947288426842],[121.49892995282089,25.02947288426842],[121.49649203449,25.0291760619122],[121.49649203449,25.0291760619122],[121.496162828269,25.0295844111411],[121.496162828269,25.0295844111411],[121.497718,25.03244],[121.497718,25.03244],[121.4987728,25.03418554],[121.498768,25.034147],[121.5000845,25.03514822],[121.500164,25.035143]]}},{"type":"Feature","properties":{"route_name":"F135","color":"#dc5e3b"},"geometry":{"type":"LineString","coordinates":[[121.467189,25.120418],[121.467189,25.120418]]}},{"type":"Feature","properties":{"route_name":"F137","color":"#dc643b"},"geometry":{"type":"LineString","coordinates":[[121.467189,25.120418],[121.467189,25.120418],[121.51968525315,25.1185668257628],[121.51968525315,25.1185668257628],[121.52192449073,25.117647428703],[121.52192449073,25.117647428703],[121.52135,25.095531],[121.52135,25.095531]]}},{"type":"Feature","properties":{"route_name":"F161","color":"#6cdc3b"},"geometry":{"type":"LineString","coordinates":[[121.467155642476,25.1208320010993],[121.467155642476,25.1208320010993]]}},{"type":"Feature","properties":{"route_name":"F317","color":"#b4dc3b"},"geometry":{"type":"LineString","coordinates":[[121.521417,25.095666],[121.521417,25.095666],[121.51968525315,25.1185668257628],[121.51968525315,25.1185668257628],[121.52192449073,25.117647428703],[121.52192449073,25.117647428703],[121.530416,25.105452]]}},{"type":"Feature","properties":{"route_name":"F901","color":"#dcb13b"},"geometry":{"type":"LineString","coordinates":[[121.6188397,25.04356116],[121.6188397,25.04356116],[121.6208139,25.04097252],[121.6208139,25.04097252],[121.623378808109,25.0392191053102],[121.623378808109,25.0392191053102],[121.6233248,25.0394543],[121.6233248,25.0394543],[121.6208947,25.04107056],[121.6208947,25.04107056],[121.6190381,25.04344894],[121.6190381,25.04344894]]}},{"type":"Feature","properties":{"route_name":"F913","color":"#afdc3b"},"geometry":{"type":"LineString","coordinates":[[121.6194588,25.07287274],[121.6194588,25.07287274],[121.623174,25.076956],[121.623174,25.076956],[121.619351259043,25.0726450755284],[121.619351259043,25.0726450755284]]}},{"type":"Feature","properties":{"route_name":"三峽-內科","color":"#843bdc"},"geometry":{"type":"LineString","coordinates":[[121.57446,25.07204],[121.57446,25.07204],[121.577744,25.073152],[121.577744,25.073152],[121.57766690657958,25.07478024553194],[121.57766690657958,25.07478024553194],[121.5731066,25.07729684],[121.573134,25.077273],[121.568256,25.079478],[121.568256,25.079478],[121.565903409458,25.0805158061818],[121.565903409458,25.0805158061818]]}},{"type":"Feature","properties":{"route_name":"三峽-捷運台大醫院站","color":"#dc3b76"},"geometry":{"type":"LineString","coordinates":[[121.5007597,25.03283797],[121.5007597,25.03283797],[121.508187414094,25.0409980900087],[121.5082192,25.04094605],[121.509834083745,25.0414915346214],[121.509834083745,25.0414915346214],[121.5146668,25.04337336],[121.5146668,25.04337336],[121.516148167061,25.0419357569938],[121.516148167061,25.0419357569938]]}},{"type":"Feature","properties":{"route_name":"三峽-臺北市信義區","color":"#dcb13b"},"geometry":{"type":"LineString","coordinates":[[121.59356,24.994563],[121.566640146973,25.0358810435418],[121.566640146973,25.0358810435418],[121.56453,25.03902],[121.56453,25.03902],[121.568268559011,25.0372323905063],[121.568268559011,25.0372323905063]]}},{"type":"Feature","properties":{"route_name":"三重-內科","color":"#3bdc89"},"geometry":{"type":"LineString","coordinates":[[121.508399869161,25.0862710146474],[121.508399869161,25.0862710146474],[121.5267653,25.09543483],[121.5267653,25.09543483],[121.555253,25.08484],[121.555253,25.08484],[121.5662362,25.08025003],[121.5662362,25.08025003],[121.5684974,25.07921316],[121.5684974,25.07921316],[121.570459,25.078319],[121.570459,25.078319],[121.577343,25.074821],[121.577343,25.074821],[121.5820136022182,25.070960172287336],[121.5820136022182,25.070960172287336]]}},{"type":"Feature","properties":{"route_name":"中原中平路口-建國中學","color":"#dc3b43"},"geometry":{"type":"LineString","coordinates":[[121.51316241098594,25.046552005302367],[121.51316241098594,25.046552005302367],[121.516148167061,25.0419357569938],[121.516148167061,25.0419357569938],[121.514498656168,25.0386560843846],[121.514498656168,25.0386560843846],[121.512879,25.031565],[121.512879,25.031565]]}},{"type":"Feature","properties":{"route_name":"中山幹線","color":"#dc3bd9"},"geometry":{"type":"LineString","coordinates":[[121.539342,25.113709],[121.53922,25.11433],[121.539164314308,25.1158769834742],[121.53683,25.11823],[121.53544,25.11823571],[121.5311071,25.11823857],[121.53084,25.11927],[121.5315658,25.121299],[121.53273,25.12424],[121.53245,25.12420428],[121.53187,25.12262],[121.53134848347,25.12124699952],[121.53060908611,25.1193246795518],[121.52797,25.11588],[121.527040561596,25.1141183409596],[121.525723879398,25.1115197312941],[121.5250351,25.10831235],[121.524661,25.105356],[121.524957,25.103354],[121.527411,25.097079],[121.5276799453955,25.092853732851424],[121.5276799453955,25.092853732851424],[121.5273919,25.09069989],[121.5273919,25.09069989],[121.5269357,25.08800277],[121.5269357,25.08800277],[121.525327,25.085353],[121.525327,25.085353],[121.524712226022,25.0817595131148],[121.523095139749,25.070066233009],[121.52244,25.0673],[121.5221621,25.06438114],[121.522776776113,25.0608309862107],[121.522776776113,25.0608309862107],[121.5225384,25.05658228],[121.522628910085,25.0564276089864],[121.52202112765,25.05126405386],[121.519759690546,25.046484462941],[121.5167218,25.0465408],[121.509098,25.04552755],[121.509144127644,25.0455115050969],[121.508266771006,25.0425165606871],[121.5083,25.04252],[121.506903709074,25.0378687908132],[121.506903709074,25.0378687908132],[121.5063886,25.03646318],[121.506507520259,25.0364933609706],[121.50448356536738,25.03205520434067],[121.50448356536738,25.03205520434067],[121.50438,25.02966],[121.5054939,25.02836772],[121.505465333891,25.028384629531],[121.506437964545,25.0273435686053],[121.506437964545,25.0273435686053],[121.508316077824,25.0256215629554],[121.508316077824,25.0256215629554],[121.509833,25.024664],[121.509833,25.024664],[121.50982,25.02391],[121.50643,25.02149],[121.5039,25.02023]]}},{"type":"Feature","properties":{"route_name":"五股-內湖科技園區","color":"#dc3bb1"},"geometry":{"type":"LineString","coordinates":[[121.57446,25.07204],[121.57446,25.07204],[121.5731066,25.07729684],[121.573134,25.077273],[121.568256,25.079478],[121.568256,25.079478],[121.5653587,25.08167506],[121.5653587,25.08167506],[121.574618145655,25.0801493693391],[121.574618145655,25.0801493693391]]}},{"type":"Feature","properties":{"route_name":"仁愛幹線","color":"#3b9edc"},"geometry":{"type":"LineString","coordinates":[[121.496932,25.035263],[121.496932,25.035263],[121.5000845,25.03514822],[121.500164,25.035143],[121.50409,25.03563],[121.5073666,25.03821366],[121.5073666,25.03821366],[121.5082192,25.04094605],[121.508187414094,25.0409980900087],[121.509834083745,25.0414915346214],[121.509834083745,25.0414915346214],[121.5132,25.042018],[121.5132,25.042018],[121.51572629465,25.0433393370677],[121.51572629465,25.0433393370677],[121.516148167061,25.0419357569938],[121.516148167061,25.0419357569938],[121.5184523,25.03912915],[121.5213453,25.03876925],[121.5235878,25.0384529],[121.5280453,25.03821895],[121.532402806246,25.038163002655],[121.5343357,25.03804468],[121.537072110796,25.0380314055468],[121.54077520473633,25.03796159361127],[121.543165,25.037854],[121.545738,25.03784],[121.5476903,25.03778353],[121.550883391345,25.0377212341364],[121.5508834,25.03772123],[121.552717,25.037669],[121.552717,25.037669],[121.5552985,25.03762585],[121.555234376148,25.0376217119559],[121.55728,25.03754],[121.55728,25.03754],[121.56118,25.037543],[121.56118,25.037543],[121.563754,25.038332],[121.563754,25.038332],[121.562106434251,25.0411343471192],[121.562106434251,25.0411343471192],[121.5668354,25.04100991],[121.5668354,25.04100991],[121.5726502,25.04085411],[121.575809,25.040733],[121.5777181,25.0399753],[121.5752654,25.0379567],[121.574493,25.035829],[121.57514012830093,25.033870235708875],[121.578747487242,25.0362197359093],[121.581141,25.036858],[121.583273769159,25.037669212048],[121.58728,25.03918064],[121.588329,25.03946811],[121.591098,25.039953]]}},{"type":"Feature","properties":{"route_name":"信義幹線","color":"#943bdc"},"geometry":{"type":"LineString","coordinates":[[121.599554,25.060747],[121.596727,25.061328],[121.5941653,25.06267156],[121.5937887,25.05574836],[121.5949802,25.0530195],[121.5949802,25.0530195],[121.593165,25.050346],[121.593165,25.050346],[121.59077,25.04983],[121.59077,25.04983],[121.5878431,25.04908468],[121.5878431,25.04908468],[121.584229738588,25.0475212158758],[121.584229738588,25.0475212158758],[121.583351,25.046356],[121.5832524,25.04280193],[121.5851435,25.04110747],[121.58325,25.03789],[121.580964,25.037055],[121.578737539702,25.0363727952991],[121.57704,25.03555],[121.5749131,25.03402693],[121.570056,25.033006],[121.566687674056,25.0329497897498],[121.566687674056,25.0329497897498],[121.56459847127361,25.033242055020047],[121.56459847127361,25.033242055020047],[121.55813,25.0331],[121.554622114057,25.033193427795],[121.552849,25.033223],[121.549449,25.03337757],[121.5461666,25.0333837],[121.5438266,25.03340442],[121.542275,25.033382],[121.53846436682753,25.033528900407934],[121.5359159,25.03355035],[121.53336986167852,25.033641163337222],[121.53039498137659,25.033725370699948],[121.52775567033312,25.034084364885075],[121.5247830381989,25.035289619677716],[121.52065828149863,25.03734153832383],[121.5163535,25.04192722],[121.5163535,25.04192722]]}},{"type":"Feature","properties":{"route_name":"兒樂1號線","color":"#dc863b"},"geometry":{"type":"LineString","coordinates":[[121.5146581,25.09636438],[121.522741,25.101765],[121.525882,25.095428],[121.51822,25.09549],[121.51822,25.09549],[121.517419129378,25.0953476878965],[121.517419129378,25.0953476878965],[121.5146581,25.09636438]]}},{"type":"Feature","properties":{"route_name":"兒樂2號線","color":"#3bdc84"},"geometry":{"type":"LineString","coordinates":[[121.5146581,25.09636438],[121.517833,25.089884],[121.5204586,25.08926881],[121.521560747477,25.0885191533109],[121.525031,25.084952],[121.525031,25.084952],[121.524004254885,25.0878445553514],[121.522119,25.090677],[121.5204546,25.09297967],[121.51822,25.09549],[121.51822,25.09549],[121.517419129378,25.0953476878965],[121.517419129378,25.0953476878965],[121.5146581,25.09636438]]}},{"type":"Feature","properties":{"route_name":"內湖幹線","color":"#3bdc51"},"geometry":{"type":"LineString","coordinates":[[121.623553,25.079068],[121.622813623616,25.0773157481393],[121.62118809341,25.0762017702812],[121.619351259043,25.0726450755284],[121.619351259043,25.0726450755284],[121.619134959956,25.0711232284945],[121.6184776,25.06922957],[121.61668,25.068177],[121.61668,25.068177],[121.614308439756,25.068763284981],[121.614308439756,25.068763284981],[121.611642249953,25.0702607638519],[121.611642249953,25.0702607638519],[121.609308386226,25.0718101504888],[121.609308386226,25.0718101504888],[121.607610913193,25.0726213066526],[121.607610913193,25.0726213066526],[121.6072451,25.07543061],[121.6072451,25.07543061],[121.607197,25.078107],[121.607197,25.078107],[121.60525229995443,25.08303681690925],[121.60525229995443,25.08303681690925],[121.6025457,25.08373507],[121.6025457,25.08373507],[121.6000154,25.08478664],[121.6000154,25.08478664],[121.59638478301,25.0845601194501],[121.59638478301,25.0845601194501],[121.593879114086,25.0834615421604],[121.59179366923021,25.081779319488682],[121.589838083526,25.0798544258006],[121.5883097,25.07901319],[121.5883097,25.07901319],[121.584351,25.078655],[121.584351,25.078655],[121.58078,25.07859],[121.5779835,25.07910692],[121.57610868441,25.0798366021365],[121.57610868441,25.0798366021365],[121.573860343024,25.0806380998734],[121.571386,25.081473],[121.569461375068,25.082118261496],[121.565868143978,25.0824213906562],[121.564098538475,25.0830692818289],[121.564098538475,25.0830692818289],[121.561535778783,25.0843810062584],[121.558119339359,25.0848172776379],[121.55468793143969,25.085303158353604],[121.55468793143969,25.085303158353604],[121.5490281,25.08377483],[121.5482394,25.0808482],[121.546139731473,25.0799238282333],[121.5436838,25.07978102],[121.54169,25.07961],[121.535552182321,25.0780024350627],[121.530144788528,25.0781282212443],[121.527964269875,25.077322358349],[121.523095139749,25.070066233009],[121.52244,25.0673],[121.5221621,25.06438114],[121.522776776113,25.0608309862107],[121.522776776113,25.0608309862107],[121.5225384,25.05658228],[121.522628910085,25.0564276089864],[121.52202112765,25.05126405386],[121.519759690546,25.046484462941],[121.5167218,25.0465408],[121.51317492694037,25.04555817012959],[121.512543916311,25.0423685522993],[121.512543916311,25.0423685522993]]}},{"type":"Feature","properties":{"route_name":"內科快線1","color":"#66dc3b"},"geometry":{"type":"LineString","coordinates":[[121.520216,25.069744],[121.56489,25.0801],[121.5662362,25.08025003],[121.5662362,25.08025003],[121.5684974,25.07921316],[121.5684974,25.07921316],[121.572469,25.077397],[121.577343,25.074821],[121.577343,25.074821],[121.5809507,25.07198833],[121.5809507,25.07198833],[121.5820136022182,25.070960172287336],[121.5820136022182,25.070960172287336],[121.58235002103366,25.064394618249743],[121.580999258182,25.0635997659263],[121.578721077514,25.0623176113037]]}},{"type":"Feature","properties":{"route_name":"內科快線2","color":"#69dc3b"},"geometry":{"type":"LineString","coordinates":[[121.565249,25.040991],[121.565249,25.040991],[121.57446,25.07204],[121.57446,25.07204],[121.5674816,25.07803318],[121.56489,25.0801],[121.5662362,25.08025003],[121.5662362,25.08025003],[121.5684974,25.07921316],[121.5684974,25.07921316],[121.572469,25.077397],[121.577343,25.074821],[121.577343,25.074821],[121.5809507,25.07198833],[121.5809507,25.07198833],[121.5820136022182,25.070960172287336],[121.5820136022182,25.070960172287336],[121.583129808238,25.0685609459737],[121.583129808238,25.0685609459737],[121.57895384595646,25.066982973174284]]}},{"type":"Feature","properties":{"route_name":"內科通勤專車10","color":"#993bdc"},"geometry":{"type":"LineString","coordinates":[[121.551906976436,25.0236369355906],[121.551906976436,25.0236369355906],[121.5549231,25.02628003],[121.5549231,25.02628003],[121.557084,25.028593],[121.557084,25.028593],[121.5588464,25.03159637],[121.5588464,25.03159637],[121.56489,25.0801],[121.5662362,25.08025003],[121.5662362,25.08025003],[121.5684974,25.07921316],[121.5684974,25.07921316],[121.572469,25.077397],[121.577343,25.074821],[121.577343,25.074821],[121.5809507,25.07198833],[121.5809507,25.07198833],[121.5820136022182,25.070960172287336],[121.5820136022182,25.070960172287336],[121.583129808238,25.0685609459737],[121.583129808238,25.0685609459737]]}},{"type":"Feature","properties":{"route_name":"內科通勤專車11","color":"#963bdc"},"geometry":{"type":"LineString","coordinates":[[121.56489,25.0801],[121.5662362,25.08025003],[121.5662362,25.08025003],[121.5684974,25.07921316],[121.5684974,25.07921316],[121.572469,25.077397],[121.577343,25.074821],[121.577343,25.074821],[121.5809507,25.07198833],[121.5809507,25.07198833],[121.5820136022182,25.070960172287336],[121.5820136022182,25.070960172287336]]}},{"type":"Feature","properties":{"route_name":"內科通勤專車12","color":"#943bdc"},"geometry":{"type":"LineString","coordinates":[[121.56489,25.0801],[121.5662362,25.08025003],[121.5662362,25.08025003],[121.5684974,25.07921316],[121.5684974,25.07921316],[121.572469,25.077397],[121.577343,25.074821],[121.577343,25.074821],[121.5809507,25.07198833],[121.5809507,25.07198833],[121.5820136022182,25.070960172287336],[121.5820136022182,25.070960172287336]]}},{"type":"Feature","properties":{"route_name":"內科通勤專車13","color":"#913bdc"},"geometry":{"type":"LineString","coordinates":[[121.53245,25.12420428],[121.53187,25.12262],[121.53134848347,25.12124699952],[121.53060908611,25.1193246795518],[121.5276437,25.11850567],[121.52525,25.11857],[121.520551599272,25.1188249158648],[121.520551599272,25.1188249158648],[121.518052504684,25.1184508084325],[121.518052504684,25.1184508084325],[121.516366480061,25.1172201622833],[121.515502,25.115911],[121.51277,25.114301],[121.5105335296023,25.113305413702086],[121.512347,25.10953688],[121.512347026452,25.1095368758096],[121.5139733,25.10803433],[121.5139733,25.10803433],[121.517803,25.105059],[121.517803,25.105059],[121.520473605143,25.1022630440787],[121.520473605143,25.1022630440787],[121.522307508871,25.1008497293525],[121.522307508871,25.1008497293525],[121.524279381093,25.0959118891448],[121.5243054,25.09589886],[121.5267653,25.09543483],[121.5267653,25.09543483],[121.5290055,25.09583325],[121.5290055,25.09583325],[121.531395,25.096324],[121.531395,25.096324],[121.533481875716,25.0972847950979],[121.5334915,25.097224],[121.56489,25.0801],[121.5662362,25.08025003],[121.5662362,25.08025003],[121.5684974,25.07921316],[121.5684974,25.07921316],[121.572469,25.077397],[121.577343,25.074821],[121.577343,25.074821],[121.5809507,25.07198833],[121.5809507,25.07198833],[121.5820136022182,25.070960172287336],[121.5820136022182,25.070960172287336],[121.583129808238,25.0685609459737],[121.583129808238,25.0685609459737],[121.57895384595646,25.066982973174284]]}},{"type":"Feature","properties":{"route_name":"內科通勤專車15","color":"#8c3bdc"},"geometry":{"type":"LineString","coordinates":[[121.53245,25.12420428],[121.53187,25.12262],[121.53134848347,25.12124699952],[121.53060908611,25.1193246795518],[121.5276437,25.11850567],[121.52525,25.11857],[121.520551599272,25.1188249158648],[121.520551599272,25.1188249158648],[121.518052504684,25.1184508084325],[121.518052504684,25.1184508084325],[121.516366480061,25.1172201622833],[121.515502,25.115911],[121.51277,25.114301],[121.5105335296023,25.113305413702086],[121.512347026452,25.1095368758096],[121.512347,25.10953688],[121.5139733,25.10803433],[121.5139733,25.10803433],[121.517803,25.105059],[121.517803,25.105059],[121.520473605143,25.1022630440787],[121.520473605143,25.1022630440787],[121.522307508871,25.1008497293525],[121.522307508871,25.1008497293525],[121.524279381093,25.0959118891448],[121.5243054,25.09589886],[121.5270438,25.09550407],[121.5270438,25.09550407],[121.5290055,25.09583325],[121.5290055,25.09583325],[121.531395,25.096324],[121.531395,25.096324],[121.533481875716,25.0972847950979],[121.5334915,25.097224],[121.541888,25.097131],[121.541888,25.097131],[121.54679912183309,25.09735486763365],[121.555253,25.08484],[121.555253,25.08484],[121.5652273,25.08198997],[121.5652273,25.08198997],[121.5662362,25.08025003],[121.5662362,25.08025003],[121.5684974,25.07921316],[121.5684974,25.07921316],[121.572469,25.077397],[121.577343,25.074821],[121.577343,25.074821]]}},{"type":"Feature","properties":{"route_name":"內科通勤專車16","color":"#893bdc"},"geometry":{"type":"LineString","coordinates":[[121.49262,25.14506],[121.493826634438,25.1452880512553],[121.497011,25.144571],[121.498005120919,25.1435377973513],[121.49875524785,25.1420654536477],[121.500142024239,25.1404257952951],[121.501520744986,25.1391571863191],[121.502937,25.137791],[121.504124469582,25.1363484992167],[121.50235879653,25.1345133895389],[121.50131769692,25.1321537676007],[121.5013177,25.13218314],[121.501062,25.130163],[121.501062,25.130163],[121.501189626271,25.1278841376109],[121.5011176,25.1278803],[121.5015983,25.12583115],[121.50284,25.12247],[121.50419,25.12098],[121.507204221793,25.120365436068],[121.508648,25.120154],[121.511691191756,25.1191852593947],[121.51367,25.11668],[121.51501,25.114729],[121.51664,25.11229],[121.518827,25.109208],[121.517707662365,25.107279457424],[121.517803,25.105059],[121.517803,25.105059],[121.520473605143,25.1022630440787],[121.520473605143,25.1022630440787],[121.522307508871,25.1008497293525],[121.522307508871,25.1008497293525],[121.524279381093,25.0959118891448],[121.5243054,25.09589886],[121.5267653,25.09543483],[121.5267653,25.09543483],[121.5290055,25.09583325],[121.5290055,25.09583325],[121.531395,25.096324],[121.531395,25.096324],[121.5334915,25.097224],[121.533481875716,25.0972847950979],[121.541888,25.097131],[121.541888,25.097131],[121.54679912183309,25.09735486763365],[121.555253,25.08484],[121.555253,25.08484],[121.56384168984,25.0829452709661],[121.56384168984,25.0829452709661],[121.5652273,25.08198997],[121.5652273,25.08198997],[121.5662362,25.08025003],[121.5662362,25.08025003],[121.5684974,25.07921316],[121.5684974,25.07921316],[121.572469,25.077397],[121.577343,25.074821],[121.577343,25.074821],[121.5809507,25.07198833],[121.5809507,25.07198833],[121.5820136022182,25.070960172287336],[121.5820136022182,25.070960172287336],[121.583129808238,25.0685609459737],[121.583129808238,25.0685609459737],[121.57895384595646,25.066982973174284]]}},{"type":"Feature","properties":{"route_name":"內科通勤專車17","color":"#863bdc"},"geometry":{"type":"LineString","coordinates":[[121.51711224794106,25.09415239272792],[121.51711224794106,25.09415239272792],[121.519189,25.092636],[121.519189,25.092636],[121.52330153373,25.0946048451863],[121.52330153373,25.0946048451863],[121.5270438,25.09550407],[121.5270438,25.09550407],[121.5276799453955,25.092853732851424],[121.5276799453955,25.092853732851424],[121.5273919,25.09069989],[121.5273919,25.09069989],[121.5269357,25.08800277],[121.5269357,25.08800277],[121.525327,25.085353],[121.525327,25.085353],[121.524712226022,25.0817595131148],[121.56489,25.0801],[121.5662362,25.08025003],[121.5662362,25.08025003],[121.5684974,25.07921316],[121.5684974,25.07921316],[121.572469,25.077397],[121.577343,25.074821],[121.577343,25.074821]]}},{"type":"Feature","properties":{"route_name":"內科通勤專車18","color":"#843bdc"},"geometry":{"type":"LineString","coordinates":[[121.5178677888,25.0628480067],[121.5178677888,25.0628480067],[121.5223009,25.06271419],[121.5223009,25.06271419],[121.5253813,25.06266873],[121.5253813,25.06266873],[121.5300637,25.06254664],[121.5300637,25.06254664],[121.5328589,25.0624771],[121.5328589,25.0624771],[121.5364984,25.06236889],[121.5364984,25.06236889],[121.540554014847,25.0623255291835],[121.540554014847,25.0623255291835],[121.5438692,25.06227185],[121.5438692,25.06227185],[121.54762539917303,25.062020643130538],[121.54762539917303,25.062020643130538],[121.552,25.06145],[121.55578,25.06188],[121.5573,25.06199574],[121.5611,25.06247253],[121.56364748952177,25.06279839209022],[121.579477870198,25.066876801458],[121.58212115754,25.0680848776157],[121.58212115754,25.0680848776157],[121.582711,25.070517],[121.582711,25.070517],[121.581177,25.071952],[121.581177,25.071952],[121.57766690657958,25.07478024553194],[121.57766690657958,25.07478024553194],[121.573134,25.077273],[121.5731066,25.07729684],[121.568256,25.079478],[121.568256,25.079478],[121.565903409458,25.0805158061818],[121.565903409458,25.0805158061818],[121.5653587,25.08167506],[121.5653587,25.08167506],[121.5656019,25.08562294]]}},{"type":"Feature","properties":{"route_name":"內科通勤專車19","color":"#813bdc"},"geometry":{"type":"LineString","coordinates":[[121.56629,25.04124],[121.5664817,25.04423486],[121.5664817,25.04423486],[121.56682,25.04641],[121.56552,25.05002],[121.564777,25.051492],[121.5638994,25.053597],[121.5638473,25.05481494],[121.56368,25.05753],[121.56339,25.06067],[121.56364748952177,25.06279839209022],[121.579477870198,25.066876801458],[121.58212115754,25.0680848776157],[121.58212115754,25.0680848776157],[121.582711,25.070517],[121.582711,25.070517],[121.581177,25.071952],[121.581177,25.071952],[121.57766690657958,25.07478024553194],[121.57766690657958,25.07478024553194],[121.575587990787,25.077240508774],[121.57610868441,25.0798366021365],[121.57610868441,25.0798366021365],[121.573860343024,25.0806380998734],[121.571386,25.081473],[121.569461375068,25.082118261496],[121.566608,25.082292],[121.5652273,25.08198997],[121.5652273,25.08198997],[121.5646071,25.07973077]]}},{"type":"Feature","properties":{"route_name":"內科通勤專車2","color":"#3b46dc"},"geometry":{"type":"LineString","coordinates":[[121.516898839078,25.0242546637841],[121.516898839078,25.0242546637841],[121.51751,25.026752],[121.520278734081,25.0265749351805],[121.523591,25.026842],[121.526353,25.028663],[121.52673,25.03066],[121.5272129,25.03321177],[121.5281994,25.03778986],[121.5292018,25.04049366],[121.528167347349,25.0772703676354],[121.53000062511,25.0779258290758],[121.5319142,25.07800478],[121.535397,25.07778224],[121.56489,25.0801],[121.5662362,25.08025003],[121.5662362,25.08025003],[121.5684974,25.07921316],[121.5684974,25.07921316],[121.572469,25.077397],[121.577343,25.074821],[121.577343,25.074821],[121.5809507,25.07198833],[121.5809507,25.07198833],[121.5820136022182,25.070960172287336],[121.5820136022182,25.070960172287336]]}},{"type":"Feature","properties":{"route_name":"內科通勤專車20","color":"#463bdc"},"geometry":{"type":"LineString","coordinates":[[121.565249,25.040991],[121.565249,25.040991],[121.58212115754,25.0680848776157],[121.58212115754,25.0680848776157],[121.582711,25.070517],[121.582711,25.070517],[121.581177,25.071952],[121.581177,25.071952],[121.57766690657958,25.07478024553194],[121.57766690657958,25.07478024553194],[121.5731066,25.07729684],[121.573134,25.077273],[121.568256,25.079478],[121.568256,25.079478],[121.565903409458,25.0805158061818],[121.565903409458,25.0805158061818],[121.5653587,25.08167506],[121.5653587,25.08167506],[121.5656019,25.08562294]]}},{"type":"Feature","properties":{"route_name":"內科通勤專車21","color":"#433bdc"},"geometry":{"type":"LineString","coordinates":[[121.49433,25.031173],[121.49433,25.031173],[121.49703,25.03295],[121.49703,25.03295],[121.5007597,25.03283797],[121.5007597,25.03283797],[121.502732,25.033257],[121.502732,25.033257],[121.506607,25.0357],[121.506607,25.0357],[121.508285900629,25.041730058378],[121.508285900629,25.041730058378],[121.5094213,25.04568121],[121.509380726049,25.0456964941835],[121.510332,25.04924],[121.510332531364,25.0492507169836],[121.581074,25.057957],[121.581074,25.057957],[121.581902,25.059965],[121.583819096678,25.0613243529619],[121.58537,25.0639],[121.582711,25.070517],[121.582711,25.070517],[121.581177,25.071952],[121.581177,25.071952],[121.57766690657958,25.07478024553194],[121.57766690657958,25.07478024553194],[121.573134,25.077273],[121.5731066,25.07729684],[121.568256,25.079478],[121.568256,25.079478],[121.565903409458,25.0805158061818],[121.565903409458,25.0805158061818],[121.5646071,25.07973077],[121.56384168984,25.0829452709661],[121.56384168984,25.0829452709661],[121.5652273,25.08198997],[121.5652273,25.08198997]]}},{"type":"Feature","properties":{"route_name":"內科通勤專車22","color":"#413bdc"},"geometry":{"type":"LineString","coordinates":[[121.520216,25.069744],[121.5240266,25.07222485],[121.528167347349,25.0772703676354],[121.53000062511,25.0779258290758],[121.5319142,25.07800478],[121.535397,25.07778224],[121.56405,25.07839],[121.56489,25.0801],[121.5662362,25.08025003],[121.5662362,25.08025003],[121.5684974,25.07921316],[121.5684974,25.07921316],[121.570459,25.078319],[121.570459,25.078319],[121.574618145655,25.0801493693391],[121.574618145655,25.0801493693391],[121.57768,25.078956],[121.5812755,25.07929048],[121.5868,25.08114],[121.5894925,25.08178839]]}},{"type":"Feature","properties":{"route_name":"內科通勤專車3","color":"#3b43dc"},"geometry":{"type":"LineString","coordinates":[[121.516898839078,25.0242546637841],[121.516898839078,25.0242546637841],[121.51751,25.026752],[121.520278734081,25.0265749351805],[121.523591,25.026842],[121.526353,25.028663],[121.52673,25.03066],[121.5272129,25.03321177],[121.5281994,25.03778986],[121.5292018,25.04049366],[121.528167347349,25.0772703676354],[121.53000062511,25.0779258290758],[121.5319142,25.07800478],[121.535397,25.07778224],[121.56489,25.0801],[121.5662362,25.08025003],[121.5662362,25.08025003],[121.5684974,25.07921316],[121.5684974,25.07921316],[121.572469,25.077397],[121.577343,25.074821],[121.577343,25.074821],[121.5809507,25.07198833],[121.5809507,25.07198833],[121.5820136022182,25.070960172287336],[121.5820136022182,25.070960172287336],[121.583129808238,25.0685609459737],[121.583129808238,25.0685609459737],[121.57895384595646,25.066982973174284]]}},{"type":"Feature","properties":{"route_name":"內科通勤專車5","color":"#3b3edc"},"geometry":{"type":"LineString","coordinates":[[121.565249,25.040991],[121.565249,25.040991],[121.581074,25.057957],[121.581074,25.057957],[121.5791317,25.06054231],[121.5791317,25.06054231],[121.57861,25.062],[121.58149990509064,25.063647810032915]]}},{"type":"Feature","properties":{"route_name":"內科通勤專車6","color":"#3b3bdc"},"geometry":{"type":"LineString","coordinates":[[121.5791317,25.06054231],[121.5791317,25.06054231],[121.57861,25.062],[121.58149990509064,25.063647810032915],[121.582711,25.070517],[121.582711,25.070517],[121.581177,25.071952],[121.581177,25.071952],[121.57766690657958,25.07478024553194],[121.57766690657958,25.07478024553194],[121.573134,25.077273],[121.5731066,25.07729684],[121.568256,25.079478],[121.568256,25.079478],[121.565903409458,25.0805158061818],[121.565903409458,25.0805158061818],[121.5646071,25.07973077]]}},{"type":"Feature","properties":{"route_name":"內科通勤專車7","color":"#3e3bdc"},"geometry":{"type":"LineString","coordinates":[[121.617342075005,25.0551425857593],[121.617342075005,25.0551425857593],[121.6156,25.05534],[121.6156,25.05534],[121.6141291,25.05641711],[121.6141291,25.05641711],[121.614279736525,25.0596223969091],[121.5791317,25.06054231],[121.5791317,25.06054231],[121.57861,25.062],[121.58149990509064,25.063647810032915],[121.582711,25.070517],[121.582711,25.070517],[121.581177,25.071952],[121.581177,25.071952],[121.57766690657958,25.07478024553194],[121.57766690657958,25.07478024553194],[121.5731066,25.07729684],[121.573134,25.077273],[121.568256,25.079478],[121.568256,25.079478],[121.565903409458,25.0805158061818],[121.565903409458,25.0805158061818],[121.5646071,25.07973077]]}},{"type":"Feature","properties":{"route_name":"內科通勤專車8","color":"#413bdc"},"geometry":{"type":"LineString","coordinates":[[121.578206062017,25.0498061943222],[121.578206062017,25.0498061943222],[121.581944,25.05636],[121.581074,25.057957],[121.581074,25.057957],[121.57861,25.062],[121.58149990509064,25.063647810032915],[121.585286,25.064826],[121.582711,25.070517],[121.582711,25.070517],[121.581177,25.071952],[121.581177,25.071952],[121.57766690657958,25.07478024553194],[121.57766690657958,25.07478024553194],[121.5731066,25.07729684],[121.573134,25.077273],[121.568256,25.079478],[121.568256,25.079478],[121.565903409458,25.0805158061818],[121.565903409458,25.0805158061818],[121.5646071,25.07973077]]}},{"type":"Feature","properties":{"route_name":"北士科1","color":"#3bdc86"},"geometry":{"type":"LineString","coordinates":[[121.538150664916,25.1137918835919],[121.536781,25.113461],[121.53231,25.11265],[121.530332918097,25.1095348370884],[121.52972,25.1082539636723],[121.5279725,25.10762151],[121.5262961,25.1070703],[121.524661,25.105356],[121.522678294477,25.1020082188363],[121.509985,25.100425],[121.50703302755403,25.10059120420348],[121.5059969206,25.1005585521],[121.504482054692,25.1004994023069]]}},{"type":"Feature","properties":{"route_name":"北環幹線","color":"#dc813b"},"geometry":{"type":"LineString","coordinates":[[121.504476019722,25.1003822071101],[121.50562988182526,25.10041172252245],[121.507447,25.100501],[121.50899838312725,25.100517081943632],[121.514664,25.10300026],[121.512887,25.104852],[121.51195122674679,25.10302567688198],[121.515234,25.096205],[121.51711224794106,25.09415239272792],[121.51711224794106,25.09415239272792],[121.519189,25.092636],[121.519189,25.092636],[121.52330153373,25.0946048451863],[121.52330153373,25.0946048451863],[121.5270438,25.09550407],[121.5270438,25.09550407],[121.5290055,25.09583325],[121.5290055,25.09583325],[121.531395,25.096324],[121.531395,25.096324],[121.5334915,25.097224],[121.533481875716,25.0972847950979],[121.53792,25.097779],[121.53792,25.097779],[121.540175948519,25.0972328685249],[121.54021,25.09725],[121.541888,25.097131],[121.541888,25.097131],[121.54455,25.09704],[121.54679912183309,25.09735486763365],[121.551895985064,25.0858624708036],[121.555253,25.08484],[121.555253,25.08484],[121.558196913178,25.0845384449731],[121.5615165067,25.0841512660387],[121.56384168984,25.0829452709661],[121.56384168984,25.0829452709661],[121.565884872161,25.0821974042872],[121.565884872161,25.0821974042872],[121.56904542401,25.0819632554949],[121.56904542401,25.0819632554949],[121.57184,25.081132],[121.57184,25.081132],[121.574618145655,25.0801493693391],[121.574618145655,25.0801493693391],[121.578396,25.078683],[121.578396,25.078683],[121.581597209792,25.0783569202296],[121.5841327,25.07840172],[121.5841327,25.07840172],[121.587565869008,25.0787035812339],[121.589939880159,25.0796177267452],[121.59200882874,25.0816997666211],[121.594132,25.08334],[121.59841,25.08456],[121.59841,25.08456],[121.600182,25.08453],[121.600182,25.08453],[121.602592,25.08343],[121.602592,25.08343],[121.6048,25.08288733],[121.6048,25.08288733],[121.606985,25.077575],[121.606985,25.077575],[121.60709165757346,25.076003252282835],[121.60709165757346,25.076003252282835],[121.60631194598926,25.07432866824676],[121.60631194598926,25.07432866824676],[121.6075013,25.07246542],[121.6075013,25.07246542],[121.609320074507,25.0716328345384],[121.609320074507,25.0716328345384],[121.6116528,25.06996983],[121.61150222666,25.0674930032886],[121.61150222666,25.0674930032886],[121.61407454595626,25.0587135046885],[121.61407454595626,25.0587135046885],[121.61389139258283,25.05655055325109],[121.61389139258283,25.05655055325109],[121.616456,25.054699],[121.616456,25.054699],[121.615865875754,25.0518036904539],[121.615625,25.049543],[121.615363,25.047199],[121.61558513647303,25.044722099556466],[121.61648,25.04313],[121.617338,25.039528],[121.6169015,25.03813813],[121.616893,25.036259],[121.6161708,25.03500483],[121.6147203,25.03474253],[121.6097652,25.03382827]]}},{"type":"Feature","properties":{"route_name":"南京幹線","color":"#acdc3b"},"geometry":{"type":"LineString","coordinates":[[121.60365,25.0576],[121.60365,25.0576],[121.60707,25.058155],[121.60707,25.058155],[121.60939,25.05884],[121.60939,25.05884],[121.61043408707262,25.05927148642987],[121.61043408707262,25.05927148642987],[121.61241,25.05897],[121.61241,25.05897],[121.614279736525,25.0596223969091],[121.611416,25.066845],[121.611642249953,25.0702607638519],[121.611642249953,25.0702607638519],[121.609308386226,25.0718101504888],[121.609308386226,25.0718101504888],[121.607610913193,25.0726213066526],[121.607610913193,25.0726213066526],[121.60468992917,25.0735474046187],[121.602397,25.07383],[121.600364932077,25.0775703139034],[121.599295,25.079518],[121.5978951,25.08111607],[121.596227,25.082986],[121.593879114086,25.0834615421604],[121.59179366923021,25.081779319488682],[121.589838083526,25.0798544258006],[121.59007719697958,25.076435413204408],[121.58972,25.073372],[121.589869957803,25.0710371489715],[121.589869957803,25.0710371489715],[121.590661157725,25.0680308659982],[121.590661157725,25.0680308659982],[121.590521443523,25.0670002134225],[121.5904106,25.0632823],[121.589212889978,25.0618022015955],[121.58567426682049,25.059637621521563],[121.57950353609606,25.056369580641974],[121.577715906746,25.0554380798046],[121.56665364964157,25.051513187536237],[121.56111056329053,25.05158012283465],[121.555516323112,25.0516596699759],[121.549520919642,25.0517934820293],[121.5444563164689,25.05191518176843],[121.54085264591662,25.051994714534274],[121.54085264591662,25.051994714534274],[121.537271345417,25.0520896887846],[121.533302047123,25.0521144980622],[121.530332504829,25.0521129968997],[121.525717467074,25.0521676118001],[121.519866,25.052867],[121.519866,25.052867],[121.5151374,25.05143327]]}},{"type":"Feature","properties":{"route_name":"南環幹線","color":"#8cdc3b"},"geometry":{"type":"LineString","coordinates":[[121.55568,24.980335],[121.55568,24.980335],[121.5583622,24.98100977],[121.5583622,24.98100977],[121.559783932422,24.9813802657801],[121.559783932422,24.9813802657801],[121.561802,24.981856],[121.561802,24.981856],[121.56456790757427,24.982503951501606],[121.56456790757427,24.982503951501606],[121.56636,24.98305],[121.56636,24.98305],[121.568528509552,24.9837877068618],[121.568528509552,24.9837877068618],[121.570622,24.98551],[121.570615,24.985348],[121.5707228,24.98719412],[121.570722800802,24.9871941238226],[121.574739,24.98778],[121.574739,24.98778],[121.576427,24.988319],[121.576427,24.988319],[121.57699279565435,24.989020423587586],[121.57699279565435,24.989020423587586],[121.576905,24.990413],[121.576905,24.990413],[121.574627,24.991863],[121.574627,24.991863],[121.573853,24.992819],[121.573853,24.992819],[121.576285,24.99626767],[121.576197,24.996309],[121.57996,24.99857],[121.57996,24.99857],[121.583287778248,25.0028393386766],[121.583287778248,25.0028393386766],[121.579255519338,25.0011783104188],[121.579255519338,25.0011783104188],[121.566687674056,25.0329497897498],[121.566687674056,25.0329497897498],[121.56357599974903,25.034512868313872],[121.56357599974903,25.034512868313872],[121.563754,25.038332],[121.563754,25.038332],[121.5668354,25.04100991],[121.5668354,25.04100991]]}},{"type":"Feature","properties":{"route_name":"南軟通勤專車中和線","color":"#3b8edc"},"geometry":{"type":"LineString","coordinates":[[121.551906976436,25.0236369355906],[121.551906976436,25.0236369355906],[121.5549231,25.02628003],[121.5549231,25.02628003],[121.557084,25.028593],[121.557084,25.028593],[121.5588464,25.03159637],[121.5588464,25.03159637],[121.61241,25.05897],[121.61241,25.05897],[121.6140095,25.05808055]]}},{"type":"Feature","properties":{"route_name":"南軟通勤專車北投線","color":"#dc513b"},"geometry":{"type":"LineString","coordinates":[[121.49262,25.14506],[121.493826634438,25.1452880512553],[121.497011,25.144571],[121.498005120919,25.1435377973513],[121.49875524785,25.1420654536477],[121.500142024239,25.1404257952951],[121.501520744986,25.1391571863191],[121.502937,25.137791],[121.504124469582,25.1363484992167],[121.50235879653,25.1345133895389],[121.50131769692,25.1321537676007],[121.5013177,25.13218314],[121.501062,25.130163],[121.501062,25.130163],[121.5011176,25.1278803],[121.501189626271,25.1278841376109],[121.4995994,25.12600361],[121.4995994,25.12600361],[121.499222,25.12242987],[121.499222,25.12242987],[121.501973,25.118907],[121.501973,25.118907],[121.503568,25.117433],[121.503568,25.117433],[121.50638,25.11487],[121.506438836067,25.114726442462],[121.508727083955,25.1127066443373],[121.508727083955,25.1127066443373],[121.512347,25.10953688],[121.512347026452,25.1095368758096],[121.5139733,25.10803433],[121.5139733,25.10803433],[121.517803,25.105059],[121.517803,25.105059],[121.520473605143,25.1022630440787],[121.520473605143,25.1022630440787],[121.522307508871,25.1008497293525],[121.522307508871,25.1008497293525],[121.524279381093,25.0959118891448],[121.5243054,25.09589886],[121.526768,25.090914],[121.526725,25.090999],[121.525327,25.085353],[121.525327,25.085353],[121.524712226022,25.0817595131148],[121.528167347349,25.0772703676354],[121.53000062511,25.0779258290758],[121.5319142,25.07800478],[121.535397,25.07778224],[121.540311649212,25.0793999240419],[121.54255,25.07949],[121.5453154,25.07971159],[121.5479855392,25.0802161011772],[121.5488002,25.08160965],[121.549307259251,25.0837373733406],[121.551895985064,25.0858624708036],[121.555253,25.08484],[121.555253,25.08484],[121.558196913178,25.0845384449731],[121.61241,25.05897],[121.61241,25.05897],[121.6140095,25.05808055]]}},{"type":"Feature","properties":{"route_name":"南軟通勤專車天母線","color":"#3bdccc"},"geometry":{"type":"LineString","coordinates":[[121.53245,25.12420428],[121.53187,25.12262],[121.53134848347,25.12124699952],[121.53060908611,25.1193246795518],[121.5276437,25.11850567],[121.52525,25.11857],[121.520551599272,25.1188249158648],[121.520551599272,25.1188249158648],[121.518052504684,25.1184508084325],[121.518052504684,25.1184508084325],[121.516366480061,25.1172201622833],[121.515502,25.115911],[121.51277,25.114301],[121.5105335296023,25.113305413702086],[121.512347026452,25.1095368758096],[121.512347,25.10953688],[121.5139733,25.10803433],[121.5139733,25.10803433],[121.517803,25.105059],[121.517803,25.105059],[121.522741,25.101765],[121.527411,25.097079],[121.5276799453955,25.092853732851424],[121.5276799453955,25.092853732851424],[121.5273919,25.09069989],[121.5273919,25.09069989],[121.5269357,25.08800277],[121.5269357,25.08800277],[121.525327,25.085353],[121.525327,25.085353],[121.524712226022,25.0817595131148],[121.528167347349,25.0772703676354],[121.53000062511,25.0779258290758],[121.5319142,25.07800478],[121.535397,25.07778224],[121.540311649212,25.0793999240419],[121.54255,25.07949],[121.5453154,25.07971159],[121.5479855392,25.0802161011772],[121.5488002,25.08160965],[121.549307259251,25.0837373733406],[121.551895985064,25.0858624708036],[121.555253,25.08484],[121.555253,25.08484],[121.61241,25.05897],[121.61241,25.05897],[121.6140095,25.05808055]]}},{"type":"Feature","properties":{"route_name":"南軟通勤專車雙和線","color":"#99dc3b"},"geometry":{"type":"LineString","coordinates":[[121.538530831111,25.0120963546845],[121.538530831111,25.0120963546845],[121.54013379820495,25.013398935169228],[121.54013379820495,25.013398935169228],[121.542468,25.015403],[121.542468,25.015403],[121.5448494574872,25.0174253459055],[121.5448494574872,25.0174253459055],[121.54746,25.01963],[121.54746,25.01963],[121.551906976436,25.0236369355906],[121.551906976436,25.0236369355906],[121.5549231,25.02628003],[121.5549231,25.02628003],[121.557084,25.028593],[121.557084,25.028593],[121.5588464,25.03159637],[121.5588464,25.03159637],[121.5601565,25.0336777],[121.5601565,25.0336777],[121.563754,25.038332],[121.563754,25.038332],[121.61241,25.05897],[121.61241,25.05897],[121.61407454595626,25.0587135046885],[121.61407454595626,25.0587135046885],[121.61389139258283,25.05655055325109],[121.61389139258283,25.05655055325109]]}},{"type":"Feature","properties":{"route_name":"和平幹線","color":"#663bdc"},"geometry":{"type":"LineString","coordinates":[[121.570457,25.001753],[121.569474,25.002436],[121.56609661959216,25.001846895493077],[121.5619947,25.0020353],[121.563081,25.003346],[121.565624,25.003393],[121.5705532,25.0031179],[121.570485304818,25.0042437073135],[121.567813467771,25.0051424040312],[121.563512093163,25.0124070094545],[121.5657205,25.0070352],[121.562293962737,25.0143745337282],[121.56085606375822,25.015923661863052],[121.557953,25.019475],[121.55616,25.021127],[121.554225,25.022926],[121.55135072927436,25.02462276337447],[121.547497854598,25.0247072352904],[121.5448151,25.02482681],[121.542376119519,25.0251035284638],[121.54065,25.02532],[121.539154243763,25.0255275256686],[121.53631985296,25.0259280472003],[121.532693859225,25.0263548162126],[121.53006,25.026622],[121.527713493878,25.026738138642],[121.523152,25.027172],[121.52096,25.02922],[121.51880642264224,25.0322495874994],[121.517358319526,25.034101183711],[121.51751,25.03787],[121.5185552467,25.041403318287],[121.5167218,25.0465408],[121.51311219241008,25.04441023077385],[121.512543916311,25.0423685522993],[121.512543916311,25.0423685522993]]}},{"type":"Feature","properties":{"route_name":"基隆路幹線","color":"#9cdc3b"},"geometry":{"type":"LineString","coordinates":[[121.54025525837187,24.991120032966297],[121.54025525837187,24.991120032966297],[121.54075736926794,24.99234145800376],[121.54075736926794,24.99234145800376],[121.5413365,24.99545268],[121.5413365,24.99545268],[121.5402001,24.99931624],[121.5402001,24.99931624],[121.5393892,25.00136317],[121.5393892,25.00136317],[121.5387822,25.00327364],[121.5387822,25.00327364],[121.53901,25.006894],[121.538530831111,25.0120963546845],[121.538530831111,25.0120963546845],[121.54013379820495,25.013398935169228],[121.54013379820495,25.013398935169228],[121.542468,25.015403],[121.542468,25.015403],[121.5448494574872,25.0174253459055],[121.5448494574872,25.0174253459055],[121.54746,25.01963],[121.54746,25.01963],[121.551906976436,25.0236369355906],[121.551906976436,25.0236369355906],[121.5549231,25.02628003],[121.5549231,25.02628003],[121.557084,25.028593],[121.557084,25.028593],[121.5588464,25.03159637],[121.5588464,25.03159637],[121.5601565,25.0336777],[121.5601565,25.0336777],[121.5655763,25.03685005],[121.5668354,25.04100991],[121.5668354,25.04100991]]}},{"type":"Feature","properties":{"route_name":"小1","color":"#3bccdc"},"geometry":{"type":"LineString","coordinates":[[121.6097652,25.03382827],[121.611345,25.033428],[121.6121944,25.0332955],[121.61448946069,25.0346121838879],[121.61612,25.034863],[121.61695169081,25.035872068306],[121.6170236,25.03770122],[121.617633,25.040597],[121.616561,25.043422],[121.615639,25.045074],[121.615728,25.047462],[121.61601678871844,25.048610235261958],[121.61603141641,25.0515460114719],[121.6156,25.05534],[121.6156,25.05534],[121.6141291,25.05641711],[121.6141291,25.05641711],[121.61427996989374,25.05870570745196],[121.61427996989374,25.05870570745196],[121.611573583354,25.0672071869982],[121.611573583354,25.0672071869982],[121.6144033,25.06860831],[121.6144033,25.06860831],[121.6165906,25.06806969],[121.6165906,25.06806969],[121.618788,25.069547],[121.6191996,25.07119075],[121.6194588,25.07287274],[121.6194588,25.07287274],[121.621188834486,25.0761334864734],[121.62288,25.07715],[121.62361,25.078715],[121.6239114,25.08560205]]}},{"type":"Feature","properties":{"route_name":"小10","color":"#dccc3b"},"geometry":{"type":"LineString","coordinates":[[121.570457,25.001753],[121.569474,25.002436],[121.5672991,25.00146028],[121.56892,24.999962],[121.5695557,24.99858575],[121.570733,24.996667],[121.571444566484,24.9935653207503],[121.571444566484,24.9935653207503],[121.57021793429796,24.99177996801887],[121.57021793429796,24.99177996801887],[121.56627904290634,24.990657247443593],[121.56627904290634,24.990657247443593],[121.56463398583439,24.989753847794294],[121.56463398583439,24.989753847794294],[121.56657,24.9885],[121.56657,24.9885],[121.5685523,24.98849886],[121.5685523,24.98849886],[121.56976146408,24.9876073867321],[121.574739,24.98778],[121.574739,24.98778],[121.576765,24.987374],[121.579379,24.986195],[121.579955106331,24.9850502753839],[121.579664080453,24.983627],[121.57999610766447,24.983063000243483],[121.580961552542,24.981690857565898],[121.583526,24.976495],[121.5803701,24.97414808],[121.58003,24.97112],[121.580321,24.969425],[121.580639,24.967886],[121.58306,24.96589]]}},{"type":"Feature","properties":{"route_name":"小10區","color":"#dc3bcc"},"geometry":{"type":"LineString","coordinates":[[121.570457,25.001753],[121.569474,25.002436],[121.5672991,25.00146028],[121.56892,24.999962],[121.5695557,24.99858575],[121.570733,24.996667],[121.571444566484,24.9935653207503],[121.571444566484,24.9935653207503],[121.57021793429796,24.99177996801887],[121.57021793429796,24.99177996801887],[121.56627904290634,24.990657247443593],[121.56627904290634,24.990657247443593],[121.56463398583439,24.989753847794294],[121.56463398583439,24.989753847794294],[121.56657,24.9885],[121.56657,24.9885],[121.5685523,24.98849886],[121.5685523,24.98849886],[121.56976146408,24.9876073867321],[121.574739,24.98778],[121.574739,24.98778],[121.576765,24.987374],[121.579379,24.986195],[121.579955106331,24.9850502753839],[121.579664080453,24.983627],[121.57999610766447,24.983063000243483],[121.580961552542,24.981690857565898],[121.583526,24.976495],[121.5803701,24.97414808],[121.58003,24.97112],[121.580321,24.969425],[121.580639,24.967886],[121.58306,24.96589],[121.588052,24.968307],[121.592291,24.970627],[121.59349562698,24.969327396833],[121.5953918,24.96880012],[121.59534,24.96784]]}},{"type":"Feature","properties":{"route_name":"小11","color":"#dccf3b"},"geometry":{"type":"LineString","coordinates":[[121.570457,25.001753],[121.569474,25.002436],[121.5672991,25.00146028],[121.56892,24.999962],[121.5695557,24.99858575],[121.570733,24.996667],[121.571444566484,24.9935653207503],[121.571444566484,24.9935653207503],[121.57021793429796,24.99177996801887],[121.57021793429796,24.99177996801887],[121.56627904290634,24.990657247443593],[121.56627904290634,24.990657247443593],[121.56463398583439,24.989753847794294],[121.56463398583439,24.989753847794294],[121.56657,24.9885],[121.56657,24.9885],[121.5685523,24.98849886],[121.5685523,24.98849886],[121.5675834,24.98591966],[121.5675834,24.98591966],[121.565878316644,24.9837214466608],[121.565877,24.983723],[121.56460855354919,24.982712452429457],[121.56460855354919,24.982712452429457],[121.561849824052,24.9820534481377],[121.561849824052,24.9820534481377],[121.56033392387744,24.981733915823476],[121.56033392387744,24.981733915823476],[121.558272457788,24.9811534735698],[121.558272457788,24.9811534735698],[121.555554,24.980465],[121.555554,24.980465],[121.5667521,24.9666843],[121.568878,24.967512]]}},{"type":"Feature","properties":{"route_name":"小12","color":"#dcd13b"},"geometry":{"type":"LineString","coordinates":[[121.59306,25.050052],[121.5961933,25.05164215],[121.5986983,25.05190645],[121.6025727,25.05256851],[121.6071781,25.05319593],[121.6071781,25.05319593],[121.61066212694543,25.05493375102052],[121.61066212694543,25.05493375102052],[121.6136264,25.0551358],[121.613597939232,25.0551240859182],[121.616456,25.054699],[121.616456,25.054699],[121.615865875754,25.0518036904539],[121.615625,25.049543],[121.615363,25.047199],[121.61558513647303,25.044722099556466],[121.61648,25.04313],[121.617338,25.039528],[121.6169015,25.03813813],[121.616893,25.036259],[121.6161708,25.03500483],[121.6147203,25.03474253],[121.611389,25.033573],[121.5995,25.02499],[121.595427,25.019393],[121.5830784,25.01369722],[121.580579,25.011762],[121.584746,25.012411],[121.586162,25.012518],[121.587935,25.010783],[121.589252,25.012298],[121.5920177158309,25.011991298913156],[121.58984,25.00717],[121.58021,24.99881],[121.58021,24.99881],[121.576778,24.9968],[121.576778,24.9968]]}},{"type":"Feature","properties":{"route_name":"小14","color":"#dcd73b"},"geometry":{"type":"LineString","coordinates":[[121.490788784285,25.1430158716225],[121.48958,25.13974],[121.48958,25.13974],[121.4923517,25.13807076],[121.4923517,25.13807076],[121.4957248,25.1366901],[121.4957248,25.1366901],[121.498029,25.135605],[121.498029,25.135605],[121.5007209,25.13384543],[121.5007209,25.13384543],[121.50318,25.13244],[121.5046188,25.13064857],[121.50566,25.12933],[121.50766,25.12728],[121.50815979629,25.125899152288],[121.506468,25.12460199],[121.5132536,25.13155579]]}},{"type":"Feature","properties":{"route_name":"小15","color":"#dcd93b"},"geometry":{"type":"LineString","coordinates":[[121.525031,25.084952],[121.525031,25.084952],[121.5260219,25.0874398],[121.525833,25.09049],[121.525671636781,25.0928638299869],[121.5267653,25.09543483],[121.5267653,25.09543483],[121.5290055,25.09583325],[121.5290055,25.09583325],[121.531395,25.096324],[121.531395,25.096324],[121.533481875716,25.0972847950979],[121.5334915,25.097224],[121.537708683954,25.101779204864],[121.53702433513,25.1035131480372],[121.536903542185,25.1069424036663],[121.5381247,25.10410142],[121.540318712854,25.1020154099508],[121.543899657612,25.1050667160996],[121.5453823,25.10696523],[121.547020026043,25.1092441758524],[121.548654,25.110508],[121.55056001317,25.1143365915433],[121.5521,25.11785],[121.55309076524317,25.120427697654744],[121.55146530005,25.1230700246186],[121.55027648092783,25.124902973723618],[121.547624545151,25.1297799480943],[121.54684,25.13135],[121.546296671701,25.1361057782174],[121.5471173,25.13808703],[121.5495602,25.13906191],[121.55124,25.139787],[121.55698845385638,25.142226101803665],[121.5573822,25.14401384],[121.5576929,25.14519955],[121.55887,25.14653],[121.5584378,25.14726051],[121.55912,25.1484],[121.56042,25.14954],[121.5617952,25.15108],[121.56106,25.15165],[121.558374,25.151715],[121.5651176,25.15812873],[121.5649434,25.16153655],[121.56385,25.16587],[121.5631306,25.16752826],[121.5679746,25.16688701],[121.57388,25.16716]]}},{"type":"Feature","properties":{"route_name":"小15區","color":"#6edc3b"},"geometry":{"type":"LineString","coordinates":[[121.525031,25.084952],[121.525031,25.084952],[121.5260219,25.0874398],[121.525833,25.09049],[121.525671636781,25.0928638299869],[121.5267653,25.09543483],[121.5267653,25.09543483],[121.5290055,25.09583325],[121.5290055,25.09583325],[121.531395,25.096324],[121.531395,25.096324],[121.5334915,25.097224],[121.533481875716,25.0972847950979],[121.537708683954,25.101779204864],[121.53702433513,25.1035131480372],[121.536903542185,25.1069424036663],[121.5381247,25.10410142],[121.540318712854,25.1020154099508],[121.543899657612,25.1050667160996],[121.5453823,25.10696523],[121.547020026043,25.1092441758524],[121.548654,25.110508],[121.55056001317,25.1143365915433],[121.5521,25.11785],[121.55309076524317,25.120427697654744],[121.55146530005,25.1230700246186],[121.55027648092783,25.124902973723618],[121.547624545151,25.1297799480943],[121.54684,25.13135],[121.546296671701,25.1361057782174],[121.5471173,25.13808703],[121.5495602,25.13906191],[121.55124,25.139787],[121.55698845385638,25.142226101803665],[121.5573822,25.14401384],[121.5576929,25.14519955],[121.55887,25.14653],[121.5584378,25.14726051],[121.55912,25.1484],[121.56042,25.14954],[121.5617952,25.15108],[121.56106,25.15165],[121.558374,25.151715]]}},{"type":"Feature","properties":{"route_name":"小15區預","color":"#74dc3b"},"geometry":{"type":"LineString","coordinates":[[121.525031,25.084952],[121.525031,25.084952],[121.5260219,25.0874398],[121.525833,25.09049],[121.525671636781,25.0928638299869],[121.5270438,25.09550407],[121.5270438,25.09550407],[121.5290055,25.09583325],[121.5290055,25.09583325],[121.531395,25.096324],[121.531395,25.096324],[121.5334915,25.097224],[121.533481875716,25.0972847950979],[121.537708683954,25.101779204864],[121.53702433513,25.1035131480372],[121.536903542185,25.1069424036663],[121.5381247,25.10410142],[121.540318712854,25.1020154099508],[121.543899657612,25.1050667160996],[121.5453823,25.10696523],[121.547020026043,25.1092441758524],[121.548654,25.110508],[121.55056001317,25.1143365915433],[121.5521,25.11785],[121.55309076524317,25.120427697654744],[121.55146530005,25.1230700246186],[121.55027648092783,25.124902973723618],[121.547624545151,25.1297799480943],[121.54684,25.13135],[121.546296671701,25.1361057782174],[121.5471173,25.13808703],[121.5495602,25.13906191],[121.55124,25.139787],[121.55698845385638,25.142226101803665],[121.5573822,25.14401384],[121.5576929,25.14519955],[121.55887,25.14653],[121.5584378,25.14726051],[121.55912,25.1484],[121.56042,25.14954],[121.5617952,25.15108],[121.56106,25.15165],[121.558374,25.151715]]}},{"type":"Feature","properties":{"route_name":"小16","color":"#dcdc3b"},"geometry":{"type":"LineString","coordinates":[[121.525031,25.084952],[121.525031,25.084952],[121.5260219,25.0874398],[121.525833,25.09049],[121.525671636781,25.0928638299869],[121.5267653,25.09543483],[121.5267653,25.09543483],[121.5290055,25.09583325],[121.5290055,25.09583325],[121.531395,25.096324],[121.531395,25.096324],[121.533481875716,25.0972847950979],[121.5334915,25.097224],[121.537708683954,25.101779204864],[121.53702433513,25.1035131480372],[121.536903542185,25.1069424036663],[121.5381247,25.10410142],[121.540318712854,25.1020154099508],[121.543899657612,25.1050667160996],[121.5453823,25.10696523],[121.547020026043,25.1092441758524],[121.548654,25.110508],[121.55073,25.11363],[121.5530627,25.11460144],[121.55439,25.11594],[121.55508,25.11713],[121.5568757,25.12116696],[121.55784,25.12245],[121.55896,25.12353],[121.561187,25.133867],[121.55988,25.12548],[121.560678,25.126609],[121.55887,25.12356],[121.55779,25.12251],[121.56006,25.12015],[121.56344,25.12159557],[121.565354,25.123637],[121.56473,25.12663],[121.56666,25.130468],[121.568943,25.134924],[121.5704215,25.13592222]]}},{"type":"Feature","properties":{"route_name":"小17","color":"#d9dc3b"},"geometry":{"type":"LineString","coordinates":[[121.525031,25.084952],[121.525031,25.084952],[121.5260219,25.0874398],[121.525833,25.09049],[121.525671636781,25.0928638299869],[121.5267653,25.09543483],[121.5267653,25.09543483],[121.5290055,25.09583325],[121.5290055,25.09583325],[121.531395,25.096324],[121.531395,25.096324],[121.5334915,25.097224],[121.533481875716,25.0972847950979],[121.537708683954,25.101779204864],[121.53702433513,25.1035131480372],[121.536903542185,25.1069424036663],[121.5381247,25.10410142],[121.540318712854,25.1020154099508],[121.543899657612,25.1050667160996],[121.5453823,25.10696523],[121.547020026043,25.1092441758524],[121.548654,25.110508],[121.5531,25.110263],[121.55056001317,25.1143365915433],[121.5521,25.11785],[121.55368,25.11927],[121.55467,25.12018],[121.55526,25.12111],[121.554342,25.123202],[121.55329,25.12447],[121.55453,25.12481],[121.55633,25.12476],[121.55699634780694,25.12679156726714],[121.55669,25.12752],[121.55513,25.12921],[121.554455,25.130167],[121.55444,25.13115],[121.55635,25.13221],[121.55701,25.13176]]}},{"type":"Feature","properties":{"route_name":"小18","color":"#d7dc3b"},"geometry":{"type":"LineString","coordinates":[[121.525031,25.084952],[121.525031,25.084952],[121.5260219,25.0874398],[121.526963489882,25.0907094764658],[121.526963489882,25.0907094764658],[121.525671636781,25.0928638299869],[121.5270438,25.09550407],[121.5270438,25.09550407],[121.5290055,25.09583325],[121.5290055,25.09583325],[121.531395,25.096324],[121.531395,25.096324],[121.533481875716,25.0972847950979],[121.5334915,25.097224],[121.53792,25.097779],[121.53792,25.097779],[121.540175948519,25.0972328685249],[121.54021,25.09725],[121.541888,25.097131],[121.541888,25.097131],[121.547109328126,25.098296747051577],[121.547109328126,25.098296747051577],[121.5505164,25.10020446],[121.5526,25.10164],[121.55546,25.10374],[121.557351832521,25.105217442275],[121.55751,25.10731],[121.55728,25.10914],[121.5582374,25.11159072],[121.56151,25.11212],[121.56332,25.11243],[121.56491,25.11293],[121.56677,25.11344],[121.56965,25.11447],[121.57171,25.11494],[121.57392,25.11616],[121.57552,25.11826],[121.5785,25.11948],[121.580395,25.11968],[121.58131,25.11986],[121.58288,25.11915],[121.5847324,25.119814],[121.58557,25.12141],[121.5870158,25.12283271],[121.58778,25.12488],[121.587897,25.125754],[121.58682,25.12814]]}},{"type":"Feature","properties":{"route_name":"小19","color":"#d4dc3b"},"geometry":{"type":"LineString","coordinates":[[121.525031,25.084952],[121.525031,25.084952],[121.5260219,25.0874398],[121.525833,25.09049],[121.525671636781,25.0928638299869],[121.5267653,25.09543483],[121.5267653,25.09543483],[121.5290055,25.09583325],[121.5290055,25.09583325],[121.531395,25.096324],[121.531395,25.096324],[121.533481875716,25.0972847950979],[121.5334915,25.097224],[121.53792,25.097779],[121.53792,25.097779],[121.54021,25.09725],[121.540175948519,25.0972328685249],[121.541888,25.097131],[121.541888,25.097131],[121.547109328126,25.098296747051577],[121.547109328126,25.098296747051577],[121.5505164,25.10020446],[121.5526,25.10164],[121.55546,25.10374],[121.557351832521,25.105217442275],[121.55751,25.10731],[121.55728,25.10914],[121.5582374,25.11159072],[121.56151,25.11212],[121.56332,25.11243],[121.56491,25.11293],[121.56668,25.11377],[121.56755,25.11603],[121.568463,25.115394],[121.56819,25.11859],[121.56877,25.11873],[121.57076,25.11859],[121.573657,25.122375],[121.5725398,25.12292588],[121.57294,25.12412],[121.5736717,25.12496147],[121.57465,25.1288],[121.575387,25.128746],[121.57658,25.12974],[121.5767074,25.13145637],[121.57964,25.13287],[121.57763,25.13316],[121.579043,25.135674],[121.57844,25.137796],[121.578253,25.13909]]}},{"type":"Feature","properties":{"route_name":"小1區","color":"#acdc3b"},"geometry":{"type":"LineString","coordinates":[[121.614669,25.096743],[121.6237679,25.08546771],[121.623553,25.079068],[121.622813623616,25.0773157481393],[121.62118809341,25.0762017702812],[121.619351259043,25.0726450755284],[121.619351259043,25.0726450755284],[121.619134959956,25.0711232284945],[121.6184776,25.06922957],[121.61668,25.068177],[121.61668,25.068177],[121.614308439756,25.068763284981],[121.614308439756,25.068763284981],[121.6156274,25.07205909],[121.615208,25.075322],[121.61330283467,25.077154949435],[121.610311,25.075572],[121.609320074507,25.0716328345384],[121.609320074507,25.0716328345384],[121.6116528,25.06996983],[121.61150222666,25.0674930032886],[121.61150222666,25.0674930032886],[121.61407454595626,25.0587135046885],[121.61407454595626,25.0587135046885],[121.61389139258283,25.05655055325109],[121.61389139258283,25.05655055325109],[121.61366085593893,25.055463507638656],[121.61366085593893,25.055463507638656],[121.609776304165,25.0549683149017],[121.609776304165,25.0549683149017],[121.606693480964,25.0544113947875],[121.606693480964,25.0544113947875],[121.6036135,25.05385654],[121.603501503157,25.0538268750408],[121.600631965419,25.053410287006],[121.600631965419,25.053410287006],[121.598727,25.05384],[121.598727,25.05384],[121.59552,25.0546],[121.595509916336,25.0544903819023],[121.5949802,25.0530195],[121.5949802,25.0530195],[121.594406,25.050667]]}},{"type":"Feature","properties":{"route_name":"小2","color":"#3bc9dc"},"geometry":{"type":"LineString","coordinates":[[121.58736,25.08164],[121.590992,25.082457],[121.592413127857,25.083647050321],[121.593532,25.084524],[121.592340188865,25.0851216204339],[121.592340188865,25.0851216204339],[121.591745,25.086236],[121.588088,25.093545],[121.589001,25.095894],[121.587864,25.098367],[121.588532,25.097808],[121.5899414,25.10548778],[121.5949014,25.10370701],[121.589918,25.103908],[121.589591215481,25.1036525455672],[121.58787,25.09841],[121.588532,25.097808],[121.588013,25.093529],[121.590991,25.087604],[121.5916137,25.08615502],[121.592247709587,25.0850667950708],[121.592247709587,25.0850667950708],[121.593177,25.084374],[121.5924824,25.0838005],[121.590028,25.081987],[121.58718,25.08132],[121.581399,25.079397],[121.578499,25.07889],[121.578499,25.07889],[121.57768,25.078956],[121.581597209792,25.0783569202296],[121.58339,25.07667],[121.5808412,25.07451903],[121.576692,25.073056],[121.574502,25.075848],[121.574502,25.075848],[121.57453173263708,25.067824919406444],[121.57742,25.06238],[121.57742,25.06238],[121.578858331191,25.0605916742291],[121.578858331191,25.0605916742291],[121.580495,25.058297],[121.56628044728,25.0444493988665],[121.56628044728,25.0444493988665]]}},{"type":"Feature","properties":{"route_name":"小21","color":"#96dc3b"},"geometry":{"type":"LineString","coordinates":[[121.490788784285,25.1430158716225],[121.489850026829,25.1425428196683],[121.489850026829,25.1425428196683],[121.488841,25.143659],[121.488841,25.143659],[121.48868,25.14363],[121.48868,25.14363],[121.489860552554,25.1423265533076],[121.489860552554,25.1423265533076],[121.48958,25.13974],[121.48958,25.13974],[121.4923517,25.13807076],[121.4923517,25.13807076],[121.4957248,25.1366901],[121.4957248,25.1366901],[121.498029,25.135605],[121.498029,25.135605],[121.5007209,25.13384543],[121.5007209,25.13384543],[121.50318,25.13244],[121.5046188,25.13064857],[121.50566,25.12933],[121.50766,25.12728],[121.50815979629,25.125899152288],[121.506468,25.12460199],[121.50461,25.1231],[121.50284,25.12247],[121.50419,25.12098],[121.507204221793,25.120365436068],[121.50736,25.120913],[121.505229693995,25.1213471298747],[121.503642,25.120242],[121.502062,25.120282],[121.482799,25.115812]]}},{"type":"Feature","properties":{"route_name":"小22","color":"#94dc3b"},"geometry":{"type":"LineString","coordinates":[[121.499403,25.130578],[121.49796757939285,25.132300275375297],[121.49683,25.13423],[121.498029,25.135605],[121.498029,25.135605],[121.5007209,25.13384543],[121.5007209,25.13384543],[121.50256846263959,25.13489933134952],[121.50444128215462,25.13658039419034],[121.504544748237,25.137839376017],[121.50658,25.139088],[121.5100428,25.13997831],[121.512460699406,25.1407885943507],[121.514253,25.141676]]}},{"type":"Feature","properties":{"route_name":"小23","color":"#91dc3b"},"geometry":{"type":"LineString","coordinates":[[121.462280110886,25.1203823064406],[121.465117210312,25.1178447660379],[121.466052497879,25.1187984003072],[121.469234896017,25.1195786700755],[121.467189,25.120418],[121.467189,25.120418],[121.467238214885,25.1223858553805],[121.467238214885,25.1223858553805],[121.467024,25.125124],[121.467024,25.125124],[121.4680203,25.12472749],[121.4680203,25.12472749],[121.4689301,25.12451676],[121.4689301,25.12451676],[121.46473,25.12395],[121.46473,25.12395],[121.464545,25.127442],[121.464545,25.127442],[121.466372780603,25.1268926040896],[121.466372780603,25.1268926040896],[121.46878900446,25.1283184382016],[121.4686822,25.12828944],[121.471449088636,25.1297678333065],[121.4713284,25.12963447],[121.473445688734,25.1313688133648],[121.473445688734,25.1313688133648],[121.4750896208,25.1326768057341],[121.4750843,25.13266231],[121.476927,25.13408],[121.476927,25.13408],[121.47853,25.13511],[121.47853,25.13511],[121.48193288446,25.1368858501904],[121.4818555,25.13683994],[121.48494894973,25.138009138037],[121.48494894973,25.138009138037],[121.4875,25.138191],[121.4875,25.138191],[121.48925,25.13839],[121.48925,25.13839],[121.4923517,25.13807076],[121.4923517,25.13807076],[121.4957248,25.1366901],[121.4957248,25.1366901],[121.498029,25.135605],[121.498029,25.135605],[121.5007209,25.13384543],[121.5007209,25.13384543]]}},{"type":"Feature","properties":{"route_name":"小25","color":"#8cdc3b"},"geometry":{"type":"LineString","coordinates":[[121.499403,25.130578],[121.49796757939285,25.132300275375297],[121.49683,25.13423],[121.498029,25.135605],[121.498029,25.135605],[121.5007209,25.13384543],[121.5007209,25.13384543],[121.50256846263959,25.13489933134952],[121.5049227,25.13631117],[121.5060354,25.13596345],[121.5089595,25.13659185],[121.51047,25.13674],[121.51195458055106,25.136304126864673],[121.513566,25.137241],[121.513898,25.137551],[121.515467,25.137444],[121.514243,25.138768],[121.522414,25.142474],[121.52711834288,25.1443164405307],[121.530696106134,25.1478993639153],[121.5324399,25.15105389],[121.533910257576,25.1487673066759],[121.536191,25.14792],[121.537595,25.146681],[121.537564582074,25.1475123381458],[121.537747705593,25.1481758735406],[121.538339957533,25.1506392887636],[121.538022,25.151495],[121.53789,25.15312]]}},{"type":"Feature","properties":{"route_name":"小26","color":"#89dc3b"},"geometry":{"type":"LineString","coordinates":[[121.490788784285,25.1430158716225],[121.48958,25.13974],[121.48958,25.13974],[121.4923517,25.13807076],[121.4923517,25.13807076],[121.4957248,25.1366901],[121.4957248,25.1366901],[121.496806634171,25.135718233601],[121.49796757939285,25.132300275375297],[121.49683,25.13423],[121.498029,25.135605],[121.498029,25.135605],[121.5007209,25.13384543],[121.5007209,25.13384543],[121.50256846263959,25.13489933134952],[121.50444128215462,25.13658039419034],[121.504544748237,25.137839376017],[121.5059604,25.13930593],[121.506324,25.14066656],[121.50781,25.14134],[121.5097788,25.14102259],[121.511030827324,25.1411661449186],[121.51406,25.14187],[121.5178621,25.14275949],[121.52148,25.14374],[121.523174,25.146018],[121.5224231,25.14785657],[121.523109,25.150358],[121.52465,25.14917],[121.525477,25.150533],[121.52694,25.15103],[121.5273725,25.15242561],[121.5289051,25.15445173],[121.529629,25.155303],[121.530313,25.15638367]]}},{"type":"Feature","properties":{"route_name":"小28","color":"#84dc3b"},"geometry":{"type":"LineString","coordinates":[[121.49796757939285,25.132300275375297],[121.5014192,25.13224662],[121.501443570835,25.1322245985598],[121.50136,25.13361526],[121.50136,25.13361526],[121.4978915,25.13580742],[121.4978915,25.13580742],[121.4972483,25.13731885],[121.49978,25.13892],[121.503162,25.140347],[121.505291,25.141179],[121.506639,25.14226],[121.507514,25.14219],[121.50979,25.14181],[121.512447,25.142631],[121.514076875642,25.1428933356924]]}},{"type":"Feature","properties":{"route_name":"小2區","color":"#59dc3b"},"geometry":{"type":"LineString","coordinates":[[121.58736,25.08164],[121.590992,25.082457],[121.592413127857,25.083647050321],[121.593532,25.084524],[121.592340188865,25.0851216204339],[121.592340188865,25.0851216204339],[121.591745,25.086236],[121.588088,25.093545],[121.589001,25.095894],[121.587864,25.098367],[121.588532,25.097808],[121.5899414,25.10548778],[121.5949014,25.10370701]]}},{"type":"Feature","properties":{"route_name":"小3","color":"#3bc7dc"},"geometry":{"type":"LineString","coordinates":[[121.59306,25.050052],[121.595233108141,25.0529513842885],[121.595233108141,25.0529513842885],[121.594415258716,25.0553345135907],[121.591281,25.061289],[121.591281,25.061289],[121.5910436,25.0646545],[121.590714855835,25.066818699184],[121.59085370773,25.067861865327],[121.59085370773,25.067861865327],[121.590031196316,25.0712104683315],[121.590031196316,25.0712104683315],[121.590016770287,25.0738091792986],[121.590231346227,25.0768845629687],[121.589939880159,25.0796177267452],[121.590028,25.081987],[121.58736,25.08164],[121.59044705985,25.081339634265],[121.59200882874,25.0816997666211],[121.594132,25.08334],[121.59841,25.08456],[121.59841,25.08456],[121.600182,25.08453],[121.600182,25.08453],[121.602057,25.084517],[121.601691,25.086012],[121.601404,25.087774],[121.5996591,25.08818957],[121.606821,25.101705]]}},{"type":"Feature","properties":{"route_name":"小30","color":"#46dc3b"},"geometry":{"type":"LineString","coordinates":[[121.5913505957924,24.999402832437188],[121.5913505957924,24.999402832437188],[121.58954681023364,25.000950102464405],[121.58954681023364,25.000950102464405],[121.585066207329,25.0031479361546],[121.585066207329,25.0031479361546],[121.583287778248,25.0028393386766],[121.583287778248,25.0028393386766],[121.579255519338,25.0011783104188],[121.579255519338,25.0011783104188],[121.575395362596,24.9993898137115],[121.575395362596,24.9993898137115],[121.5737,25.0001268],[121.571969627588,25.0028541470424],[121.570509533684,25.0046814962866],[121.567813467771,25.0051424040312],[121.563512093163,25.0124070094545],[121.562293962737,25.0143745337282],[121.56085606375822,25.015923661863052],[121.557095,25.018574],[121.553906,25.019341],[121.55150423663828,25.01926507278785],[121.550257364418,25.0181390276757],[121.547575202612,25.0152802961331],[121.5454,25.01288],[121.547857179972,25.0123637912986],[121.543749,25.014422],[121.5422472,25.01571376],[121.5422472,25.01571376],[121.540464,25.01415156],[121.540464,25.01415156],[121.538069443257,25.0121089588721],[121.538069443257,25.0121089588721],[121.536034,25.01146],[121.53099,25.01424]]}},{"type":"Feature","properties":{"route_name":"小36","color":"#3bdc41"},"geometry":{"type":"LineString","coordinates":[[121.5154878,25.11515658],[121.515801262638,25.1157212492135],[121.516564,25.117369],[121.51968525315,25.1185668257628],[121.51968525315,25.1185668257628],[121.5227594,25.12021257],[121.5236475,25.1218225],[121.5256724,25.12356742],[121.52619,25.12451],[121.528123,25.126212],[121.5292833,25.1281732],[121.528537,25.128842],[121.5281012,25.1304703],[121.52858,25.13278],[121.5287961,25.13595232],[121.5282707,25.13776309],[121.5283094,25.13969584],[121.52727,25.14348],[121.52711834288,25.1443164405307],[121.530696106134,25.1478993639153],[121.5324399,25.15105389],[121.533910257576,25.1487673066759],[121.536191,25.14792],[121.537595,25.146681],[121.537564582074,25.1475123381458],[121.537747705593,25.1481758735406],[121.538339957533,25.1506392887636],[121.538022,25.151495],[121.53789,25.15312]]}},{"type":"Feature","properties":{"route_name":"小39","color":"#3bdc49"},"geometry":{"type":"LineString","coordinates":[[121.5034808,25.13686593],[121.5076858,25.13684101],[121.512162,25.136316],[121.513566,25.137241],[121.513898,25.137551],[121.515467,25.137444],[121.5143546,25.13858167],[121.5178621,25.14275949],[121.52148,25.14374],[121.523174,25.146018]]}},{"type":"Feature","properties":{"route_name":"小5","color":"#3bc1dc"},"geometry":{"type":"LineString","coordinates":[[121.59306,25.050052],[121.595233108141,25.0529513842885],[121.595233108141,25.0529513842885],[121.59633521222251,25.05424093800564],[121.59633521222251,25.05424093800564],[121.598139533007,25.0538414991689],[121.598139533007,25.0538414991689],[121.60075620256,25.0533242413246],[121.60075620256,25.0533242413246],[121.603021736172,25.053655363078],[121.603021736172,25.053655363078],[121.60712,25.05433],[121.60712,25.05433],[121.61066212694543,25.05493375102052],[121.61066212694543,25.05493375102052],[121.6136264,25.0551358],[121.613597939232,25.0551240859182],[121.616456,25.054699],[121.616456,25.054699],[121.615865875754,25.0518036904539],[121.615625,25.049543],[121.615363,25.047199],[121.61558513647303,25.044722099556466],[121.61648,25.04313],[121.61838014471944,25.04117512726169],[121.6202488,25.03984242],[121.622697,25.038074],[121.62443945981241,25.037381463364092],[121.6638069,25.02743173]]}},{"type":"Feature","properties":{"route_name":"小5區","color":"#3ba1dc"},"geometry":{"type":"LineString","coordinates":[[121.59306,25.050052],[121.595233108141,25.0529513842885],[121.595233108141,25.0529513842885],[121.59633521222251,25.05424093800564],[121.59633521222251,25.05424093800564],[121.598139533007,25.0538414991689],[121.598139533007,25.0538414991689],[121.60075620256,25.0533242413246],[121.60075620256,25.0533242413246],[121.603021736172,25.053655363078],[121.603021736172,25.053655363078],[121.60712,25.05433],[121.60712,25.05433],[121.61066212694543,25.05493375102052],[121.61066212694543,25.05493375102052],[121.613597939232,25.0551240859182],[121.6136264,25.0551358],[121.616456,25.054699],[121.616456,25.054699],[121.615865875754,25.0518036904539],[121.615625,25.049543],[121.615363,25.047199],[121.61558513647303,25.044722099556466],[121.61648,25.04313],[121.61838014471944,25.04117512726169],[121.6202488,25.03984242],[121.622697,25.038074],[121.62443945981241,25.037381463364092],[121.6638069,25.02743173]]}},{"type":"Feature","properties":{"route_name":"小6","color":"#3bbfdc"},"geometry":{"type":"LineString","coordinates":[[121.490788784285,25.1430158716225],[121.48958,25.13974],[121.48958,25.13974],[121.4923517,25.13807076],[121.4923517,25.13807076],[121.4957248,25.1366901],[121.4957248,25.1366901],[121.496806634171,25.135718233601],[121.49796757939285,25.132300275375297],[121.49683,25.13423],[121.498029,25.135605],[121.498029,25.135605],[121.5007209,25.13384543],[121.5007209,25.13384543],[121.50256846263959,25.13489933134952],[121.50444128215462,25.13658039419034],[121.503116860832,25.1377878885811],[121.501688456724,25.1392080991718],[121.50003982457,25.140779616914],[121.500083,25.142015],[121.501821,25.143799],[121.502545,25.144399],[121.503397,25.144891],[121.505224,25.147744],[121.50517781945085,25.14887281012634],[121.504659,25.149217],[121.50476924137757,25.151136946651317],[121.5040575230212,25.153807753567246],[121.50414920208058,25.15463566668784],[121.5021511,25.15526438],[121.501664,25.15595911],[121.499827,25.156561],[121.49841,25.15663],[121.499642,25.157958],[121.500988,25.158315],[121.5017127,25.15910813],[121.500823,25.159885]]}},{"type":"Feature","properties":{"route_name":"小7","color":"#3bbcdc"},"geometry":{"type":"LineString","coordinates":[[121.490788784285,25.1430158716225],[121.489850026829,25.1425428196683],[121.489850026829,25.1425428196683],[121.488841,25.143659],[121.488841,25.143659],[121.48868,25.14363],[121.48868,25.14363],[121.489860552554,25.1423265533076],[121.489860552554,25.1423265533076],[121.48958,25.13974],[121.48958,25.13974],[121.4923517,25.13807076],[121.4923517,25.13807076],[121.4957248,25.1366901],[121.4957248,25.1366901],[121.496806634171,25.135718233601],[121.49796757939285,25.132300275375297],[121.49683,25.13423],[121.498029,25.135605],[121.498029,25.135605],[121.5007209,25.13384543],[121.5007209,25.13384543],[121.50256846263959,25.13489933134952],[121.50444128215462,25.13658039419034],[121.504544748237,25.137839376017],[121.5059604,25.13930593],[121.506324,25.14066656],[121.50781,25.14134],[121.5097788,25.14102259],[121.511030827324,25.1411661449186],[121.51406,25.14187],[121.5178621,25.14275949],[121.52148,25.14374],[121.526529,25.143846],[121.523174,25.146018],[121.5224231,25.14785657],[121.522365,25.15026],[121.520183,25.150059],[121.51803,25.150052],[121.516078,25.149419],[121.514132,25.14789]]}},{"type":"Feature","properties":{"route_name":"小8","color":"#3bb9dc"},"geometry":{"type":"LineString","coordinates":[[121.5154878,25.11515658],[121.515801262638,25.1157212492135],[121.516564,25.117369],[121.51968525315,25.1185668257628],[121.51968525315,25.1185668257628],[121.5227594,25.12021257],[121.5236475,25.1218225],[121.5256724,25.12356742],[121.52619,25.12451],[121.528123,25.126212],[121.5292833,25.1281732],[121.528537,25.128842],[121.5281012,25.1304703],[121.52858,25.13278],[121.5287961,25.13595232],[121.5282707,25.13776309],[121.5283094,25.13969584],[121.52727,25.14348],[121.523174,25.146018],[121.5224231,25.14785657],[121.523109,25.150358],[121.52465,25.14917],[121.525477,25.150533],[121.52694,25.15103],[121.5273725,25.15242561],[121.5289051,25.15445173],[121.529629,25.155303],[121.530313,25.15638367],[121.531572,25.15875],[121.532348,25.159992],[121.533616,25.159919],[121.534993,25.159646],[121.536403,25.15982],[121.538101,25.158633],[121.538719,25.15781],[121.539812,25.156604],[121.5390768,25.15466506],[121.53963,25.152412],[121.54109,25.151749],[121.544346,25.151846],[121.5473281,25.15233918],[121.54608,25.15532],[121.5468387,25.15831856],[121.54528,25.16067],[121.54429,25.16172],[121.5448478,25.16310508],[121.544368,25.163761],[121.543776,25.164994],[121.541715,25.166306],[121.5404,25.16727],[121.538427,25.170444],[121.533407,25.17264],[121.534256,25.177617],[121.537053,25.17523],[121.538407,25.173595]]}},{"type":"Feature","properties":{"route_name":"小8區","color":"#cf3bdc"},"geometry":{"type":"LineString","coordinates":[[121.5154878,25.11515658],[121.515801262638,25.1157212492135],[121.516564,25.117369],[121.51968525315,25.1185668257628],[121.51968525315,25.1185668257628],[121.5227594,25.12021257],[121.5236475,25.1218225],[121.5256724,25.12356742],[121.52619,25.12451],[121.528123,25.126212],[121.5292833,25.1281732],[121.528537,25.128842],[121.5281012,25.1304703],[121.52858,25.13278],[121.5287961,25.13595232],[121.5282707,25.13776309],[121.5283094,25.13969584],[121.52727,25.14348],[121.523174,25.146018],[121.5224231,25.14785657],[121.522365,25.15026],[121.520183,25.150059],[121.51803,25.150052],[121.516078,25.149419],[121.514132,25.14789],[121.5163269,25.1493808],[121.518244,25.150036],[121.520194,25.149962],[121.523109,25.150358],[121.52465,25.14917],[121.525477,25.150533],[121.52694,25.15103],[121.5273725,25.15242561],[121.5289051,25.15445173],[121.529629,25.155303],[121.530313,25.15638367],[121.531572,25.15875],[121.532348,25.159992],[121.533616,25.159919],[121.534993,25.159646],[121.536403,25.15982],[121.538101,25.158633],[121.538719,25.15781],[121.539812,25.156604],[121.5390768,25.15466506],[121.53963,25.152412],[121.54109,25.151749],[121.544346,25.151846]]}},{"type":"Feature","properties":{"route_name":"小9(台灣好行-北投竹子湖)","color":"#dc3b5e"},"geometry":{"type":"LineString","coordinates":[[121.490788784285,25.1430158716225],[121.48958,25.13974],[121.48958,25.13974],[121.4923517,25.13807076],[121.4923517,25.13807076],[121.4957248,25.1366901],[121.4957248,25.1366901],[121.496806634171,25.135718233601],[121.49796757939285,25.132300275375297],[121.49683,25.13423],[121.498029,25.135605],[121.498029,25.135605],[121.5007209,25.13384543],[121.5007209,25.13384543],[121.50256846263959,25.13489933134952],[121.50444128215462,25.13658039419034],[121.504544748237,25.137839376017],[121.50658,25.139088],[121.5100428,25.13997831],[121.512460699406,25.1407885943507],[121.514253,25.141676],[121.5178621,25.14275949],[121.52148,25.14374],[121.523174,25.146018],[121.5224231,25.14785657],[121.523109,25.150358],[121.52465,25.14917],[121.525477,25.150533],[121.52694,25.15103],[121.5273725,25.15242561],[121.5289051,25.15445173],[121.529629,25.155303],[121.530313,25.15638367],[121.531572,25.15875],[121.532348,25.159992],[121.533616,25.159919],[121.534993,25.159646],[121.536403,25.15982],[121.538101,25.158633],[121.538719,25.15781],[121.539812,25.156604],[121.5390768,25.15466506],[121.53963,25.152412],[121.54109,25.151749],[121.544346,25.151846],[121.5473281,25.15233918],[121.54608,25.15532],[121.5468387,25.15831856],[121.54528,25.16067],[121.54429,25.16172],[121.5448478,25.16310508],[121.544368,25.163761],[121.543776,25.164994],[121.541715,25.166306],[121.5404,25.16727],[121.538427,25.170444],[121.533407,25.17264],[121.534256,25.177617],[121.537053,25.17523],[121.538407,25.173595]]}},{"type":"Feature","properties":{"route_name":"小9區","color":"#dc3b96"},"geometry":{"type":"LineString","coordinates":[[121.490788784285,25.1430158716225],[121.48958,25.13974],[121.48958,25.13974],[121.4923517,25.13807076],[121.4923517,25.13807076],[121.4957248,25.1366901],[121.4957248,25.1366901],[121.496806634171,25.135718233601],[121.49796757939285,25.132300275375297],[121.49683,25.13423],[121.498029,25.135605],[121.498029,25.135605],[121.5007209,25.13384543],[121.5007209,25.13384543],[121.50256846263959,25.13489933134952],[121.50444128215462,25.13658039419034],[121.504544748237,25.137839376017],[121.50658,25.139088],[121.5100428,25.13997831],[121.512460699406,25.1407885943507],[121.514253,25.141676],[121.5178621,25.14275949],[121.52148,25.14374],[121.523174,25.146018],[121.5224231,25.14785657],[121.523109,25.150358],[121.52465,25.14917],[121.525477,25.150533],[121.52694,25.15103],[121.5273725,25.15242561],[121.5289051,25.15445173],[121.529629,25.155303],[121.530313,25.15638367],[121.531572,25.15875],[121.532348,25.159992],[121.533616,25.159919],[121.534993,25.159646],[121.536403,25.15982],[121.538101,25.158633],[121.538719,25.15781],[121.539812,25.156604],[121.5390768,25.15466506],[121.53963,25.152412],[121.54109,25.151749],[121.544346,25.151846],[121.5473281,25.15233918]]}},{"type":"Feature","properties":{"route_name":"市民小巴1","color":"#dc3b59"},"geometry":{"type":"LineString","coordinates":[[121.525031,25.084952],[121.525031,25.084952],[121.5260219,25.0874398],[121.525833,25.09049],[121.525671636781,25.0928638299869],[121.5270438,25.09550407],[121.5270438,25.09550407],[121.5290055,25.09583325],[121.5290055,25.09583325],[121.531395,25.096324],[121.531395,25.096324],[121.5334915,25.097224],[121.533481875716,25.0972847950979],[121.53792,25.097779],[121.53792,25.097779],[121.54021,25.09725],[121.540175948519,25.0972328685249],[121.541888,25.097131],[121.541888,25.097131],[121.547109328126,25.098296747051577],[121.547109328126,25.098296747051577],[121.5505164,25.10020446],[121.5526,25.10164],[121.55546,25.10374],[121.557351832521,25.105217442275],[121.55751,25.10731],[121.55728,25.10914],[121.5582374,25.11159072],[121.56151,25.11212],[121.56332,25.11243],[121.56491,25.11293],[121.56677,25.11344],[121.56965,25.11447],[121.57171,25.11494],[121.57392,25.11616],[121.580395,25.11968],[121.576489,25.113526],[121.577745,25.11709014],[121.58389,25.11686],[121.5927116,25.12203493],[121.597276,25.132229],[121.595425,25.135572],[121.58759,25.13783]]}},{"type":"Feature","properties":{"route_name":"市民小巴10","color":"#3bdc49"},"geometry":{"type":"LineString","coordinates":[[121.578876,25.060133],[121.57552780140044,25.05865558006533],[121.5766634,25.05707139],[121.580495,25.058297],[121.5828479,25.05609093],[121.5854194,25.05722486],[121.587031,25.057943],[121.590623,25.06008],[121.591281,25.061289],[121.591281,25.061289],[121.5910436,25.0646545],[121.590714855835,25.066818699184],[121.59085370773,25.067861865327],[121.59085370773,25.067861865327],[121.590031196316,25.0712104683315],[121.590031196316,25.0712104683315],[121.592095,25.071852],[121.58821790633739,25.06918300127649],[121.585744,25.069075]]}},{"type":"Feature","properties":{"route_name":"市民小巴11","color":"#3bdc46"},"geometry":{"type":"LineString","coordinates":[[121.532355169312,25.1250319279241],[121.532981,25.126841],[121.534271,25.126761],[121.534967,25.126156],[121.53439072411565,25.125738629282726],[121.531411,25.125651],[121.530327,25.124606],[121.529167,25.123171],[121.52664417791,25.1214083603177],[121.52615807606,25.118950713724],[121.525984,25.117695],[121.527040561596,25.1141183409596],[121.525723879398,25.1115197312941],[121.523128,25.107815],[121.522316,25.104075]]}},{"type":"Feature","properties":{"route_name":"市民小巴12","color":"#3bdc43"},"geometry":{"type":"LineString","coordinates":[[121.5222609,25.10394251],[121.52135,25.095531],[121.52135,25.095531],[121.519396,25.093132],[121.519396,25.093132],[121.517889,25.092141],[121.517889,25.092141],[121.5090743,25.08750559],[121.5098955,25.08883486],[121.50954,25.09057],[121.5070241,25.09179635],[121.5046468,25.09236688],[121.50203,25.09153],[121.502875912769,25.0896460928075],[121.504244,25.089298],[121.5056145,25.08933251],[121.5081045,25.0887967]]}},{"type":"Feature","properties":{"route_name":"市民小巴15","color":"#3bdc3b"},"geometry":{"type":"LineString","coordinates":[[121.593650837788,25.0502182745934],[121.593650837788,25.0502182745934],[121.595233108141,25.0529513842885],[121.595233108141,25.0529513842885],[121.594415258716,25.0553345135907],[121.5932404,25.05815478],[121.5960479,25.05837028],[121.5983533,25.05765407],[121.60365,25.0576],[121.60365,25.0576],[121.60707,25.058155],[121.60707,25.058155],[121.60939,25.05884],[121.60939,25.05884],[121.61043408707262,25.05927148642987],[121.61043408707262,25.05927148642987],[121.61237,25.06113],[121.61533,25.05985329],[121.61533,25.05985329]]}},{"type":"Feature","properties":{"route_name":"市民小巴16","color":"#3edc3b"},"geometry":{"type":"LineString","coordinates":[[121.532355169312,25.1250319279241],[121.532981,25.126841],[121.534271,25.126761],[121.534967,25.126156],[121.53439072411565,25.125738629282726],[121.533231,25.123911],[121.533077034393,25.1216387675483],[121.533459,25.11981],[121.53420057673,25.117222142683],[121.53219798892,25.1142079240147],[121.530332918097,25.1095348370884],[121.529800366051,25.107166732371],[121.528560201223,25.1054396312581],[121.525920635582,25.1043342088164],[121.522678294477,25.1020082188363]]}},{"type":"Feature","properties":{"route_name":"市民小巴17","color":"#41dc3b"},"geometry":{"type":"LineString","coordinates":[[121.56976,25.02324],[121.5695997,25.02453056],[121.568628,25.026234],[121.568464,25.02881],[121.56839,25.03124],[121.568984,25.032648],[121.57514012830093,25.033870235708875],[121.578747487242,25.0362197359093],[121.581141,25.036858],[121.583273769159,25.037669212048],[121.58483369380596,25.040192284139753],[121.585063,25.041958],[121.583992,25.042564],[121.58077,25.047232],[121.578206062017,25.0498061943222],[121.578206062017,25.0498061943222]]}},{"type":"Feature","properties":{"route_name":"市民小巴18","color":"#43dc3b"},"geometry":{"type":"LineString","coordinates":[[121.565572,25.065033],[121.566155,25.062286],[121.5679233,25.05966141],[121.5663295,25.0591755],[121.5634,25.0575],[121.5635808,25.05524502],[121.56375921983846,25.05282745475233],[121.566535683299,25.0512559293088],[121.56915,25.05115],[121.57131845679393,25.050545938983998],[121.5737917,25.04993748],[121.573848311551,25.0499024516685],[121.577246475627,25.0499755097464],[121.577246475627,25.0499755097464],[121.578206062017,25.0498061943222],[121.578206062017,25.0498061943222]]}},{"type":"Feature","properties":{"route_name":"市民小巴2","color":"#dc3b56"},"geometry":{"type":"LineString","coordinates":[[121.49796757939285,25.132300275375297],[121.5009595,25.13298746],[121.50318,25.13244],[121.50369,25.13267],[121.50384,25.13431],[121.50471,25.13505],[121.50685,25.1354799191939],[121.5093,25.13622],[121.51118726583476,25.136312684434923],[121.51195458055106,25.136304126864673],[121.51183,25.13704],[121.51233,25.13896],[121.51138265626145,25.138462992600775],[121.50925471604833,25.137765562797373],[121.50702979949186,25.13692024137209]]}},{"type":"Feature","properties":{"route_name":"市民小巴5","color":"#dc3b4e"},"geometry":{"type":"LineString","coordinates":[[121.55507,24.99579],[121.5583984,24.99384711],[121.5594086,24.99385696],[121.5594086,24.99385696],[121.56012261539274,24.996452582031367],[121.56012261539274,24.996452582031367],[121.55947313859588,24.9977449509898],[121.55947313859588,24.9977449509898],[121.55702271100921,24.99980928226642],[121.555797991874,25.0004051038435],[121.555797991874,25.0004051038435],[121.553039816886,25.001459963615],[121.55136,25.00284],[121.549876,25.004168],[121.5497595,25.00638767],[121.5485939,25.00485452],[121.54771,25.00309],[121.548528,25.001971],[121.54711,25.00059],[121.5493,24.99759],[121.55034,24.99656],[121.55097,24.99708],[121.55134,24.99773],[121.550994,24.999711],[121.547826,24.997427],[121.546628,24.995645],[121.5445573,24.99482216],[121.542536892973,24.9897079824046],[121.542536892973,24.9897079824046],[121.540918398248,24.9891053967322],[121.540918398248,24.9891053967322],[121.541402549692,24.9920548778923],[121.5413751,24.99207752]]}},{"type":"Feature","properties":{"route_name":"市民小巴6","color":"#dc3b4b"},"geometry":{"type":"LineString","coordinates":[[121.623378808109,25.0392191053102],[121.623378808109,25.0392191053102],[121.622697,25.038074],[121.623579753493,25.0352494716081],[121.6242927,25.03224587],[121.623671273242,25.0351236765672],[121.6228397,25.03811142],[121.6233248,25.0394543],[121.6233248,25.0394543],[121.6208947,25.04107056],[121.6208947,25.04107056],[121.619864,25.042651],[121.619864,25.042651],[121.6190381,25.04344894],[121.6190381,25.04344894],[121.61734,25.04642],[121.616349,25.04887],[121.61603141641,25.0515460114719],[121.6145567,25.05311326],[121.610465,25.05265346],[121.607245,25.05226],[121.6071781,25.05319593],[121.6071781,25.05319593]]}},{"type":"Feature","properties":{"route_name":"市民小巴7","color":"#dc3b49"},"geometry":{"type":"LineString","coordinates":[[121.56842752097,25.0121451742645],[121.56501,25.01229],[121.562293962737,25.0143745337282],[121.56085606375822,25.015923661863052],[121.557953,25.019475],[121.55616,25.021127],[121.55558,25.02356],[121.55632,25.02506],[121.557888,25.025944],[121.5602,25.02554],[121.56066,25.02428],[121.561745,25.023193],[121.563173,25.02237],[121.56335,25.02332],[121.563672,25.024539],[121.5641109,25.02658084],[121.56481,25.02897],[121.56547,25.03081],[121.565536,25.034635],[121.5655763,25.03685005],[121.565249,25.040991],[121.565249,25.040991]]}},{"type":"Feature","properties":{"route_name":"市民小巴8","color":"#dc3b46"},"geometry":{"type":"LineString","coordinates":[[121.504476019722,25.1003822071101],[121.50562988182526,25.10041172252245],[121.507447,25.100501],[121.50899838312725,25.100517081943632],[121.509867,25.10044],[121.515234,25.096205],[121.51711224794106,25.09415239272792],[121.51711224794106,25.09415239272792],[121.519189,25.092636],[121.519189,25.092636],[121.52330153373,25.0946048451863],[121.52330153373,25.0946048451863],[121.524789386925,25.094058815207],[121.526768,25.090914],[121.526725,25.090999],[121.5259209,25.08770498],[121.524748,25.084849],[121.5233264,25.08346835],[121.5223096,25.08105624],[121.52063,25.07996],[121.5195241,25.08304057],[121.519433,25.085356],[121.51951,25.08654],[121.518596,25.086956],[121.5142108,25.09300599],[121.517833,25.089884]]}},{"type":"Feature","properties":{"route_name":"市民小巴9","color":"#dc3b43"},"geometry":{"type":"LineString","coordinates":[[121.543782182961,25.0737318514423],[121.5397207,25.07365104],[121.532049633909,25.0718150932832],[121.532844,25.071033],[121.531233530381,25.068377333479],[121.530399427523,25.0671439681624],[121.5302915,25.065151],[121.530295913433,25.0633783394423],[121.530215,25.060529],[121.5301123,25.05840464],[121.5300534,25.0563427],[121.529972633353,25.0541988929268],[121.5299293,25.05134169],[121.5287418,25.04827485],[121.5255434,25.04902285],[121.524119571056,25.0481741643018],[121.5231846,25.04801517],[121.517471342457,25.0488096410266]]}},{"type":"Feature","properties":{"route_name":"復興幹線","color":"#3bdc3b"},"geometry":{"type":"LineString","coordinates":[[121.534472,25.067193],[121.537162,25.068066],[121.538733,25.068039],[121.542007,25.067849],[121.5441547,25.06497867],[121.5440531,25.06369319],[121.5440343,25.06148096],[121.54399053234562,25.05697224224693],[121.54399053234562,25.05697224224693],[121.543919,25.05344],[121.543919,25.05344],[121.543802690086,25.0492793865955],[121.54377,25.0465],[121.543626,25.042319],[121.543583,25.039866],[121.54350991852299,25.036960677175955],[121.54344864006195,25.03567752276149],[121.543343,25.03251207],[121.54334032005,25.0294644602605],[121.5433292,25.02679227],[121.542376119519,25.0251035284638],[121.54065,25.02532],[121.539154243763,25.0255275256686],[121.53631985296,25.0259280472003],[121.532693859225,25.0263548162126],[121.53006,25.026622],[121.527713493878,25.026738138642],[121.524516,25.027036],[121.5243501,25.0242886],[121.5243501,25.0242886],[121.526085861859,25.0224187553298],[121.526085861859,25.0224187553298],[121.528697,25.020027],[121.528697,25.020027],[121.531379,25.017546],[121.531379,25.017546],[121.534722,25.014321],[121.534722,25.014321],[121.538064047069,25.0081406778406],[121.538064047069,25.0081406778406],[121.53985642693925,25.004134202331223],[121.53985642693925,25.004134202331223],[121.542377053436,25.0014489083498],[121.542377053436,25.0014489083498],[121.54389161859,24.9994337628866],[121.544575703262,24.9972142117661],[121.5445573,24.99482216]]}},{"type":"Feature","properties":{"route_name":"忠孝幹線","color":"#dc3b96"},"geometry":{"type":"LineString","coordinates":[[121.51700353811,25.0462559043502],[121.522629,25.044844],[121.52631480425094,25.04393012352479],[121.53133882119596,25.04260323596391],[121.53420785577566,25.041964538706296],[121.53833135465409,25.04151329724535],[121.54108205639983,25.041512273166234],[121.547609588359,25.0414444737459],[121.547609588359,25.0414444737459],[121.55037495586,25.041391012662],[121.550375,25.04139101],[121.5536249,25.04131603],[121.553619,25.041262],[121.555503,25.04128222],[121.555503,25.04128222],[121.55934,25.04119],[121.55934,25.04119],[121.562106434251,25.0411343471192],[121.562106434251,25.0411343471192],[121.5668354,25.04100991],[121.5668354,25.04100991],[121.5726502,25.04085411],[121.575809,25.040733],[121.5778998,25.04195027],[121.5778998,25.04195027],[121.577918664208,25.0435588382657],[121.577918664208,25.0435588382657],[121.577906954135,25.0450053957754],[121.577906954135,25.0450053957754],[121.5779129,25.04726924],[121.5779129,25.04726924]]}},{"type":"Feature","properties":{"route_name":"懷恩專車S31","color":"#dc493b"},"geometry":{"type":"LineString","coordinates":[[121.534086,25.015228],[121.534388191196,25.0214053337175],[121.540923,25.021046],[121.5513423711172,25.015144865886427],[121.55319791903287,25.013699726936505]]}},{"type":"Feature","properties":{"route_name":"懷恩專車S32","color":"#dc4b3b"},"geometry":{"type":"LineString","coordinates":[[121.551906976436,25.0236369355906],[121.551906976436,25.0236369355906],[121.553534505165,25.0232432826612],[121.55150423663828,25.01926507278785],[121.550257364418,25.0181390276757],[121.5513423711172,25.015144865886427],[121.55319791903287,25.013699726936505]]}},{"type":"Feature","properties":{"route_name":"懷恩專車S33","color":"#dc4e3b"},"geometry":{"type":"LineString","coordinates":[[121.543919,25.05344],[121.543919,25.05344],[121.5435725,25.04090344],[121.5435725,25.04090344],[121.543343,25.03251207],[121.5433292,25.02679227],[121.543212145552,25.0228925562998],[121.543212145552,25.0228925562998],[121.5513423711172,25.015144865886427],[121.55319791903287,25.013699726936505]]}},{"type":"Feature","properties":{"route_name":"懷恩專車S34","color":"#dc513b"},"geometry":{"type":"LineString","coordinates":[[121.523591,25.026842],[121.5278634988405,25.02650071684031],[121.533012542409,25.0260973914545],[121.53742,25.0241],[121.5513423711172,25.015144865886427],[121.55319791903287,25.013699726936505]]}},{"type":"Feature","properties":{"route_name":"懷恩專車S35","color":"#dc543b"},"geometry":{"type":"LineString","coordinates":[[121.552018,25.013528],[121.5454,25.01288],[121.54013379820495,25.013398935169228],[121.54013379820495,25.013398935169228],[121.543621,25.014313],[121.5454361401492,25.012752506077483]]}},{"type":"Feature","properties":{"route_name":"承德幹線","color":"#a93bdc"},"geometry":{"type":"LineString","coordinates":[[121.49262,25.14506],[121.493826634438,25.1452880512553],[121.497011,25.144571],[121.498005120919,25.1435377973513],[121.49875524785,25.1420654536477],[121.500142024239,25.1404257952951],[121.501520744986,25.1391571863191],[121.502937,25.137791],[121.504124469582,25.1363484992167],[121.50235879653,25.1345133895389],[121.50136,25.13361526],[121.50136,25.13361526],[121.4978915,25.13580742],[121.4978915,25.13580742],[121.496806634171,25.135718233601],[121.495841,25.13174],[121.49669,25.12976],[121.4978596,25.12722523],[121.499222,25.12242987],[121.499222,25.12242987],[121.501973,25.118907],[121.501973,25.118907],[121.503568,25.117433],[121.503568,25.117433],[121.50638,25.11487],[121.506438836067,25.114726442462],[121.508727083955,25.1127066443373],[121.508727083955,25.1127066443373],[121.512347026452,25.1095368758096],[121.512347,25.10953688],[121.5139733,25.10803433],[121.5139733,25.10803433],[121.517803,25.105059],[121.517803,25.105059],[121.520473605143,25.1022630440787],[121.520473605143,25.1022630440787],[121.522307508871,25.1008497293525],[121.522307508871,25.1008497293525],[121.5243054,25.09589886],[121.524279381093,25.0959118891448],[121.526725,25.090999],[121.526768,25.090914],[121.524748,25.084849],[121.5233264,25.08346835],[121.5223096,25.08105624],[121.5191524,25.07344017],[121.5183341,25.07106623],[121.5183341,25.07106623],[121.518267306546,25.0679133670728],[121.5182324,25.06788969],[121.5181,25.06487427],[121.5181,25.06487427],[121.518152,25.062226],[121.5179896,25.05672598],[121.5179896,25.05672598],[121.519674930441,25.0527107746344],[121.525060474751,25.052069472359],[121.529855025946,25.0520078098529],[121.532641149751,25.0519912439505],[121.53627250499,25.0519389515979],[121.54002052720857,25.05189813653983],[121.543561439976,25.0518040049938],[121.548353475095,25.0517035084006],[121.55469770362868,25.051594154729063],[121.55774,25.04937],[121.5577342,25.04762],[121.55752374841019,25.042722340316903],[121.557499635507,25.0390095904505],[121.55741938767238,25.03672002337629],[121.5573365,25.03409828],[121.56127,25.031446],[121.5624103,25.02923056],[121.5632643,25.02827334],[121.565724,25.027402],[121.568554,25.026231],[121.569585,25.024432],[121.5695997,25.02453056],[121.568628,25.026234],[121.568464,25.02881],[121.56839,25.03124],[121.568446471104,25.0336908507959],[121.566640146973,25.0358810435418],[121.566640146973,25.0358810435418],[121.564528,25.035992],[121.564528,25.035992],[121.563754,25.038332],[121.563754,25.038332],[121.565249,25.040991],[121.565249,25.040991]]}},{"type":"Feature","properties":{"route_name":"捷運中和站-政大附中","color":"#dcd13b"},"geometry":{"type":"LineString","coordinates":[[121.554868,24.98809],[121.554868,24.98809],[121.5857205,24.98695836],[121.5857205,24.98695836]]}},{"type":"Feature","properties":{"route_name":"捷運忠孝復興站-三峽","color":"#3bdc91"},"geometry":{"type":"LineString","coordinates":[[121.5435725,25.04090344],[121.5435725,25.04090344],[121.5485022,25.03412379],[121.5485022,25.03412379],[121.5483934,25.03207451],[121.5483934,25.03207451],[121.5484575,25.0284111],[121.5484575,25.0284111],[121.548418,25.026461],[121.548418,25.026461],[121.54858,25.02391],[121.54858,25.02391],[121.533909,24.99285]]}},{"type":"Feature","properties":{"route_name":"捷運蘆洲站-內湖科技園區","color":"#d13bdc"},"geometry":{"type":"LineString","coordinates":[[121.582711,25.070517],[121.582711,25.070517],[121.581177,25.071952],[121.581177,25.071952],[121.57766690657958,25.07478024553194],[121.57766690657958,25.07478024553194],[121.568256,25.079478],[121.568256,25.079478],[121.565903409458,25.0805158061818],[121.565903409458,25.0805158061818]]}},{"type":"Feature","properties":{"route_name":"政大附中-捷運景美站","color":"#dcac3b"},"geometry":{"type":"LineString","coordinates":[[121.5855192,24.98653114],[121.5855192,24.98653114],[121.576536,24.987567],[121.576536,24.987567],[121.56460855354919,24.982712452429457],[121.56460855354919,24.982712452429457],[121.555554,24.980465],[121.555554,24.980465],[121.54075736926794,24.99234145800376],[121.54075736926794,24.99234145800376]]}},{"type":"Feature","properties":{"route_name":"敦化幹線","color":"#a93bdc"},"geometry":{"type":"LineString","coordinates":[[121.56085606375822,25.015923661863052],[121.557953,25.019475],[121.55616,25.021127],[121.554225,25.022926],[121.550915062346,25.0245319230801],[121.549033716258,25.0275992243505],[121.5490337,25.02759922],[121.54906,25.02967],[121.54906,25.02967],[121.54906,25.03196],[121.54906,25.03196],[121.5490897913242,25.035951071734246],[121.5490897913242,25.035951071734246],[121.549163,25.039336],[121.549163,25.039336],[121.549174,25.0430127],[121.549174,25.0430127],[121.5491941,25.04575795],[121.5491941,25.04575795],[121.549204,25.048949],[121.549204,25.048949],[121.54933,25.05258],[121.54933,25.05258],[121.5492693,25.05668072],[121.5492693,25.05668072],[121.55019898812432,25.05971079181516],[121.55019898812432,25.05971079181516],[121.5482873,25.06203573],[121.5482873,25.06203573],[121.5446524,25.06222037],[121.5446524,25.06222037],[121.541275218891,25.0623959365736],[121.541275218891,25.0623959365736],[121.53746,25.06248317],[121.53746,25.06248317],[121.5334388,25.06252486],[121.5334388,25.06252486],[121.529148,25.062636],[121.529148,25.062636],[121.52798329556133,25.06385884449781],[121.528089,25.066076],[121.52804750361558,25.06761882553957],[121.524381872313,25.0805889011559],[121.52663,25.08697],[121.527703,25.091209],[121.528319753964,25.0947774592454],[121.527797,25.096957],[121.525683877315,25.1039067740372],[121.528640834207,25.1050501328713],[121.530150260751,25.1070832174183],[121.53065017432,25.1095102588294],[121.53189,25.11328],[121.534692981633,25.1173302889076],[121.5311071,25.11823857],[121.5276437,25.11850567],[121.52525,25.11857],[121.520551599272,25.1188249158648],[121.520551599272,25.1188249158648],[121.51738,25.11904]]}},{"type":"Feature","properties":{"route_name":"新店-汐止","color":"#dc3b7c"},"geometry":{"type":"LineString","coordinates":[[121.6165563,25.05644051],[121.616613990021,25.056527828264]]}},{"type":"Feature","properties":{"route_name":"新店北新路-政大一街","color":"#59dc3b"},"geometry":{"type":"LineString","coordinates":[[121.55568,24.980335],[121.55568,24.980335],[121.574739,24.98778],[121.574739,24.98778],[121.5855192,24.98653114],[121.5855192,24.98653114]]}},{"type":"Feature","properties":{"route_name":"景美-榮總(快)","color":"#dc3ba9"},"geometry":{"type":"LineString","coordinates":[[121.55568,24.980335],[121.55568,24.980335],[121.5583622,24.98100977],[121.5583622,24.98100977],[121.559783932422,24.9813802657801],[121.559783932422,24.9813802657801],[121.561802,24.981856],[121.561802,24.981856],[121.562389,24.98292781],[121.562389,24.98292781],[121.561829231052,24.9843077885823],[121.561829231052,24.9843077885823],[121.5619764,24.98667611],[121.56074,24.98693],[121.56074,24.98693],[121.5614966,24.98477018],[121.5614966,24.98477018],[121.5622646,24.98254356],[121.5622646,24.98254356],[121.561849824052,24.9820534481377],[121.561849824052,24.9820534481377],[121.56033392387744,24.981733915823476],[121.56033392387744,24.981733915823476],[121.558272457788,24.9811534735698],[121.558272457788,24.9811534735698],[121.555554,24.980465],[121.555554,24.980465],[121.5537644922877,24.98176616079763],[121.5537644922877,24.98176616079763],[121.55435,24.98456],[121.55435,24.98456],[121.553332059894,24.9865677374486],[121.553332059894,24.9865677374486],[121.550077359064,24.98759233313],[121.550077359064,24.98759233313],[121.5464,24.986892],[121.5464,24.986892],[121.54401,24.98858],[121.54401,24.98858],[121.542701,24.98977],[121.5447432,24.99474012],[121.544841356252,24.9969326584305],[121.54393655953,24.999719170953],[121.542530095186,25.0015098013863],[121.542530095186,25.0015098013863],[121.539995594657,25.0042661031504],[121.539995594657,25.0042661031504],[121.538470307254,25.0076706783786],[121.53849,25.00761],[121.535185,25.013993],[121.535185,25.013993],[121.5132091,25.08159839],[121.515801262638,25.1157212492135],[121.51968525315,25.1185668257628],[121.51968525315,25.1185668257628]]}},{"type":"Feature","properties":{"route_name":"東環幹線","color":"#dc663b"},"geometry":{"type":"LineString","coordinates":[[121.5746629,25.03236982],[121.57461,25.03503],[121.575633643328,25.037873435751],[121.577948835559,25.0400066129947],[121.5778998,25.04195027],[121.5778998,25.04195027],[121.577918664208,25.0435588382657],[121.577918664208,25.0435588382657],[121.577906954135,25.0450053957754],[121.577906954135,25.0450053957754],[121.5779129,25.04726924],[121.5779129,25.04726924],[121.578206062017,25.0498061943222],[121.578206062017,25.0498061943222],[121.58108,25.05082],[121.58108,25.05082],[121.581944,25.05636],[121.581074,25.057957],[121.581074,25.057957],[121.5791317,25.06054231],[121.5791317,25.06054231],[121.577205,25.063161],[121.577205,25.063161],[121.5762621,25.06436849],[121.575333,25.062944],[121.572719,25.063668],[121.57483,25.06684],[121.57446,25.07204],[121.57446,25.07204],[121.577744,25.073152],[121.577744,25.073152],[121.57766690657958,25.07478024553194],[121.57766690657958,25.07478024553194],[121.573134,25.077273],[121.5731066,25.07729684],[121.568256,25.079478],[121.568256,25.079478],[121.565903409458,25.0805158061818],[121.565903409458,25.0805158061818],[121.5646071,25.07973077],[121.5612469,25.07999076],[121.5590841,25.08004249],[121.5574829,25.08002077],[121.556408099291,25.0813388630833]]}},{"type":"Feature","properties":{"route_name":"松江新生幹線","color":"#69dc3b"},"geometry":{"type":"LineString","coordinates":[[121.54025525837187,24.991120032966297],[121.54025525837187,24.991120032966297],[121.54075736926794,24.99234145800376],[121.54075736926794,24.99234145800376],[121.5413365,24.99545268],[121.5413365,24.99545268],[121.5402001,24.99931624],[121.5402001,24.99931624],[121.5393892,25.00136317],[121.5393892,25.00136317],[121.5387822,25.00327364],[121.5387822,25.00327364],[121.53849,25.00761],[121.538470307254,25.0076706783786],[121.535185,25.013993],[121.535185,25.013993],[121.53375,25.018029],[121.534388191196,25.0214053337175],[121.5349231,25.02527096],[121.53384,25.03048],[121.5329027,25.03320526],[121.5328703,25.03779674],[121.5328758,25.04198981],[121.53299,25.045],[121.532997019655,25.0482736559236],[121.533087,25.0517997],[121.5331386,25.05453652],[121.533176617617,25.057613818954],[121.533394,25.063292],[121.533394,25.063292],[121.5333635,25.0671805],[121.537162,25.068066],[121.538733,25.068039],[121.542007,25.067849],[121.5441547,25.06497867]]}},{"type":"Feature","properties":{"route_name":"林口(文化三路)-捷運圓山站","color":"#3bdc61"},"geometry":{"type":"LineString","coordinates":[[121.5136892,25.07451003],[121.5136892,25.07451003],[121.5200431,25.07157]]}},{"type":"Feature","properties":{"route_name":"林口(文化北路)-捷運圓山站","color":"#dc7c3b"},"geometry":{"type":"LineString","coordinates":[[121.5136892,25.07451003],[121.5136892,25.07451003],[121.5200431,25.07157]]}},{"type":"Feature","properties":{"route_name":"林口-內湖科技園區","color":"#dc433b"},"geometry":{"type":"LineString","coordinates":[[121.57446,25.07204],[121.57446,25.07204],[121.5731066,25.07729684],[121.573134,25.077273],[121.565884872161,25.0821974042872],[121.565884872161,25.0821974042872]]}},{"type":"Feature","properties":{"route_name":"林口-捷運圓山站","color":"#3b41dc"},"geometry":{"type":"LineString","coordinates":[[121.5136892,25.07451003],[121.5136892,25.07451003],[121.51367,25.07328],[121.51367,25.07328],[121.51425,25.06854],[121.51425,25.06854],[121.51626,25.06847],[121.51626,25.06847],[121.5185487,25.06894017],[121.5185487,25.06894017],[121.5200431,25.07157]]}},{"type":"Feature","properties":{"route_name":"林口-捷運忠孝敦化站","color":"#3bdcbf"},"geometry":{"type":"LineString","coordinates":[[121.533098,25.064434],[121.5438692,25.06227185],[121.5438692,25.06227185],[121.55137,25.063262],[121.5487541,25.04186596],[121.5487541,25.04186596]]}},{"type":"Feature","properties":{"route_name":"林口-臺北車站(承德)","color":"#96dc3b"},"geometry":{"type":"LineString","coordinates":[[121.5136892,25.07451003],[121.5136892,25.07451003],[121.5183341,25.07106623],[121.5183341,25.07106623],[121.518101,25.061107],[121.518101,25.061107],[121.5179896,25.05672598],[121.5179896,25.05672598],[121.5167729,25.05073509],[121.5167729,25.05073509]]}},{"type":"Feature","properties":{"route_name":"林口-臺北長庚醫院","color":"#3bdc51"},"geometry":{"type":"LineString","coordinates":[[121.53307,25.06338],[121.53307,25.06338],[121.53313278818085,25.060643374791923],[121.53313278818085,25.060643374791923],[121.5428,25.057628],[121.5428,25.057628],[121.5492693,25.05668072],[121.5492693,25.05668072]]}},{"type":"Feature","properties":{"route_name":"棕1","color":"#dc9c3b"},"geometry":{"type":"LineString","coordinates":[[121.582062,25.060371],[121.580495,25.058297],[121.58190757561452,25.05609097336375],[121.580911886242,25.0509225264878],[121.580911886242,25.0509225264878],[121.576598,25.050168],[121.576598,25.050168],[121.57491400582,25.0500731024231],[121.57491400582,25.0500731024231],[121.571871,25.050387],[121.5704299,25.05220024],[121.569875,25.055027],[121.569393769344,25.0577179708185],[121.5663295,25.0591755],[121.561144568697,25.058808540179],[121.558923442523,25.0586249332513],[121.556044429017,25.058415078013],[121.5526273,25.05813129],[121.5468517,25.05785197],[121.5468517,25.05785197],[121.545132,25.05790896],[121.545132,25.05790896],[121.544388,25.058117],[121.544405,25.060855],[121.54762539917303,25.062020643130538],[121.54762539917303,25.062020643130538],[121.55196,25.063277],[121.55196,25.063277]]}},{"type":"Feature","properties":{"route_name":"棕10","color":"#9cdc3b"},"geometry":{"type":"LineString","coordinates":[[121.602592,25.08343],[121.602592,25.08343],[121.6048,25.08288733],[121.6048,25.08288733],[121.606985,25.077575],[121.606985,25.077575],[121.60709165757346,25.076003252282835],[121.60709165757346,25.076003252282835],[121.60631194598926,25.07432866824676],[121.60631194598926,25.07432866824676],[121.6075013,25.07246542],[121.6075013,25.07246542],[121.609320074507,25.0716328345384],[121.609320074507,25.0716328345384],[121.6116528,25.06996983],[121.61150222666,25.0674930032886],[121.61150222666,25.0674930032886],[121.61282,25.05914],[121.61282,25.05914],[121.61237,25.06113],[121.57950353609606,25.056369580641974],[121.577715906746,25.0554380798046],[121.56665364964157,25.051513187536237],[121.56111056329053,25.05158012283465],[121.555516323112,25.0516596699759],[121.549520919642,25.0517934820293],[121.5444563164689,25.05191518176843]]}},{"type":"Feature","properties":{"route_name":"棕11","color":"#99dc3b"},"geometry":{"type":"LineString","coordinates":[[121.5913505957924,24.999402832437188],[121.5913505957924,24.999402832437188],[121.58954681023364,25.000950102464405],[121.58954681023364,25.000950102464405],[121.585066207329,25.0031479361546],[121.585066207329,25.0031479361546],[121.58021,24.99881],[121.58021,24.99881],[121.576778,24.9968],[121.576778,24.9968],[121.57363,24.993482],[121.57363,24.993482],[121.574153,24.99161],[121.574153,24.99161],[121.576757,24.989679],[121.576757,24.989679],[121.578601086333,24.9889796040779],[121.5804463,24.98914141],[121.586251,24.989841],[121.5874836,24.98941624],[121.58742,24.98829565],[121.5857205,24.98695836],[121.5857205,24.98695836],[121.5846406,24.98614991],[121.5818292,24.98528376],[121.579711,24.986063],[121.576536,24.987567],[121.576536,24.987567],[121.573881732316,24.9880845060964],[121.573881732316,24.9880845060964],[121.57084690242372,24.989578452014587],[121.57084690242372,24.989578452014587],[121.57021793429796,24.99177996801887],[121.57021793429796,24.99177996801887],[121.56627904290634,24.990657247443593],[121.56627904290634,24.990657247443593],[121.56463398583439,24.989753847794294],[121.56463398583439,24.989753847794294],[121.56247819644113,24.989024145656842],[121.56247819644113,24.989024145656842],[121.559942504895,24.989363359859],[121.559942504895,24.989363359859],[121.55919,24.990768],[121.55919,24.990768],[121.55883687781873,24.99243758851507],[121.55883687781873,24.99243758851507],[121.5594086,24.99385696],[121.5594086,24.99385696],[121.56012261539274,24.996452582031367],[121.56012261539274,24.996452582031367],[121.55947313859588,24.9977449509898],[121.55947313859588,24.9977449509898],[121.55702271100921,24.99980928226642],[121.555797991874,25.0004051038435],[121.555797991874,25.0004051038435],[121.553039816886,25.001459963615],[121.550073640107,25.0009828977016],[121.547448469573,24.9995842974218],[121.545835,24.998953],[121.54393655953,24.999719170953],[121.542530095186,25.0015098013863],[121.542530095186,25.0015098013863],[121.539995594657,25.0042661031504],[121.539995594657,25.0042661031504],[121.53849,25.00761],[121.538470307254,25.0076706783786],[121.535185,25.013993],[121.535185,25.013993],[121.531094,25.018104],[121.531094,25.018104],[121.532327,25.021872],[121.532327,25.021872],[121.5341124,25.02164507],[121.534113646475,25.0215502113013],[121.533435,25.018239],[121.533435,25.018239],[121.534722,25.014321],[121.534722,25.014321]]}},{"type":"Feature","properties":{"route_name":"棕11副","color":"#dc3b76"},"geometry":{"type":"LineString","coordinates":[[121.5913505957924,24.999402832437188],[121.5913505957924,24.999402832437188],[121.58954681023364,25.000950102464405],[121.58954681023364,25.000950102464405],[121.585066207329,25.0031479361546],[121.585066207329,25.0031479361546],[121.58021,24.99881],[121.58021,24.99881],[121.576778,24.9968],[121.576778,24.9968],[121.57363,24.993482],[121.57363,24.993482],[121.574153,24.99161],[121.574153,24.99161],[121.576757,24.989679],[121.576757,24.989679],[121.578601086333,24.9889796040779],[121.5804463,24.98914141],[121.586251,24.989841],[121.5874836,24.98941624],[121.58742,24.98829565],[121.5876992,24.98715168],[121.5872664,24.98565649],[121.5873303,24.98599992],[121.587942169381,24.9871695314337],[121.5857205,24.98695836],[121.5857205,24.98695836],[121.5846406,24.98614991],[121.5839587,24.98776697],[121.5844314,24.98942619],[121.5843159,24.98942183],[121.5838276,24.98776972],[121.5828689,24.98603367],[121.5818292,24.98528376],[121.579711,24.986063],[121.576536,24.987567],[121.576536,24.987567],[121.573881732316,24.9880845060964],[121.573881732316,24.9880845060964],[121.57084690242372,24.989578452014587],[121.57084690242372,24.989578452014587],[121.57021793429796,24.99177996801887],[121.57021793429796,24.99177996801887],[121.56627904290634,24.990657247443593],[121.56627904290634,24.990657247443593],[121.56463398583439,24.989753847794294],[121.56463398583439,24.989753847794294],[121.56247819644113,24.989024145656842],[121.56247819644113,24.989024145656842],[121.559942504895,24.989363359859],[121.559942504895,24.989363359859],[121.55919,24.990768],[121.55919,24.990768],[121.55883687781873,24.99243758851507],[121.55883687781873,24.99243758851507],[121.5594086,24.99385696],[121.5594086,24.99385696],[121.56012261539274,24.996452582031367],[121.56012261539274,24.996452582031367],[121.55947313859588,24.9977449509898],[121.55947313859588,24.9977449509898],[121.55702271100921,24.99980928226642],[121.555797991874,25.0004051038435],[121.555797991874,25.0004051038435],[121.553039816886,25.001459963615],[121.55136,25.00284],[121.549876,25.004168],[121.5497595,25.00638767]]}},{"type":"Feature","properties":{"route_name":"棕12","color":"#96dc3b"},"geometry":{"type":"LineString","coordinates":[[121.5363395,24.99550417],[121.5363395,24.99550417],[121.5389062,24.99383424],[121.5389062,24.99383424],[121.542708979168,24.992776404618],[121.5428136,24.99274359],[121.542536892973,24.9897079824046],[121.542536892973,24.9897079824046],[121.54381,24.988478],[121.54381,24.988478],[121.5465259,24.9867882],[121.5465259,24.9867882],[121.549735378275,24.9873383747906],[121.549735378275,24.9873383747906],[121.554868,24.98809],[121.554868,24.98809],[121.556482491508,24.9884116429436],[121.556482491508,24.9884116429436],[121.559246461721,24.9886499986778],[121.559246461721,24.9886499986778],[121.559942504895,24.989363359859],[121.559942504895,24.989363359859],[121.55919,24.990768],[121.55919,24.990768],[121.55883687781873,24.99243758851507],[121.55883687781873,24.99243758851507],[121.5594086,24.99385696],[121.5594086,24.99385696],[121.56012261539274,24.996452582031367],[121.56012261539274,24.996452582031367],[121.55947313859588,24.9977449509898],[121.55947313859588,24.9977449509898],[121.55702271100921,24.99980928226642],[121.555797991874,25.0004051038435],[121.555797991874,25.0004051038435],[121.555211,25.001741],[121.556531813076,25.0037396380103],[121.55871833409,25.0070201506128],[121.55075149283692,25.016039021546764],[121.548282,25.018051],[121.5456371524934,25.01851242321545],[121.5456371524934,25.01851242321545],[121.5422472,25.01571376],[121.5422472,25.01571376],[121.540464,25.01415156],[121.540464,25.01415156],[121.538069443257,25.0121089588721],[121.538069443257,25.0121089588721],[121.535185,25.013993],[121.535185,25.013993],[121.531094,25.018104],[121.531094,25.018104],[121.53203,25.02235],[121.52802,25.01912],[121.52802,25.01912],[121.531086,25.015792],[121.53099,25.01424],[121.52672,25.014416],[121.52425,25.01812],[121.5244304,25.02066751]]}},{"type":"Feature","properties":{"route_name":"棕13","color":"#94dc3b"},"geometry":{"type":"LineString","coordinates":[[121.5698963,25.10683945],[121.5677603,25.10601528],[121.566212,25.10586089],[121.56714,25.10655],[121.5681927,25.10671438],[121.5686968,25.10754459],[121.5661627,25.10771043],[121.5626717,25.10705214],[121.561631,25.108548],[121.5614042,25.10750605],[121.560788036637,25.107004336741],[121.5605355,25.10799451],[121.560057,25.10937],[121.5599722,25.11075838],[121.56215,25.11139],[121.5579606,25.11146528],[121.55708,25.10932],[121.55737,25.10712],[121.5572,25.10554],[121.5557205,25.10406772],[121.5520364,25.10144488],[121.549281,25.099862],[121.549281,25.099862],[121.54679912183309,25.09735486763365],[121.5490281,25.08377483],[121.5482394,25.0808482],[121.546139731473,25.0799238282333],[121.5436838,25.07978102],[121.54169,25.07961],[121.54125,25.079985],[121.540087,25.082444]]}},{"type":"Feature","properties":{"route_name":"棕15","color":"#8edc3b"},"geometry":{"type":"LineString","coordinates":[[121.5913505957924,24.999402832437188],[121.5913505957924,24.999402832437188],[121.58954681023364,25.000950102464405],[121.58954681023364,25.000950102464405],[121.585066207329,25.0031479361546],[121.585066207329,25.0031479361546],[121.58021,24.99881],[121.58021,24.99881],[121.576778,24.9968],[121.576778,24.9968],[121.57363,24.993482],[121.57363,24.993482],[121.574153,24.99161],[121.574153,24.99161],[121.576757,24.989679],[121.576757,24.989679],[121.576765,24.987374],[121.579379,24.986195],[121.579955106331,24.9850502753839],[121.579664080453,24.983627],[121.57999610766447,24.983063000243483],[121.580961552542,24.981690857565898],[121.583526,24.976495],[121.5803701,24.97414808],[121.58003,24.97112],[121.580321,24.969425],[121.580639,24.967886],[121.58306,24.96589],[121.588052,24.968307]]}},{"type":"Feature","properties":{"route_name":"棕18","color":"#86dc3b"},"geometry":{"type":"LineString","coordinates":[[121.574739,24.98778],[121.574739,24.98778],[121.576765,24.987374],[121.579379,24.986195],[121.583528256631,24.9852588957558],[121.584378,24.985826],[121.5855192,24.98653114],[121.5855192,24.98653114],[121.587632890382,24.9881804824337],[121.587330314433,24.9895918327333],[121.58023,24.98929],[121.578362099893,24.9890523658557],[121.57699279565435,24.989020423587586],[121.57699279565435,24.989020423587586],[121.576905,24.990413],[121.576905,24.990413],[121.574627,24.991863],[121.574627,24.991863],[121.573853,24.992819],[121.573853,24.992819],[121.576285,24.99626767],[121.576197,24.996309],[121.57996,24.99857],[121.57996,24.99857],[121.583287778248,25.0028393386766],[121.583287778248,25.0028393386766],[121.57937,25.00102],[121.57937,25.00102],[121.566687674056,25.0329497897498],[121.566687674056,25.0329497897498],[121.56357599974903,25.034512868313872],[121.56357599974903,25.034512868313872],[121.563754,25.038332],[121.563754,25.038332],[121.5668354,25.04100991],[121.5668354,25.04100991],[121.5726502,25.04085411],[121.575809,25.040733],[121.5778998,25.04195027],[121.5778998,25.04195027],[121.577918664208,25.0435588382657],[121.577918664208,25.0435588382657],[121.577906954135,25.0450053957754],[121.577906954135,25.0450053957754],[121.5779129,25.04726924],[121.5779129,25.04726924],[121.578206062017,25.0498061943222],[121.578206062017,25.0498061943222]]}},{"type":"Feature","properties":{"route_name":"棕19","color":"#84dc3b"},"geometry":{"type":"LineString","coordinates":[[121.593650837788,25.0502182745934],[121.593650837788,25.0502182745934],[121.596331,25.050768],[121.604333,25.051694],[121.60671395938819,25.051922100664566],[121.61111038525819,25.052446715063496],[121.6139003,25.05281991],[121.616849,25.056341],[121.616849,25.056341],[121.616103,25.059729],[121.616103,25.059729],[121.611573583354,25.0672071869982],[121.611573583354,25.0672071869982],[121.6144033,25.06860831],[121.6144033,25.06860831],[121.6165906,25.06806969],[121.6165906,25.06806969],[121.618788,25.069547],[121.6191996,25.07119075],[121.6194588,25.07287274],[121.6194588,25.07287274],[121.621188834486,25.0761334864734],[121.62288,25.07715],[121.614,25.07806],[121.60525229995443,25.08303681690925],[121.60525229995443,25.08303681690925],[121.6025457,25.08373507],[121.6025457,25.08373507]]}},{"type":"Feature","properties":{"route_name":"棕2","color":"#dc9e3b"},"geometry":{"type":"LineString","coordinates":[[121.570457,25.001753],[121.569474,25.002436],[121.5672991,25.00146028],[121.56892,24.999962],[121.567262,24.999065],[121.5625566,24.99756829],[121.5603813,24.99706037],[121.55947313859588,24.9977449509898],[121.55947313859588,24.9977449509898],[121.557829,24.999259],[121.557829,24.999259],[121.555797991874,25.0004051038435],[121.555797991874,25.0004051038435],[121.553039816886,25.001459963615],[121.550073640107,25.0009828977016],[121.547448469573,24.9995842974218],[121.545835,24.998953],[121.544575703262,24.9972142117661],[121.5445573,24.99482216],[121.5426452,24.992992],[121.54129,24.99187],[121.5407637,24.98908381],[121.5537644922877,24.98176616079763],[121.5537644922877,24.98176616079763],[121.5566637,24.98201863],[121.555554,24.980465],[121.555554,24.980465]]}},{"type":"Feature","properties":{"route_name":"棕20","color":"#49dc3b"},"geometry":{"type":"LineString","coordinates":[[121.583819096678,25.0613243529619],[121.58537,25.0639],[121.582711,25.070517],[121.582711,25.070517],[121.581177,25.071952],[121.581177,25.071952],[121.57766690657958,25.07478024553194],[121.57766690657958,25.07478024553194],[121.573134,25.077273],[121.5731066,25.07729684],[121.568256,25.079478],[121.568256,25.079478],[121.565903409458,25.0805158061818],[121.565903409458,25.0805158061818],[121.5646071,25.07973077],[121.5612469,25.07999076],[121.5590841,25.08004249],[121.5574829,25.08002077],[121.55656,25.07661],[121.556408099291,25.0813388630833],[121.556430509921,25.0831610051795],[121.55468793143969,25.085303158353604],[121.55468793143969,25.085303158353604],[121.54728315713145,25.096654067919133],[121.547109328126,25.098296747051577],[121.547109328126,25.098296747051577],[121.549257,25.101952]]}},{"type":"Feature","properties":{"route_name":"棕20預","color":"#dc5e3b"},"geometry":{"type":"LineString","coordinates":[[121.583175,25.061151],[121.585286,25.064826],[121.582711,25.070517],[121.582711,25.070517],[121.581177,25.071952],[121.581177,25.071952],[121.57766690657958,25.07478024553194],[121.57766690657958,25.07478024553194],[121.573134,25.077273],[121.5731066,25.07729684],[121.568256,25.079478],[121.568256,25.079478],[121.565903409458,25.0805158061818],[121.565903409458,25.0805158061818],[121.5646071,25.07973077],[121.5612469,25.07999076],[121.5590841,25.08004249],[121.5574829,25.08002077],[121.55656,25.07661],[121.556408099291,25.0813388630833],[121.556430509921,25.0831610051795],[121.55468793143969,25.085303158353604],[121.55468793143969,25.085303158353604],[121.54728315713145,25.096654067919133],[121.547109328126,25.098296747051577],[121.547109328126,25.098296747051577],[121.549257,25.101952]]}},{"type":"Feature","properties":{"route_name":"棕21","color":"#46dc3b"},"geometry":{"type":"LineString","coordinates":[[121.57604615193513,24.98782160454249],[121.57604615193513,24.98782160454249],[121.576765,24.987374],[121.579379,24.986195],[121.5843159,24.98942183],[121.5838276,24.98776972],[121.5828689,24.98603367],[121.583528256631,24.9852588957558],[121.584378,24.985826],[121.5855192,24.98653114],[121.5855192,24.98653114],[121.5876992,24.98715168],[121.5872664,24.98565649],[121.5873303,24.98599992],[121.587942169381,24.9871695314337],[121.587632890382,24.9881804824337],[121.587330314433,24.9895918327333],[121.58023,24.98929],[121.578362099893,24.9890523658557],[121.57699279565435,24.989020423587586],[121.57699279565435,24.989020423587586],[121.576905,24.990413],[121.576905,24.990413],[121.574627,24.991863],[121.574627,24.991863],[121.573853,24.992819],[121.573853,24.992819],[121.576285,24.99626767],[121.576197,24.996309],[121.57996,24.99857],[121.57996,24.99857],[121.583287778248,25.0028393386766],[121.583287778248,25.0028393386766],[121.579255519338,25.0011783104188],[121.579255519338,25.0011783104188],[121.566687674056,25.0329497897498],[121.566687674056,25.0329497897498],[121.56357599974903,25.034512868313872],[121.56357599974903,25.034512868313872],[121.563754,25.038332],[121.563754,25.038332],[121.5668354,25.04100991],[121.5668354,25.04100991]]}},{"type":"Feature","properties":{"route_name":"棕22","color":"#43dc3b"},"geometry":{"type":"LineString","coordinates":[[121.5363395,24.99550417],[121.5363395,24.99550417],[121.5389062,24.99383424],[121.5389062,24.99383424],[121.542708979168,24.992776404618],[121.5428136,24.99274359],[121.542536892973,24.9897079824046],[121.542536892973,24.9897079824046],[121.54381,24.988478],[121.54381,24.988478],[121.5465259,24.9867882],[121.5465259,24.9867882],[121.549735378275,24.9873383747906],[121.549735378275,24.9873383747906],[121.554868,24.98809],[121.554868,24.98809],[121.556482491508,24.9884116429436],[121.556482491508,24.9884116429436],[121.559246461721,24.9886499986778],[121.559246461721,24.9886499986778],[121.559942504895,24.989363359859],[121.559942504895,24.989363359859],[121.55919,24.990768],[121.55919,24.990768],[121.55883687781873,24.99243758851507],[121.55883687781873,24.99243758851507],[121.5594086,24.99385696],[121.5594086,24.99385696],[121.56012261539274,24.996452582031367],[121.56012261539274,24.996452582031367],[121.55947313859588,24.9977449509898],[121.55947313859588,24.9977449509898],[121.55702271100921,24.99980928226642],[121.555797991874,25.0004051038435],[121.555797991874,25.0004051038435],[121.555211,25.001741],[121.556531813076,25.0037396380103],[121.55871833409,25.0070201506128],[121.55075149283692,25.016039021546764],[121.548282,25.018051],[121.5456371524934,25.01851242321545],[121.5456371524934,25.01851242321545],[121.5422472,25.01571376],[121.5422472,25.01571376],[121.540464,25.01415156],[121.540464,25.01415156],[121.538069443257,25.0121089588721],[121.538069443257,25.0121089588721],[121.535185,25.013993],[121.535185,25.013993],[121.531094,25.018104],[121.531094,25.018104],[121.53203,25.02235],[121.52802,25.01912],[121.52802,25.01912],[121.525083045325,25.0214728907771],[121.523149018086,25.0230486091138],[121.520519399553,25.0247432949757],[121.518108688499,25.0253055164294],[121.5146583,25.02615202],[121.5131483,25.02546189],[121.5098376,25.02479555],[121.50643,25.02149],[121.5039,25.02023],[121.502643,25.021587],[121.50277864902843,25.023224075638726],[121.50333348774862,25.02477910385403],[121.504647,25.025478],[121.5062868,25.02596466]]}},{"type":"Feature","properties":{"route_name":"棕3","color":"#dca13b"},"geometry":{"type":"LineString","coordinates":[[121.5913505957924,24.999402832437188],[121.5913505957924,24.999402832437188],[121.58954681023364,25.000950102464405],[121.58954681023364,25.000950102464405],[121.585066207329,25.0031479361546],[121.585066207329,25.0031479361546],[121.58021,24.99881],[121.58021,24.99881],[121.576778,24.9968],[121.576778,24.9968],[121.57363,24.993482],[121.57363,24.993482],[121.574153,24.99161],[121.574153,24.99161],[121.576757,24.989679],[121.576757,24.989679],[121.573881732316,24.9880845060964],[121.573881732316,24.9880845060964],[121.56997997801,24.987746922127],[121.56997997801,24.987746922127],[121.5686729036256,24.98794462737213],[121.5686729036256,24.98794462737213],[121.56980715638664,24.98976355883173],[121.56980715638664,24.98976355883173],[121.57111522305,24.9913142071305],[121.57111522305,24.9913142071305],[121.5716055,24.99360167],[121.5716055,24.99360167],[121.57232800362569,24.996044970003638],[121.57232800362569,24.996044970003638],[121.5743716,24.99787339],[121.5743091,24.99783812],[121.5737,25.0001268],[121.571969627588,25.0028541470424],[121.570509533684,25.0046814962866],[121.567900817651,25.0046374220822],[121.570371684081,25.0041631244417],[121.570571682464,25.0032053525918],[121.565052,25.003405],[121.563084,25.003405]]}},{"type":"Feature","properties":{"route_name":"棕5","color":"#dca73b"},"geometry":{"type":"LineString","coordinates":[[121.570457,25.001753],[121.571969627588,25.0028541470424],[121.570509533684,25.0046814962866],[121.567900817651,25.0046374220822],[121.570371684081,25.0041631244417],[121.570571682464,25.0032053525918],[121.565052,25.003405],[121.563084,25.003405],[121.562127594784,25.0018116822751],[121.566256708836,25.0017624091424],[121.5672991,25.00146028],[121.56892,24.999962],[121.5695557,24.99858575],[121.570733,24.996667],[121.571444566484,24.9935653207503],[121.571444566484,24.9935653207503],[121.570973024858,24.9913094198003],[121.570973024858,24.9913094198003],[121.56999253194654,24.990114359213134],[121.56999253194654,24.990114359213134],[121.5685523,24.98849886],[121.5685523,24.98849886],[121.56976146408,24.9876073867321],[121.574739,24.98778],[121.574739,24.98778],[121.576427,24.988319],[121.576427,24.988319],[121.578601086333,24.9889796040779],[121.5804463,24.98914141],[121.586251,24.989841],[121.5874836,24.98941624],[121.58742,24.98829565],[121.5876992,24.98715168],[121.5872664,24.98565649],[121.5890261,24.98287142],[121.585437474256,24.9812125534647]]}},{"type":"Feature","properties":{"route_name":"棕6","color":"#dca93b"},"geometry":{"type":"LineString","coordinates":[[121.58021,24.99881],[121.58021,24.99881],[121.576778,24.9968],[121.576778,24.9968],[121.57363,24.993482],[121.57363,24.993482],[121.574153,24.99161],[121.574153,24.99161],[121.576757,24.989679],[121.576757,24.989679],[121.57604615193513,24.98782160454249],[121.57604615193513,24.98782160454249],[121.573881732316,24.9880845060964],[121.573881732316,24.9880845060964],[121.56997997801,24.987746922127],[121.56997997801,24.987746922127],[121.5686729036256,24.98794462737213],[121.5686729036256,24.98794462737213],[121.566361887311,24.9885790493873],[121.566361887311,24.9885790493873],[121.56247819644113,24.989024145656842],[121.56247819644113,24.989024145656842],[121.559397779257,24.9888253106036],[121.559397779257,24.9888253106036],[121.556489526679,24.9885175064144],[121.556489526679,24.9885175064144],[121.555499,24.988291],[121.555499,24.988291],[121.5528996,24.98800122],[121.5528996,24.98800122],[121.550077359064,24.98759233313],[121.550077359064,24.98759233313],[121.5464,24.986892],[121.5464,24.986892],[121.54401,24.98858],[121.54401,24.98858],[121.540918398248,24.9891053967322],[121.540918398248,24.9891053967322],[121.5413751,24.99207752],[121.541402549692,24.9920548778923],[121.5413365,24.99545268],[121.5413365,24.99545268],[121.5402001,24.99931624],[121.5402001,24.99931624],[121.5393892,25.00136317],[121.5393892,25.00136317],[121.5387822,25.00327364],[121.5387822,25.00327364],[121.53985642693925,25.004134202331223],[121.53985642693925,25.004134202331223],[121.542377053436,25.0014489083498],[121.542377053436,25.0014489083498],[121.54389161859,24.9994337628866],[121.545859,24.998797],[121.547902045529,24.9996328919305],[121.550307886322,25.0009702685655],[121.553328388246,25.0012218102124],[121.557681,24.999051],[121.5584896,24.99834008],[121.558494894192,24.9982684874929],[121.56078,24.996958],[121.56229,24.99729],[121.56623,24.998733],[121.56808367448,24.9988589682607],[121.5691055,24.99976765],[121.567472,25.001533],[121.56609661959216,25.001846895493077],[121.5619947,25.0020353],[121.563081,25.003346],[121.565624,25.003393],[121.5705532,25.0031179],[121.570485304818,25.0042437073135],[121.567933,25.004782],[121.570861398628,25.00449451854],[121.57187,25.002678],[121.57374090486223,24.999691818730497],[121.57533,24.99899],[121.57533,24.99899],[121.566687674056,25.0329497897498],[121.566687674056,25.0329497897498],[121.56357599974903,25.034512868313872],[121.56357599974903,25.034512868313872],[121.563754,25.038332],[121.563754,25.038332],[121.5668354,25.04100991],[121.5668354,25.04100991]]}},{"type":"Feature","properties":{"route_name":"棕7","color":"#dcac3b"},"geometry":{"type":"LineString","coordinates":[[121.55568,24.980335],[121.55568,24.980335],[121.5583622,24.98100977],[121.5583622,24.98100977],[121.559783932422,24.9813802657801],[121.559783932422,24.9813802657801],[121.561802,24.981856],[121.561802,24.981856],[121.56456790757427,24.982503951501606],[121.56456790757427,24.982503951501606],[121.56636,24.98305],[121.56636,24.98305],[121.568528509552,24.9837877068618],[121.568528509552,24.9837877068618],[121.570622,24.98551],[121.570615,24.985348],[121.570722800802,24.9871941238226],[121.5707228,24.98719412],[121.57084690242372,24.989578452014587],[121.57084690242372,24.989578452014587],[121.57111522305,24.9913142071305],[121.57111522305,24.9913142071305],[121.5716055,24.99360167],[121.5716055,24.99360167],[121.57232800362569,24.996044970003638],[121.57232800362569,24.996044970003638],[121.5743091,24.99783812],[121.5743716,24.99787339],[121.57533,24.99899],[121.57533,24.99899],[121.581664,25.00899],[121.566687674056,25.0329497897498],[121.566687674056,25.0329497897498],[121.56357599974903,25.034512868313872],[121.56357599974903,25.034512868313872],[121.563754,25.038332],[121.563754,25.038332],[121.5668354,25.04100991],[121.5668354,25.04100991]]}},{"type":"Feature","properties":{"route_name":"棕7建業路","color":"#b73bdc"},"geometry":{"type":"LineString","coordinates":[[121.55568,24.980335],[121.55568,24.980335],[121.5583622,24.98100977],[121.5583622,24.98100977],[121.559783932422,24.9813802657801],[121.559783932422,24.9813802657801],[121.561802,24.981856],[121.561802,24.981856],[121.56456790757427,24.982503951501606],[121.56456790757427,24.982503951501606],[121.56636,24.98305],[121.56636,24.98305],[121.568528509552,24.9837877068618],[121.568528509552,24.9837877068618],[121.570615,24.985348],[121.570622,24.98551],[121.570722800802,24.9871941238226],[121.5707228,24.98719412],[121.57084690242372,24.989578452014587],[121.57084690242372,24.989578452014587],[121.57111522305,24.9913142071305],[121.57111522305,24.9913142071305],[121.5716055,24.99360167],[121.5716055,24.99360167],[121.57232800362569,24.996044970003638],[121.57232800362569,24.996044970003638],[121.5743716,24.99787339],[121.5743091,24.99783812],[121.57533,24.99899],[121.57533,24.99899],[121.581664,25.00899],[121.566687674056,25.0329497897498],[121.566687674056,25.0329497897498],[121.56357599974903,25.034512868313872],[121.56357599974903,25.034512868313872],[121.563754,25.038332],[121.563754,25.038332],[121.5668354,25.04100991],[121.5668354,25.04100991]]}},{"type":"Feature","properties":{"route_name":"棕7綠野香坡","color":"#dc3b66"},"geometry":{"type":"LineString","coordinates":[[121.55568,24.980335],[121.55568,24.980335],[121.5583622,24.98100977],[121.5583622,24.98100977],[121.559783932422,24.9813802657801],[121.559783932422,24.9813802657801],[121.561802,24.981856],[121.561802,24.981856],[121.56456790757427,24.982503951501606],[121.56456790757427,24.982503951501606],[121.56636,24.98305],[121.56636,24.98305],[121.568528509552,24.9837877068618],[121.568528509552,24.9837877068618],[121.570622,24.98551],[121.570615,24.985348],[121.5707228,24.98719412],[121.570722800802,24.9871941238226],[121.57084690242372,24.989578452014587],[121.57084690242372,24.989578452014587],[121.57111522305,24.9913142071305],[121.57111522305,24.9913142071305],[121.5716055,24.99360167],[121.5716055,24.99360167],[121.57232800362569,24.996044970003638],[121.57232800362569,24.996044970003638],[121.5743091,24.99783812],[121.5743716,24.99787339],[121.57533,24.99899],[121.57533,24.99899],[121.581664,25.00899],[121.566687674056,25.0329497897498],[121.566687674056,25.0329497897498],[121.56357599974903,25.034512868313872],[121.56357599974903,25.034512868313872],[121.563754,25.038332],[121.563754,25.038332],[121.5668354,25.04100991],[121.5668354,25.04100991]]}},{"type":"Feature","properties":{"route_name":"民權幹線","color":"#c13bdc"},"geometry":{"type":"LineString","coordinates":[[121.592734,25.055968],[121.596717,25.055561],[121.596717,25.055561],[121.59918,25.05646],[121.59918,25.05646],[121.60365,25.0576],[121.60365,25.0576],[121.605787937555,25.0558130579444],[121.60712,25.05433],[121.60712,25.05433],[121.61066212694543,25.05493375102052],[121.61066212694543,25.05493375102052],[121.6141291,25.05641711],[121.6141291,25.05641711],[121.614279736525,25.0596223969091],[121.611416,25.066845],[121.611642249953,25.0702607638519],[121.611642249953,25.0702607638519],[121.609308386226,25.0718101504888],[121.609308386226,25.0718101504888],[121.607610913193,25.0726213066526],[121.607610913193,25.0726213066526],[121.6048395,25.0723674],[121.60099,25.067297],[121.5984,25.06726047],[121.59613,25.06831],[121.59362,25.06897],[121.58821790633739,25.06918300127649],[121.58556,25.06901],[121.583129808238,25.0685609459737],[121.583129808238,25.0685609459737],[121.57895384595646,25.066982973174284],[121.564002,25.063093],[121.5605346,25.06265373],[121.5555141,25.06209189],[121.5482873,25.06203573],[121.5482873,25.06203573],[121.5446524,25.06222037],[121.5446524,25.06222037],[121.541275218891,25.0623959365736],[121.541275218891,25.0623959365736],[121.53746,25.06248317],[121.53746,25.06248317],[121.5334388,25.06252486],[121.5334388,25.06252486],[121.529148,25.062636],[121.529148,25.062636],[121.5259472364,25.0627519578754],[121.5259472364,25.0627519578754],[121.5230024,25.06285356],[121.5230024,25.06285356],[121.518977516403,25.062948670718],[121.518977516403,25.062948670718],[121.518101,25.061107],[121.518101,25.061107]]}},{"type":"Feature","properties":{"route_name":"民生幹線","color":"#3b54dc"},"geometry":{"type":"LineString","coordinates":[[121.5814889,25.06239078],[121.580149,25.064185],[121.57789,25.0642],[121.57742,25.06238],[121.57742,25.06238],[121.578858331191,25.0605916742291],[121.578858331191,25.0605916742291],[121.57552780140044,25.05865558006533],[121.5766634,25.05707139],[121.580495,25.058297],[121.58190757561452,25.05609097336375],[121.580911886242,25.0509225264878],[121.580911886242,25.0509225264878],[121.576598,25.050168],[121.576598,25.050168],[121.57491400582,25.0500731024231],[121.57491400582,25.0500731024231],[121.571871,25.050387],[121.5704299,25.05220024],[121.569875,25.055027],[121.569393769344,25.0577179708185],[121.5663295,25.0591755],[121.561144568697,25.058808540179],[121.558923442523,25.0586249332513],[121.556044429017,25.058415078013],[121.5526273,25.05813129],[121.5468517,25.05785197],[121.5468517,25.05785197],[121.545132,25.05790896],[121.545132,25.05790896],[121.5417414658165,25.05795717284778],[121.5417414658165,25.05795717284778],[121.5383134,25.05803455],[121.5383134,25.05803455],[121.5361688,25.05813986],[121.5361688,25.05813986],[121.532104,25.05812048],[121.532104,25.05812048],[121.5282629,25.05819073],[121.5282629,25.05819073],[121.52445,25.05814],[121.52445,25.05814],[121.52136241205059,25.05785889251285],[121.52136241205059,25.05785889251285],[121.519034332355,25.0575481163977],[121.519034332355,25.0575481163977],[121.5149159,25.05716475],[121.5149159,25.05716475],[121.514111,25.054917]]}},{"type":"Feature","properties":{"route_name":"汐止-台北101","color":"#3bdcbc"},"geometry":{"type":"LineString","coordinates":[[121.56628044728,25.0444493988665],[121.56628044728,25.0444493988665],[121.565249,25.040991],[121.565249,25.040991],[121.56459847127361,25.033242055020047],[121.56459847127361,25.033242055020047],[121.563754,25.038332],[121.563754,25.038332]]}},{"type":"Feature","properties":{"route_name":"泰山-內湖","color":"#843bdc"},"geometry":{"type":"LineString","coordinates":[[121.58212115754,25.0680848776157],[121.58212115754,25.0680848776157],[121.57766690657958,25.07478024553194],[121.57766690657958,25.07478024553194],[121.573134,25.077273],[121.5731066,25.07729684],[121.568256,25.079478],[121.568256,25.079478],[121.565903409458,25.0805158061818],[121.565903409458,25.0805158061818],[121.55468793143969,25.085303158353604],[121.55468793143969,25.085303158353604]]}},{"type":"Feature","properties":{"route_name":"泰山-內湖(直達)","color":"#3bdcb1"},"geometry":{"type":"LineString","coordinates":[[121.58212115754,25.0680848776157],[121.58212115754,25.0680848776157],[121.57766690657958,25.07478024553194],[121.57766690657958,25.07478024553194],[121.573134,25.077273],[121.5731066,25.07729684],[121.568256,25.079478],[121.568256,25.079478],[121.565903409458,25.0805158061818],[121.565903409458,25.0805158061818],[121.55468793143969,25.085303158353604],[121.55468793143969,25.085303158353604]]}},{"type":"Feature","properties":{"route_name":"淡水-內湖科技園區","color":"#cc3bdc"},"geometry":{"type":"LineString","coordinates":[[121.555253,25.08484],[121.555253,25.08484],[121.565884872161,25.0821974042872],[121.565884872161,25.0821974042872],[121.56904542401,25.0819632554949],[121.56904542401,25.0819632554949],[121.57184,25.081132],[121.57184,25.081132],[121.57619,25.078636],[121.57619,25.078636],[121.568256,25.079478],[121.568256,25.079478]]}},{"type":"Feature","properties":{"route_name":"淡水-國道1號-南港車站","color":"#9cdc3b"},"geometry":{"type":"LineString","coordinates":[[121.47061,25.12274],[121.47061,25.12274],[121.61533,25.05985329],[121.61533,25.05985329],[121.616613990021,25.056527828264],[121.6165563,25.05644051],[121.6071781,25.05319593],[121.6071781,25.05319593]]}},{"type":"Feature","properties":{"route_name":"瑞芳(經東碇路)-松山車站","color":"#dc693b"},"geometry":{"type":"LineString","coordinates":[[121.616456,25.054699],[121.616456,25.054699],[121.606012,25.052323],[121.59255973649874,25.05440689628416],[121.59255973649874,25.05440689628416],[121.578206062017,25.0498061943222],[121.578206062017,25.0498061943222]]}},{"type":"Feature","properties":{"route_name":"瑞芳-內科(北客)","color":"#66dc3b"},"geometry":{"type":"LineString","coordinates":[[121.581074,25.057957],[121.581074,25.057957],[121.5791317,25.06054231],[121.5791317,25.06054231],[121.577205,25.063161],[121.577205,25.063161],[121.58212115754,25.0680848776157],[121.58212115754,25.0680848776157],[121.581177,25.071952],[121.581177,25.071952],[121.57766690657958,25.07478024553194],[121.57766690657958,25.07478024553194],[121.573134,25.077273],[121.5731066,25.07729684],[121.568256,25.079478],[121.568256,25.079478],[121.565903409458,25.0805158061818],[121.565903409458,25.0805158061818]]}},{"type":"Feature","properties":{"route_name":"瑞芳-內科(基客)","color":"#993bdc"},"geometry":{"type":"LineString","coordinates":[[121.582711,25.070517],[121.582711,25.070517],[121.57766690657958,25.07478024553194],[121.57766690657958,25.07478024553194],[121.5731066,25.07729684],[121.573134,25.077273],[121.568256,25.079478],[121.568256,25.079478],[121.564098538475,25.0830692818289],[121.564098538475,25.0830692818289],[121.55711,25.08386],[121.55711,25.08386]]}},{"type":"Feature","properties":{"route_name":"瑞芳-南港","color":"#3bdc66"},"geometry":{"type":"LineString","coordinates":[[121.616456,25.054699],[121.616456,25.054699],[121.606012,25.052323]]}},{"type":"Feature","properties":{"route_name":"瑞芳-松山車站(北客)","color":"#dc3b3b"},"geometry":{"type":"LineString","coordinates":[[121.617342075005,25.0551425857593],[121.617342075005,25.0551425857593],[121.6069591,25.05340065],[121.6069591,25.05340065],[121.578206062017,25.0498061943222],[121.578206062017,25.0498061943222]]}},{"type":"Feature","properties":{"route_name":"瑞芳-松山車站(基客)","color":"#3bc4dc"},"geometry":{"type":"LineString","coordinates":[[121.591015,25.061041],[121.591015,25.061041],[121.578206062017,25.0498061943222],[121.578206062017,25.0498061943222]]}},{"type":"Feature","properties":{"route_name":"石碇高中-捷運忠孝復興站","color":"#d9dc3b"},"geometry":{"type":"LineString","coordinates":[[121.5435778,25.02598619],[121.5435778,25.02598619],[121.54387,25.0341],[121.54387,25.0341],[121.54391,25.042932],[121.54391,25.042932]]}},{"type":"Feature","properties":{"route_name":"紅10","color":"#dc3b86"},"geometry":{"type":"LineString","coordinates":[[121.468652,25.109126],[121.4708548,25.10818883],[121.4725103,25.10658744],[121.47427,25.10614],[121.4762383,25.10585744],[121.47886,25.10581],[121.4812673,25.10595228],[121.4831859,25.10591285],[121.48448,25.10563],[121.4872193,25.10323827],[121.48915,25.1017],[121.49168,25.09956],[121.49333,25.09816],[121.49461,25.09707],[121.49561,25.09612],[121.497441758086,25.094151501983],[121.5020824,25.09001798],[121.502875912769,25.0896460928075],[121.504244,25.089298],[121.5056145,25.08933251],[121.5081045,25.0887967],[121.5087166,25.0880464],[121.51817,25.09192],[121.51817,25.09192],[121.519189,25.092636],[121.519189,25.092636],[121.52330153373,25.0946048451863],[121.52330153373,25.0946048451863],[121.5270438,25.09550407],[121.5270438,25.09550407],[121.5276799453955,25.092853732851424],[121.5276799453955,25.092853732851424],[121.5273919,25.09069989],[121.5273919,25.09069989],[121.5269357,25.08800277],[121.5269357,25.08800277],[121.525327,25.085353],[121.525327,25.085353],[121.525031,25.084952],[121.525031,25.084952]]}},{"type":"Feature","properties":{"route_name":"紅10區","color":"#b13bdc"},"geometry":{"type":"LineString","coordinates":[[121.5020824,25.09001798],[121.502875912769,25.0896460928075],[121.504244,25.089298],[121.5056145,25.08933251],[121.5081045,25.0887967],[121.5087166,25.0880464],[121.51817,25.09192],[121.51817,25.09192],[121.519189,25.092636],[121.519189,25.092636],[121.52330153373,25.0946048451863],[121.52330153373,25.0946048451863],[121.5270438,25.09550407],[121.5270438,25.09550407],[121.5276799453955,25.092853732851424],[121.5276799453955,25.092853732851424],[121.5273919,25.09069989],[121.5273919,25.09069989],[121.5269357,25.08800277],[121.5269357,25.08800277],[121.525327,25.085353],[121.525327,25.085353],[121.525031,25.084952],[121.525031,25.084952],[121.526963489882,25.0907094764658],[121.526963489882,25.0907094764658],[121.525671636781,25.0928638299869]]}},{"type":"Feature","properties":{"route_name":"紅12","color":"#dc3b81"},"geometry":{"type":"LineString","coordinates":[[121.51822,25.09549],[121.51822,25.09549],[121.517419129378,25.0953476878965],[121.517419129378,25.0953476878965],[121.51711224794106,25.09415239272792],[121.51711224794106,25.09415239272792],[121.519189,25.092636],[121.519189,25.092636],[121.52330153373,25.0946048451863],[121.52330153373,25.0946048451863],[121.527797,25.096957],[121.525683877315,25.1039067740372],[121.528640834207,25.1050501328713],[121.530150260751,25.1070832174183],[121.53065017432,25.1095102588294],[121.53189,25.11328],[121.534692981633,25.1173302889076],[121.5311071,25.11823857],[121.5276437,25.11850567],[121.52525,25.11857],[121.520551599272,25.1188249158648],[121.520551599272,25.1188249158648],[121.518052504684,25.1184508084325],[121.518052504684,25.1184508084325],[121.516366480061,25.1172201622833],[121.515502,25.115911],[121.51501,25.114729]]}},{"type":"Feature","properties":{"route_name":"紅13","color":"#dc3b7e"},"geometry":{"type":"LineString","coordinates":[[121.46505,25.12347],[121.46505,25.12347],[121.469318,25.12145],[121.469318,25.12145],[121.467238214885,25.1223858553805],[121.467238214885,25.1223858553805],[121.467024,25.125124],[121.467024,25.125124]]}},{"type":"Feature","properties":{"route_name":"紅15","color":"#dc3b79"},"geometry":{"type":"LineString","coordinates":[[121.53938898702161,25.11296710251853],[121.53973,25.11119],[121.537252,25.110333],[121.533503,25.109595],[121.5326742,25.10845514],[121.531467,25.105943],[121.528560201223,25.1054396312581],[121.525920635582,25.1043342088164],[121.524957,25.103354],[121.527411,25.097079],[121.526622,25.095583],[121.526622,25.095583],[121.523269,25.094828],[121.519396,25.093132],[121.519396,25.093132],[121.517889,25.092141],[121.517889,25.092141],[121.5090743,25.08750559],[121.5098955,25.08883486],[121.50954,25.09057],[121.5070241,25.09179635],[121.5046468,25.09236688],[121.50203,25.09153],[121.5020824,25.09001798],[121.502875912769,25.0896460928075],[121.504244,25.089298],[121.5056145,25.08933251],[121.5081045,25.0887967]]}},{"type":"Feature","properties":{"route_name":"紅19","color":"#dc3b6e"},"geometry":{"type":"LineString","coordinates":[[121.53245,25.12420428],[121.53187,25.12262],[121.53134848347,25.12124699952],[121.53060908611,25.1193246795518],[121.5276437,25.11850567],[121.52525,25.11857],[121.520551599272,25.1188249158648],[121.520551599272,25.1188249158648],[121.518052504684,25.1184508084325],[121.518052504684,25.1184508084325],[121.516366480061,25.1172201622833],[121.515502,25.115911],[121.51501,25.114729]]}},{"type":"Feature","properties":{"route_name":"紅2","color":"#dcb43b"},"geometry":{"type":"LineString","coordinates":[[121.61668,25.068177],[121.61668,25.068177],[121.614308439756,25.068763284981],[121.614308439756,25.068763284981],[121.611642249953,25.0702607638519],[121.611642249953,25.0702607638519],[121.609308386226,25.0718101504888],[121.609308386226,25.0718101504888],[121.607610913193,25.0726213066526],[121.607610913193,25.0726213066526],[121.6072451,25.07543061],[121.6072451,25.07543061],[121.607197,25.078107],[121.607197,25.078107],[121.60525229995443,25.08303681690925],[121.60525229995443,25.08303681690925],[121.6025457,25.08373507],[121.6025457,25.08373507],[121.6000154,25.08478664],[121.6000154,25.08478664],[121.59638478301,25.0845601194501],[121.59638478301,25.0845601194501],[121.593879114086,25.0834615421604],[121.59179366923021,25.081779319488682],[121.589838083526,25.0798544258006],[121.5883097,25.07901319],[121.5883097,25.07901319],[121.584351,25.078655],[121.584351,25.078655],[121.58078,25.07859],[121.5779835,25.07910692],[121.57610868441,25.0798366021365],[121.57610868441,25.0798366021365],[121.573860343024,25.0806380998734],[121.571386,25.081473],[121.569461375068,25.082118261496],[121.565868143978,25.0824213906562],[121.564098538475,25.0830692818289],[121.564098538475,25.0830692818289],[121.561535778783,25.0843810062584],[121.558119339359,25.0848172776379],[121.55468793143969,25.085303158353604],[121.55468793143969,25.085303158353604],[121.5490281,25.08377483],[121.5482394,25.0808482],[121.546139731473,25.0799238282333],[121.5436838,25.07978102],[121.54169,25.07961],[121.535552182321,25.0780024350627],[121.530144788528,25.0781282212443],[121.527964269875,25.077322358349],[121.523095139749,25.070066233009],[121.520216,25.069744]]}},{"type":"Feature","properties":{"route_name":"紅22","color":"#dc493b"},"geometry":{"type":"LineString","coordinates":[[121.46505,25.12347],[121.46505,25.12347],[121.469318,25.12145],[121.469318,25.12145],[121.467238214885,25.1223858553805],[121.467238214885,25.1223858553805],[121.467024,25.125124],[121.467024,25.125124]]}},{"type":"Feature","properties":{"route_name":"紅23","color":"#dc4b3b"},"geometry":{"type":"LineString","coordinates":[[121.46505,25.12347],[121.46505,25.12347],[121.4715738,25.123722]]}},{"type":"Feature","properties":{"route_name":"紅25","color":"#dc513b"},"geometry":{"type":"LineString","coordinates":[[121.61005754124962,25.05937408357435],[121.61005754124962,25.05937408357435],[121.60895745708942,25.05887707963565],[121.60895745708942,25.05887707963565],[121.605866,25.058039],[121.605866,25.058039],[121.602725808672,25.05778835407],[121.602725808672,25.05778835407],[121.59951,25.05684],[121.59951,25.05684],[121.5960871,25.05548009],[121.5960871,25.05548009],[121.594415258716,25.0553345135907],[121.590455,25.060167],[121.587344,25.058162],[121.5852542,25.05733619],[121.5827604,25.05620879],[121.57950353609606,25.056369580641974],[121.577715906746,25.0554380798046],[121.56665364964157,25.051513187536237],[121.56111056329053,25.05158012283465],[121.555516323112,25.0516596699759],[121.549520919642,25.0517934820293],[121.5444563164689,25.05191518176843],[121.54085264591662,25.051994714534274],[121.54085264591662,25.051994714534274],[121.537271345417,25.0520896887846],[121.533302047123,25.0521144980622],[121.530332504829,25.0521129968997],[121.525717467074,25.0521676118001],[121.519866,25.052867],[121.519866,25.052867],[121.51678653159566,25.053591227672776],[121.511243,25.053919],[121.51031,25.05265],[121.510398526977,25.0513352337636]]}},{"type":"Feature","properties":{"route_name":"紅25區","color":"#dc3ba7"},"geometry":{"type":"LineString","coordinates":[[121.61005754124962,25.05937408357435],[121.61005754124962,25.05937408357435],[121.60895745708942,25.05887707963565],[121.60895745708942,25.05887707963565],[121.605866,25.058039],[121.605866,25.058039],[121.602725808672,25.05778835407],[121.602725808672,25.05778835407],[121.59951,25.05684],[121.59951,25.05684],[121.5960871,25.05548009],[121.5960871,25.05548009],[121.594415258716,25.0553345135907],[121.590455,25.060167],[121.587344,25.058162],[121.5852542,25.05733619],[121.5827604,25.05620879],[121.57950353609606,25.056369580641974],[121.577715906746,25.0554380798046],[121.56665364964157,25.051513187536237],[121.56111056329053,25.05158012283465],[121.555516323112,25.0516596699759],[121.549520919642,25.0517934820293],[121.5444563164689,25.05191518176843]]}},{"type":"Feature","properties":{"route_name":"紅29","color":"#dc5c3b"},"geometry":{"type":"LineString","coordinates":[[121.580999258182,25.0635997659263],[121.5812173,25.06233253],[121.583819096678,25.0613243529619],[121.58537,25.0639],[121.58543789167122,25.06881463274073],[121.58896238097387,25.068895529659475],[121.590031196316,25.0712104683315],[121.590031196316,25.0712104683315],[121.592095,25.071852],[121.590016770287,25.0738091792986],[121.590231346227,25.0768845629687],[121.5916,25.07861],[121.5946919,25.07889169],[121.597237897895,25.0784460458483],[121.5985899,25.07879179],[121.599295,25.079518],[121.5978951,25.08111607],[121.596227,25.082986],[121.593879114086,25.0834615421604],[121.59179366923021,25.081779319488682],[121.589838083526,25.0798544258006],[121.58776,25.07701],[121.58479,25.07507],[121.5808412,25.07451903],[121.576692,25.073056],[121.577343,25.074821],[121.577343,25.074821],[121.5809507,25.07198833],[121.5809507,25.07198833],[121.582591,25.070313],[121.582591,25.070313],[121.583129808238,25.0685609459737],[121.583129808238,25.0685609459737],[121.57895384595646,25.066982973174284],[121.564002,25.063093],[121.5605346,25.06265373],[121.5555141,25.06209189],[121.5482873,25.06203573],[121.5482873,25.06203573],[121.5446524,25.06222037],[121.5446524,25.06222037],[121.541275218891,25.0623959365736],[121.541275218891,25.0623959365736],[121.53746,25.06248317],[121.53746,25.06248317],[121.5334388,25.06252486],[121.5334388,25.06252486],[121.529148,25.062636],[121.529148,25.062636],[121.5259472364,25.0627519578754],[121.5259472364,25.0627519578754],[121.5230024,25.06285356],[121.5230024,25.06285356],[121.518977516403,25.062948670718],[121.518977516403,25.062948670718]]}},{"type":"Feature","properties":{"route_name":"紅3","color":"#dcb73b"},"geometry":{"type":"LineString","coordinates":[[121.5020824,25.09001798],[121.502875912769,25.0896460928075],[121.504244,25.089298],[121.5056145,25.08933251],[121.5081045,25.0887967],[121.5087166,25.0880464],[121.50958853792531,25.085288548110366],[121.50958853792531,25.085288548110366],[121.51196,25.08435],[121.51817,25.09192],[121.51817,25.09192],[121.519189,25.092636],[121.519189,25.092636],[121.52330153373,25.0946048451863],[121.52330153373,25.0946048451863],[121.5270438,25.09550407],[121.5270438,25.09550407],[121.5276799453955,25.092853732851424],[121.5276799453955,25.092853732851424],[121.5273919,25.09069989],[121.5273919,25.09069989],[121.5269357,25.08800277],[121.5269357,25.08800277],[121.525327,25.085353],[121.525327,25.085353],[121.524712226022,25.0817595131148],[121.528167347349,25.0772703676354],[121.53000062511,25.0779258290758],[121.5319142,25.07800478],[121.535397,25.07778224],[121.540311649212,25.0793999240419],[121.54255,25.07949],[121.5453154,25.07971159],[121.5479855392,25.0802161011772],[121.5488002,25.08160965],[121.549307259251,25.0837373733406],[121.551895985064,25.0858624708036],[121.555253,25.08484],[121.555253,25.08484],[121.556223,25.083024],[121.556223237814,25.0812466844798],[121.556649286559,25.079873],[121.5588327,25.07983259],[121.55999587437228,25.07980065897969],[121.56384168984,25.0829452709661],[121.56384168984,25.0829452709661],[121.5652273,25.08198997],[121.5652273,25.08198997],[121.5662362,25.08025003],[121.5662362,25.08025003],[121.5684974,25.07921316],[121.5684974,25.07921316],[121.570459,25.078319],[121.570459,25.078319],[121.577343,25.074821],[121.577343,25.074821],[121.5809507,25.07198833],[121.5809507,25.07198833],[121.582591,25.070313],[121.582591,25.070313],[121.583129808238,25.0685609459737],[121.583129808238,25.0685609459737],[121.57895384595646,25.066982973174284],[121.57742,25.06238],[121.57742,25.06238],[121.5814889,25.06239078],[121.580149,25.064185],[121.5793229,25.06534803]]}},{"type":"Feature","properties":{"route_name":"紅30","color":"#dc963b"},"geometry":{"type":"LineString","coordinates":[[121.549257,25.101952],[121.5459328,25.09806813],[121.5459327705,25.098068128396],[121.543765927365,25.0972634661547],[121.543765927365,25.0972634661547],[121.541307,25.097411],[121.541307,25.097411],[121.5398491,25.0975852],[121.539849,25.097585],[121.53824562909286,25.098005332485762],[121.53824562909286,25.098005332485762],[121.53392,25.09776],[121.534030294965,25.0977513146504],[121.53144,25.0965],[121.53144,25.0965],[121.52976,25.0962],[121.52976,25.0962],[121.525882,25.095428],[121.522929,25.094772],[121.522929,25.094772],[121.51822,25.09549],[121.51822,25.09549],[121.517419129378,25.0953476878965],[121.517419129378,25.0953476878965],[121.51711224794106,25.09415239272792],[121.51711224794106,25.09415239272792],[121.517889,25.092141],[121.517889,25.092141],[121.51459702986995,25.095240716768018],[121.515234,25.096205],[121.51711224794106,25.09415239272792],[121.51711224794106,25.09415239272792],[121.519189,25.092636],[121.519189,25.092636],[121.52041074945086,25.092644539015005],[121.52206662370652,25.090555500498695],[121.523626,25.08816494],[121.525327,25.085353],[121.525327,25.085353]]}},{"type":"Feature","properties":{"route_name":"紅31","color":"#dc993b"},"geometry":{"type":"LineString","coordinates":[[121.6025457,25.08373507],[121.6025457,25.08373507],[121.6000154,25.08478664],[121.6000154,25.08478664],[121.59638478301,25.0845601194501],[121.59638478301,25.0845601194501],[121.5943834,25.08468616],[121.5943834,25.08468616],[121.592340188865,25.0851216204339],[121.592340188865,25.0851216204339],[121.590672857706,25.0856636770114],[121.590672857706,25.0856636770114],[121.58887802199136,25.086529319087273],[121.58887802199136,25.086529319087273],[121.58649239370985,25.088502189264172],[121.58649239370985,25.088502189264172],[121.58425,25.08454],[121.5805532,25.08479717],[121.5767705,25.08421544],[121.5742675,25.08522466],[121.5713602,25.08636101],[121.56752775057197,25.086482848136942],[121.56545,25.08514],[121.5652273,25.08198997],[121.5652273,25.08198997],[121.5662362,25.08025003],[121.5662362,25.08025003],[121.5684974,25.07921316],[121.5684974,25.07921316],[121.570459,25.078319],[121.570459,25.078319],[121.577343,25.074821],[121.577343,25.074821],[121.5809507,25.07198833],[121.5809507,25.07198833],[121.582591,25.070313],[121.582591,25.070313],[121.583129808238,25.0685609459737],[121.583129808238,25.0685609459737],[121.57895384595646,25.066982973174284],[121.564002,25.063093],[121.5605346,25.06265373],[121.5555141,25.06209189],[121.5482873,25.06203573],[121.5482873,25.06203573],[121.5446524,25.06222037],[121.5446524,25.06222037],[121.541275218891,25.0623959365736],[121.541275218891,25.0623959365736],[121.53746,25.06248317],[121.53746,25.06248317],[121.5334388,25.06252486],[121.5334388,25.06252486],[121.529148,25.062636],[121.529148,25.062636],[121.5259472364,25.0627519578754],[121.5259472364,25.0627519578754],[121.5230024,25.06285356],[121.5230024,25.06285356],[121.518977516403,25.062948670718],[121.518977516403,25.062948670718],[121.518101,25.061107],[121.518101,25.061107],[121.51466338277,25.060110116537]]}},{"type":"Feature","properties":{"route_name":"紅33","color":"#dc9e3b"},"geometry":{"type":"LineString","coordinates":[[121.50958853792531,25.085288548110366],[121.50958853792531,25.085288548110366],[121.5100276,25.08307587],[121.5100276,25.08307587],[121.5103891,25.08132113],[121.5103891,25.08132113],[121.5109944,25.07952198],[121.5109944,25.07952198],[121.5118,25.07605],[121.5118,25.07605],[121.5115542,25.07205633],[121.5115542,25.07205633],[121.5133789,25.07204184],[121.5154577,25.07195442],[121.5154577,25.07195442],[121.5180213,25.07188056],[121.5180213,25.07188056],[121.520216,25.069744],[121.5219958317649,25.06836964371407],[121.5242636,25.06834316],[121.5255625,25.06725254],[121.5255005,25.06394478],[121.5255106,25.06108573],[121.5255106,25.06108573],[121.52549,25.05883],[121.52549,25.05883],[121.52445,25.05814],[121.52445,25.05814],[121.52136241205059,25.05785889251285],[121.52136241205059,25.05785889251285],[121.519034332355,25.0575481163977],[121.519034332355,25.0575481163977],[121.5149159,25.05716475],[121.5149159,25.05716475],[121.5109513,25.05705615],[121.50794870316,25.0567479019514],[121.50711199339771,25.053427689294423]]}},{"type":"Feature","properties":{"route_name":"紅35","color":"#dca43b"},"geometry":{"type":"LineString","coordinates":[[121.462280110886,25.1203823064406],[121.465117210312,25.1178447660379],[121.466052497879,25.1187984003072],[121.469234896017,25.1195786700755],[121.467189,25.120418],[121.467189,25.120418],[121.467238214885,25.1223858553805],[121.467238214885,25.1223858553805],[121.467024,25.125124],[121.467024,25.125124],[121.4680203,25.12472749],[121.4680203,25.12472749],[121.4689301,25.12451676],[121.4689301,25.12451676],[121.4654787,25.12495029],[121.465515545518,25.1249152150578],[121.4656716,25.12719229],[121.4660392,25.12908362],[121.469,25.13227],[121.47066,25.13388],[121.47149,25.13481],[121.473289,25.13606986]]}},{"type":"Feature","properties":{"route_name":"紅35區","color":"#3ba4dc"},"geometry":{"type":"LineString","coordinates":[[121.467024,25.125124],[121.467024,25.125124],[121.4680203,25.12472749],[121.4680203,25.12472749],[121.4689301,25.12451676],[121.4689301,25.12451676],[121.4660392,25.12908362],[121.469,25.13227],[121.47066,25.13388]]}},{"type":"Feature","properties":{"route_name":"紅3區","color":"#dcd73b"},"geometry":{"type":"LineString","coordinates":[[121.5020824,25.09001798],[121.502875912769,25.0896460928075],[121.504244,25.089298],[121.5056145,25.08933251],[121.5081045,25.0887967],[121.5087166,25.0880464],[121.50958853792531,25.085288548110366],[121.50958853792531,25.085288548110366],[121.51196,25.08435],[121.51817,25.09192],[121.51817,25.09192],[121.519189,25.092636],[121.519189,25.092636],[121.52330153373,25.0946048451863],[121.52330153373,25.0946048451863],[121.5270438,25.09550407],[121.5270438,25.09550407],[121.5276799453955,25.092853732851424],[121.5276799453955,25.092853732851424],[121.5273919,25.09069989],[121.5273919,25.09069989],[121.5269357,25.08800277],[121.5269357,25.08800277],[121.525327,25.085353],[121.525327,25.085353],[121.524712226022,25.0817595131148],[121.528167347349,25.0772703676354],[121.53000062511,25.0779258290758],[121.5319142,25.07800478],[121.535397,25.07778224],[121.540311649212,25.0793999240419],[121.54255,25.07949],[121.5453154,25.07971159],[121.5479855392,25.0802161011772],[121.5488002,25.08160965],[121.549307259251,25.0837373733406],[121.551895985064,25.0858624708036],[121.555253,25.08484],[121.555253,25.08484],[121.556223,25.083024],[121.556223237814,25.0812466844798],[121.556649286559,25.079873],[121.5588327,25.07983259],[121.55999587437228,25.07980065897969],[121.56384168984,25.0829452709661],[121.56384168984,25.0829452709661],[121.5652273,25.08198997],[121.5652273,25.08198997],[121.5662362,25.08025003],[121.5662362,25.08025003],[121.5684974,25.07921316],[121.5684974,25.07921316],[121.570459,25.078319],[121.570459,25.078319],[121.577343,25.074821],[121.577343,25.074821],[121.582212,25.074897],[121.583667,25.077078],[121.58078,25.07859],[121.578499,25.07889],[121.578499,25.07889],[121.57619,25.078636],[121.57619,25.078636]]}},{"type":"Feature","properties":{"route_name":"紅5","color":"#dcbc3b"},"geometry":{"type":"LineString","coordinates":[[121.54603,25.15148],[121.5473281,25.15233918],[121.5497128929114,25.151258917059053],[121.5494676,25.14972197],[121.54915093472783,25.14817175082818],[121.54954,25.14569],[121.54926,25.14275],[121.5496272,25.14086137],[121.539805689524,25.1372765580827],[121.54379,25.13847],[121.54648,25.13809],[121.54581401932357,25.13472716039782],[121.54690862019565,25.13082779909332],[121.54753736436147,25.12946964750175],[121.55004336876296,25.124924540354783],[121.55169540467806,25.12257511145472],[121.55293378688096,25.11993179445477],[121.55202263410142,25.11799052630939],[121.550310398218,25.1140124257428],[121.54836175021,25.1104191040479],[121.547154139609,25.1095275064689],[121.545213090496,25.1068495776368],[121.543591,25.104977],[121.541536360844,25.1031851590031],[121.538359218545,25.104112892574],[121.537298719254,25.1072897892355],[121.53692,25.10331],[121.537579799115,25.1018780140349],[121.534030294965,25.0977513146504],[121.53392,25.09776],[121.53144,25.0965],[121.53144,25.0965],[121.52976,25.0962],[121.52976,25.0962],[121.5276799453955,25.092853732851424],[121.5276799453955,25.092853732851424],[121.5273919,25.09069989],[121.5273919,25.09069989],[121.5269357,25.08800277],[121.5269357,25.08800277],[121.525327,25.085353],[121.525327,25.085353]]}},{"type":"Feature","properties":{"route_name":"紅50","color":"#7cdc3b"},"geometry":{"type":"LineString","coordinates":[[121.584293,25.062312],[121.583175,25.061151],[121.5814889,25.06239078],[121.580149,25.064185],[121.5793229,25.06534803],[121.564002,25.063093],[121.5605346,25.06265373],[121.5555141,25.06209189],[121.5482873,25.06203573],[121.5482873,25.06203573],[121.5446524,25.06222037],[121.5446524,25.06222037],[121.540513,25.062568],[121.537312217665,25.0633460603116],[121.536103,25.066251],[121.5444202,25.06414996],[121.543488,25.06719],[121.538856,25.068245],[121.537216,25.068267],[121.531233530381,25.068377333479],[121.5239878,25.06857831],[121.520216,25.069744]]}},{"type":"Feature","properties":{"route_name":"紅55","color":"#6edc3b"},"geometry":{"type":"LineString","coordinates":[[121.467024,25.125124],[121.467024,25.125124],[121.4680203,25.12472749],[121.4680203,25.12472749],[121.4689301,25.12451676],[121.4689301,25.12451676],[121.465515545518,25.1249152150578],[121.4654787,25.12495029],[121.4656716,25.12719229],[121.4660392,25.12908362],[121.466216,25.131778],[121.4672932,25.13292826],[121.470858,25.13598531],[121.47325,25.13971],[121.473139,25.135889],[121.47134411808496,25.13473639997184],[121.47033,25.13375],[121.46855,25.13196],[121.4669635218897,25.130931961549415]]}},{"type":"Feature","properties":{"route_name":"紅55區","color":"#dc3b9e"},"geometry":{"type":"LineString","coordinates":[[121.467024,25.125124],[121.467024,25.125124],[121.4680203,25.12472749],[121.4680203,25.12472749],[121.4689301,25.12451676],[121.4689301,25.12451676],[121.465515545518,25.1249152150578],[121.4654787,25.12495029],[121.4656716,25.12719229],[121.4660392,25.12908362],[121.466216,25.131778],[121.468095,25.132855]]}},{"type":"Feature","properties":{"route_name":"紅57","color":"#69dc3b"},"geometry":{"type":"LineString","coordinates":[[121.530399427523,25.0671439681624],[121.5302915,25.065151],[121.530295913433,25.0633783394423],[121.53313278818085,25.060643374791923],[121.53313278818085,25.060643374791923],[121.535046,25.057791],[121.535046,25.057791],[121.53656,25.05736],[121.53656,25.05454],[121.5364043,25.04984803],[121.5363796,25.04706738],[121.536351,25.043566],[121.537378,25.039916],[121.537378,25.039916],[121.53747,25.03642],[121.53747,25.03642],[121.5374877,25.03392144],[121.5374877,25.03392144],[121.5374388,25.03134398],[121.5374388,25.03134398],[121.537445,25.02976279],[121.537445,25.02976279],[121.538492198683,25.0254072414078],[121.538492198683,25.0254072414078],[121.542239793699,25.0249140592421],[121.542239793699,25.0249140592421],[121.545343325676,25.0246033941802],[121.547571,25.024522],[121.54858,25.02391],[121.54858,25.02391],[121.54763,25.02024],[121.54763,25.02024],[121.545887467263,25.0203240566478],[121.5434997,25.02208456],[121.542376119519,25.0251035284638]]}},{"type":"Feature","properties":{"route_name":"紅68","color":"#3bdc64"},"geometry":{"type":"LineString","coordinates":[[121.500102,25.102928],[121.501442,25.10163],[121.502682,25.101263],[121.504476019722,25.1003822071101],[121.50562988182526,25.10041172252245],[121.507447,25.100501],[121.50899838312725,25.100517081943632],[121.509867,25.10044],[121.513611,25.10151339],[121.522856,25.1027]]}},{"type":"Feature","properties":{"route_name":"紅68預","color":"#943bdc"},"geometry":{"type":"LineString","coordinates":[[121.500102,25.102928],[121.501442,25.10163],[121.502682,25.101263],[121.504476019722,25.1003822071101],[121.50562988182526,25.10041172252245],[121.507447,25.100501],[121.50899838312725,25.100517081943632],[121.509867,25.10044],[121.522856,25.1027]]}},{"type":"Feature","properties":{"route_name":"紅7","color":"#dcc13b"},"geometry":{"type":"LineString","coordinates":[[121.525031,25.084952],[121.525031,25.084952],[121.5260219,25.0874398],[121.526963489882,25.0907094764658],[121.526963489882,25.0907094764658],[121.525671636781,25.0928638299869],[121.523269,25.094828],[121.519396,25.093132],[121.519396,25.093132],[121.517889,25.092141],[121.517889,25.092141],[121.5090743,25.08750559],[121.5098955,25.08883486],[121.50954,25.09057],[121.5070241,25.09179635],[121.5046468,25.09236688],[121.50203,25.09153],[121.500682,25.091148],[121.499221916662,25.0926589514351],[121.49649,25.09534],[121.494972,25.097666],[121.49549,25.09914],[121.496,25.10061],[121.49608,25.10207],[121.4958,25.1042],[121.49004,25.10978],[121.4864995,25.1093014]]}},{"type":"Feature","properties":{"route_name":"紅7區","color":"#3bd7dc"},"geometry":{"type":"LineString","coordinates":[[121.502293348396,25.0915924041245],[121.5047689,25.09227372],[121.5072,25.09164],[121.50942,25.09056],[121.5099769,25.08893644],[121.5087166,25.0880464],[121.51817,25.09192],[121.51817,25.09192],[121.519189,25.092636],[121.519189,25.092636],[121.52330153373,25.0946048451863],[121.52330153373,25.0946048451863],[121.524789386925,25.094058815207],[121.526768,25.090914],[121.526725,25.090999],[121.525327,25.085353],[121.525327,25.085353]]}},{"type":"Feature","properties":{"route_name":"紅9","color":"#dcc73b"},"geometry":{"type":"LineString","coordinates":[[121.508399869161,25.0862710146474],[121.508399869161,25.0862710146474],[121.51817,25.09192],[121.51817,25.09192],[121.519189,25.092636],[121.519189,25.092636],[121.52041074945086,25.092644539015005],[121.52206662370652,25.090555500498695],[121.523626,25.08816494],[121.524748,25.084849]]}},{"type":"Feature","properties":{"route_name":"綠11","color":"#513bdc"},"geometry":{"type":"LineString","coordinates":[[121.570457,25.001753],[121.569474,25.002436],[121.56609661959216,25.001846895493077],[121.5619947,25.0020353],[121.5607455,25.00328085],[121.5626346,25.00347536],[121.56435,25.00564],[121.56061,25.00544],[121.55871833409,25.0070201506128],[121.55075149283692,25.016039021546764],[121.54789116460638,25.017554094972425],[121.547575202612,25.0152802961331],[121.5454,25.01288],[121.543749,25.014422],[121.5422472,25.01571376],[121.5422472,25.01571376],[121.540464,25.01415156],[121.540464,25.01415156],[121.538069443257,25.0121089588721],[121.538069443257,25.0121089588721],[121.535185,25.013993],[121.535185,25.013993]]}},{"type":"Feature","properties":{"route_name":"綠13","color":"#563bdc"},"geometry":{"type":"LineString","coordinates":[[121.54025525837187,24.991120032966297],[121.54025525837187,24.991120032966297],[121.54075736926794,24.99234145800376],[121.54075736926794,24.99234145800376],[121.5413365,24.99545268],[121.5413365,24.99545268],[121.5402001,24.99931624],[121.5402001,24.99931624],[121.5393892,25.00136317],[121.5393892,25.00136317],[121.5387822,25.00327364],[121.5387822,25.00327364],[121.53849,25.00761],[121.538470307254,25.0076706783786],[121.535185,25.013993],[121.535185,25.013993],[121.531094,25.018104],[121.531094,25.018104],[121.532327,25.021872],[121.532327,25.021872],[121.534113646475,25.0215502113013],[121.5341124,25.02164507],[121.533435,25.018239],[121.533435,25.018239]]}},{"type":"Feature","properties":{"route_name":"綠17","color":"#613bdc"},"geometry":{"type":"LineString","coordinates":[[121.496094355207,25.0171711735736],[121.496094355207,25.0171711735736],[121.497706,25.01987],[121.497706,25.01987],[121.499894100772,25.0232906952259],[121.499894100772,25.0232906952259],[121.500485,25.025045],[121.500485,25.025045],[121.49892995282089,25.02947288426842],[121.49892995282089,25.02947288426842],[121.49649203449,25.0291760619122],[121.49649203449,25.0291760619122],[121.496162828269,25.0295844111411],[121.496162828269,25.0295844111411],[121.497718,25.03244],[121.497718,25.03244],[121.4987728,25.03418554],[121.498768,25.034147],[121.4996729,25.03777047],[121.4996729,25.03777047],[121.5001129,25.04020151],[121.5056466,25.04060961],[121.508285900629,25.041730058378],[121.508285900629,25.041730058378],[121.5094213,25.04568121],[121.509380726049,25.0456964941835],[121.510332531364,25.0492507169836],[121.510332,25.04924],[121.50867,25.052779],[121.5087627,25.05361732],[121.5087627,25.05361732],[121.5090487,25.05638868],[121.5090487,25.05638868]]}},{"type":"Feature","properties":{"route_name":"綠18","color":"#643bdc"},"geometry":{"type":"LineString","coordinates":[[121.5537644922877,24.98176616079763],[121.5537644922877,24.98176616079763],[121.55435,24.98456],[121.55435,24.98456],[121.553332059894,24.9865677374486],[121.553332059894,24.9865677374486],[121.5524331,24.98848123],[121.5524331,24.98848123],[121.552374,24.990333],[121.552374,24.990333],[121.55339,24.99835],[121.55339,24.99835],[121.554092,24.999501],[121.554092,24.999501],[121.556845,24.999571],[121.556845,24.999571]]}},{"type":"Feature","properties":{"route_name":"綠2右","color":"#3bdc3e"},"geometry":{"type":"LineString","coordinates":[[121.5537644922877,24.98176616079763],[121.5537644922877,24.98176616079763],[121.55435,24.98456],[121.55435,24.98456],[121.553332059894,24.9865677374486],[121.553332059894,24.9865677374486],[121.5524331,24.98848123],[121.5524331,24.98848123],[121.552374,24.990333],[121.552374,24.990333],[121.55339,24.99835],[121.55339,24.99835],[121.554092,24.999501],[121.554092,24.999501],[121.556845,24.999571],[121.556845,24.999571],[121.5584896,24.99834008],[121.558494894192,24.9982684874929],[121.55988996370712,24.996224651489683],[121.55988996370712,24.996224651489683],[121.55947687971212,24.994721428997224],[121.55947687971212,24.994721428997224],[121.558778,24.993046],[121.558778,24.993046],[121.5586916,24.9913869],[121.5586916,24.9913869],[121.5597219,24.98937794],[121.5597219,24.98937794],[121.56074,24.98693],[121.56074,24.98693],[121.5614966,24.98477018],[121.5614966,24.98477018],[121.5622646,24.98254356],[121.5622646,24.98254356],[121.561849824052,24.9820534481377],[121.561849824052,24.9820534481377],[121.56033392387744,24.981733915823476],[121.56033392387744,24.981733915823476],[121.558272457788,24.9811534735698],[121.558272457788,24.9811534735698],[121.555554,24.980465],[121.555554,24.980465]]}},{"type":"Feature","properties":{"route_name":"綠2左","color":"#3bdc86"},"geometry":{"type":"LineString","coordinates":[[121.5537644922877,24.98176616079763],[121.5537644922877,24.98176616079763],[121.55435,24.98456],[121.55435,24.98456],[121.553332059894,24.9865677374486],[121.553332059894,24.9865677374486],[121.5524331,24.98848123],[121.5524331,24.98848123],[121.552374,24.990333],[121.552374,24.990333],[121.55339,24.99835],[121.55339,24.99835],[121.554092,24.999501],[121.554092,24.999501],[121.556845,24.999571],[121.556845,24.999571],[121.5584896,24.99834008],[121.558494894192,24.9982684874929],[121.55988996370712,24.996224651489683],[121.55988996370712,24.996224651489683],[121.55947687971212,24.994721428997224],[121.55947687971212,24.994721428997224],[121.558778,24.993046],[121.558778,24.993046],[121.5586916,24.9913869],[121.5586916,24.9913869],[121.5597219,24.98937794],[121.5597219,24.98937794],[121.56074,24.98693],[121.56074,24.98693],[121.5614966,24.98477018],[121.5614966,24.98477018],[121.5622646,24.98254356],[121.5622646,24.98254356],[121.561849824052,24.9820534481377],[121.561849824052,24.9820534481377],[121.56033392387744,24.981733915823476],[121.56033392387744,24.981733915823476],[121.558272457788,24.9811534735698],[121.558272457788,24.9811534735698],[121.555554,24.980465],[121.555554,24.980465]]}},{"type":"Feature","properties":{"route_name":"羅斯福路幹線","color":"#3bb4dc"},"geometry":{"type":"LineString","coordinates":[[121.58021,24.99881],[121.58021,24.99881],[121.576778,24.9968],[121.576778,24.9968],[121.57363,24.993482],[121.57363,24.993482],[121.574153,24.99161],[121.574153,24.99161],[121.576757,24.989679],[121.576757,24.989679],[121.57604615193513,24.98782160454249],[121.57604615193513,24.98782160454249],[121.573881732316,24.9880845060964],[121.573881732316,24.9880845060964],[121.56997997801,24.987746922127],[121.56997997801,24.987746922127],[121.5686729036256,24.98794462737213],[121.5686729036256,24.98794462737213],[121.566361887311,24.9885790493873],[121.566361887311,24.9885790493873],[121.56247819644113,24.989024145656842],[121.56247819644113,24.989024145656842],[121.559942504895,24.989363359859],[121.559942504895,24.989363359859],[121.55919,24.990768],[121.55919,24.990768],[121.55883687781873,24.99243758851507],[121.55883687781873,24.99243758851507],[121.5594086,24.99385696],[121.5594086,24.99385696],[121.56012261539274,24.996452582031367],[121.56012261539274,24.996452582031367],[121.55947313859588,24.9977449509898],[121.55947313859588,24.9977449509898],[121.557829,24.999259],[121.557829,24.999259],[121.555797991874,25.0004051038435],[121.555797991874,25.0004051038435],[121.553039816886,25.001459963615],[121.550073640107,25.0009828977016],[121.547448469573,24.9995842974218],[121.545835,24.998953],[121.54393655953,24.999719170953],[121.542530095186,25.0015098013863],[121.542530095186,25.0015098013863],[121.539995594657,25.0042661031504],[121.539995594657,25.0042661031504],[121.538470307254,25.0076706783786],[121.53849,25.00761],[121.535185,25.013993],[121.535185,25.013993],[121.530566,25.018486],[121.530566,25.018486],[121.52803,25.02092],[121.52803,25.02092],[121.5265702582243,25.02214502516781],[121.5265702582243,25.02214502516781],[121.52476413675969,25.024022735483676],[121.52476413675969,25.024022735483676],[121.52269,25.02678],[121.52269,25.02678],[121.52096,25.02922],[121.51880642264224,25.0322495874994],[121.515136595156,25.0368285357308],[121.515136595156,25.0368285357308],[121.5163535,25.04192722],[121.5163535,25.04192722],[121.515057344159,25.0441772424518],[121.515057344159,25.0441772424518],[121.513879,25.046027],[121.513879,25.046027]]}},{"type":"Feature","properties":{"route_name":"臺北觀光巴士紅線","color":"#dcc13b"},"geometry":{"type":"LineString","coordinates":[[121.5167218,25.0465408],[121.5083,25.04252],[121.508266771006,25.0425165606871],[121.506903709074,25.0378687908132],[121.506903709074,25.0378687908132],[121.499973,25.033084],[121.5000875,25.03311977],[121.500164,25.035143],[121.5000845,25.03514822],[121.5073666,25.03821366],[121.5073666,25.03821366],[121.52070098538395,25.03723469016352],[121.52972531757206,25.03372668176573],[121.53542376322785,25.03352937220551],[121.54326844618258,25.033375050631893],[121.54820957149374,25.033281131508218],[121.553994124674,25.0330873803964],[121.565536,25.034635],[121.567407790567,25.0357841121602],[121.56629,25.04124],[121.55900840485135,25.04148364593397],[121.55900840485135,25.04148364593397],[121.5501789,25.0416333],[121.5501789,25.0416333],[121.546693508012,25.0416948578606],[121.546693508012,25.0416948578606],[121.542636,25.04177],[121.542636,25.04177],[121.52749815701229,25.043941210409297],[121.51776,25.046456]]}},{"type":"Feature","properties":{"route_name":"臺北觀光巴士藍線","color":"#6c3bdc"},"geometry":{"type":"LineString","coordinates":[[121.5167218,25.0465408],[121.5106101265,25.0506096983314],[121.5106101265,25.0506096983314],[121.51130002943,25.053799726585],[121.51130002943,25.053799726585],[121.5132,25.05398],[121.513268344324,25.0539552344985],[121.515705430802,25.053651217399],[121.515705430802,25.053651217399],[121.519674930441,25.0527107746344],[121.52282,25.054183],[121.5224722,25.0642887],[121.5240266,25.07222485],[121.526232,25.078182],[121.52663,25.08697],[121.528319753964,25.0947774592454],[121.549281,25.099862],[121.549281,25.099862],[121.549257,25.101952]]}},{"type":"Feature","properties":{"route_name":"花季專車124","color":"#b9dc3b"},"geometry":{"type":"LineString","coordinates":[[121.54603,25.15148],[121.54608,25.15532],[121.5468387,25.15831856],[121.54528,25.16067],[121.54429,25.16172],[121.5448478,25.16310508],[121.5404,25.16727],[121.540701,25.17329468],[121.541178,25.17508],[121.54296,25.179701],[121.5465214,25.17999562],[121.547521,25.176902]]}},{"type":"Feature","properties":{"route_name":"花季專車131","color":"#dcb43b"},"geometry":{"type":"LineString","coordinates":[[121.54603,25.15148],[121.54608,25.15532],[121.5404,25.16727],[121.538427,25.170444],[121.533407,25.17264],[121.534256,25.177617],[121.53713,25.175258],[121.538407,25.173595],[121.5384962,25.16997591],[121.5402309,25.16722632],[121.54612,25.1552],[121.54603,25.15148]]}},{"type":"Feature","properties":{"route_name":"萬里-內湖科技園區","color":"#8e3bdc"},"geometry":{"type":"LineString","coordinates":[[121.59085370773,25.067861865327],[121.59085370773,25.067861865327],[121.590031196316,25.0712104683315],[121.590031196316,25.0712104683315],[121.584351,25.078655],[121.584351,25.078655],[121.578499,25.07889],[121.578499,25.07889],[121.5731066,25.07729684],[121.573134,25.077273],[121.568256,25.079478],[121.568256,25.079478],[121.565903409458,25.0805158061818],[121.565903409458,25.0805158061818]]}},{"type":"Feature","properties":{"route_name":"藍1","color":"#5c3bdc"},"geometry":{"type":"LineString","coordinates":[[121.515689438859,25.0465635496954],[121.515689438859,25.0465635496954]]}},{"type":"Feature","properties":{"route_name":"藍10","color":"#dc3bdc"},"geometry":{"type":"LineString","coordinates":[[121.565572,25.065033],[121.566155,25.062286],[121.5679233,25.05966141],[121.5663295,25.0591755],[121.5634,25.0575],[121.5635808,25.05524502],[121.56375921983846,25.05282745475233],[121.564943,25.051276],[121.56523,25.05013],[121.56649195154529,25.046530959098416],[121.56628044728,25.0444493988665],[121.56628044728,25.0444493988665],[121.565249,25.040991],[121.565249,25.040991],[121.568335,25.039478],[121.5653434,25.03683458],[121.5653434,25.03683458],[121.567407790567,25.0357841121602],[121.568236043782,25.0345352489599],[121.568236043782,25.0345352489599],[121.568984,25.032648],[121.57514012830093,25.033870235708875],[121.578747487242,25.0362197359093],[121.581141,25.036858],[121.583273769159,25.037669212048],[121.58728,25.03918064],[121.588329,25.03946811]]}},{"type":"Feature","properties":{"route_name":"藍15","color":"#dc3bcf"},"geometry":{"type":"LineString","coordinates":[[121.617342075005,25.0551425857593],[121.617342075005,25.0551425857593],[121.6156,25.05534],[121.6156,25.05534],[121.61366085593893,25.055463507638656],[121.61366085593893,25.055463507638656],[121.609776304165,25.0549683149017],[121.609776304165,25.0549683149017],[121.606693480964,25.0544113947875],[121.606693480964,25.0544113947875],[121.603501503157,25.0538268750408],[121.6036135,25.05385654],[121.600631965419,25.053410287006],[121.600631965419,25.053410287006],[121.598727,25.05384],[121.598727,25.05384],[121.59552,25.0546],[121.595509916336,25.0544903819023],[121.5949802,25.0530195],[121.5949802,25.0530195],[121.593165,25.050346],[121.593165,25.050346]]}},{"type":"Feature","properties":{"route_name":"藍2","color":"#5e3bdc"},"geometry":{"type":"LineString","coordinates":[[121.502490233032,25.0399728811606],[121.502490233032,25.0399728811606],[121.50582384788,25.03944952637],[121.50582384788,25.03944952637],[121.508187414094,25.0409980900087],[121.5082192,25.04094605],[121.509834083745,25.0414915346214],[121.509834083745,25.0414915346214],[121.511555,25.043262],[121.511555,25.043262],[121.5131649,25.04469193],[121.5131649,25.04469193],[121.51572629465,25.0433393370677],[121.51572629465,25.0433393370677],[121.516148167061,25.0419357569938],[121.516148167061,25.0419357569938]]}},{"type":"Feature","properties":{"route_name":"藍20區","color":"#5e3bdc"},"geometry":{"type":"LineString","coordinates":[[121.607046,25.056276],[121.6069591,25.05340065],[121.6069591,25.05340065],[121.60111276224704,25.051558036997456],[121.593165,25.050346],[121.593165,25.050346],[121.59306,25.050052],[121.595233108141,25.0529513842885],[121.595233108141,25.0529513842885],[121.594415258716,25.0553345135907],[121.591281,25.061289],[121.591281,25.061289],[121.5910436,25.0646545],[121.590714855835,25.066818699184],[121.59085370773,25.067861865327],[121.59085370773,25.067861865327],[121.590031196316,25.0712104683315],[121.590031196316,25.0712104683315],[121.592095,25.071852],[121.590016770287,25.0738091792986],[121.590231346227,25.0768845629687],[121.5883097,25.07901319],[121.5883097,25.07901319],[121.584351,25.078655],[121.584351,25.078655],[121.58078,25.07859],[121.5779835,25.07910692],[121.57806788111567,25.080919190818054],[121.5783099,25.08298972],[121.5767705,25.08421544],[121.5742675,25.08522466],[121.5713602,25.08636101],[121.56752775057197,25.086482848136942],[121.56545,25.08514],[121.564098538475,25.0830692818289],[121.564098538475,25.0830692818289],[121.561535778783,25.0843810062584],[121.558119339359,25.0848172776379],[121.5584464,25.08185576],[121.5574829,25.08002077],[121.556408099291,25.0813388630833]]}},{"type":"Feature","properties":{"route_name":"藍21","color":"#dc3b86"},"geometry":{"type":"LineString","coordinates":[[121.617342075005,25.0551425857593],[121.617342075005,25.0551425857593],[121.6156,25.05534],[121.6156,25.05534],[121.61366085593893,25.055463507638656],[121.61366085593893,25.055463507638656],[121.609776304165,25.0549683149017],[121.609776304165,25.0549683149017],[121.6069591,25.05340065],[121.6069591,25.05340065]]}},{"type":"Feature","properties":{"route_name":"藍21副","color":"#b4dc3b"},"geometry":{"type":"LineString","coordinates":[[121.617342075005,25.0551425857593],[121.617342075005,25.0551425857593],[121.6156,25.05534],[121.6156,25.05534],[121.61366085593893,25.055463507638656],[121.61366085593893,25.055463507638656],[121.609776304165,25.0549683149017],[121.609776304165,25.0549683149017],[121.6069591,25.05340065],[121.6069591,25.05340065]]}},{"type":"Feature","properties":{"route_name":"藍22","color":"#dc3b84"},"geometry":{"type":"LineString","coordinates":[[121.617342075005,25.0551425857593],[121.617342075005,25.0551425857593],[121.6156,25.05534],[121.6156,25.05534],[121.6141291,25.05641711],[121.6141291,25.05641711],[121.61282,25.05914],[121.61282,25.05914],[121.61005754124962,25.05937408357435],[121.61005754124962,25.05937408357435],[121.60895745708942,25.05887707963565],[121.60895745708942,25.05887707963565],[121.605866,25.058039],[121.605866,25.058039],[121.602725808672,25.05778835407],[121.602725808672,25.05778835407],[121.59951,25.05684],[121.59951,25.05684],[121.5960871,25.05548009],[121.5960871,25.05548009],[121.5949802,25.0530195],[121.5949802,25.0530195],[121.593165,25.050346],[121.593165,25.050346],[121.59077,25.04983],[121.59077,25.04983],[121.5878431,25.04908468],[121.5878431,25.04908468],[121.584229738588,25.0475212158758],[121.584229738588,25.0475212158758],[121.5829419,25.04508818],[121.5829419,25.04508818],[121.5865086,25.04379262],[121.5865086,25.04379262],[121.587113,25.042359],[121.587113,25.042359],[121.5880617,25.04111713],[121.5880617,25.04111713],[121.5898,25.039097],[121.5898,25.039097],[121.591151872157,25.0400314866247],[121.591151872157,25.0400314866247],[121.591596,25.041068],[121.591596,25.041068],[121.59258171464538,25.040011772420034],[121.59258171464538,25.040011772420034],[121.5935353,25.03952474],[121.5935353,25.03952474],[121.5926327,25.03895301],[121.5926327,25.03895301]]}},{"type":"Feature","properties":{"route_name":"藍23","color":"#dc3b81"},"geometry":{"type":"LineString","coordinates":[[121.617342075005,25.0551425857593],[121.617342075005,25.0551425857593],[121.6156,25.05534],[121.6156,25.05534],[121.61366085593893,25.055463507638656],[121.61366085593893,25.055463507638656],[121.609776304165,25.0549683149017],[121.609776304165,25.0549683149017],[121.606693480964,25.0544113947875],[121.606693480964,25.0544113947875],[121.603501503157,25.0538268750408],[121.6036135,25.05385654],[121.600631965419,25.053410287006],[121.600631965419,25.053410287006],[121.598727,25.05384],[121.598727,25.05384],[121.595509916336,25.0544903819023],[121.59552,25.0546],[121.5949802,25.0530195],[121.5949802,25.0530195],[121.593165,25.050346],[121.593165,25.050346]]}},{"type":"Feature","properties":{"route_name":"藍25","color":"#dc3b7c"},"geometry":{"type":"LineString","coordinates":[[121.6097652,25.03382827],[121.611345,25.033428],[121.6121944,25.0332955],[121.61448946069,25.0346121838879],[121.61612,25.034863],[121.61695169081,25.035872068306],[121.6170236,25.03770122],[121.617633,25.040597],[121.616561,25.043422],[121.615639,25.045074],[121.615728,25.047462],[121.61601678871844,25.048610235261958],[121.61603141641,25.0515460114719],[121.6145567,25.05311326],[121.610465,25.05265346],[121.607245,25.05226],[121.60111276224704,25.051558036997456],[121.593165,25.050346],[121.593165,25.050346]]}},{"type":"Feature","properties":{"route_name":"藍26","color":"#dc3b79"},"geometry":{"type":"LineString","coordinates":[[121.58235002103366,25.064394618249743],[121.580999258182,25.0635997659263],[121.578721077514,25.0623176113037],[121.577205,25.063161],[121.577205,25.063161],[121.57483,25.06684],[121.57446,25.07204],[121.57446,25.07204],[121.5674816,25.07803318],[121.5612469,25.07999076],[121.5590841,25.08004249],[121.5574829,25.08002077],[121.55565762442,25.080032815073],[121.55251766575329,25.080092816575963],[121.551632,25.08172328],[121.5501232,25.08399238],[121.551895985064,25.0858624708036],[121.555253,25.08484],[121.555253,25.08484],[121.558196913178,25.0845384449731],[121.5615165067,25.0841512660387],[121.56384168984,25.0829452709661],[121.56384168984,25.0829452709661],[121.565884872161,25.0821974042872],[121.565884872161,25.0821974042872],[121.56904542401,25.0819632554949],[121.56904542401,25.0819632554949],[121.57184,25.081132],[121.57184,25.081132],[121.574618145655,25.0801493693391],[121.574618145655,25.0801493693391],[121.57619,25.078636],[121.57619,25.078636],[121.577343,25.074821],[121.577343,25.074821],[121.5809507,25.07198833],[121.5809507,25.07198833],[121.582591,25.070313],[121.582591,25.070313],[121.583129808238,25.0685609459737],[121.583129808238,25.0685609459737],[121.57895384595646,25.066982973174284],[121.56507998812427,25.06325228756881],[121.56311999034368,25.06023388832159],[121.5634,25.0575],[121.5635808,25.05524502],[121.56375921983846,25.05282745475233],[121.564943,25.051276],[121.56523,25.05013],[121.56649195154529,25.046530959098416],[121.56628044728,25.0444493988665],[121.56628044728,25.0444493988665],[121.565249,25.040991],[121.565249,25.040991]]}},{"type":"Feature","properties":{"route_name":"藍27","color":"#dc3b76"},"geometry":{"type":"LineString","coordinates":[[121.583819096678,25.0613243529619],[121.58537,25.0639],[121.58543789167122,25.06881463274073],[121.58896238097387,25.068895529659475],[121.590031196316,25.0712104683315],[121.590031196316,25.0712104683315],[121.592095,25.071852],[121.590016770287,25.0738091792986],[121.590231346227,25.0768845629687],[121.589939880159,25.0796177267452],[121.59200882874,25.0816997666211],[121.594132,25.08334],[121.5943834,25.08468616],[121.5943834,25.08468616],[121.592340188865,25.0851216204339],[121.592340188865,25.0851216204339],[121.590672857706,25.0856636770114],[121.590672857706,25.0856636770114],[121.58887802199136,25.086529319087273],[121.58887802199136,25.086529319087273],[121.58649239370985,25.088502189264172],[121.58649239370985,25.088502189264172],[121.58425,25.08454],[121.5805532,25.08479717],[121.5767705,25.08421544],[121.5742675,25.08522466],[121.5713602,25.08636101],[121.56752775057197,25.086482848136942],[121.56545,25.08514],[121.5652273,25.08198997],[121.5652273,25.08198997],[121.5662362,25.08025003],[121.5662362,25.08025003],[121.5684974,25.07921316],[121.5684974,25.07921316],[121.570459,25.078319],[121.570459,25.078319],[121.577343,25.074821],[121.577343,25.074821],[121.5809507,25.07198833],[121.5809507,25.07198833],[121.582591,25.070313],[121.582591,25.070313],[121.583129808238,25.0685609459737],[121.583129808238,25.0685609459737],[121.57895384595646,25.066982973174284],[121.566155,25.062286],[121.5679233,25.05966141],[121.56903,25.05789],[121.569528,25.055269],[121.570154,25.051932],[121.5695923,25.05019804],[121.5682545,25.04799318],[121.5682545,25.04799318],[121.56628044728,25.0444493988665],[121.56628044728,25.0444493988665],[121.565249,25.040991],[121.565249,25.040991]]}},{"type":"Feature","properties":{"route_name":"藍28","color":"#dc3b74"},"geometry":{"type":"LineString","coordinates":[[121.542530095186,25.0015098013863],[121.542530095186,25.0015098013863],[121.539995594657,25.0042661031504],[121.539995594657,25.0042661031504],[121.53849,25.00761],[121.538470307254,25.0076706783786],[121.535185,25.013993],[121.535185,25.013993],[121.530566,25.018486],[121.530566,25.018486],[121.52803,25.02092],[121.52803,25.02092],[121.5265702582243,25.02214502516781],[121.5265702582243,25.02214502516781],[121.52476413675969,25.024022735483676],[121.52476413675969,25.024022735483676],[121.52269,25.02678],[121.52269,25.02678],[121.5219375,25.02886065],[121.5219375,25.02886065],[121.52053,25.02681],[121.52053,25.02681],[121.517263,25.026994],[121.517263,25.026994],[121.51256,25.02767],[121.5107678372,25.0283210023074],[121.5092898,25.02933153],[121.508711,25.03088],[121.508779,25.030898],[121.50578,25.033191],[121.50578,25.033191],[121.5020082,25.03534159],[121.5020082,25.03534159],[121.500584,25.035369],[121.500584,25.035369],[121.498448,25.034146],[121.49848,25.03422],[121.49746,25.03244],[121.49746,25.03244],[121.495950804601,25.0296582647227],[121.495950804601,25.0296582647227],[121.49323,25.02657],[121.49323,25.02657],[121.4894532,25.02767161],[121.493132,25.028426],[121.4959018,25.02677111],[121.4972069,25.02410306],[121.4977476,25.02298139],[121.497234,25.01942],[121.497234,25.01942],[121.49565,25.01714],[121.49565,25.01714]]}},{"type":"Feature","properties":{"route_name":"藍29","color":"#dc3b71"},"geometry":{"type":"LineString","coordinates":[[121.496094355207,25.0171711735736],[121.496094355207,25.0171711735736],[121.497706,25.01987],[121.497706,25.01987],[121.5000872,25.02109899],[121.5020719,25.02196658],[121.50277864902843,25.023224075638726],[121.50333348774862,25.02477910385403],[121.504647,25.025478],[121.5062868,25.02596466],[121.50712,25.0253],[121.508810147614,25.0245858237515],[121.509833,25.024664],[121.509833,25.024664],[121.50982,25.02391],[121.50853091651936,25.02354132567501],[121.508810147614,25.0245858237515],[121.508379,25.025757],[121.506661163485,25.0272364792619],[121.50540777894,25.0285917595947],[121.50169730318575,25.029736849609808],[121.500635,25.0308055],[121.500635,25.0308055],[121.500615375179,25.031831103587],[121.500615375179,25.031831103587],[121.501128,25.033974],[121.501128,25.033974],[121.501585,25.036891],[121.501585,25.036891],[121.502118,25.03827637],[121.5040228,25.03871131],[121.50469,25.0422],[121.50469,25.0422],[121.50533,25.04463],[121.50533,25.04463],[121.5056914,25.04596835],[121.50613,25.047537],[121.5092776,25.05025178],[121.5092776,25.05025178]]}},{"type":"Feature","properties":{"route_name":"藍36","color":"#dc513b"},"geometry":{"type":"LineString","coordinates":[[121.61668,25.068177],[121.61668,25.068177],[121.614308439756,25.068763284981],[121.614308439756,25.068763284981],[121.611642249953,25.0702607638519],[121.611642249953,25.0702607638519],[121.609308386226,25.0718101504888],[121.609308386226,25.0718101504888],[121.607610913193,25.0726213066526],[121.607610913193,25.0726213066526],[121.6048395,25.0723674],[121.60099,25.067297],[121.5984,25.06726047],[121.59613,25.06831],[121.59362,25.06897],[121.590661157725,25.0680308659982],[121.590661157725,25.0680308659982],[121.590521443523,25.0670002134225],[121.5907021,25.06290258],[121.591015,25.061041],[121.591015,25.061041],[121.5937887,25.05574836],[121.5949802,25.0530195],[121.5949802,25.0530195],[121.593165,25.050346],[121.593165,25.050346]]}},{"type":"Feature","properties":{"route_name":"藍39","color":"#dc593b"},"geometry":{"type":"LineString","coordinates":[[121.617342075005,25.0551425857593],[121.617342075005,25.0551425857593],[121.6156,25.05534],[121.6156,25.05534],[121.61366085593893,25.055463507638656],[121.61366085593893,25.055463507638656],[121.609776304165,25.0549683149017],[121.609776304165,25.0549683149017],[121.6069591,25.05340065],[121.6069591,25.05340065],[121.60712,25.05433],[121.60712,25.05433]]}},{"type":"Feature","properties":{"route_name":"藍5","color":"#663bdc"},"geometry":{"type":"LineString","coordinates":[[121.56976,25.02324],[121.571883,25.022604],[121.57356,25.02112],[121.575256588955,25.0185958324197],[121.57567510185,25.01739624988],[121.57643,25.01644],[121.57518,25.01705],[121.57497,25.01803],[121.574963,25.018561],[121.57349,25.01951],[121.5727305,25.01869065],[121.57071,25.01905],[121.569528,25.020953],[121.56976,25.02324],[121.5695997,25.02453056],[121.568628,25.026234],[121.56521,25.027607],[121.563488827932,25.0282411640192],[121.5623852,25.02952622],[121.561326,25.031399],[121.565536,25.034635],[121.5655763,25.03685005],[121.565249,25.040991],[121.565249,25.040991]]}},{"type":"Feature","properties":{"route_name":"藍50","color":"#d1dc3b"},"geometry":{"type":"LineString","coordinates":[[121.580999258182,25.0635997659263],[121.578721077514,25.0623176113037],[121.57743,25.061611],[121.574481,25.05953872],[121.5766634,25.05707139],[121.581902,25.059965],[121.583819096678,25.0613243529619],[121.5864994,25.06252175],[121.589569,25.06326121],[121.591015,25.061041],[121.591015,25.061041],[121.5937887,25.05574836],[121.5949802,25.0530195],[121.5949802,25.0530195],[121.593165,25.050346],[121.593165,25.050346]]}},{"type":"Feature","properties":{"route_name":"藍51","color":"#cfdc3b"},"geometry":{"type":"LineString","coordinates":[[121.593650837788,25.0502182745934],[121.593650837788,25.0502182745934],[121.596331,25.050768],[121.604333,25.051694],[121.60671395938819,25.051922100664566],[121.61111038525819,25.052446715063496],[121.6139003,25.05281991],[121.616849,25.056341],[121.616849,25.056341],[121.616103,25.059729],[121.616103,25.059729],[121.611573583354,25.0672071869982],[121.611573583354,25.0672071869982],[121.6144033,25.06860831],[121.6144033,25.06860831],[121.6165906,25.06806969],[121.6165906,25.06806969],[121.618788,25.069547],[121.6191996,25.07119075],[121.6194588,25.07287274],[121.6194588,25.07287274],[121.618342,25.074097],[121.61684,25.07516],[121.61688,25.0761],[121.616413,25.077692],[121.616682,25.078353]]}},{"type":"Feature","properties":{"route_name":"藍7","color":"#6c3bdc"},"geometry":{"type":"LineString","coordinates":[[121.549281,25.099862],[121.549281,25.099862],[121.54679912183309,25.09735486763365],[121.551895985064,25.0858624708036],[121.555253,25.08484],[121.555253,25.08484],[121.558196913178,25.0845384449731],[121.5615165067,25.0841512660387],[121.56384168984,25.0829452709661],[121.56384168984,25.0829452709661],[121.565884872161,25.0821974042872],[121.565884872161,25.0821974042872],[121.56904542401,25.0819632554949],[121.56904542401,25.0819632554949],[121.57184,25.081132],[121.57184,25.081132],[121.574618145655,25.0801493693391],[121.574618145655,25.0801493693391],[121.57619,25.078636],[121.57619,25.078636],[121.577343,25.074821],[121.577343,25.074821],[121.5809507,25.07198833],[121.5809507,25.07198833],[121.582591,25.070313],[121.582591,25.070313],[121.583129808238,25.0685609459737],[121.583129808238,25.0685609459737],[121.57895384595646,25.066982973174284],[121.57742,25.06238],[121.57742,25.06238],[121.578858331191,25.0605916742291],[121.578858331191,25.0605916742291],[121.580495,25.058297],[121.58190757561452,25.05609097336375],[121.580911886242,25.0509225264878],[121.580911886242,25.0509225264878],[121.576598,25.050168],[121.576598,25.050168],[121.57491400582,25.0500731024231],[121.57491400582,25.0500731024231],[121.5721,25.04775],[121.571998498081,25.0449255890073],[121.571943,25.042525],[121.5718304,25.04024924],[121.5694638,25.03917116],[121.565249,25.040991],[121.565249,25.040991]]}},{"type":"Feature","properties":{"route_name":"藍7副","color":"#dc3bd9"},"geometry":{"type":"LineString","coordinates":[[121.549281,25.099862],[121.549281,25.099862],[121.54679912183309,25.09735486763365],[121.551895985064,25.0858624708036],[121.555253,25.08484],[121.555253,25.08484],[121.558196913178,25.0845384449731],[121.5615165067,25.0841512660387],[121.56384168984,25.0829452709661],[121.56384168984,25.0829452709661],[121.565884872161,25.0821974042872],[121.565884872161,25.0821974042872],[121.56904542401,25.0819632554949],[121.56904542401,25.0819632554949],[121.57184,25.081132],[121.57184,25.081132],[121.574618145655,25.0801493693391],[121.574618145655,25.0801493693391],[121.57619,25.078636],[121.57619,25.078636],[121.577343,25.074821],[121.577343,25.074821],[121.5809507,25.07198833],[121.5809507,25.07198833],[121.582591,25.070313],[121.582591,25.070313],[121.583129808238,25.0685609459737],[121.583129808238,25.0685609459737],[121.57895384595646,25.066982973174284],[121.57742,25.06238],[121.57742,25.06238],[121.578858331191,25.0605916742291],[121.578858331191,25.0605916742291],[121.57552780140044,25.05865558006533],[121.5766634,25.05707139],[121.580495,25.058297],[121.58190757561452,25.05609097336375],[121.580911886242,25.0509225264878],[121.580911886242,25.0509225264878],[121.576598,25.050168],[121.576598,25.050168],[121.57491400582,25.0500731024231],[121.57491400582,25.0500731024231],[121.5721,25.04775],[121.571998498081,25.0449255890073],[121.571943,25.042525],[121.5718304,25.04024924],[121.5694638,25.03917116],[121.565249,25.040991],[121.565249,25.040991]]}},{"type":"Feature","properties":{"route_name":"蘆洲-中正高中","color":"#3b71dc"},"geometry":{"type":"LineString","coordinates":[[121.517803,25.105059],[121.517803,25.105059]]}},{"type":"Feature","properties":{"route_name":"蘆洲-內湖","color":"#3bd1dc"},"geometry":{"type":"LineString","coordinates":[[121.5883097,25.07901319],[121.5883097,25.07901319],[121.57619,25.078636],[121.57619,25.078636]]}},{"type":"Feature","properties":{"route_name":"蘆洲-南港","color":"#dc3b94"},"geometry":{"type":"LineString","coordinates":[[121.61533,25.05985329],[121.61533,25.05985329],[121.6165563,25.05644051],[121.616613990021,25.056527828264]]}},{"type":"Feature","properties":{"route_name":"蘆洲中正路-士林中正路","color":"#c43bdc"},"geometry":{"type":"LineString","coordinates":[[121.51817,25.09192],[121.51817,25.09192],[121.52330153373,25.0946048451863],[121.52330153373,25.0946048451863],[121.5267653,25.09543483],[121.5267653,25.09543483]]}},{"type":"Feature","properties":{"route_name":"貓空右線","color":"#dc8c3b"},"geometry":{"type":"LineString","coordinates":[[121.5881,24.9685],[121.5882626,24.97026083],[121.58686,24.97012],[121.583422,24.968542],[121.58003,24.97112],[121.57883,24.970101],[121.57678,24.9691],[121.580321,24.969425],[121.580639,24.967886],[121.58306,24.96589],[121.5881,24.9685]]}},{"type":"Feature","properties":{"route_name":"貓空左線(動物園)","color":"#3ba7dc"},"geometry":{"type":"LineString","coordinates":[[121.5913505957924,24.999402832437188],[121.5913505957924,24.999402832437188],[121.58954681023364,25.000950102464405],[121.58954681023364,25.000950102464405],[121.585066207329,25.0031479361546],[121.585066207329,25.0031479361546],[121.58021,24.99881],[121.58021,24.99881],[121.576778,24.9968],[121.576778,24.9968],[121.57363,24.993482],[121.57363,24.993482],[121.574153,24.99161],[121.574153,24.99161],[121.576757,24.989679],[121.576757,24.989679],[121.576765,24.987374],[121.579379,24.986195],[121.579955106331,24.9850502753839],[121.579664080453,24.983627],[121.57999610766447,24.983063000243483],[121.580961552542,24.981690857565898],[121.583526,24.976495],[121.5803701,24.97414808],[121.583422,24.968542],[121.58698,24.97017],[121.588166,24.9703368],[121.588052,24.968307]]}},{"type":"Feature","properties":{"route_name":"貓空左線(指南宮)","color":"#3bdc91"},"geometry":{"type":"LineString","coordinates":[[121.588052,24.968307],[121.592291,24.970627],[121.59349562698,24.969327396833],[121.5953918,24.96880012],[121.59534,24.96784],[121.59729,24.96582],[121.60048,24.970103],[121.605524,24.970449],[121.598729,24.972478],[121.5899016,24.9788899]]}},{"type":"Feature","properties":{"route_name":"通勤11","color":"#dc3b76"},"geometry":{"type":"LineString","coordinates":[[121.54746,25.01963],[121.54746,25.01963],[121.551906976436,25.0236369355906],[121.551906976436,25.0236369355906],[121.557084,25.028593],[121.557084,25.028593],[121.5588464,25.03159637],[121.5588464,25.03159637],[121.5601565,25.0336777],[121.5601565,25.0336777],[121.563754,25.038332],[121.563754,25.038332]]}},{"type":"Feature","properties":{"route_name":"通勤12","color":"#dc3b74"},"geometry":{"type":"LineString","coordinates":[[121.54746,25.01963],[121.54746,25.01963],[121.551906976436,25.0236369355906],[121.551906976436,25.0236369355906],[121.557084,25.028593],[121.557084,25.028593],[121.5588464,25.03159637],[121.5588464,25.03159637],[121.5601565,25.0336777],[121.5601565,25.0336777],[121.563754,25.038332],[121.563754,25.038332]]}},{"type":"Feature","properties":{"route_name":"通勤13","color":"#dc3b71"},"geometry":{"type":"LineString","coordinates":[[121.54025525837187,24.991120032966297],[121.54025525837187,24.991120032966297],[121.54075736926794,24.99234145800376],[121.54075736926794,24.99234145800376],[121.5413365,24.99545268],[121.5413365,24.99545268],[121.5402001,24.99931624],[121.5402001,24.99931624],[121.5393892,25.00136317],[121.5393892,25.00136317],[121.5387822,25.00327364],[121.5387822,25.00327364],[121.53901,25.006894],[121.538530831111,25.0120963546845],[121.538530831111,25.0120963546845],[121.54013379820495,25.013398935169228],[121.54013379820495,25.013398935169228],[121.542468,25.015403],[121.542468,25.015403],[121.5448494574872,25.0174253459055],[121.5448494574872,25.0174253459055],[121.54746,25.01963],[121.54746,25.01963],[121.551906976436,25.0236369355906],[121.551906976436,25.0236369355906],[121.5549231,25.02628003],[121.5549231,25.02628003],[121.557084,25.028593],[121.557084,25.028593],[121.5588464,25.03159637],[121.5588464,25.03159637],[121.5601565,25.0336777],[121.5601565,25.0336777],[121.563754,25.038332],[121.563754,25.038332],[121.568621,25.039991],[121.5718304,25.04024924]]}},{"type":"Feature","properties":{"route_name":"通勤16","color":"#dc3b69"},"geometry":{"type":"LineString","coordinates":[[121.616849,25.056341],[121.616849,25.056341],[121.607245,25.05226],[121.612006,25.048369],[121.611301,25.047656]]}},{"type":"Feature","properties":{"route_name":"通勤21","color":"#dc543b"},"geometry":{"type":"LineString","coordinates":[[121.5913505957924,24.999402832437188],[121.5913505957924,24.999402832437188],[121.58954681023364,25.000950102464405],[121.58954681023364,25.000950102464405],[121.585066207329,25.0031479361546],[121.585066207329,25.0031479361546],[121.58021,24.99881],[121.58021,24.99881],[121.576778,24.9968],[121.576778,24.9968],[121.57363,24.993482],[121.57363,24.993482],[121.574153,24.99161],[121.574153,24.99161],[121.576757,24.989679],[121.576757,24.989679],[121.576765,24.987374],[121.579379,24.986195],[121.579955106331,24.9850502753839],[121.579664080453,24.983627],[121.57999610766447,24.983063000243483],[121.580961552542,24.981690857565898],[121.60853783847634,24.970109920680684]]}},{"type":"Feature","properties":{"route_name":"通勤22","color":"#dc563b"},"geometry":{"type":"LineString","coordinates":[[121.5246159,25.02678744],[121.533012542409,25.0260973914545],[121.542239793699,25.0249140592421],[121.542239793699,25.0249140592421],[121.547571,25.024522],[121.553534505165,25.0232432826612],[121.555910878022,25.0210340657202],[121.58021,24.99881],[121.58021,24.99881],[121.576757,24.989679],[121.576757,24.989679],[121.5855192,24.98653114],[121.5855192,24.98653114]]}},{"type":"Feature","properties":{"route_name":"通勤24","color":"#dc5c3b"},"geometry":{"type":"LineString","coordinates":[[121.58588,24.98729],[121.57996,24.99857],[121.57996,24.99857],[121.55616,25.021127],[121.554225,25.022926],[121.542376119519,25.0251035284638],[121.532693859225,25.0263548162126],[121.523152,25.027172],[121.515494267729,25.0434538159783],[121.515689438859,25.0465635496954],[121.515689438859,25.0465635496954]]}},{"type":"Feature","properties":{"route_name":"通勤25","color":"#dc5e3b"},"geometry":{"type":"LineString","coordinates":[[121.539805689524,25.1372765580827],[121.526622,25.095583],[121.526622,25.095583],[121.524748,25.084849],[121.560927032747,25.0586405271738],[121.5664423,25.05902066],[121.570154,25.051932],[121.577246475627,25.0499755097464],[121.577246475627,25.0499755097464],[121.582274,25.062099]]}},{"type":"Feature","properties":{"route_name":"通勤26","color":"#dc613b"},"geometry":{"type":"LineString","coordinates":[[121.5698963,25.10683945],[121.5677603,25.10601528],[121.566212,25.10586089],[121.56714,25.10655],[121.5681927,25.10671438],[121.5686968,25.10754459],[121.5661627,25.10771043],[121.5626717,25.10705214],[121.561631,25.108548],[121.5614042,25.10750605],[121.560788036637,25.107004336741],[121.5605355,25.10799451],[121.560057,25.10937],[121.5599722,25.11075838],[121.56215,25.11139],[121.52976,25.0962],[121.52976,25.0962],[121.5259209,25.08770498],[121.524748,25.084849]]}},{"type":"Feature","properties":{"route_name":"通勤27","color":"#dc643b"},"geometry":{"type":"LineString","coordinates":[[121.49262,25.14506],[121.493826634438,25.1452880512553],[121.497011,25.144571],[121.498005120919,25.1435377973513],[121.49875524785,25.1420654536477],[121.500142024239,25.1404257952951],[121.501520744986,25.1391571863191],[121.502937,25.137791],[121.504124469582,25.1363484992167],[121.50235879653,25.1345133895389],[121.50136,25.13361526],[121.50136,25.13361526],[121.4978915,25.13580742],[121.4978915,25.13580742],[121.496806634171,25.135718233601],[121.495841,25.13174],[121.49669,25.12976],[121.4978596,25.12722523],[121.499222,25.12242987],[121.499222,25.12242987],[121.501973,25.118907],[121.501973,25.118907],[121.503568,25.117433],[121.503568,25.117433],[121.506438836067,25.114726442462],[121.50638,25.11487],[121.508727083955,25.1127066443373],[121.508727083955,25.1127066443373],[121.512347,25.10953688],[121.512347026452,25.1095368758096],[121.5139733,25.10803433],[121.5139733,25.10803433],[121.517803,25.105059],[121.517803,25.105059],[121.520473605143,25.1022630440787],[121.520473605143,25.1022630440787],[121.522307508871,25.1008497293525],[121.522307508871,25.1008497293525],[121.5243054,25.09589886],[121.524279381093,25.0959118891448],[121.526725,25.090999],[121.526768,25.090914],[121.525327,25.085353],[121.525327,25.085353],[121.524712226022,25.0817595131148],[121.532402806246,25.038163002655],[121.5343357,25.03804468],[121.537072110796,25.0380314055468],[121.54077520473633,25.03796159361127],[121.543165,25.037854],[121.545738,25.03784],[121.5476903,25.03778353],[121.5508834,25.03772123],[121.550883391345,25.0377212341364],[121.552717,25.037669],[121.552717,25.037669],[121.5552985,25.03762585],[121.555234376148,25.0376217119559],[121.55728,25.03754],[121.55728,25.03754],[121.56118,25.037543],[121.56118,25.037543],[121.563754,25.038332],[121.563754,25.038332],[121.56453,25.03902],[121.56453,25.03902],[121.568621,25.039991]]}},{"type":"Feature","properties":{"route_name":"通勤28","color":"#dc663b"},"geometry":{"type":"LineString","coordinates":[[121.518038,25.075851],[121.5118974,25.07557274],[121.511897445316,25.0755727353769],[121.5112234,25.07941175],[121.5112234,25.07941175],[121.5106914,25.08087468],[121.510762398982,25.080711059769],[121.510232993555,25.0830573942155],[121.5102394,25.082923],[121.5096458,25.08602215],[121.5090743,25.08750559],[121.5079873,25.08905628],[121.5064251,25.08959947],[121.503968,25.089467],[121.50257764702363,25.08990453695691]]}},{"type":"Feature","properties":{"route_name":"通勤29","color":"#dc693b"},"geometry":{"type":"LineString","coordinates":[[121.566535683299,25.0512559293088],[121.5857387,25.0591848]]}},{"type":"Feature","properties":{"route_name":"通勤30","color":"#dca43b"},"geometry":{"type":"LineString","coordinates":[[121.545748,25.094566],[121.526622,25.095583],[121.526622,25.095583],[121.523269,25.094828],[121.519396,25.093132],[121.519396,25.093132],[121.5091008,25.0390539]]}},{"type":"Feature","properties":{"route_name":"通勤7","color":"#99dc3b"},"geometry":{"type":"LineString","coordinates":[[121.529958,25.026362],[121.53375,25.018029],[121.540923,25.021046],[121.616318,25.042744]]}},{"type":"Feature","properties":{"route_name":"通勤9","color":"#94dc3b"},"geometry":{"type":"LineString","coordinates":[[121.52715689953087,25.143236986588352],[121.52766,25.14028],[121.528164,25.137649],[121.5286395,25.13577979],[121.5283054,25.13284684],[121.5279257,25.13056285],[121.5291514,25.1281062],[121.527588,25.125905],[121.52614,25.1246],[121.5265466,25.12288432],[121.52664417791,25.1214083603177],[121.52615807606,25.118950713724],[121.5275693,25.11838172],[121.5308437,25.118085],[121.53533,25.11807],[121.53707,25.11807],[121.53898,25.11525],[121.53938898702161,25.11296710251853],[121.53973,25.11119],[121.537252,25.110333],[121.533503,25.109595],[121.53168417722993,25.108980959639226],[121.529800366051,25.107166732371],[121.528560201223,25.1054396312581],[121.525920635582,25.1043342088164],[121.524957,25.103354],[121.527411,25.097079],[121.526622,25.095583],[121.526622,25.095583],[121.522929,25.094772],[121.522929,25.094772],[121.519396,25.093132],[121.519396,25.093132],[121.517889,25.092141],[121.517889,25.092141],[121.508523654187,25.0867169999545],[121.508523654187,25.0867169999545]]}},{"type":"Feature","properties":{"route_name":"重慶幹線","color":"#dcd73b"},"geometry":{"type":"LineString","coordinates":[[121.51501,25.114729],[121.5154878,25.11515658],[121.515801262638,25.1157212492135],[121.516564,25.117369],[121.51968525315,25.1185668257628],[121.51968525315,25.1185668257628],[121.5227594,25.12021257],[121.5236475,25.1218225],[121.5256724,25.12356742],[121.5265466,25.12288432],[121.52664417791,25.1214083603177],[121.52615807606,25.118950713724],[121.5275693,25.11838172],[121.53084,25.11927],[121.5315658,25.121299],[121.53273,25.12424],[121.53245,25.12420428],[121.53187,25.12262],[121.53134848347,25.12124699952],[121.53060908611,25.1193246795518],[121.5276437,25.11850567],[121.5262529,25.11878529],[121.5267177,25.12118051],[121.5266532,25.12292985],[121.525261,25.12357001],[121.5238999,25.12221658],[121.5226771,25.12028036],[121.520551599272,25.1188249158648],[121.520551599272,25.1188249158648],[121.518052504684,25.1184508084325],[121.518052504684,25.1184508084325],[121.516366480061,25.1172201622833],[121.515502,25.115911],[121.51277,25.114301],[121.5105335296023,25.113305413702086],[121.512347,25.10953688],[121.512347026452,25.1095368758096],[121.5139733,25.10803433],[121.5139733,25.10803433],[121.517803,25.105059],[121.517803,25.105059],[121.520473605143,25.1022630440787],[121.520473605143,25.1022630440787],[121.522307508871,25.1008497293525],[121.522307508871,25.1008497293525],[121.5243054,25.09589886],[121.524279381093,25.0959118891448],[121.522929,25.094772],[121.522929,25.094772],[121.52085,25.09406],[121.517889,25.092141],[121.517889,25.092141],[121.51144611421903,25.084340383790973],[121.51261,25.08192],[121.5136892,25.07451003],[121.5136892,25.07451003],[121.51367,25.07328],[121.51367,25.07328],[121.5137100606,25.0688798965403],[121.5136438,25.06615028],[121.513516380874,25.0633249732882],[121.5135212,25.06097974],[121.513509342762,25.060980060423],[121.5136927,25.05715048],[121.51369271164,25.0571504842388],[121.514022,25.055504],[121.514022,25.055504],[121.514023920514,25.0530178614119],[121.514023920514,25.0530178614119],[121.51344796988172,25.050402129064192],[121.51344796988172,25.050402129064192],[121.51316241098594,25.046552005302367],[121.51316241098594,25.046552005302367],[121.51018571259864,25.046034860361424],[121.51018571259864,25.046034860361424],[121.509098,25.04552755],[121.509144127644,25.0455115050969],[121.508266771006,25.0425165606871],[121.5083,25.04252],[121.506812536211,25.0380081419194],[121.506812536211,25.0380081419194],[121.5038948,25.03584463],[121.5038948,25.03584463],[121.5010585,25.03486363],[121.5010585,25.03486363],[121.50051,25.03176],[121.50051,25.03176],[121.500473,25.030744],[121.500473,25.030744],[121.50037694828528,25.0289649585261],[121.50037694828528,25.0289649585261],[121.50026027816166,25.025052181005517],[121.50026027816166,25.025052181005517],[121.49999538902145,25.024019027640023],[121.49999538902145,25.024019027640023],[121.497234,25.01942],[121.497234,25.01942],[121.49565,25.01714],[121.49565,25.01714]]}},{"type":"Feature","properties":{"route_name":"雙園巴士","color":"#51dc3b"},"geometry":{"type":"LineString","coordinates":[[121.576485,25.067523],[121.57446,25.07204],[121.57446,25.07204],[121.5674816,25.07803318],[121.56489,25.0801],[121.565884872161,25.0821974042872],[121.565884872161,25.0821974042872],[121.5684974,25.07921316],[121.5684974,25.07921316],[121.572469,25.077397],[121.577343,25.074821],[121.577343,25.074821],[121.5809507,25.07198833],[121.5809507,25.07198833],[121.5820136022182,25.070960172287336],[121.5820136022182,25.070960172287336],[121.5876554,25.06481579],[121.58235002103366,25.064394618249743],[121.580999258182,25.0635997659263],[121.578858331191,25.0605916742291],[121.578858331191,25.0605916742291],[121.5857387,25.0591848],[121.591015,25.061041],[121.591015,25.061041],[121.6071781,25.05319593],[121.6071781,25.05319593]]}},{"type":"Feature","properties":{"route_name":"鶯歌火車站-中正紀念堂","color":"#3ba9dc"},"geometry":{"type":"LineString","coordinates":[[121.5007597,25.03283797],[121.5007597,25.03283797],[121.506607,25.0357],[121.506607,25.0357],[121.5082192,25.04094605],[121.508187414094,25.0409980900087],[121.51673,25.03643],[121.51673,25.03643]]}},{"type":"Feature","properties":{"route_name":"鶯歌火車站-松山機場","color":"#3b7cdc"},"geometry":{"type":"LineString","coordinates":[[121.5438692,25.06227185],[121.5438692,25.06227185],[121.54762539917303,25.062020643130538],[121.54762539917303,25.062020643130538],[121.55196,25.063277],[121.55196,25.063277]]}}]}