{"type": "FeatureCollection", "features": [{"type": "Feature", "geometry": {"type": "Point", "coordinates": [121.519759690546, 25.046484462941]}, "properties": {"stop_name": "行政院", "district": "中正區", "geo_city": "臺北市", "nearest_estimate_min": 3.0}}, {"type": "Feature", "geometry": {"type": "Point", "coordinates": [121.5321735300744, 25.033583332926412]}, "properties": {"stop_name": "信義新生路口", "district": "大安區", "geo_city": "臺北市", "nearest_estimate_min": 5.8}}, {"type": "Feature", "geometry": {"type": "Point", "coordinates": [121.5211551, 25.03891262]}, "properties": {"stop_name": "仁愛林森路口", "district": "中正區", "geo_city": "臺北市", "nearest_estimate_min": 1.0}}, {"type": "Feature", "geometry": {"type": "Point", "coordinates": [121.57363, 24.993482]}, "properties": {"stop_name": "萬壽橋頭(新光)", "district": "文山區", "geo_city": "臺北市", "nearest_estimate_min": 9.3}}, {"type": "Feature", "geometry": {"type": "Point", "coordinates": [121.511621119604, 25.0545471507946]}, "properties": {"stop_name": "南京西路口(鈕釦街)", "district": "大同區", "geo_city": "臺北市", "nearest_estimate_min": -1.0}}, {"type": "Feature", "geometry": {"type": "Point", "coordinates": [121.5135212, 25.06097974]}, "properties": {"stop_name": "涼州重慶路口", "district": "大同區", "geo_city": "臺北市", "nearest_estimate_min": -1.0}}, {"type": "Feature", "geometry": {"type": "Point", "coordinates": [121.57076, 25.11859]}, "properties": {"stop_name": "福德宮", "district": "士林區", "geo_city": "臺北市", "nearest_estimate_min": -1.0}}, {"type": "Feature", "geometry": {"type": "Point", "coordinates": [121.466216, 25.131778]}, "properties": {"stop_name": "北藝大藝文生態館", "district": "北投區", "geo_city": "臺北市", "nearest_estimate_min": -1.0}}, {"type": "Feature", "geometry": {"type": "Point", "coordinates": [121.55385352920746, 25.048314127211775]}, "properties": {"stop_name": "美仁里", "district": "松山區", "geo_city": "臺北市", "nearest_estimate_min": 0.6}}, {"type": "Feature", "geometry": {"type": "Point", "coordinates": [121.4952326, 25.02425231]}, "properties": {"stop_name": "民和街口", "district": "萬華區", "geo_city": "臺北市", "nearest_estimate_min": -1.0}}, {"type": "Feature", "geometry": {"type": "Point", "coordinates": [121.515234, 25.096205]}, "properties": {"stop_name": "兒童新樂園", "district": "士林區", "geo_city": "臺北市", "nearest_estimate_min": -1.0}}, {"type": "Feature", "geometry": {"type": "Point", "coordinates": [121.58728, 25.03918064]}, "properties": {"stop_name": "福德國小", "district": "信義區", "geo_city": "臺北市", "nearest_estimate_min": 44.5}}, {"type": "Feature", "geometry": {"type": "Point", "coordinates": [121.524516, 25.027036]}, "properties": {"stop_name": "捷運古亭站(和平)", "district": "大安區", "geo_city": "臺北市", "nearest_estimate_min": 1.5}}, {"type": "Feature", "geometry": {"type": "Point", "coordinates": [121.5286672, 25.0464873]}, "properties": {"stop_name": "華山公園(市民大道一)", "district": "中正區", "geo_city": "臺北市", "nearest_estimate_min": -1.0}}, {"type": "Feature", "geometry": {"type": "Point", "coordinates": [121.58483369380596, 25.040192284139753]}, "properties": {"stop_name": "中行里", "district": "信義區", "geo_city": "臺北市", "nearest_estimate_min": 2.3}}, {"type": "Feature", "geometry": {"type": "Point", "coordinates": [121.505224, 25.147744]}, "properties": {"stop_name": "安國寺", "district": "北投區", "geo_city": "臺北市", "nearest_estimate_min": 3.4}}, {"type": "Feature", "geometry": {"type": "Point", "coordinates": [121.5221621, 25.06438114]}, "properties": {"stop_name": "大同公司(晴光市場)", "district": "中山區", "geo_city": "臺北市", "nearest_estimate_min": 13.9}}, {"type": "Feature", "geometry": {"type": "Point", "coordinates": [121.604275942446, 25.0734224462912]}, "properties": {"stop_name": "金湖路口", "district": "內湖區", "geo_city": "臺北市", "nearest_estimate_min": 6.5}}, {"type": "Feature", "geometry": {"type": "Point", "coordinates": [121.606373, 25.051875]}, "properties": {"stop_name": "捷運南港站", "district": "南港區", "geo_city": "臺北市", "nearest_estimate_min": -1.0}}, {"type": "Feature", "geometry": {"type": "Point", "coordinates": [121.59179366923021, 25.081779319488682]}, "properties": {"stop_name": "湖光市場", "district": "內湖區", "geo_city": "臺北市", "nearest_estimate_min": 5.6}}, {"type": "Feature", "geometry": {"type": "Point", "coordinates": [121.622188, 25.019362]}, "properties": {"stop_name": "南深路80號", "district": "南港區", "geo_city": "臺北市", "nearest_estimate_min": -1.0}}, {"type": "Feature", "geometry": {"type": "Point", "coordinates": [121.57084690242372, 24.989578452014587]}, "properties": {"stop_name": "文山行政中心(木新)", "district": "文山區", "geo_city": "臺北市", "nearest_estimate_min": 64.5}}, {"type": "Feature", "geometry": {"type": "Point", "coordinates": [121.512463, 25.10244]}, "properties": {"stop_name": "建民里", "district": "北投區", "geo_city": "臺北市", "nearest_estimate_min": 1.1}}, {"type": "Feature", "geometry": {"type": "Point", "coordinates": [121.590672857706, 25.0856636770114]}, "properties": {"stop_name": "碧山岩", "district": "內湖區", "geo_city": "臺北市", "nearest_estimate_min": 1.1}}, {"type": "Feature", "geometry": {"type": "Point", "coordinates": [121.5614966, 24.98477018]}, "properties": {"stop_name": "忠順街口", "district": "文山區", "geo_city": "臺北市", "nearest_estimate_min": 8.4}}, {"type": "Feature", "geometry": {"type": "Point", "coordinates": [121.5890261, 24.98287142]}, "properties": {"stop_name": "猴山坑", "district": "文山區", "geo_city": "臺北市", "nearest_estimate_min": 1.2}}, {"type": "Feature", "geometry": {"type": "Point", "coordinates": [121.507984, 25.045384]}, "properties": {"stop_name": "漢口中華路口", "district": "萬華區", "geo_city": "臺北市", "nearest_estimate_min": 11.0}}, {"type": "Feature", "geometry": {"type": "Point", "coordinates": [121.5007597, 25.03283797]}, "properties": {"stop_name": "萬華車站", "district": "萬華區", "geo_city": "臺北市", "nearest_estimate_min": -1.0}}, {"type": "Feature", "geometry": {"type": "Point", "coordinates": [121.592095, 25.071852]}, "properties": {"stop_name": "三總內湖站", "district": "內湖區", "geo_city": "臺北市", "nearest_estimate_min": 38.7}}, {"type": "Feature", "geometry": {"type": "Point", "coordinates": [121.5857205, 24.98695836]}, "properties": {"stop_name": "政大附中", "district": "文山區", "geo_city": "臺北市", "nearest_estimate_min": 6.0}}, {"type": "Feature", "geometry": {"type": "Point", "coordinates": [121.591969964344, 24.9705753761932]}, "properties": {"stop_name": "天恩宮", "district": "文山區", "geo_city": "臺北市", "nearest_estimate_min": -1.0}}, {"type": "Feature", "geometry": {"type": "Point", "coordinates": [121.49323, 25.02657]}, "properties": {"stop_name": "西園路二段", "district": "萬華區", "geo_city": "臺北市", "nearest_estimate_min": 8.3}}, {"type": "Feature", "geometry": {"type": "Point", "coordinates": [121.611573583354, 25.0672071869982]}, "properties": {"stop_name": "捷運東湖站(南湖高中)", "district": "內湖區", "geo_city": "臺北市", "nearest_estimate_min": 4.0}}, {"type": "Feature", "geometry": {"type": "Point", "coordinates": [121.5091239, 25.04072737]}, "properties": {"stop_name": "臺北市憲兵隊", "district": "中正區", "geo_city": "臺北市", "nearest_estimate_min": 3.8}}, {"type": "Feature", "geometry": {"type": "Point", "coordinates": [121.532844, 25.071033]}, "properties": {"stop_name": "新生公園(松江)", "district": "中山區", "geo_city": "臺北市", "nearest_estimate_min": -1.0}}, {"type": "Feature", "geometry": {"type": "Point", "coordinates": [121.5521758, 25.03661955]}, "properties": {"stop_name": "仁愛國中", "district": "大安區", "geo_city": "臺北市", "nearest_estimate_min": 8.3}}, {"type": "Feature", "geometry": {"type": "Point", "coordinates": [121.56311999034368, 25.06023388832159]}, "properties": {"stop_name": "廣合新村", "district": "松山區", "geo_city": "臺北市", "nearest_estimate_min": 34.5}}, {"type": "Feature", "geometry": {"type": "Point", "coordinates": [121.57483, 25.06684]}, "properties": {"stop_name": "內湖休閒運動公園", "district": "內湖區", "geo_city": "臺北市", "nearest_estimate_min": 6.0}}, {"type": "Feature", "geometry": {"type": "Point", "coordinates": [121.469040088878, 25.1196386095939]}, "properties": {"stop_name": "關渡自然公園", "district": "北投區", "geo_city": "臺北市", "nearest_estimate_min": -1.0}}, {"type": "Feature", "geometry": {"type": "Point", "coordinates": [121.5594086, 24.99385696]}, "properties": {"stop_name": "海巡署", "district": "文山區", "geo_city": "臺北市", "nearest_estimate_min": 3.1}}, {"type": "Feature", "geometry": {"type": "Point", "coordinates": [121.53189, 25.11328]}, "properties": {"stop_name": "天母棒球場(忠誠)", "district": "士林區", "geo_city": "臺北市", "nearest_estimate_min": 37.3}}, {"type": "Feature", "geometry": {"type": "Point", "coordinates": [121.55363, 24.98199]}, "properties": {"stop_name": "木新路口", "district": "文山區", "geo_city": "臺北市", "nearest_estimate_min": 3.8}}, {"type": "Feature", "geometry": {"type": "Point", "coordinates": [121.599295, 25.079518]}, "properties": {"stop_name": "美國在臺協會", "district": "內湖區", "geo_city": "臺北市", "nearest_estimate_min": 37.2}}, {"type": "Feature", "geometry": {"type": "Point", "coordinates": [121.5631306, 25.16752826]}, "properties": {"stop_name": "冷水坑", "district": "士林區", "geo_city": "臺北市", "nearest_estimate_min": -1.0}}, {"type": "Feature", "geometry": {"type": "Point", "coordinates": [121.5256724, 25.12356742]}, "properties": {"stop_name": "福德廟(石牌)", "district": "北投區", "geo_city": "臺北市", "nearest_estimate_min": 1.2}}, {"type": "Feature", "geometry": {"type": "Point", "coordinates": [121.621696656061, 25.0310509558543]}, "properties": {"stop_name": "臨時站四", "district": "南港區", "geo_city": "臺北市", "nearest_estimate_min": -1.0}}, {"type": "Feature", "geometry": {"type": "Point", "coordinates": [121.51088, 25.0423]}, "properties": {"stop_name": "衡陽路", "district": "中正區", "geo_city": "臺北市", "nearest_estimate_min": 9.0}}, {"type": "Feature", "geometry": {"type": "Point", "coordinates": [121.50705, 25.04701]}, "properties": {"stop_name": "萬華運動中心", "district": "萬華區", "geo_city": "臺北市", "nearest_estimate_min": 15.5}}, {"type": "Feature", "geometry": {"type": "Point", "coordinates": [121.549174, 25.0430127]}, "properties": {"stop_name": "捷運忠孝敦化站", "district": "大安區", "geo_city": "臺北市", "nearest_estimate_min": 3.0}}, {"type": "Feature", "geometry": {"type": "Point", "coordinates": [121.50582384788, 25.03944952637]}, "properties": {"stop_name": "貴陽街", "district": "萬華區", "geo_city": "臺北市", "nearest_estimate_min": 1.3}}, {"type": "Feature", "geometry": {"type": "Point", "coordinates": [121.580172, 25.051204]}, "properties": {"stop_name": "八德中坡路口", "district": "南港區", "geo_city": "臺北市", "nearest_estimate_min": -1.0}}, {"type": "Feature", "geometry": {"type": "Point", "coordinates": [121.4969752, 25.03545414]}, "properties": {"stop_name": "中國時報", "district": "萬華區", "geo_city": "臺北市", "nearest_estimate_min": 2.6}}, {"type": "Feature", "geometry": {"type": "Point", "coordinates": [121.56507998812427, 25.06325228756881]}, "properties": {"stop_name": "三民國小", "district": "松山區", "geo_city": "臺北市", "nearest_estimate_min": 33.5}}, {"type": "Feature", "geometry": {"type": "Point", "coordinates": [121.5465259, 24.9867882]}, "properties": {"stop_name": "復興派出所", "district": "文山區", "geo_city": "臺北市", "nearest_estimate_min": 10.6}}, {"type": "Feature", "geometry": {"type": "Point", "coordinates": [121.5898, 25.039097]}, "properties": {"stop_name": "成福宮", "district": "南港區", "geo_city": "臺北市", "nearest_estimate_min": 41.1}}, {"type": "Feature", "geometry": {"type": "Point", "coordinates": [121.53656, 25.05736]}, "properties": {"stop_name": "臺北大學(臺北校區)", "district": "中山區", "geo_city": "臺北市", "nearest_estimate_min": -1.0}}, {"type": "Feature", "geometry": {"type": "Point", "coordinates": [121.587565869008, 25.0787035812339]}, "properties": {"stop_name": "內湖高中", "district": "內湖區", "geo_city": "臺北市", "nearest_estimate_min": 5.7}}, {"type": "Feature", "geometry": {"type": "Point", "coordinates": [121.503642, 25.120242]}, "properties": {"stop_name": "立農國小一", "district": "北投區", "geo_city": "臺北市", "nearest_estimate_min": -1.0}}, {"type": "Feature", "geometry": {"type": "Point", "coordinates": [121.508379, 25.025757]}, "properties": {"stop_name": "國興路口", "district": "中正區", "geo_city": "臺北市", "nearest_estimate_min": 13.2}}, {"type": "Feature", "geometry": {"type": "Point", "coordinates": [121.550812, 25.083327]}, "properties": {"stop_name": "明水路一", "district": "中山區", "geo_city": "臺北市", "nearest_estimate_min": 4.9}}, {"type": "Feature", "geometry": {"type": "Point", "coordinates": [121.524689553008, 25.0628463290373]}, "properties": {"stop_name": "捷運中山國小站", "district": "中山區", "geo_city": "臺北市", "nearest_estimate_min": 15.8}}, {"type": "Feature", "geometry": {"type": "Point", "coordinates": [121.52756, 25.06731]}, "properties": {"stop_name": "民族東路口", "district": "中山區", "geo_city": "臺北市", "nearest_estimate_min": 10.9}}, {"type": "Feature", "geometry": {"type": "Point", "coordinates": [121.5687846, 25.14119677]}, "properties": {"stop_name": "下過溪", "district": "士林區", "geo_city": "臺北市", "nearest_estimate_min": 2.6}}, {"type": "Feature", "geometry": {"type": "Point", "coordinates": [121.545835, 24.998953]}, "properties": {"stop_name": "靜心高中", "district": "文山區", "geo_city": "臺北市", "nearest_estimate_min": 1.3}}, {"type": "Feature", "geometry": {"type": "Point", "coordinates": [121.53291, 25.03044]}, "properties": {"stop_name": "金華國中", "district": "大安區", "geo_city": "臺北市", "nearest_estimate_min": 16.0}}, {"type": "Feature", "geometry": {"type": "Point", "coordinates": [121.5276437, 25.11850567]}, "properties": {"stop_name": "齊福華廈", "district": "士林區", "geo_city": "臺北市", "nearest_estimate_min": 5.2}}, {"type": "Feature", "geometry": {"type": "Point", "coordinates": [121.526232, 25.078182]}, "properties": {"stop_name": "圓山飯店", "district": "中山區", "geo_city": "臺北市", "nearest_estimate_min": -1.0}}, {"type": "Feature", "geometry": {"type": "Point", "coordinates": [121.580447, 25.042632]}, "properties": {"stop_name": "春光公園", "district": "信義區", "geo_city": "臺北市", "nearest_estimate_min": 14.5}}, {"type": "Feature", "geometry": {"type": "Point", "coordinates": [121.5137100606, 25.0688798965403]}, "properties": {"stop_name": "民族重慶路口", "district": "大同區", "geo_city": "臺北市", "nearest_estimate_min": 2.5}}, {"type": "Feature", "geometry": {"type": "Point", "coordinates": [121.517704, 25.04484411]}, "properties": {"stop_name": "臺北車站(青島)", "district": "中正區", "geo_city": "臺北市", "nearest_estimate_min": 21.2}}, {"type": "Feature", "geometry": {"type": "Point", "coordinates": [121.518574, 25.069322]}, "properties": {"stop_name": "民族承德路口", "district": "大同區", "geo_city": "臺北市", "nearest_estimate_min": 7.7}}, {"type": "Feature", "geometry": {"type": "Point", "coordinates": [121.492633753399, 25.1452633730156]}, "properties": {"stop_name": "貴子坑水土保持園區", "district": "北投區", "geo_city": "臺北市", "nearest_estimate_min": 6.8}}, {"type": "Feature", "geometry": {"type": "Point", "coordinates": [121.4923517, 25.13807076]}, "properties": {"stop_name": "復興崗", "district": "北投區", "geo_city": "臺北市", "nearest_estimate_min": -1.0}}, {"type": "Feature", "geometry": {"type": "Point", "coordinates": [121.563844, 25.165839]}, "properties": {"stop_name": "冷水坑服務站", "district": "士林區", "geo_city": "臺北市", "nearest_estimate_min": -1.0}}, {"type": "Feature", "geometry": {"type": "Point", "coordinates": [121.5876554, 25.06481579]}, "properties": {"stop_name": "金豐金莊路口", "district": "內湖區", "geo_city": "臺北市", "nearest_estimate_min": -1.0}}, {"type": "Feature", "geometry": {"type": "Point", "coordinates": [121.52693, 25.05795]}, "properties": {"stop_name": "中山里(民生)", "district": "中山區", "geo_city": "臺北市", "nearest_estimate_min": 5.1}}, {"type": "Feature", "geometry": {"type": "Point", "coordinates": [121.570778393912, 24.9965253177262]}, "properties": {"stop_name": "木柵高工(萬芳)", "district": "文山區", "geo_city": "臺北市", "nearest_estimate_min": 8.3}}, {"type": "Feature", "geometry": {"type": "Point", "coordinates": [121.501238, 25.159633]}, "properties": {"stop_name": "安溪寮", "district": "北投區", "geo_city": "臺北市", "nearest_estimate_min": 9.7}}, {"type": "Feature", "geometry": {"type": "Point", "coordinates": [121.568426853203, 25.0493159752737]}, "properties": {"stop_name": "基隆路口", "district": "松山區", "geo_city": "臺北市", "nearest_estimate_min": -1.0}}, {"type": "Feature", "geometry": {"type": "Point", "coordinates": [121.5001129, 25.04020151]}, "properties": {"stop_name": "青山宮", "district": "萬華區", "geo_city": "臺北市", "nearest_estimate_min": -1.0}}, {"type": "Feature", "geometry": {"type": "Point", "coordinates": [121.5983533, 25.05765407]}, "properties": {"stop_name": "東陽公園", "district": "南港區", "geo_city": "臺北市", "nearest_estimate_min": -1.0}}, {"type": "Feature", "geometry": {"type": "Point", "coordinates": [121.520194, 25.149962]}, "properties": {"stop_name": "中正山登山口", "district": "北投區", "geo_city": "臺北市", "nearest_estimate_min": 3.1}}, {"type": "Feature", "geometry": {"type": "Point", "coordinates": [121.514976309391, 25.0364625980204]}, "properties": {"stop_name": "市立大學附小", "district": "中正區", "geo_city": "臺北市", "nearest_estimate_min": 1.4}}, {"type": "Feature", "geometry": {"type": "Point", "coordinates": [121.57771125853, 25.0428257926695]}, "properties": {"stop_name": "雙永國小", "district": "信義區", "geo_city": "臺北市", "nearest_estimate_min": 9.5}}, {"type": "Feature", "geometry": {"type": "Point", "coordinates": [121.575333, 25.062944]}, "properties": {"stop_name": "新湖三路", "district": "內湖區", "geo_city": "臺北市", "nearest_estimate_min": -1.0}}, {"type": "Feature", "geometry": {"type": "Point", "coordinates": [121.53742, 25.0241]}, "properties": {"stop_name": "龍門國中(辛亥路口)", "district": "大安區", "geo_city": "臺北市", "nearest_estimate_min": -1.0}}, {"type": "Feature", "geometry": {"type": "Point", "coordinates": [121.53321393502, 25.062118989233]}, "properties": {"stop_name": "民權松江路口", "district": "中山區", "geo_city": "臺北市", "nearest_estimate_min": 6.6}}, {"type": "Feature", "geometry": {"type": "Point", "coordinates": [121.4680203, 25.12472749]}, "properties": {"stop_name": "北投區公所(關渡)", "district": "北投區", "geo_city": "臺北市", "nearest_estimate_min": 9.7}}, {"type": "Feature", "geometry": {"type": "Point", "coordinates": [121.54402, 25.16177]}, "properties": {"stop_name": "氣象台", "district": "北投區", "geo_city": "臺北市", "nearest_estimate_min": 23.0}}, {"type": "Feature", "geometry": {"type": "Point", "coordinates": [121.5625826, 25.04699097]}, "properties": {"stop_name": "市民東寧路口", "district": "信義區", "geo_city": "臺北市", "nearest_estimate_min": -1.0}}, {"type": "Feature", "geometry": {"type": "Point", "coordinates": [121.590623, 25.06008]}, "properties": {"stop_name": "新明成功路口", "district": "內湖區", "geo_city": "臺北市", "nearest_estimate_min": -1.0}}, {"type": "Feature", "geometry": {"type": "Point", "coordinates": [121.564536, 25.032802]}, "properties": {"stop_name": "捷運台北101/世貿站(信義)", "district": "信義區", "geo_city": "臺北市", "nearest_estimate_min": 18.0}}, {"type": "Feature", "geometry": {"type": "Point", "coordinates": [121.519513, 25.08981089]}, "properties": {"stop_name": "承德路四段", "district": "士林區", "geo_city": "臺北市", "nearest_estimate_min": 15.8}}, {"type": "Feature", "geometry": {"type": "Point", "coordinates": [121.53906320415818, 25.033444679044305]}, "properties": {"stop_name": "信義建國路口", "district": "大安區", "geo_city": "臺北市", "nearest_estimate_min": 1.5}}, {"type": "Feature", "geometry": {"type": "Point", "coordinates": [121.587330314433, 24.9895918327333]}, "properties": {"stop_name": "政大清境社區", "district": "文山區", "geo_city": "臺北市", "nearest_estimate_min": 11.9}}, {"type": "Feature", "geometry": {"type": "Point", "coordinates": [121.576905, 24.990413]}, "properties": {"stop_name": "大誠高中", "district": "文山區", "geo_city": "臺北市", "nearest_estimate_min": 6.3}}, {"type": "Feature", "geometry": {"type": "Point", "coordinates": [121.581902, 25.059965]}, "properties": {"stop_name": "潭美國小(行善)", "district": "內湖區", "geo_city": "臺北市", "nearest_estimate_min": -1.0}}, {"type": "Feature", "geometry": {"type": "Point", "coordinates": [121.5328589, 25.0624771]}, "properties": {"stop_name": "民權松江路口", "district": "中山區", "geo_city": "臺北市", "nearest_estimate_min": 1.0}}, {"type": "Feature", "geometry": {"type": "Point", "coordinates": [121.587873523899, 25.0488726204446]}, "properties": {"stop_name": "國華新村", "district": "南港區", "geo_city": "臺北市", "nearest_estimate_min": 10.8}}, {"type": "Feature", "geometry": {"type": "Point", "coordinates": [121.593792638784, 24.9693585939103]}, "properties": {"stop_name": "茶推廣中心", "district": "文山區", "geo_city": "臺北市", "nearest_estimate_min": -1.0}}, {"type": "Feature", "geometry": {"type": "Point", "coordinates": [121.610311, 25.075572]}, "properties": {"stop_name": "康寧大學", "district": "內湖區", "geo_city": "臺北市", "nearest_estimate_min": -1.0}}, {"type": "Feature", "geometry": {"type": "Point", "coordinates": [121.5907021, 25.06290258]}, "properties": {"stop_name": "成功路二段(交流道)", "district": "內湖區", "geo_city": "臺北市", "nearest_estimate_min": 6.0}}, {"type": "Feature", "geometry": {"type": "Point", "coordinates": [121.5219958317649, 25.06836964371407]}, "properties": {"stop_name": "花博公園", "district": "中山區", "geo_city": "臺北市", "nearest_estimate_min": 31.9}}, {"type": "Feature", "geometry": {"type": "Point", "coordinates": [121.51763762219429, 25.090337395239796]}, "properties": {"stop_name": "福港街", "district": "士林區", "geo_city": "臺北市", "nearest_estimate_min": 17.0}}, {"type": "Feature", "geometry": {"type": "Point", "coordinates": [121.523626, 25.08816494]}, "properties": {"stop_name": "士林市場(銘傳會館)", "district": "士林區", "geo_city": "臺北市", "nearest_estimate_min": 24.5}}, {"type": "Feature", "geometry": {"type": "Point", "coordinates": [121.5020920746352, 25.022116707019617]}, "properties": {"stop_name": "青年路派出所", "district": "萬華區", "geo_city": "臺北市", "nearest_estimate_min": 1.8}}, {"type": "Feature", "geometry": {"type": "Point", "coordinates": [121.52551, 25.05362467]}, "properties": {"stop_name": "欣欣大眾公司", "district": "中山區", "geo_city": "臺北市", "nearest_estimate_min": -1.0}}, {"type": "Feature", "geometry": {"type": "Point", "coordinates": [121.5153917, 25.02888681]}, "properties": {"stop_name": "寧波重慶路口", "district": "中正區", "geo_city": "臺北市", "nearest_estimate_min": 7.0}}, {"type": "Feature", "geometry": {"type": "Point", "coordinates": [121.5146668, 25.04337336]}, "properties": {"stop_name": "博物館(襄陽)", "district": "中正區", "geo_city": "臺北市", "nearest_estimate_min": 3.9}}, {"type": "Feature", "geometry": {"type": "Point", "coordinates": [121.542536892973, 24.9897079824046]}, "properties": {"stop_name": "景美國小(景興)", "district": "文山區", "geo_city": "臺北市", "nearest_estimate_min": 7.4}}, {"type": "Feature", "geometry": {"type": "Point", "coordinates": [121.623751641276, 25.021787596715]}, "properties": {"stop_name": "福音山莊", "district": "南港區", "geo_city": "臺北市", "nearest_estimate_min": -1.0}}, {"type": "Feature", "geometry": {"type": "Point", "coordinates": [121.542890134918, 25.1795856835657]}, "properties": {"stop_name": "百拉卡公路入口", "district": "北投區", "geo_city": "臺北市", "nearest_estimate_min": -1.0}}, {"type": "Feature", "geometry": {"type": "Point", "coordinates": [121.5904106, 25.0632823]}, "properties": {"stop_name": "石潭金豐街口", "district": "內湖區", "geo_city": "臺北市", "nearest_estimate_min": 8.3}}, {"type": "Feature", "geometry": {"type": "Point", "coordinates": [121.555503, 25.04128222]}, "properties": {"stop_name": "交通部觀光署", "district": "大安區", "geo_city": "臺北市", "nearest_estimate_min": 8.7}}, {"type": "Feature", "geometry": {"type": "Point", "coordinates": [121.533098, 25.064434]}, "properties": {"stop_name": "行天宮", "district": "中山區", "geo_city": "臺北市", "nearest_estimate_min": -1.0}}, {"type": "Feature", "geometry": {"type": "Point", "coordinates": [121.5019792, 25.03968147]}, "properties": {"stop_name": "祖師廟(康定)", "district": "萬華區", "geo_city": "臺北市", "nearest_estimate_min": 1.7}}, {"type": "Feature", "geometry": {"type": "Point", "coordinates": [121.546296671701, 25.1361057782174]}, "properties": {"stop_name": "山仔后派出所", "district": "士林區", "geo_city": "臺北市", "nearest_estimate_min": 2.1}}, {"type": "Feature", "geometry": {"type": "Point", "coordinates": [121.5299293, 25.05134169]}, "properties": {"stop_name": "長安國小(吉林)", "district": "中山區", "geo_city": "臺北市", "nearest_estimate_min": -1.0}}, {"type": "Feature", "geometry": {"type": "Point", "coordinates": [121.52862, 25.04682]}, "properties": {"stop_name": "華山公園(市民大道一)", "district": "中山區", "geo_city": "臺北市", "nearest_estimate_min": 3.6}}, {"type": "Feature", "geometry": {"type": "Point", "coordinates": [121.52694, 25.15103]}, "properties": {"stop_name": "紅柿下", "district": "北投區", "geo_city": "臺北市", "nearest_estimate_min": -1.0}}, {"type": "Feature", "geometry": {"type": "Point", "coordinates": [121.53898, 25.11525]}, "properties": {"stop_name": "東山路", "district": "士林區", "geo_city": "臺北市", "nearest_estimate_min": 17.6}}, {"type": "Feature", "geometry": {"type": "Point", "coordinates": [121.569528, 25.055269]}, "properties": {"stop_name": "發電所(西松高中)", "district": "松山區", "geo_city": "臺北市", "nearest_estimate_min": 1.4}}, {"type": "Feature", "geometry": {"type": "Point", "coordinates": [121.532583, 25.140382]}, "properties": {"stop_name": "紗帽馬場", "district": "北投區", "geo_city": "臺北市", "nearest_estimate_min": -1.0}}, {"type": "Feature", "geometry": {"type": "Point", "coordinates": [121.56819, 25.11859]}, "properties": {"stop_name": "半嶺一", "district": "士林區", "geo_city": "臺北市", "nearest_estimate_min": -1.0}}, {"type": "Feature", "geometry": {"type": "Point", "coordinates": [121.5176838, 25.07201334]}, "properties": {"stop_name": "庫倫街", "district": "大同區", "geo_city": "臺北市", "nearest_estimate_min": 2.3}}, {"type": "Feature", "geometry": {"type": "Point", "coordinates": [121.5435725, 25.04090344]}, "properties": {"stop_name": "捷運忠孝復興站", "district": "大安區", "geo_city": "臺北市", "nearest_estimate_min": -1.0}}, {"type": "Feature", "geometry": {"type": "Point", "coordinates": [121.517445, 25.028027]}, "properties": {"stop_name": "福州街", "district": "中正區", "geo_city": "臺北市", "nearest_estimate_min": 7.1}}, {"type": "Feature", "geometry": {"type": "Point", "coordinates": [121.514486272409, 25.0385833202908]}, "properties": {"stop_name": "一女中(貴陽)", "district": "中正區", "geo_city": "臺北市", "nearest_estimate_min": 5.3}}, {"type": "Feature", "geometry": {"type": "Point", "coordinates": [121.5010585, 25.03486363]}, "properties": {"stop_name": "萬華車站", "district": "萬華區", "geo_city": "臺北市", "nearest_estimate_min": 6.0}}, {"type": "Feature", "geometry": {"type": "Point", "coordinates": [121.53683, 25.11823]}, "properties": {"stop_name": "天母國中", "district": "士林區", "geo_city": "臺北市", "nearest_estimate_min": -1.0}}, {"type": "Feature", "geometry": {"type": "Point", "coordinates": [121.5855192, 24.98653114]}, "properties": {"stop_name": "政大附中", "district": "文山區", "geo_city": "臺北市", "nearest_estimate_min": 8.7}}, {"type": "Feature", "geometry": {"type": "Point", "coordinates": [121.6075013, 25.07246542]}, "properties": {"stop_name": "捷運葫洲站(康寧大學)", "district": "內湖區", "geo_city": "臺北市", "nearest_estimate_min": 3.2}}, {"type": "Feature", "geometry": {"type": "Point", "coordinates": [121.592340188865, 25.0851216204339]}, "properties": {"stop_name": "貿商三村", "district": "內湖區", "geo_city": "臺北市", "nearest_estimate_min": 0.5}}, {"type": "Feature", "geometry": {"type": "Point", "coordinates": [121.4656716, 25.12719229]}, "properties": {"stop_name": "學園路口", "district": "北投區", "geo_city": "臺北市", "nearest_estimate_min": -1.0}}, {"type": "Feature", "geometry": {"type": "Point", "coordinates": [121.5577342, 25.04762]}, "properties": {"stop_name": "臺北市區監理所(光復)", "district": "松山區", "geo_city": "臺北市", "nearest_estimate_min": 7.6}}, {"type": "Feature", "geometry": {"type": "Point", "coordinates": [121.55626, 25.02511]}, "properties": {"stop_name": "黎順里", "district": "信義區", "geo_city": "臺北市", "nearest_estimate_min": 15.8}}, {"type": "Feature", "geometry": {"type": "Point", "coordinates": [121.557919, 25.042733]}, "properties": {"stop_name": "捷運國父紀念館站(光復)", "district": "信義區", "geo_city": "臺北市", "nearest_estimate_min": 1.8}}, {"type": "Feature", "geometry": {"type": "Point", "coordinates": [121.5916137, 25.08615502]}, "properties": {"stop_name": "碧山路口", "district": "內湖區", "geo_city": "臺北市", "nearest_estimate_min": -1.0}}, {"type": "Feature", "geometry": {"type": "Point", "coordinates": [121.50255, 25.03113]}, "properties": {"stop_name": "莒光派出所", "district": "萬華區", "geo_city": "臺北市", "nearest_estimate_min": 45.8}}, {"type": "Feature", "geometry": {"type": "Point", "coordinates": [121.561745, 25.023193]}, "properties": {"stop_name": "玄覺寺", "district": "信義區", "geo_city": "臺北市", "nearest_estimate_min": -1.0}}, {"type": "Feature", "geometry": {"type": "Point", "coordinates": [121.550354, 25.028825]}, "properties": {"stop_name": "立人國際國中小學", "district": "大安區", "geo_city": "臺北市", "nearest_estimate_min": 28.9}}, {"type": "Feature", "geometry": {"type": "Point", "coordinates": [121.4992227, 25.10326612]}, "properties": {"stop_name": "洲美街口", "district": "北投區", "geo_city": "臺北市", "nearest_estimate_min": -1.0}}, {"type": "Feature", "geometry": {"type": "Point", "coordinates": [121.582274, 25.062099]}, "properties": {"stop_name": "內湖站", "district": "內湖區", "geo_city": "臺北市", "nearest_estimate_min": -1.0}}, {"type": "Feature", "geometry": {"type": "Point", "coordinates": [121.52972, 25.1082539636723]}, "properties": {"stop_name": "德行忠誠路口", "district": "士林區", "geo_city": "臺北市", "nearest_estimate_min": 15.1}}, {"type": "Feature", "geometry": {"type": "Point", "coordinates": [121.54405, 25.1644]}, "properties": {"stop_name": "水雲澗", "district": "北投區", "geo_city": "臺北市", "nearest_estimate_min": 22.3}}, {"type": "Feature", "geometry": {"type": "Point", "coordinates": [121.5482394, 25.0808482]}, "properties": {"stop_name": "植福宮", "district": "中山區", "geo_city": "臺北市", "nearest_estimate_min": 13.5}}, {"type": "Feature", "geometry": {"type": "Point", "coordinates": [121.6162532, 25.07607757]}, "properties": {"stop_name": "安泰社區", "district": "內湖區", "geo_city": "臺北市", "nearest_estimate_min": -1.0}}, {"type": "Feature", "geometry": {"type": "Point", "coordinates": [121.5255005, 25.06394478]}, "properties": {"stop_name": "中山國小", "district": "中山區", "geo_city": "臺北市", "nearest_estimate_min": 34.5}}, {"type": "Feature", "geometry": {"type": "Point", "coordinates": [121.51700353811, 25.0462559043502]}, "properties": {"stop_name": "臺北車站(忠孝)", "district": "中正區", "geo_city": "臺北市", "nearest_estimate_min": 1.9}}, {"type": "Feature", "geometry": {"type": "Point", "coordinates": [121.471581488549, 25.1299720368887]}, "properties": {"stop_name": "和信醫院", "district": "北投區", "geo_city": "臺北市", "nearest_estimate_min": 35.6}}, {"type": "Feature", "geometry": {"type": "Point", "coordinates": [121.5949802, 25.0530195]}, "properties": {"stop_name": "南港高中", "district": "南港區", "geo_city": "臺北市", "nearest_estimate_min": 2.6}}, {"type": "Feature", "geometry": {"type": "Point", "coordinates": [121.5868, 25.08114]}, "properties": {"stop_name": "達人高中(臺灣戲曲學院)", "district": "內湖區", "geo_city": "臺北市", "nearest_estimate_min": 1.7}}, {"type": "Feature", "geometry": {"type": "Point", "coordinates": [121.578601086333, 24.9889796040779]}, "properties": {"stop_name": "指南山莊", "district": "文山區", "geo_city": "臺北市", "nearest_estimate_min": 21.2}}, {"type": "Feature", "geometry": {"type": "Point", "coordinates": [121.53368, 25.12754]}, "properties": {"stop_name": "天母古道登山口", "district": "士林區", "geo_city": "臺北市", "nearest_estimate_min": -1.0}}, {"type": "Feature", "geometry": {"type": "Point", "coordinates": [121.5603813, 24.99706037]}, "properties": {"stop_name": "文山運動中心(萬芳)", "district": "文山區", "geo_city": "臺北市", "nearest_estimate_min": 2.4}}, {"type": "Feature", "geometry": {"type": "Point", "coordinates": [121.534337688959, 25.0382385066713]}, "properties": {"stop_name": "幸安國小", "district": "大安區", "geo_city": "臺北市", "nearest_estimate_min": 9.3}}, {"type": "Feature", "geometry": {"type": "Point", "coordinates": [121.559129, 25.143152]}, "properties": {"stop_name": "礦寮一", "district": "士林區", "geo_city": "臺北市", "nearest_estimate_min": -1.0}}, {"type": "Feature", "geometry": {"type": "Point", "coordinates": [121.50369, 25.13267]}, "properties": {"stop_name": "北投市場(公館路)", "district": "北投區", "geo_city": "臺北市", "nearest_estimate_min": -1.0}}, {"type": "Feature", "geometry": {"type": "Point", "coordinates": [121.5282707, 25.13776309]}, "properties": {"stop_name": "行義路三", "district": "北投區", "geo_city": "臺北市", "nearest_estimate_min": 43.2}}, {"type": "Feature", "geometry": {"type": "Point", "coordinates": [121.55469770362868, 25.051594154729063]}, "properties": {"stop_name": "南京寧安街口", "district": "松山區", "geo_city": "臺北市", "nearest_estimate_min": 2.7}}, {"type": "Feature", "geometry": {"type": "Point", "coordinates": [121.50815979629, 25.125899152288]}, "properties": {"stop_name": "奇岩新村", "district": "北投區", "geo_city": "臺北市", "nearest_estimate_min": -1.0}}, {"type": "Feature", "geometry": {"type": "Point", "coordinates": [121.55919, 24.990768]}, "properties": {"stop_name": "興隆山莊", "district": "文山區", "geo_city": "臺北市", "nearest_estimate_min": 1.8}}, {"type": "Feature", "geometry": {"type": "Point", "coordinates": [121.50245, 25.118823]}, "properties": {"stop_name": "承德公舘路口", "district": "北投區", "geo_city": "臺北市", "nearest_estimate_min": 6.7}}, {"type": "Feature", "geometry": {"type": "Point", "coordinates": [121.59613, 25.06831]}, "properties": {"stop_name": "國防醫學大學", "district": "內湖區", "geo_city": "臺北市", "nearest_estimate_min": 24.9}}, {"type": "Feature", "geometry": {"type": "Point", "coordinates": [121.5691055, 24.99976765]}, "properties": {"stop_name": "萬芳6號公園", "district": "文山區", "geo_city": "臺北市", "nearest_estimate_min": 16.1}}, {"type": "Feature", "geometry": {"type": "Point", "coordinates": [121.616613990021, 25.056527828264]}, "properties": {"stop_name": "捷運南港展覽館站(經貿二)", "district": "南港區", "geo_city": "臺北市", "nearest_estimate_min": -1.0}}, {"type": "Feature", "geometry": {"type": "Point", "coordinates": [121.49544, 25.09636]}, "properties": {"stop_name": "福安里", "district": "士林區", "geo_city": "臺北市", "nearest_estimate_min": 24.4}}, {"type": "Feature", "geometry": {"type": "Point", "coordinates": [121.53922, 25.11433]}, "properties": {"stop_name": "職能發展學院", "district": "士林區", "geo_city": "臺北市", "nearest_estimate_min": -1.0}}, {"type": "Feature", "geometry": {"type": "Point", "coordinates": [121.58288, 25.11915]}, "properties": {"stop_name": "楓林橋", "district": "士林區", "geo_city": "臺北市", "nearest_estimate_min": -1.0}}, {"type": "Feature", "geometry": {"type": "Point", "coordinates": [121.4895177, 25.03207347]}, "properties": {"stop_name": "人壽一村", "district": "萬華區", "geo_city": "臺北市", "nearest_estimate_min": 14.3}}, {"type": "Feature", "geometry": {"type": "Point", "coordinates": [121.50643, 25.02149]}, "properties": {"stop_name": "青年公園(交通教學區)", "district": "萬華區", "geo_city": "臺北市", "nearest_estimate_min": 23.7}}, {"type": "Feature", "geometry": {"type": "Point", "coordinates": [121.58023, 24.98929]}, "properties": {"stop_name": "國關中心", "district": "文山區", "geo_city": "臺北市", "nearest_estimate_min": 13.5}}, {"type": "Feature", "geometry": {"type": "Point", "coordinates": [121.489860552554, 25.1423265533076]}, "properties": {"stop_name": "集應廟", "district": "北投區", "geo_city": "臺北市", "nearest_estimate_min": 23.5}}, {"type": "Feature", "geometry": {"type": "Point", "coordinates": [121.6549517, 25.02710056]}, "properties": {"stop_name": "大坑", "district": "南港區", "geo_city": "臺北市", "nearest_estimate_min": -1.0}}, {"type": "Feature", "geometry": {"type": "Point", "coordinates": [121.51466338277, 25.060110116537]}, "properties": {"stop_name": "大同分局", "district": "大同區", "geo_city": "臺北市", "nearest_estimate_min": 7.3}}, {"type": "Feature", "geometry": {"type": "Point", "coordinates": [121.5910436, 25.0646545]}, "properties": {"stop_name": "成功路二段(交流道)", "district": "內湖區", "geo_city": "臺北市", "nearest_estimate_min": 2.0}}, {"type": "Feature", "geometry": {"type": "Point", "coordinates": [121.54763, 25.02024]}, "properties": {"stop_name": "和平高中", "district": "大安區", "geo_city": "臺北市", "nearest_estimate_min": 5.0}}, {"type": "Feature", "geometry": {"type": "Point", "coordinates": [121.558337712714, 25.1420099648513]}, "properties": {"stop_name": "乾坑子", "district": "士林區", "geo_city": "臺北市", "nearest_estimate_min": -1.0}}, {"type": "Feature", "geometry": {"type": "Point", "coordinates": [121.5372533, 25.05999879]}, "properties": {"stop_name": "建國錦州街口", "district": "中山區", "geo_city": "臺北市", "nearest_estimate_min": -1.0}}, {"type": "Feature", "geometry": {"type": "Point", "coordinates": [121.568923, 25.04831013]}, "properties": {"stop_name": "基隆路口", "district": "信義區", "geo_city": "臺北市", "nearest_estimate_min": 41.0}}, {"type": "Feature", "geometry": {"type": "Point", "coordinates": [121.5155658, 25.02907366]}, "properties": {"stop_name": "寧波重慶路口", "district": "中正區", "geo_city": "臺北市", "nearest_estimate_min": 35.7}}, {"type": "Feature", "geometry": {"type": "Point", "coordinates": [121.53356246001, 25.1383198108801]}, "properties": {"stop_name": "欄杆橋頭福德宮", "district": "北投區", "geo_city": "臺北市", "nearest_estimate_min": -1.0}}, {"type": "Feature", "geometry": {"type": "Point", "coordinates": [121.550257364418, 25.0181390276757]}, "properties": {"stop_name": "芳和國中", "district": "大安區", "geo_city": "臺北市", "nearest_estimate_min": -1.0}}, {"type": "Feature", "geometry": {"type": "Point", "coordinates": [121.56375921983846, 25.05282745475233]}, "properties": {"stop_name": "西松國小", "district": "松山區", "geo_city": "臺北市", "nearest_estimate_min": 19.5}}, {"type": "Feature", "geometry": {"type": "Point", "coordinates": [121.5465214, 25.17999562]}, "properties": {"stop_name": "小觀音棧", "district": "北投區", "geo_city": "臺北市", "nearest_estimate_min": -1.0}}, {"type": "Feature", "geometry": {"type": "Point", "coordinates": [121.5812173, 25.06233253]}, "properties": {"stop_name": "行愛路77巷口", "district": "內湖區", "geo_city": "臺北市", "nearest_estimate_min": 13.6}}, {"type": "Feature", "geometry": {"type": "Point", "coordinates": [121.561144568697, 25.058808540179]}, "properties": {"stop_name": "民生社區活動中心", "district": "松山區", "geo_city": "臺北市", "nearest_estimate_min": 14.5}}, {"type": "Feature", "geometry": {"type": "Point", "coordinates": [121.5809507, 25.07198833]}, "properties": {"stop_name": "公館山", "district": "內湖區", "geo_city": "臺北市", "nearest_estimate_min": 0.0}}, {"type": "Feature", "geometry": {"type": "Point", "coordinates": [121.501973, 25.118907]}, "properties": {"stop_name": "承德公舘路口", "district": "北投區", "geo_city": "臺北市", "nearest_estimate_min": -1.0}}, {"type": "Feature", "geometry": {"type": "Point", "coordinates": [121.514023920514, 25.0530178614119]}, "properties": {"stop_name": "圓環(重慶)", "district": "大同區", "geo_city": "臺北市", "nearest_estimate_min": 5.2}}, {"type": "Feature", "geometry": {"type": "Point", "coordinates": [121.57766690657958, 25.07478024553194]}, "properties": {"stop_name": "瑞光路", "district": "內湖區", "geo_city": "臺北市", "nearest_estimate_min": 1.1}}, {"type": "Feature", "geometry": {"type": "Point", "coordinates": [121.49871, 25.13261]}, "properties": {"stop_name": "捷運北投站(育仁)", "district": "北投區", "geo_city": "臺北市", "nearest_estimate_min": -1.0}}, {"type": "Feature", "geometry": {"type": "Point", "coordinates": [121.5089595, 25.13659185]}, "properties": {"stop_name": "熱海大飯店", "district": "北投區", "geo_city": "臺北市", "nearest_estimate_min": -1.0}}, {"type": "Feature", "geometry": {"type": "Point", "coordinates": [121.580305, 25.011915]}, "properties": {"stop_name": "富德公墓", "district": "文山區", "geo_city": "臺北市", "nearest_estimate_min": -1.0}}, {"type": "Feature", "geometry": {"type": "Point", "coordinates": [121.5243501, 25.0242886]}, "properties": {"stop_name": "羅斯福金門街口", "district": "中正區", "geo_city": "臺北市", "nearest_estimate_min": 3.9}}, {"type": "Feature", "geometry": {"type": "Point", "coordinates": [121.5617952, 25.15108]}, "properties": {"stop_name": "絹絲瀑布", "district": "士林區", "geo_city": "臺北市", "nearest_estimate_min": -1.0}}, {"type": "Feature", "geometry": {"type": "Point", "coordinates": [121.605524, 24.970449]}, "properties": {"stop_name": "草湳", "district": "文山區", "geo_city": "臺北市", "nearest_estimate_min": 12.3}}, {"type": "Feature", "geometry": {"type": "Point", "coordinates": [121.534523, 25.066742]}, "properties": {"stop_name": "新生公園(建國)", "district": "中山區", "geo_city": "臺北市", "nearest_estimate_min": -1.0}}, {"type": "Feature", "geometry": {"type": "Point", "coordinates": [121.54065, 25.02532]}, "properties": {"stop_name": "國北教大實小", "district": "大安區", "geo_city": "臺北市", "nearest_estimate_min": 1.3}}, {"type": "Feature", "geometry": {"type": "Point", "coordinates": [121.524119571056, 25.0481741643018]}, "properties": {"stop_name": "華山公園", "district": "中山區", "geo_city": "臺北市", "nearest_estimate_min": 2.1}}, {"type": "Feature", "geometry": {"type": "Point", "coordinates": [121.5488002, 25.08160965]}, "properties": {"stop_name": "植福宮", "district": "中山區", "geo_city": "臺北市", "nearest_estimate_min": 5.2}}, {"type": "Feature", "geometry": {"type": "Point", "coordinates": [121.5493, 24.99759]}, "properties": {"stop_name": "仙岩公園", "district": "文山區", "geo_city": "臺北市", "nearest_estimate_min": -1.0}}, {"type": "Feature", "geometry": {"type": "Point", "coordinates": [121.570154, 25.051932]}, "properties": {"stop_name": "南松山(塔悠)", "district": "松山區", "geo_city": "臺北市", "nearest_estimate_min": 1.8}}, {"type": "Feature", "geometry": {"type": "Point", "coordinates": [121.50901, 25.11294]}, "properties": {"stop_name": "承德路七段", "district": "北投區", "geo_city": "臺北市", "nearest_estimate_min": 3.6}}, {"type": "Feature", "geometry": {"type": "Point", "coordinates": [121.569714, 25.044968]}, "properties": {"stop_name": "松隆路口", "district": "信義區", "geo_city": "臺北市", "nearest_estimate_min": 15.2}}, {"type": "Feature", "geometry": {"type": "Point", "coordinates": [121.5340244, 25.04853888]}, "properties": {"stop_name": "長安東路二段", "district": "中山區", "geo_city": "臺北市", "nearest_estimate_min": 1.0}}, {"type": "Feature", "geometry": {"type": "Point", "coordinates": [121.513583, 25.062704]}, "properties": {"stop_name": "捷運大橋頭站", "district": "大同區", "geo_city": "臺北市", "nearest_estimate_min": 7.5}}, {"type": "Feature", "geometry": {"type": "Point", "coordinates": [121.5977367, 25.08099496]}, "properties": {"stop_name": "康寧派出所", "district": "內湖區", "geo_city": "臺北市", "nearest_estimate_min": 3.4}}, {"type": "Feature", "geometry": {"type": "Point", "coordinates": [121.57862046795393, 25.036008316057096]}, "properties": {"stop_name": "松山商職(松山)", "district": "信義區", "geo_city": "臺北市", "nearest_estimate_min": 26.4}}, {"type": "Feature", "geometry": {"type": "Point", "coordinates": [121.540701, 25.17329468]}, "properties": {"stop_name": "頂湖山", "district": "北投區", "geo_city": "臺北市", "nearest_estimate_min": -1.0}}, {"type": "Feature", "geometry": {"type": "Point", "coordinates": [121.550375, 25.04139101]}, "properties": {"stop_name": "捷運忠孝敦化站", "district": "大安區", "geo_city": "臺北市", "nearest_estimate_min": -1.0}}, {"type": "Feature", "geometry": {"type": "Point", "coordinates": [121.51904, 25.10987]}, "properties": {"stop_name": "捷運明德站(東華)", "district": "北投區", "geo_city": "臺北市", "nearest_estimate_min": -1.0}}, {"type": "Feature", "geometry": {"type": "Point", "coordinates": [121.51367, 25.11668]}, "properties": {"stop_name": "石牌國中", "district": "北投區", "geo_city": "臺北市", "nearest_estimate_min": -1.0}}, {"type": "Feature", "geometry": {"type": "Point", "coordinates": [121.50208327245365, 25.029553445358935]}, "properties": {"stop_name": "西藏路", "district": "萬華區", "geo_city": "臺北市", "nearest_estimate_min": 22.5}}, {"type": "Feature", "geometry": {"type": "Point", "coordinates": [121.5040228, 25.03871131]}, "properties": {"stop_name": "昆明活動中心", "district": "萬華區", "geo_city": "臺北市", "nearest_estimate_min": 1.9}}, {"type": "Feature", "geometry": {"type": "Point", "coordinates": [121.529629, 25.155303]}, "properties": {"stop_name": "頂湖活動中心", "district": "北投區", "geo_city": "臺北市", "nearest_estimate_min": -1.0}}, {"type": "Feature", "geometry": {"type": "Point", "coordinates": [121.5408273, 25.04670644]}, "properties": {"stop_name": "中影八德大樓", "district": "中山區", "geo_city": "臺北市", "nearest_estimate_min": 14.5}}, {"type": "Feature", "geometry": {"type": "Point", "coordinates": [121.587632890382, 24.9881804824337]}, "properties": {"stop_name": "綠野山莊", "district": "文山區", "geo_city": "臺北市", "nearest_estimate_min": 11.3}}, {"type": "Feature", "geometry": {"type": "Point", "coordinates": [121.5056715, 25.12939742]}, "properties": {"stop_name": "石門", "district": "北投區", "geo_city": "臺北市", "nearest_estimate_min": -1.0}}, {"type": "Feature", "geometry": {"type": "Point", "coordinates": [121.54455, 25.09704]}, "properties": {"stop_name": "中影文化城", "district": "士林區", "geo_city": "臺北市", "nearest_estimate_min": -1.0}}, {"type": "Feature", "geometry": {"type": "Point", "coordinates": [121.5479855392, 25.0802161011772]}, "properties": {"stop_name": "捷運大直站", "district": "中山區", "geo_city": "臺北市", "nearest_estimate_min": 4.4}}, {"type": "Feature", "geometry": {"type": "Point", "coordinates": [121.568878, 24.967512]}, "properties": {"stop_name": "大春山莊", "district": "文山區", "geo_city": "臺北市", "nearest_estimate_min": -1.0}}, {"type": "Feature", "geometry": {"type": "Point", "coordinates": [121.556380790453, 25.1832921840912]}, "properties": {"stop_name": "臺寶", "district": "北投區", "geo_city": "臺北市", "nearest_estimate_min": -1.0}}, {"type": "Feature", "geometry": {"type": "Point", "coordinates": [121.532355169312, 25.1250319279241]}, "properties": {"stop_name": "天母圓環", "district": "士林區", "geo_city": "臺北市", "nearest_estimate_min": -1.0}}, {"type": "Feature", "geometry": {"type": "Point", "coordinates": [121.523149018086, 25.0230486091138]}, "properties": {"stop_name": "河堤國小", "district": "中正區", "geo_city": "臺北市", "nearest_estimate_min": 14.5}}, {"type": "Feature", "geometry": {"type": "Point", "coordinates": [121.515621, 25.07209068]}, "properties": {"stop_name": "大龍峒保安宮", "district": "大同區", "geo_city": "臺北市", "nearest_estimate_min": 2.7}}, {"type": "Feature", "geometry": {"type": "Point", "coordinates": [121.593879114086, 25.0834615421604]}, "properties": {"stop_name": "捷運內湖站", "district": "內湖區", "geo_city": "臺北市", "nearest_estimate_min": 4.8}}, {"type": "Feature", "geometry": {"type": "Point", "coordinates": [121.5387822, 25.00327364]}, "properties": {"stop_name": "武功國小(羅斯福)", "district": "文山區", "geo_city": "臺北市", "nearest_estimate_min": 0.5}}, {"type": "Feature", "geometry": {"type": "Point", "coordinates": [121.5605355, 25.10799451]}, "properties": {"stop_name": "翠山派出所", "district": "士林區", "geo_city": "臺北市", "nearest_estimate_min": 3.2}}, {"type": "Feature", "geometry": {"type": "Point", "coordinates": [121.527168964819, 25.1136575672193]}, "properties": {"stop_name": "賴厝", "district": "士林區", "geo_city": "臺北市", "nearest_estimate_min": 7.3}}, {"type": "Feature", "geometry": {"type": "Point", "coordinates": [121.513547, 25.06685]}, "properties": {"stop_name": "昌吉重慶路口(延平國小)", "district": "大同區", "geo_city": "臺北市", "nearest_estimate_min": -1.0}}, {"type": "Feature", "geometry": {"type": "Point", "coordinates": [121.56604487648086, 24.9836715763526]}, "properties": {"stop_name": "司法新村", "district": "文山區", "geo_city": "臺北市", "nearest_estimate_min": 8.1}}, {"type": "Feature", "geometry": {"type": "Point", "coordinates": [121.467155642476, 25.1208320010993]}, "properties": {"stop_name": "關渡國中(關渡醫院)", "district": "北投區", "geo_city": "臺北市", "nearest_estimate_min": 40.6}}, {"type": "Feature", "geometry": {"type": "Point", "coordinates": [121.575633643328, 25.037873435751]}, "properties": {"stop_name": "土地銀行", "district": "信義區", "geo_city": "臺北市", "nearest_estimate_min": -1.0}}, {"type": "Feature", "geometry": {"type": "Point", "coordinates": [121.618342, 25.074097]}, "properties": {"stop_name": "安泰公園", "district": "內湖區", "geo_city": "臺北市", "nearest_estimate_min": -1.0}}, {"type": "Feature", "geometry": {"type": "Point", "coordinates": [121.53168417722993, 25.108980959639226]}, "properties": {"stop_name": "德行東路", "district": "士林區", "geo_city": "臺北市", "nearest_estimate_min": -1.0}}, {"type": "Feature", "geometry": {"type": "Point", "coordinates": [121.5705, 25.11864]}, "properties": {"stop_name": "福德宮", "district": "士林區", "geo_city": "臺北市", "nearest_estimate_min": -1.0}}, {"type": "Feature", "geometry": {"type": "Point", "coordinates": [121.475216087313, 25.1328676139155]}, "properties": {"stop_name": "中央北路", "district": "北投區", "geo_city": "臺北市", "nearest_estimate_min": 34.6}}, {"type": "Feature", "geometry": {"type": "Point", "coordinates": [121.52919, 25.05791]}, "properties": {"stop_name": "中原街口(老人住宅)", "district": "中山區", "geo_city": "臺北市", "nearest_estimate_min": 6.0}}, {"type": "Feature", "geometry": {"type": "Point", "coordinates": [121.56842752097, 25.0121451742645]}, "properties": {"stop_name": "清水祖師廟", "district": "信義區", "geo_city": "臺北市", "nearest_estimate_min": -1.0}}, {"type": "Feature", "geometry": {"type": "Point", "coordinates": [121.53833135465409, 25.04151329724535]}, "properties": {"stop_name": "正義郵局", "district": "大安區", "geo_city": "臺北市", "nearest_estimate_min": 2.5}}, {"type": "Feature", "geometry": {"type": "Point", "coordinates": [121.53404332756475, 25.054886747662636]}, "properties": {"stop_name": "長春國小", "district": "中山區", "geo_city": "臺北市", "nearest_estimate_min": 8.5}}, {"type": "Feature", "geometry": {"type": "Point", "coordinates": [121.566535683299, 25.0512559293088]}, "properties": {"stop_name": "南京公寓(捷運南京三民)", "district": "松山區", "geo_city": "臺北市", "nearest_estimate_min": 3.1}}, {"type": "Feature", "geometry": {"type": "Point", "coordinates": [121.615728, 25.047462]}, "properties": {"stop_name": "圓拱橋", "district": "南港區", "geo_city": "臺北市", "nearest_estimate_min": 5.3}}, {"type": "Feature", "geometry": {"type": "Point", "coordinates": [121.553994124674, 25.0330873803964]}, "properties": {"stop_name": "信義通化街口", "district": "大安區", "geo_city": "臺北市", "nearest_estimate_min": 4.9}}, {"type": "Feature", "geometry": {"type": "Point", "coordinates": [121.567407790567, 25.0357841121602]}, "properties": {"stop_name": "松壽路口", "district": "信義區", "geo_city": "臺北市", "nearest_estimate_min": 1.3}}, {"type": "Feature", "geometry": {"type": "Point", "coordinates": [121.55556, 25.05562]}, "properties": {"stop_name": "松山新城", "district": "松山區", "geo_city": "臺北市", "nearest_estimate_min": -1.0}}, {"type": "Feature", "geometry": {"type": "Point", "coordinates": [121.5626346, 25.00347536]}, "properties": {"stop_name": "萬美社區", "district": "文山區", "geo_city": "臺北市", "nearest_estimate_min": -1.0}}, {"type": "Feature", "geometry": {"type": "Point", "coordinates": [121.56523, 25.05013]}, "properties": {"stop_name": "東興路一", "district": "松山區", "geo_city": "臺北市", "nearest_estimate_min": 1.6}}, {"type": "Feature", "geometry": {"type": "Point", "coordinates": [121.488841, 25.143659]}, "properties": {"stop_name": "大華柏園", "district": "北投區", "geo_city": "臺北市", "nearest_estimate_min": 22.2}}, {"type": "Feature", "geometry": {"type": "Point", "coordinates": [121.55711, 25.08386]}, "properties": {"stop_name": "美麗華(植福)", "district": "中山區", "geo_city": "臺北市", "nearest_estimate_min": -1.0}}, {"type": "Feature", "geometry": {"type": "Point", "coordinates": [121.5246159, 25.02678744]}, "properties": {"stop_name": "捷運古亭站(和平)", "district": "大安區", "geo_city": "臺北市", "nearest_estimate_min": 3.9}}, {"type": "Feature", "geometry": {"type": "Point", "coordinates": [121.5911913, 25.07865237]}, "properties": {"stop_name": "星雲街", "district": "內湖區", "geo_city": "臺北市", "nearest_estimate_min": 35.5}}, {"type": "Feature", "geometry": {"type": "Point", "coordinates": [121.556649286559, 25.079873]}, "properties": {"stop_name": "大直美堤花園三", "district": "中山區", "geo_city": "臺北市", "nearest_estimate_min": 6.8}}, {"type": "Feature", "geometry": {"type": "Point", "coordinates": [121.5694638, 25.03917116]}, "properties": {"stop_name": "中油大樓", "district": "信義區", "geo_city": "臺北市", "nearest_estimate_min": -1.0}}, {"type": "Feature", "geometry": {"type": "Point", "coordinates": [121.555481, 25.002425]}, "properties": {"stop_name": "興隆路口(辛亥)", "district": "文山區", "geo_city": "臺北市", "nearest_estimate_min": 4.9}}, {"type": "Feature", "geometry": {"type": "Point", "coordinates": [121.51518, 25.03176]}, "properties": {"stop_name": "牯嶺街小劇場", "district": "中正區", "geo_city": "臺北市", "nearest_estimate_min": 1.1}}, {"type": "Feature", "geometry": {"type": "Point", "coordinates": [121.55813, 25.0331]}, "properties": {"stop_name": "信義光復路口", "district": "信義區", "geo_city": "臺北市", "nearest_estimate_min": 3.9}}, {"type": "Feature", "geometry": {"type": "Point", "coordinates": [121.506903709074, 25.0378687908132]}, "properties": {"stop_name": "小南門", "district": "中正區", "geo_city": "臺北市", "nearest_estimate_min": 2.7}}, {"type": "Feature", "geometry": {"type": "Point", "coordinates": [121.57575, 25.04838]}, "properties": {"stop_name": "虎林街口", "district": "信義區", "geo_city": "臺北市", "nearest_estimate_min": -1.0}}, {"type": "Feature", "geometry": {"type": "Point", "coordinates": [121.517616379607, 25.0939491036857]}, "properties": {"stop_name": "士林高商", "district": "士林區", "geo_city": "臺北市", "nearest_estimate_min": 12.9}}, {"type": "Feature", "geometry": {"type": "Point", "coordinates": [121.547813, 25.150204]}, "properties": {"stop_name": "教師中心", "district": "北投區", "geo_city": "臺北市", "nearest_estimate_min": -1.0}}, {"type": "Feature", "geometry": {"type": "Point", "coordinates": [121.5603, 25.02534]}, "properties": {"stop_name": "克勤新村", "district": "信義區", "geo_city": "臺北市", "nearest_estimate_min": 14.1}}, {"type": "Feature", "geometry": {"type": "Point", "coordinates": [121.528697, 25.020027]}, "properties": {"stop_name": "捷運台電大樓站", "district": "中正區", "geo_city": "臺北市", "nearest_estimate_min": 0.7}}, {"type": "Feature", "geometry": {"type": "Point", "coordinates": [121.563178869925, 25.1677213409641]}, "properties": {"stop_name": "冷水坑", "district": "士林區", "geo_city": "臺北市", "nearest_estimate_min": -1.0}}, {"type": "Feature", "geometry": {"type": "Point", "coordinates": [121.5349231, 25.02527096]}, "properties": {"stop_name": "龍安國小(公務人力發展學院)", "district": "大安區", "geo_city": "臺北市", "nearest_estimate_min": 5.3}}, {"type": "Feature", "geometry": {"type": "Point", "coordinates": [121.60671395938819, 25.051922100664566]}, "properties": {"stop_name": "捷運南港站", "district": "南港區", "geo_city": "臺北市", "nearest_estimate_min": 6.4}}, {"type": "Feature", "geometry": {"type": "Point", "coordinates": [121.555814, 24.97471]}, "properties": {"stop_name": "國道3號26Km(虛擬站不停靠)", "district": "文山區", "geo_city": "臺北市", "nearest_estimate_min": -1.0}}, {"type": "Feature", "geometry": {"type": "Point", "coordinates": [121.576757, 24.989679]}, "properties": {"stop_name": "萬興國小", "district": "文山區", "geo_city": "臺北市", "nearest_estimate_min": 1.0}}, {"type": "Feature", "geometry": {"type": "Point", "coordinates": [121.623535298122, 25.0219121211137]}, "properties": {"stop_name": "福音山莊", "district": "南港區", "geo_city": "臺北市", "nearest_estimate_min": -1.0}}, {"type": "Feature", "geometry": {"type": "Point", "coordinates": [121.52496462789321, 25.105464036905595]}, "properties": {"stop_name": "士林電機(中山德行路口)", "district": "士林區", "geo_city": "臺北市", "nearest_estimate_min": 2.3}}, {"type": "Feature", "geometry": {"type": "Point", "coordinates": [121.5716, 25.05]}, "properties": {"stop_name": "饒河街觀光夜市(八德)", "district": "松山區", "geo_city": "臺北市", "nearest_estimate_min": 2.5}}, {"type": "Feature", "geometry": {"type": "Point", "coordinates": [121.574202, 25.048149]}, "properties": {"stop_name": "虎林街口", "district": "信義區", "geo_city": "臺北市", "nearest_estimate_min": 8.2}}, {"type": "Feature", "geometry": {"type": "Point", "coordinates": [121.538617, 25.025646]}, "properties": {"stop_name": "龍門國中(和平)", "district": "大安區", "geo_city": "臺北市", "nearest_estimate_min": -1.0}}, {"type": "Feature", "geometry": {"type": "Point", "coordinates": [121.57652, 25.1298]}, "properties": {"stop_name": "平等國小", "district": "士林區", "geo_city": "臺北市", "nearest_estimate_min": -1.0}}, {"type": "Feature", "geometry": {"type": "Point", "coordinates": [121.5984, 25.06726047]}, "properties": {"stop_name": "民權東路六段(民權敦品)", "district": "內湖區", "geo_city": "臺北市", "nearest_estimate_min": 23.5}}, {"type": "Feature", "geometry": {"type": "Point", "coordinates": [121.55034, 24.99656]}, "properties": {"stop_name": "興安宮", "district": "文山區", "geo_city": "臺北市", "nearest_estimate_min": -1.0}}, {"type": "Feature", "geometry": {"type": "Point", "coordinates": [121.5008467, 25.03852036]}, "properties": {"stop_name": "桂林路", "district": "萬華區", "geo_city": "臺北市", "nearest_estimate_min": 15.4}}, {"type": "Feature", "geometry": {"type": "Point", "coordinates": [121.527703, 25.091209]}, "properties": {"stop_name": "台電台北北區營業處", "district": "士林區", "geo_city": "臺北市", "nearest_estimate_min": 17.2}}, {"type": "Feature", "geometry": {"type": "Point", "coordinates": [121.549738, 25.139235]}, "properties": {"stop_name": "淨水廠", "district": "士林區", "geo_city": "臺北市", "nearest_estimate_min": 8.7}}, {"type": "Feature", "geometry": {"type": "Point", "coordinates": [121.5497128929114, 25.151258917059053]}, "properties": {"stop_name": "中山樓", "district": "北投區", "geo_city": "臺北市", "nearest_estimate_min": 13.0}}, {"type": "Feature", "geometry": {"type": "Point", "coordinates": [121.53307, 25.06338]}, "properties": {"stop_name": "行天宮", "district": "中山區", "geo_city": "臺北市", "nearest_estimate_min": -1.0}}, {"type": "Feature", "geometry": {"type": "Point", "coordinates": [121.5098376, 25.02479555]}, "properties": {"stop_name": "古亭國中", "district": "中正區", "geo_city": "臺北市", "nearest_estimate_min": 12.8}}, {"type": "Feature", "geometry": {"type": "Point", "coordinates": [121.6048395, 25.07190837]}, "properties": {"stop_name": "民權隧道", "district": "內湖區", "geo_city": "臺北市", "nearest_estimate_min": 2.1}}, {"type": "Feature", "geometry": {"type": "Point", "coordinates": [121.5393892, 25.00136317]}, "properties": {"stop_name": "捷運萬隆站", "district": "文山區", "geo_city": "臺北市", "nearest_estimate_min": 5.8}}, {"type": "Feature", "geometry": {"type": "Point", "coordinates": [121.56657, 24.9885]}, "properties": {"stop_name": "木柵", "district": "文山區", "geo_city": "臺北市", "nearest_estimate_min": 13.5}}, {"type": "Feature", "geometry": {"type": "Point", "coordinates": [121.512447, 25.142631]}, "properties": {"stop_name": "48號公園", "district": "北投區", "geo_city": "臺北市", "nearest_estimate_min": -1.0}}, {"type": "Feature", "geometry": {"type": "Point", "coordinates": [121.5328703, 25.03779674]}, "properties": {"stop_name": "仁愛新生路口", "district": "大安區", "geo_city": "臺北市", "nearest_estimate_min": 6.5}}, {"type": "Feature", "geometry": {"type": "Point", "coordinates": [121.553619, 25.041262]}, "properties": {"stop_name": "阿波羅大廈", "district": "大安區", "geo_city": "臺北市", "nearest_estimate_min": 8.2}}, {"type": "Feature", "geometry": {"type": "Point", "coordinates": [121.514132, 25.14789]}, "properties": {"stop_name": "嶺頭", "district": "北投區", "geo_city": "臺北市", "nearest_estimate_min": 0.9}}, {"type": "Feature", "geometry": {"type": "Point", "coordinates": [121.540087, 25.082444]}, "properties": {"stop_name": "圓山新城一", "district": "中山區", "geo_city": "臺北市", "nearest_estimate_min": 20.0}}, {"type": "Feature", "geometry": {"type": "Point", "coordinates": [121.5107678372, 25.0283210023074]}, "properties": {"stop_name": "龍興宮", "district": "中正區", "geo_city": "臺北市", "nearest_estimate_min": 57.3}}, {"type": "Feature", "geometry": {"type": "Point", "coordinates": [121.4979101, 25.03842129]}, "properties": {"stop_name": "萬華分局", "district": "萬華區", "geo_city": "臺北市", "nearest_estimate_min": -1.0}}, {"type": "Feature", "geometry": {"type": "Point", "coordinates": [121.5287418, 25.04827485]}, "properties": {"stop_name": "正守公園", "district": "中山區", "geo_city": "臺北市", "nearest_estimate_min": -1.0}}, {"type": "Feature", "geometry": {"type": "Point", "coordinates": [121.521603, 25.039391]}, "properties": {"stop_name": "仁愛林森路口", "district": "中正區", "geo_city": "臺北市", "nearest_estimate_min": 8.8}}, {"type": "Feature", "geometry": {"type": "Point", "coordinates": [121.55668, 25.12497]}, "properties": {"stop_name": "新安路四", "district": "士林區", "geo_city": "臺北市", "nearest_estimate_min": -1.0}}, {"type": "Feature", "geometry": {"type": "Point", "coordinates": [121.51829, 25.05801]}, "properties": {"stop_name": "民生西路口", "district": "大同區", "geo_city": "臺北市", "nearest_estimate_min": 0.8}}, {"type": "Feature", "geometry": {"type": "Point", "coordinates": [121.594275, 25.05036]}, "properties": {"stop_name": "捷運昆陽站", "district": "南港區", "geo_city": "臺北市", "nearest_estimate_min": 1.4}}, {"type": "Feature", "geometry": {"type": "Point", "coordinates": [121.542530095186, 25.0015098013863]}, "properties": {"stop_name": "景明街口", "district": "文山區", "geo_city": "臺北市", "nearest_estimate_min": 2.1}}, {"type": "Feature", "geometry": {"type": "Point", "coordinates": [121.5713602, 25.08636101]}, "properties": {"stop_name": "環山路", "district": "內湖區", "geo_city": "臺北市", "nearest_estimate_min": 8.4}}, {"type": "Feature", "geometry": {"type": "Point", "coordinates": [121.5363395, 24.99550417]}, "properties": {"stop_name": "景福街", "district": "文山區", "geo_city": "臺北市", "nearest_estimate_min": 42.3}}, {"type": "Feature", "geometry": {"type": "Point", "coordinates": [121.5146583, 25.02615202]}, "properties": {"stop_name": "螢橋國小", "district": "中正區", "geo_city": "臺北市", "nearest_estimate_min": 17.5}}, {"type": "Feature", "geometry": {"type": "Point", "coordinates": [121.5894925, 25.08178839]}, "properties": {"stop_name": "內湖派出所", "district": "內湖區", "geo_city": "臺北市", "nearest_estimate_min": 2.6}}, {"type": "Feature", "geometry": {"type": "Point", "coordinates": [121.597276, 25.132229]}, "properties": {"stop_name": "風櫃嘴", "district": "士林區", "geo_city": "臺北市", "nearest_estimate_min": -1.0}}, {"type": "Feature", "geometry": {"type": "Point", "coordinates": [121.5024023, 25.04057897]}, "properties": {"stop_name": "康定路口", "district": "萬華區", "geo_city": "臺北市", "nearest_estimate_min": -1.0}}, {"type": "Feature", "geometry": {"type": "Point", "coordinates": [121.5091008, 25.0390539]}, "properties": {"stop_name": "東吳大學城中校區", "district": "中正區", "geo_city": "臺北市", "nearest_estimate_min": 4.3}}, {"type": "Feature", "geometry": {"type": "Point", "coordinates": [121.50973, 25.07998]}, "properties": {"stop_name": "富光里", "district": "士林區", "geo_city": "臺北市", "nearest_estimate_min": -1.0}}, {"type": "Feature", "geometry": {"type": "Point", "coordinates": [121.499837638124, 25.1580820855399]}, "properties": {"stop_name": "頭前崙", "district": "北投區", "geo_city": "臺北市", "nearest_estimate_min": 10.7}}, {"type": "Feature", "geometry": {"type": "Point", "coordinates": [121.549735378275, 24.9873383747906]}, "properties": {"stop_name": "考試院", "district": "文山區", "geo_city": "臺北市", "nearest_estimate_min": 12.0}}, {"type": "Feature", "geometry": {"type": "Point", "coordinates": [121.50954, 25.09057]}, "properties": {"stop_name": "國泰人壽大樓", "district": "士林區", "geo_city": "臺北市", "nearest_estimate_min": 7.1}}, {"type": "Feature", "geometry": {"type": "Point", "coordinates": [121.56085606375822, 25.015923661863052]}, "properties": {"stop_name": "麟光站", "district": "信義區", "geo_city": "臺北市", "nearest_estimate_min": -1.0}}, {"type": "Feature", "geometry": {"type": "Point", "coordinates": [121.496162828269, 25.0295844111411]}, "properties": {"stop_name": "華江高中(西園)", "district": "萬華區", "geo_city": "臺北市", "nearest_estimate_min": 7.6}}, {"type": "Feature", "geometry": {"type": "Point", "coordinates": [121.576285, 24.99626767]}, "properties": {"stop_name": "貓纜動物園站", "district": "文山區", "geo_city": "臺北市", "nearest_estimate_min": 3.3}}, {"type": "Feature", "geometry": {"type": "Point", "coordinates": [121.504158979648, 25.1376964610609]}, "properties": {"stop_name": "新北投", "district": "北投區", "geo_city": "臺北市", "nearest_estimate_min": 0.8}}, {"type": "Feature", "geometry": {"type": "Point", "coordinates": [121.58467, 25.07492]}, "properties": {"stop_name": "紫陽", "district": "內湖區", "geo_city": "臺北市", "nearest_estimate_min": 26.5}}, {"type": "Feature", "geometry": {"type": "Point", "coordinates": [121.5185171, 25.06632905]}, "properties": {"stop_name": "大同國小", "district": "大同區", "geo_city": "臺北市", "nearest_estimate_min": 5.4}}, {"type": "Feature", "geometry": {"type": "Point", "coordinates": [121.48925, 25.13839]}, "properties": {"stop_name": "豐年郵局", "district": "北投區", "geo_city": "臺北市", "nearest_estimate_min": -1.0}}, {"type": "Feature", "geometry": {"type": "Point", "coordinates": [121.502937, 25.137791]}, "properties": {"stop_name": "新北投", "district": "北投區", "geo_city": "臺北市", "nearest_estimate_min": 19.4}}, {"type": "Feature", "geometry": {"type": "Point", "coordinates": [121.58021, 24.99881]}, "properties": {"stop_name": "捷運動物園站", "district": "文山區", "geo_city": "臺北市", "nearest_estimate_min": 4.9}}, {"type": "Feature", "geometry": {"type": "Point", "coordinates": [121.5324399, 25.15105389]}, "properties": {"stop_name": "頂北投", "district": "北投區", "geo_city": "臺北市", "nearest_estimate_min": 6.3}}, {"type": "Feature", "geometry": {"type": "Point", "coordinates": [121.5193796, 25.08302155]}, "properties": {"stop_name": "華齡街", "district": "士林區", "geo_city": "臺北市", "nearest_estimate_min": -1.0}}, {"type": "Feature", "geometry": {"type": "Point", "coordinates": [121.5317999, 25.04021896]}, "properties": {"stop_name": "新生南路一段", "district": "中正區", "geo_city": "臺北市", "nearest_estimate_min": -1.0}}, {"type": "Feature", "geometry": {"type": "Point", "coordinates": [121.5438266, 25.03340442]}, "properties": {"stop_name": "捷運大安站(信義)", "district": "大安區", "geo_city": "臺北市", "nearest_estimate_min": 48.1}}, {"type": "Feature", "geometry": {"type": "Point", "coordinates": [121.56976146408, 24.9876073867321]}, "properties": {"stop_name": "指南路", "district": "文山區", "geo_city": "臺北市", "nearest_estimate_min": -1.0}}, {"type": "Feature", "geometry": {"type": "Point", "coordinates": [121.52711834288, 25.1443164405307]}, "properties": {"stop_name": "惇敘工商(泉源)", "district": "北投區", "geo_city": "臺北市", "nearest_estimate_min": 44.9}}, {"type": "Feature", "geometry": {"type": "Point", "coordinates": [121.53901, 25.006894]}, "properties": {"stop_name": "師大分部", "district": "文山區", "geo_city": "臺北市", "nearest_estimate_min": -1.0}}, {"type": "Feature", "geometry": {"type": "Point", "coordinates": [121.54312, 25.0472080804531]}, "properties": {"stop_name": "中崙", "district": "中山區", "geo_city": "臺北市", "nearest_estimate_min": 15.3}}, {"type": "Feature", "geometry": {"type": "Point", "coordinates": [121.593177, 25.084374]}, "properties": {"stop_name": "捷運內湖站(內湖)", "district": "內湖區", "geo_city": "臺北市", "nearest_estimate_min": 31.8}}, {"type": "Feature", "geometry": {"type": "Point", "coordinates": [121.59249, 25.07995]}, "properties": {"stop_name": "康寧路一段", "district": "內湖區", "geo_city": "臺北市", "nearest_estimate_min": -1.0}}, {"type": "Feature", "geometry": {"type": "Point", "coordinates": [121.514498656168, 25.0386560843846]}, "properties": {"stop_name": "一女中(貴陽)", "district": "中正區", "geo_city": "臺北市", "nearest_estimate_min": 3.4}}, {"type": "Feature", "geometry": {"type": "Point", "coordinates": [121.58759, 25.125]}, "properties": {"stop_name": "聖人橋", "district": "士林區", "geo_city": "臺北市", "nearest_estimate_min": -1.0}}, {"type": "Feature", "geometry": {"type": "Point", "coordinates": [121.57509, 25.13203]}, "properties": {"stop_name": "圳仔頭", "district": "士林區", "geo_city": "臺北市", "nearest_estimate_min": -1.0}}, {"type": "Feature", "geometry": {"type": "Point", "coordinates": [121.5796725, 25.03348445]}, "properties": {"stop_name": "永春高中", "district": "信義區", "geo_city": "臺北市", "nearest_estimate_min": 2.1}}, {"type": "Feature", "geometry": {"type": "Point", "coordinates": [121.4992698, 25.10331235]}, "properties": {"stop_name": "洲美街口", "district": "北投區", "geo_city": "臺北市", "nearest_estimate_min": -1.0}}, {"type": "Feature", "geometry": {"type": "Point", "coordinates": [121.555910878022, 25.0210340657202]}, "properties": {"stop_name": "富陽街口", "district": "大安區", "geo_city": "臺北市", "nearest_estimate_min": 5.7}}, {"type": "Feature", "geometry": {"type": "Point", "coordinates": [121.51118726583476, 25.136312684434923]}, "properties": {"stop_name": "普濟寺", "district": "北投區", "geo_city": "臺北市", "nearest_estimate_min": -1.0}}, {"type": "Feature", "geometry": {"type": "Point", "coordinates": [121.5318325, 25.1434918]}, "properties": {"stop_name": "第二展望", "district": "北投區", "geo_city": "臺北市", "nearest_estimate_min": 4.2}}, {"type": "Feature", "geometry": {"type": "Point", "coordinates": [121.5746629, 25.03236982]}, "properties": {"stop_name": "松德站", "district": "信義區", "geo_city": "臺北市", "nearest_estimate_min": -1.0}}, {"type": "Feature", "geometry": {"type": "Point", "coordinates": [121.505465333891, 25.028384629531]}, "properties": {"stop_name": "南機場公寓", "district": "萬華區", "geo_city": "臺北市", "nearest_estimate_min": 0.9}}, {"type": "Feature", "geometry": {"type": "Point", "coordinates": [121.50829, 25.12566]}, "properties": {"stop_name": "奇岩新村", "district": "北投區", "geo_city": "臺北市", "nearest_estimate_min": -1.0}}, {"type": "Feature", "geometry": {"type": "Point", "coordinates": [121.54906, 25.03196]}, "properties": {"stop_name": "信義敦化路口", "district": "大安區", "geo_city": "臺北市", "nearest_estimate_min": 22.5}}, {"type": "Feature", "geometry": {"type": "Point", "coordinates": [121.508648, 25.120154]}, "properties": {"stop_name": "健行新村(西安)", "district": "北投區", "geo_city": "臺北市", "nearest_estimate_min": -1.0}}, {"type": "Feature", "geometry": {"type": "Point", "coordinates": [121.514664, 25.10300026]}, "properties": {"stop_name": "士科路", "district": "北投區", "geo_city": "臺北市", "nearest_estimate_min": -1.0}}, {"type": "Feature", "geometry": {"type": "Point", "coordinates": [121.53245, 25.12420428]}, "properties": {"stop_name": "天母", "district": "士林區", "geo_city": "臺北市", "nearest_estimate_min": 3.0}}, {"type": "Feature", "geometry": {"type": "Point", "coordinates": [121.5661456, 25.10628925]}, "properties": {"stop_name": "雙溪站", "district": "士林區", "geo_city": "臺北市", "nearest_estimate_min": 13.1}}, {"type": "Feature", "geometry": {"type": "Point", "coordinates": [121.5180213, 25.07188056]}, "properties": {"stop_name": "庫倫街", "district": "大同區", "geo_city": "臺北市", "nearest_estimate_min": 1.6}}, {"type": "Feature", "geometry": {"type": "Point", "coordinates": [121.561849824052, 24.9820534481377]}, "properties": {"stop_name": "國泰新村(木新)", "district": "文山區", "geo_city": "臺北市", "nearest_estimate_min": 4.5}}, {"type": "Feature", "geometry": {"type": "Point", "coordinates": [121.54387, 25.0341]}, "properties": {"stop_name": "捷運大安站(復興)", "district": "大安區", "geo_city": "臺北市", "nearest_estimate_min": 9.5}}, {"type": "Feature", "geometry": {"type": "Point", "coordinates": [121.53800596197, 25.029775296009]}, "properties": {"stop_name": "大安國宅", "district": "大安區", "geo_city": "臺北市", "nearest_estimate_min": -1.0}}, {"type": "Feature", "geometry": {"type": "Point", "coordinates": [121.58944921111004, 25.06333574928623]}, "properties": {"stop_name": "石潭成功路口", "district": "內湖區", "geo_city": "臺北市", "nearest_estimate_min": -1.0}}, {"type": "Feature", "geometry": {"type": "Point", "coordinates": [121.55214, 25.07972]}, "properties": {"stop_name": "明水路二", "district": "中山區", "geo_city": "臺北市", "nearest_estimate_min": -1.0}}, {"type": "Feature", "geometry": {"type": "Point", "coordinates": [121.6244801, 25.02497284]}, "properties": {"stop_name": "豐臺煤礦", "district": "南港區", "geo_city": "臺北市", "nearest_estimate_min": -1.0}}, {"type": "Feature", "geometry": {"type": "Point", "coordinates": [121.51256, 25.02767]}, "properties": {"stop_name": "三元街", "district": "中正區", "geo_city": "臺北市", "nearest_estimate_min": 57.0}}, {"type": "Feature", "geometry": {"type": "Point", "coordinates": [121.499132, 25.107965]}, "properties": {"stop_name": "北投焚化廠觀景台", "district": "北投區", "geo_city": "臺北市", "nearest_estimate_min": -1.0}}, {"type": "Feature", "geometry": {"type": "Point", "coordinates": [121.51817, 25.09192]}, "properties": {"stop_name": "陽明高中", "district": "士林區", "geo_city": "臺北市", "nearest_estimate_min": 2.5}}, {"type": "Feature", "geometry": {"type": "Point", "coordinates": [121.55468793143969, 25.085303158353604]}, "properties": {"stop_name": "捷運劍南路站", "district": "中山區", "geo_city": "臺北市", "nearest_estimate_min": 10.6}}, {"type": "Feature", "geometry": {"type": "Point", "coordinates": [121.511073, 25.02706]}, "properties": {"stop_name": "汀州路", "district": "中正區", "geo_city": "臺北市", "nearest_estimate_min": 18.4}}, {"type": "Feature", "geometry": {"type": "Point", "coordinates": [121.499973, 25.033084]}, "properties": {"stop_name": "萬華車站", "district": "萬華區", "geo_city": "臺北市", "nearest_estimate_min": -1.0}}, {"type": "Feature", "geometry": {"type": "Point", "coordinates": [121.56473, 25.12663]}, "properties": {"stop_name": "公館里", "district": "士林區", "geo_city": "臺北市", "nearest_estimate_min": 22.9}}, {"type": "Feature", "geometry": {"type": "Point", "coordinates": [121.5308318, 25.04843271]}, "properties": {"stop_name": "長安國小(長安)", "district": "中山區", "geo_city": "臺北市", "nearest_estimate_min": 34.5}}, {"type": "Feature", "geometry": {"type": "Point", "coordinates": [121.56002, 25.17127]}, "properties": {"stop_name": "夢幻湖", "district": "北投區", "geo_city": "臺北市", "nearest_estimate_min": -1.0}}, {"type": "Feature", "geometry": {"type": "Point", "coordinates": [121.504544748237, 25.137839376017]}, "properties": {"stop_name": "新北投", "district": "北投區", "geo_city": "臺北市", "nearest_estimate_min": -1.0}}, {"type": "Feature", "geometry": {"type": "Point", "coordinates": [121.57999610766447, 24.983063000243483]}, "properties": {"stop_name": "政大威秀", "district": "文山區", "geo_city": "臺北市", "nearest_estimate_min": 11.4}}, {"type": "Feature", "geometry": {"type": "Point", "coordinates": [121.533012542409, 25.0260973914545]}, "properties": {"stop_name": "溫州街口", "district": "大安區", "geo_city": "臺北市", "nearest_estimate_min": 1.5}}, {"type": "Feature", "geometry": {"type": "Point", "coordinates": [121.548018, 24.997497]}, "properties": {"stop_name": "景華街", "district": "文山區", "geo_city": "臺北市", "nearest_estimate_min": -1.0}}, {"type": "Feature", "geometry": {"type": "Point", "coordinates": [121.547571, 25.024522]}, "properties": {"stop_name": "臥龍街", "district": "大安區", "geo_city": "臺北市", "nearest_estimate_min": 3.8}}, {"type": "Feature", "geometry": {"type": "Point", "coordinates": [121.5956787, 25.08329381]}, "properties": {"stop_name": "清白里", "district": "內湖區", "geo_city": "臺北市", "nearest_estimate_min": 2.2}}, {"type": "Feature", "geometry": {"type": "Point", "coordinates": [121.501821, 25.143799]}, "properties": {"stop_name": "復興中學(正門)", "district": "北投區", "geo_city": "臺北市", "nearest_estimate_min": 1.7}}, {"type": "Feature", "geometry": {"type": "Point", "coordinates": [121.5281994, 25.03778986]}, "properties": {"stop_name": "仁愛路二段", "district": "中正區", "geo_city": "臺北市", "nearest_estimate_min": 30.2}}, {"type": "Feature", "geometry": {"type": "Point", "coordinates": [121.539439, 25.113281]}, "properties": {"stop_name": "職能發展學院二", "district": "士林區", "geo_city": "臺北市", "nearest_estimate_min": 19.8}}, {"type": "Feature", "geometry": {"type": "Point", "coordinates": [121.5583622, 24.98100977]}, "properties": {"stop_name": "木新市場", "district": "文山區", "geo_city": "臺北市", "nearest_estimate_min": 4.6}}, {"type": "Feature", "geometry": {"type": "Point", "coordinates": [121.54874, 25.04864]}, "properties": {"stop_name": "八德敦化路口", "district": "松山區", "geo_city": "臺北市", "nearest_estimate_min": 1.8}}, {"type": "Feature", "geometry": {"type": "Point", "coordinates": [121.5408467495785, 24.99351516343611]}, "properties": {"stop_name": "捷運景美站", "district": "文山區", "geo_city": "臺北市", "nearest_estimate_min": 2.7}}, {"type": "Feature", "geometry": {"type": "Point", "coordinates": [121.4994167, 25.13885075]}, "properties": {"stop_name": "大同街口", "district": "北投區", "geo_city": "臺北市", "nearest_estimate_min": -1.0}}, {"type": "Feature", "geometry": {"type": "Point", "coordinates": [121.589001, 25.095894]}, "properties": {"stop_name": "圓覺寺(鯉魚山)", "district": "內湖區", "geo_city": "臺北市", "nearest_estimate_min": -1.0}}, {"type": "Feature", "geometry": {"type": "Point", "coordinates": [121.548648, 25.002084]}, "properties": {"stop_name": "敦南203巷", "district": "文山區", "geo_city": "臺北市", "nearest_estimate_min": -1.0}}, {"type": "Feature", "geometry": {"type": "Point", "coordinates": [121.507436, 25.04202065]}, "properties": {"stop_name": "西門市場(漢中)", "district": "萬華區", "geo_city": "臺北市", "nearest_estimate_min": 43.5}}, {"type": "Feature", "geometry": {"type": "Point", "coordinates": [121.517471342457, 25.0488096410266]}, "properties": {"stop_name": "臺北車站(鄭州)", "district": "大同區", "geo_city": "臺北市", "nearest_estimate_min": 6.6}}, {"type": "Feature", "geometry": {"type": "Point", "coordinates": [121.569761304102, 25.0457633038403]}, "properties": {"stop_name": "興雅國小", "district": "信義區", "geo_city": "臺北市", "nearest_estimate_min": 12.4}}, {"type": "Feature", "geometry": {"type": "Point", "coordinates": [121.600402, 24.970251]}, "properties": {"stop_name": "圓山", "district": "文山區", "geo_city": "臺北市", "nearest_estimate_min": -1.0}}, {"type": "Feature", "geometry": {"type": "Point", "coordinates": [121.54334032005, 25.0294644602605]}, "properties": {"stop_name": "開平餐飲學校", "district": "大安區", "geo_city": "臺北市", "nearest_estimate_min": 9.5}}, {"type": "Feature", "geometry": {"type": "Point", "coordinates": [121.511759, 25.056251]}, "properties": {"stop_name": "民生西路口(大稻埕碼頭)", "district": "大同區", "geo_city": "臺北市", "nearest_estimate_min": 15.0}}, {"type": "Feature", "geometry": {"type": "Point", "coordinates": [121.5749131, 25.03402693]}, "properties": {"stop_name": "國稅局宿舍", "district": "信義區", "geo_city": "臺北市", "nearest_estimate_min": 14.7}}, {"type": "Feature", "geometry": {"type": "Point", "coordinates": [121.509519, 25.045653]}, "properties": {"stop_name": "中華路北站", "district": "中正區", "geo_city": "臺北市", "nearest_estimate_min": 27.7}}, {"type": "Feature", "geometry": {"type": "Point", "coordinates": [121.572136996163, 25.0444013098956]}, "properties": {"stop_name": "永吉松信路口", "district": "信義區", "geo_city": "臺北市", "nearest_estimate_min": -1.0}}, {"type": "Feature", "geometry": {"type": "Point", "coordinates": [121.530144788528, 25.0781282212443]}, "properties": {"stop_name": "中央電台", "district": "中山區", "geo_city": "臺北市", "nearest_estimate_min": 18.3}}, {"type": "Feature", "geometry": {"type": "Point", "coordinates": [121.5020824, 25.09001798]}, "properties": {"stop_name": "社子國小二", "district": "士林區", "geo_city": "臺北市", "nearest_estimate_min": 33.3}}, {"type": "Feature", "geometry": {"type": "Point", "coordinates": [121.55149614124916, 25.048292238016234]}, "properties": {"stop_name": "臺視", "district": "松山區", "geo_city": "臺北市", "nearest_estimate_min": 2.5}}, {"type": "Feature", "geometry": {"type": "Point", "coordinates": [121.5768304, 25.08405797]}, "properties": {"stop_name": "麗山高中(環山)", "district": "內湖區", "geo_city": "臺北市", "nearest_estimate_min": 7.9}}, {"type": "Feature", "geometry": {"type": "Point", "coordinates": [121.55565762442, 25.080032815073]}, "properties": {"stop_name": "大直美堤花園三", "district": "中山區", "geo_city": "臺北市", "nearest_estimate_min": 13.1}}, {"type": "Feature", "geometry": {"type": "Point", "coordinates": [121.609320074507, 25.0716328345384]}, "properties": {"stop_name": "明湖國小(公共電視台)", "district": "內湖區", "geo_city": "臺北市", "nearest_estimate_min": 4.3}}, {"type": "Feature", "geometry": {"type": "Point", "coordinates": [121.590455, 25.060167]}, "properties": {"stop_name": "新明成功路口", "district": "內湖區", "geo_city": "臺北市", "nearest_estimate_min": -1.0}}, {"type": "Feature", "geometry": {"type": "Point", "coordinates": [121.572782, 25.0474358]}, "properties": {"stop_name": "永吉國中", "district": "信義區", "geo_city": "臺北市", "nearest_estimate_min": 8.6}}, {"type": "Feature", "geometry": {"type": "Point", "coordinates": [121.5803701, 24.97414808]}, "properties": {"stop_name": "石獅腳", "district": "文山區", "geo_city": "臺北市", "nearest_estimate_min": 2.8}}, {"type": "Feature", "geometry": {"type": "Point", "coordinates": [121.5051335, 25.13700663]}, "properties": {"stop_name": "北投公園(中山)", "district": "北投區", "geo_city": "臺北市", "nearest_estimate_min": -1.0}}, {"type": "Feature", "geometry": {"type": "Point", "coordinates": [121.52858, 25.13278]}, "properties": {"stop_name": "行義路一", "district": "北投區", "geo_city": "臺北市", "nearest_estimate_min": 41.9}}, {"type": "Feature", "geometry": {"type": "Point", "coordinates": [121.565536, 25.034635]}, "properties": {"stop_name": "101國際購物中心", "district": "信義區", "geo_city": "臺北市", "nearest_estimate_min": 1.6}}, {"type": "Feature", "geometry": {"type": "Point", "coordinates": [121.585066207329, 25.0031479361546]}, "properties": {"stop_name": "萬福橋", "district": "文山區", "geo_city": "臺北市", "nearest_estimate_min": 6.9}}, {"type": "Feature", "geometry": {"type": "Point", "coordinates": [121.49333, 25.0982]}, "properties": {"stop_name": "下竹圍", "district": "士林區", "geo_city": "臺北市", "nearest_estimate_min": 25.2}}, {"type": "Feature", "geometry": {"type": "Point", "coordinates": [121.562389, 24.98292781]}, "properties": {"stop_name": "國泰新村(興隆)", "district": "文山區", "geo_city": "臺北市", "nearest_estimate_min": 6.9}}, {"type": "Feature", "geometry": {"type": "Point", "coordinates": [121.533087, 25.0517997]}, "properties": {"stop_name": "捷運松江南京站", "district": "中山區", "geo_city": "臺北市", "nearest_estimate_min": 3.2}}, {"type": "Feature", "geometry": {"type": "Point", "coordinates": [121.571444566484, 24.9935653207503]}, "properties": {"stop_name": "萬芳路口", "district": "文山區", "geo_city": "臺北市", "nearest_estimate_min": 12.8}}, {"type": "Feature", "geometry": {"type": "Point", "coordinates": [121.615363, 25.047199]}, "properties": {"stop_name": "圓拱橋", "district": "南港區", "geo_city": "臺北市", "nearest_estimate_min": 1.8}}, {"type": "Feature", "geometry": {"type": "Point", "coordinates": [121.48448, 25.10563]}, "properties": {"stop_name": "富洲里八段", "district": "士林區", "geo_city": "臺北市", "nearest_estimate_min": 26.2}}, {"type": "Feature", "geometry": {"type": "Point", "coordinates": [121.57071, 25.01905]}, "properties": {"stop_name": "泰和公園", "district": "信義區", "geo_city": "臺北市", "nearest_estimate_min": 15.6}}, {"type": "Feature", "geometry": {"type": "Point", "coordinates": [121.58039, 25.11982]}, "properties": {"stop_name": "溪山國小", "district": "士林區", "geo_city": "臺北市", "nearest_estimate_min": -1.0}}, {"type": "Feature", "geometry": {"type": "Point", "coordinates": [121.6233248, 25.0394543]}, "properties": {"stop_name": "舊莊站", "district": "南港區", "geo_city": "臺北市", "nearest_estimate_min": -1.0}}, {"type": "Feature", "geometry": {"type": "Point", "coordinates": [121.49796757939285, 25.132300275375297]}, "properties": {"stop_name": "捷運北投站(北投)", "district": "北投區", "geo_city": "臺北市", "nearest_estimate_min": 7.0}}, {"type": "Feature", "geometry": {"type": "Point", "coordinates": [121.51311219241008, 25.04441023077385]}, "properties": {"stop_name": "重慶南路一段", "district": "中正區", "geo_city": "臺北市", "nearest_estimate_min": 5.3}}, {"type": "Feature", "geometry": {"type": "Point", "coordinates": [121.5287961, 25.13595232]}, "properties": {"stop_name": "行義路二", "district": "北投區", "geo_city": "臺北市", "nearest_estimate_min": 43.0}}, {"type": "Feature", "geometry": {"type": "Point", "coordinates": [121.54393655953, 24.999719170953]}, "properties": {"stop_name": "憲光公寓", "district": "文山區", "geo_city": "臺北市", "nearest_estimate_min": 1.2}}, {"type": "Feature", "geometry": {"type": "Point", "coordinates": [121.593893294783, 25.0707796580106]}, "properties": {"stop_name": "三總內湖站(急診部)", "district": "內湖區", "geo_city": "臺北市", "nearest_estimate_min": -1.0}}, {"type": "Feature", "geometry": {"type": "Point", "coordinates": [121.50977, 25.1419]}, "properties": {"stop_name": "義方國小", "district": "北投區", "geo_city": "臺北市", "nearest_estimate_min": -1.0}}, {"type": "Feature", "geometry": {"type": "Point", "coordinates": [121.58718, 25.08132]}, "properties": {"stop_name": "達人高中(臺灣戲曲學院)", "district": "內湖區", "geo_city": "臺北市", "nearest_estimate_min": 7.5}}, {"type": "Feature", "geometry": {"type": "Point", "coordinates": [121.50658, 25.139088]}, "properties": {"stop_name": "新民國中", "district": "北投區", "geo_city": "臺北市", "nearest_estimate_min": -1.0}}, {"type": "Feature", "geometry": {"type": "Point", "coordinates": [121.5240266, 25.07222485]}, "properties": {"stop_name": "臺北市立美術館", "district": "中山區", "geo_city": "臺北市", "nearest_estimate_min": 8.2}}, {"type": "Feature", "geometry": {"type": "Point", "coordinates": [121.594248, 25.084622]}, "properties": {"stop_name": "金龍路口", "district": "內湖區", "geo_city": "臺北市", "nearest_estimate_min": 3.7}}, {"type": "Feature", "geometry": {"type": "Point", "coordinates": [121.522969858739, 25.0562422589842]}, "properties": {"stop_name": "國賓飯店", "district": "中山區", "geo_city": "臺北市", "nearest_estimate_min": 2.2}}, {"type": "Feature", "geometry": {"type": "Point", "coordinates": [121.54729, 25.00059]}, "properties": {"stop_name": "興隆市場後站", "district": "文山區", "geo_city": "臺北市", "nearest_estimate_min": -1.0}}, {"type": "Feature", "geometry": {"type": "Point", "coordinates": [121.49501, 25.024334]}, "properties": {"stop_name": "民和街口", "district": "萬華區", "geo_city": "臺北市", "nearest_estimate_min": -1.0}}, {"type": "Feature", "geometry": {"type": "Point", "coordinates": [121.503783, 25.119973]}, "properties": {"stop_name": "立農國小一", "district": "北投區", "geo_city": "臺北市", "nearest_estimate_min": -1.0}}, {"type": "Feature", "geometry": {"type": "Point", "coordinates": [121.5575439, 25.14515072]}, "properties": {"stop_name": "菁山一", "district": "士林區", "geo_city": "臺北市", "nearest_estimate_min": -1.0}}, {"type": "Feature", "geometry": {"type": "Point", "coordinates": [121.55329, 25.12447]}, "properties": {"stop_name": "新安路二", "district": "士林區", "geo_city": "臺北市", "nearest_estimate_min": -1.0}}, {"type": "Feature", "geometry": {"type": "Point", "coordinates": [121.5292833, 25.1281732]}, "properties": {"stop_name": "明山宮", "district": "北投區", "geo_city": "臺北市", "nearest_estimate_min": 40.0}}, {"type": "Feature", "geometry": {"type": "Point", "coordinates": [121.541178, 25.17508]}, "properties": {"stop_name": "游園站", "district": "北投區", "geo_city": "臺北市", "nearest_estimate_min": -1.0}}, {"type": "Feature", "geometry": {"type": "Point", "coordinates": [121.4915352, 25.09974946]}, "properties": {"stop_name": "地藏禪寺", "district": "士林區", "geo_city": "臺北市", "nearest_estimate_min": 25.8}}, {"type": "Feature", "geometry": {"type": "Point", "coordinates": [121.560788036637, 25.107004336741]}, "properties": {"stop_name": "中社路一段61巷口", "district": "士林區", "geo_city": "臺北市", "nearest_estimate_min": 2.8}}, {"type": "Feature", "geometry": {"type": "Point", "coordinates": [121.615107, 25.075165]}, "properties": {"stop_name": "湖山村", "district": "內湖區", "geo_city": "臺北市", "nearest_estimate_min": -1.0}}, {"type": "Feature", "geometry": {"type": "Point", "coordinates": [121.602397, 25.07383]}, "properties": {"stop_name": "衛勤訓練中心", "district": "內湖區", "geo_city": "臺北市", "nearest_estimate_min": -1.0}}, {"type": "Feature", "geometry": {"type": "Point", "coordinates": [121.544388, 25.058117]}, "properties": {"stop_name": "民生東路口", "district": "松山區", "geo_city": "臺北市", "nearest_estimate_min": 5.0}}, {"type": "Feature", "geometry": {"type": "Point", "coordinates": [121.6147203, 25.03474253]}, "properties": {"stop_name": "凌雲站", "district": "南港區", "geo_city": "臺北市", "nearest_estimate_min": 3.5}}, {"type": "Feature", "geometry": {"type": "Point", "coordinates": [121.5569488, 25.00487071]}, "properties": {"stop_name": "捷運辛亥站", "district": "文山區", "geo_city": "臺北市", "nearest_estimate_min": 3.8}}, {"type": "Feature", "geometry": {"type": "Point", "coordinates": [121.6208947, 25.04107056]}, "properties": {"stop_name": "舊莊公園", "district": "南港區", "geo_city": "臺北市", "nearest_estimate_min": -1.0}}, {"type": "Feature", "geometry": {"type": "Point", "coordinates": [121.5827027, 25.0403216]}, "properties": {"stop_name": "大道路", "district": "信義區", "geo_city": "臺北市", "nearest_estimate_min": -1.0}}, {"type": "Feature", "geometry": {"type": "Point", "coordinates": [121.519034332355, 25.0575481163977]}, "properties": {"stop_name": "捷運雙連站", "district": "大同區", "geo_city": "臺北市", "nearest_estimate_min": -1.0}}, {"type": "Feature", "geometry": {"type": "Point", "coordinates": [121.54114, 24.99333]}, "properties": {"stop_name": "捷運景美站", "district": "文山區", "geo_city": "臺北市", "nearest_estimate_min": -1.0}}, {"type": "Feature", "geometry": {"type": "Point", "coordinates": [121.548353475095, 25.0517035084006]}, "properties": {"stop_name": "南京敦化路口(小巨蛋)", "district": "松山區", "geo_city": "臺北市", "nearest_estimate_min": 6.4}}, {"type": "Feature", "geometry": {"type": "Point", "coordinates": [121.51129, 25.11352]}, "properties": {"stop_name": "石牌路", "district": "北投區", "geo_city": "臺北市", "nearest_estimate_min": 16.8}}, {"type": "Feature", "geometry": {"type": "Point", "coordinates": [121.597237897895, 25.0784460458483]}, "properties": {"stop_name": "內湖新城", "district": "內湖區", "geo_city": "臺北市", "nearest_estimate_min": 35.6}}, {"type": "Feature", "geometry": {"type": "Point", "coordinates": [121.526368, 25.04197]}, "properties": {"stop_name": "臺北商大(杭州)", "district": "中正區", "geo_city": "臺北市", "nearest_estimate_min": 20.2}}, {"type": "Feature", "geometry": {"type": "Point", "coordinates": [121.50899838312725, 25.100517081943632]}, "properties": {"stop_name": "遠雄商舟大樓", "district": "北投區", "geo_city": "臺北市", "nearest_estimate_min": -1.0}}, {"type": "Feature", "geometry": {"type": "Point", "coordinates": [121.55871833409, 25.0070201506128]}, "properties": {"stop_name": "辛亥國小", "district": "文山區", "geo_city": "臺北市", "nearest_estimate_min": 6.9}}, {"type": "Feature", "geometry": {"type": "Point", "coordinates": [121.519866, 25.052867]}, "properties": {"stop_name": "捷運中山站(志仁高中)", "district": "大同區", "geo_city": "臺北市", "nearest_estimate_min": 2.1}}, {"type": "Feature", "geometry": {"type": "Point", "coordinates": [121.5622646, 24.98254356]}, "properties": {"stop_name": "國泰新村(興隆)", "district": "文山區", "geo_city": "臺北市", "nearest_estimate_min": 1.3}}, {"type": "Feature", "geometry": {"type": "Point", "coordinates": [121.56666, 25.130468]}, "properties": {"stop_name": "西雲禪寺", "district": "士林區", "geo_city": "臺北市", "nearest_estimate_min": -1.0}}, {"type": "Feature", "geometry": {"type": "Point", "coordinates": [121.580639, 24.967886]}, "properties": {"stop_name": "瓦厝", "district": "文山區", "geo_city": "臺北市", "nearest_estimate_min": 2.3}}, {"type": "Feature", "geometry": {"type": "Point", "coordinates": [121.58821790633739, 25.06918300127649]}, "properties": {"stop_name": "內湖行政大樓", "district": "內湖區", "geo_city": "臺北市", "nearest_estimate_min": 24.9}}, {"type": "Feature", "geometry": {"type": "Point", "coordinates": [121.61648, 25.04313]}, "properties": {"stop_name": "中研院", "district": "南港區", "geo_city": "臺北市", "nearest_estimate_min": 3.9}}, {"type": "Feature", "geometry": {"type": "Point", "coordinates": [121.592413127857, 25.083647050321]}, "properties": {"stop_name": "碧湖國小", "district": "內湖區", "geo_city": "臺北市", "nearest_estimate_min": -1.0}}, {"type": "Feature", "geometry": {"type": "Point", "coordinates": [121.595509916336, 25.0544903819023]}, "properties": {"stop_name": "土地公廟", "district": "南港區", "geo_city": "臺北市", "nearest_estimate_min": 26.6}}, {"type": "Feature", "geometry": {"type": "Point", "coordinates": [121.49999538902145, 25.024019027640023]}, "properties": {"stop_name": "萬大國小", "district": "萬華區", "geo_city": "臺北市", "nearest_estimate_min": 6.5}}, {"type": "Feature", "geometry": {"type": "Point", "coordinates": [121.531086, 25.015792]}, "properties": {"stop_name": "三軍總醫院(南華高中)", "district": "中正區", "geo_city": "臺北市", "nearest_estimate_min": 77.9}}, {"type": "Feature", "geometry": {"type": "Point", "coordinates": [121.5358965, 25.06566199]}, "properties": {"stop_name": "第二果菜市場", "district": "中山區", "geo_city": "臺北市", "nearest_estimate_min": -1.0}}, {"type": "Feature", "geometry": {"type": "Point", "coordinates": [121.5316696, 25.10882301]}, "properties": {"stop_name": "德行東路", "district": "士林區", "geo_city": "臺北市", "nearest_estimate_min": 16.6}}, {"type": "Feature", "geometry": {"type": "Point", "coordinates": [121.54109, 25.151749]}, "properties": {"stop_name": "橫嶺古道", "district": "北投區", "geo_city": "臺北市", "nearest_estimate_min": 4.5}}, {"type": "Feature", "geometry": {"type": "Point", "coordinates": [121.54528, 25.16067]}, "properties": {"stop_name": "磺仔外", "district": "北投區", "geo_city": "臺北市", "nearest_estimate_min": 9.4}}, {"type": "Feature", "geometry": {"type": "Point", "coordinates": [121.5408185, 25.06090008]}, "properties": {"stop_name": "龍江路口", "district": "中山區", "geo_city": "臺北市", "nearest_estimate_min": -1.0}}, {"type": "Feature", "geometry": {"type": "Point", "coordinates": [121.580999258182, 25.0635997659263]}, "properties": {"stop_name": "東南客運停車場", "district": "內湖區", "geo_city": "臺北市", "nearest_estimate_min": 2.4}}, {"type": "Feature", "geometry": {"type": "Point", "coordinates": [121.5412287, 25.14272321]}, "properties": {"stop_name": "紗帽山登山口(紗帽)", "district": "北投區", "geo_city": "臺北市", "nearest_estimate_min": -1.0}}, {"type": "Feature", "geometry": {"type": "Point", "coordinates": [121.511472403359, 25.0598403602302]}, "properties": {"stop_name": "保安街口", "district": "大同區", "geo_city": "臺北市", "nearest_estimate_min": 9.0}}, {"type": "Feature", "geometry": {"type": "Point", "coordinates": [121.5267653, 25.09543483]}, "properties": {"stop_name": "捷運士林站(中正)", "district": "士林區", "geo_city": "臺北市", "nearest_estimate_min": 0.3}}, {"type": "Feature", "geometry": {"type": "Point", "coordinates": [121.5243951, 25.05785405]}, "properties": {"stop_name": "華泰飯店", "district": "中山區", "geo_city": "臺北市", "nearest_estimate_min": 4.0}}, {"type": "Feature", "geometry": {"type": "Point", "coordinates": [121.574153, 24.99161]}, "properties": {"stop_name": "萬壽橋頭(秀明)", "district": "文山區", "geo_city": "臺北市", "nearest_estimate_min": 10.2}}, {"type": "Feature", "geometry": {"type": "Point", "coordinates": [121.5544359, 25.12038771]}, "properties": {"stop_name": "水墘", "district": "士林區", "geo_city": "臺北市", "nearest_estimate_min": -1.0}}, {"type": "Feature", "geometry": {"type": "Point", "coordinates": [121.50702979949186, 25.13692024137209]}, "properties": {"stop_name": "溫泉博物館", "district": "北投區", "geo_city": "臺北市", "nearest_estimate_min": -1.0}}, {"type": "Feature", "geometry": {"type": "Point", "coordinates": [121.50665358531, 25.042689544956]}, "properties": {"stop_name": "西門市場(成都)", "district": "萬華區", "geo_city": "臺北市", "nearest_estimate_min": 1.0}}, {"type": "Feature", "geometry": {"type": "Point", "coordinates": [121.51031, 25.05265]}, "properties": {"stop_name": "南京西路口(塔城)", "district": "大同區", "geo_city": "臺北市", "nearest_estimate_min": -1.0}}, {"type": "Feature", "geometry": {"type": "Point", "coordinates": [121.496, 25.10061]}, "properties": {"stop_name": "福安宮", "district": "士林區", "geo_city": "臺北市", "nearest_estimate_min": -1.0}}, {"type": "Feature", "geometry": {"type": "Point", "coordinates": [121.54867972593061, 25.14747195087477]}, "properties": {"stop_name": "新薈芳", "district": "北投區", "geo_city": "臺北市", "nearest_estimate_min": -1.0}}, {"type": "Feature", "geometry": {"type": "Point", "coordinates": [121.510232993555, 25.0830573942155]}, "properties": {"stop_name": "葫蘆堵市場", "district": "士林區", "geo_city": "臺北市", "nearest_estimate_min": 4.1}}, {"type": "Feature", "geometry": {"type": "Point", "coordinates": [121.54025525837187, 24.991120032966297]}, "properties": {"stop_name": "滬江中學", "district": "文山區", "geo_city": "臺北市", "nearest_estimate_min": 11.5}}, {"type": "Feature", "geometry": {"type": "Point", "coordinates": [121.57453173263708, 25.067824919406444]}, "properties": {"stop_name": "內湖休閒運動公園", "district": "內湖區", "geo_city": "臺北市", "nearest_estimate_min": 15.1}}, {"type": "Feature", "geometry": {"type": "Point", "coordinates": [121.4672932, 25.13292826]}, "properties": {"stop_name": "臺北城市科技大學(正門)", "district": "北投區", "geo_city": "臺北市", "nearest_estimate_min": -1.0}}, {"type": "Feature", "geometry": {"type": "Point", "coordinates": [121.53905, 25.06605]}, "properties": {"stop_name": "濱江商圈", "district": "中山區", "geo_city": "臺北市", "nearest_estimate_min": -1.0}}, {"type": "Feature", "geometry": {"type": "Point", "coordinates": [121.514058, 25.14167]}, "properties": {"stop_name": "新民路底", "district": "北投區", "geo_city": "臺北市", "nearest_estimate_min": 40.5}}, {"type": "Feature", "geometry": {"type": "Point", "coordinates": [121.556845, 24.999571]}, "properties": {"stop_name": "捷運萬芳醫院站", "district": "文山區", "geo_city": "臺北市", "nearest_estimate_min": 1.7}}, {"type": "Feature", "geometry": {"type": "Point", "coordinates": [121.4762383, 25.10585744]}, "properties": {"stop_name": "威靈廟", "district": "士林區", "geo_city": "臺北市", "nearest_estimate_min": 24.6}}, {"type": "Feature", "geometry": {"type": "Point", "coordinates": [121.52563, 25.05865]}, "properties": {"stop_name": "聚盛里", "district": "中山區", "geo_city": "臺北市", "nearest_estimate_min": 10.0}}, {"type": "Feature", "geometry": {"type": "Point", "coordinates": [121.515076, 25.056923]}, "properties": {"stop_name": "靜修高中", "district": "大同區", "geo_city": "臺北市", "nearest_estimate_min": -1.0}}, {"type": "Feature", "geometry": {"type": "Point", "coordinates": [121.530328, 25.105462]}, "properties": {"stop_name": "聯合醫院陽明院區", "district": "士林區", "geo_city": "臺北市", "nearest_estimate_min": -1.0}}, {"type": "Feature", "geometry": {"type": "Point", "coordinates": [121.5337, 25.16009]}, "properties": {"stop_name": "陽明公園後門一", "district": "北投區", "geo_city": "臺北市", "nearest_estimate_min": 31.8}}, {"type": "Feature", "geometry": {"type": "Point", "coordinates": [121.50517781945085, 25.14887281012634]}, "properties": {"stop_name": "鳳梨宅", "district": "北投區", "geo_city": "臺北市", "nearest_estimate_min": 3.7}}, {"type": "Feature", "geometry": {"type": "Point", "coordinates": [121.5282629, 25.05819073]}, "properties": {"stop_name": "中原街口(老人住宅)", "district": "中山區", "geo_city": "臺北市", "nearest_estimate_min": 8.3}}, {"type": "Feature", "geometry": {"type": "Point", "coordinates": [121.586251, 24.989841]}, "properties": {"stop_name": "貓纜動物園南站", "district": "文山區", "geo_city": "臺北市", "nearest_estimate_min": 22.8}}, {"type": "Feature", "geometry": {"type": "Point", "coordinates": [121.568415, 25.027082]}, "properties": {"stop_name": "吳興國小(松仁)", "district": "信義區", "geo_city": "臺北市", "nearest_estimate_min": 2.2}}, {"type": "Feature", "geometry": {"type": "Point", "coordinates": [121.5413751, 24.99207752]}, "properties": {"stop_name": "文山二分局", "district": "文山區", "geo_city": "臺北市", "nearest_estimate_min": 9.3}}, {"type": "Feature", "geometry": {"type": "Point", "coordinates": [121.59200882874, 25.0816997666211]}, "properties": {"stop_name": "湖光市場", "district": "內湖區", "geo_city": "臺北市", "nearest_estimate_min": 2.5}}, {"type": "Feature", "geometry": {"type": "Point", "coordinates": [121.56305, 25.07666]}, "properties": {"stop_name": "堤頂大道口", "district": "中山區", "geo_city": "臺北市", "nearest_estimate_min": -1.0}}, {"type": "Feature", "geometry": {"type": "Point", "coordinates": [121.534517055222, 25.0143047215272]}, "properties": {"stop_name": "捷運公館站", "district": "中正區", "geo_city": "臺北市", "nearest_estimate_min": 4.0}}, {"type": "Feature", "geometry": {"type": "Point", "coordinates": [121.537271345417, 25.0520896887846]}, "properties": {"stop_name": "南京建國路口", "district": "中山區", "geo_city": "臺北市", "nearest_estimate_min": 1.9}}, {"type": "Feature", "geometry": {"type": "Point", "coordinates": [121.570509533684, 25.0046814962866]}, "properties": {"stop_name": "和平東路4段", "district": "文山區", "geo_city": "臺北市", "nearest_estimate_min": 4.2}}, {"type": "Feature", "geometry": {"type": "Point", "coordinates": [121.508711, 25.03088]}, "properties": {"stop_name": "植物園", "district": "中正區", "geo_city": "臺北市", "nearest_estimate_min": 0.0}}, {"type": "Feature", "geometry": {"type": "Point", "coordinates": [121.591151872157, 25.0400314866247]}, "properties": {"stop_name": "南港花園社區二", "district": "南港區", "geo_city": "臺北市", "nearest_estimate_min": 2.1}}, {"type": "Feature", "geometry": {"type": "Point", "coordinates": [121.524405, 25.096111]}, "properties": {"stop_name": "士林", "district": "士林區", "geo_city": "臺北市", "nearest_estimate_min": 3.5}}, {"type": "Feature", "geometry": {"type": "Point", "coordinates": [121.5098955, 25.08883486]}, "properties": {"stop_name": "社正路", "district": "士林區", "geo_city": "臺北市", "nearest_estimate_min": 6.1}}, {"type": "Feature", "geometry": {"type": "Point", "coordinates": [121.58972, 25.073372]}, "properties": {"stop_name": "將軍嶺", "district": "內湖區", "geo_city": "臺北市", "nearest_estimate_min": 1.2}}, {"type": "Feature", "geometry": {"type": "Point", "coordinates": [121.5051324, 25.04153818]}, "properties": {"stop_name": "內江街", "district": "萬華區", "geo_city": "臺北市", "nearest_estimate_min": 41.7}}, {"type": "Feature", "geometry": {"type": "Point", "coordinates": [121.511324126973, 25.0598303587356]}, "properties": {"stop_name": "保安街口", "district": "大同區", "geo_city": "臺北市", "nearest_estimate_min": -1.0}}, {"type": "Feature", "geometry": {"type": "Point", "coordinates": [121.511619183571, 25.0529374524353]}, "properties": {"stop_name": "延平長安路口", "district": "大同區", "geo_city": "臺北市", "nearest_estimate_min": -1.0}}, {"type": "Feature", "geometry": {"type": "Point", "coordinates": [121.553906, 25.019341]}, "properties": {"stop_name": "樂業街", "district": "大安區", "geo_city": "臺北市", "nearest_estimate_min": -1.0}}, {"type": "Feature", "geometry": {"type": "Point", "coordinates": [121.5291514, 25.1281062]}, "properties": {"stop_name": "明山宮", "district": "北投區", "geo_city": "臺北市", "nearest_estimate_min": 6.3}}, {"type": "Feature", "geometry": {"type": "Point", "coordinates": [121.55635, 25.13221]}, "properties": {"stop_name": "新安里中站", "district": "士林區", "geo_city": "臺北市", "nearest_estimate_min": -1.0}}, {"type": "Feature", "geometry": {"type": "Point", "coordinates": [121.56965, 25.11447]}, "properties": {"stop_name": "雙溪淨水場", "district": "士林區", "geo_city": "臺北市", "nearest_estimate_min": -1.0}}, {"type": "Feature", "geometry": {"type": "Point", "coordinates": [121.55836, 25.14736]}, "properties": {"stop_name": "菁山三", "district": "士林區", "geo_city": "臺北市", "nearest_estimate_min": -1.0}}, {"type": "Feature", "geometry": {"type": "Point", "coordinates": [121.496498, 25.144813]}, "properties": {"stop_name": "慈航寺", "district": "北投區", "geo_city": "臺北市", "nearest_estimate_min": 5.5}}, {"type": "Feature", "geometry": {"type": "Point", "coordinates": [121.5046468, 25.09236688]}, "properties": {"stop_name": "永平街口", "district": "士林區", "geo_city": "臺北市", "nearest_estimate_min": 9.1}}, {"type": "Feature", "geometry": {"type": "Point", "coordinates": [121.58306, 24.96589]}, "properties": {"stop_name": "樟湖步道", "district": "文山區", "geo_city": "臺北市", "nearest_estimate_min": 2.9}}, {"type": "Feature", "geometry": {"type": "Point", "coordinates": [121.56636, 24.98305]}, "properties": {"stop_name": "司法新村", "district": "文山區", "geo_city": "臺北市", "nearest_estimate_min": 1.1}}, {"type": "Feature", "geometry": {"type": "Point", "coordinates": [121.581141, 25.036858]}, "properties": {"stop_name": "松友新村", "district": "信義區", "geo_city": "臺北市", "nearest_estimate_min": 3.2}}, {"type": "Feature", "geometry": {"type": "Point", "coordinates": [121.540175948519, 25.0972328685249]}, "properties": {"stop_name": "梅林新村", "district": "士林區", "geo_city": "臺北市", "nearest_estimate_min": 78.3}}, {"type": "Feature", "geometry": {"type": "Point", "coordinates": [121.61366085593893, 25.055463507638656]}, "properties": {"stop_name": "南港", "district": "南港區", "geo_city": "臺北市", "nearest_estimate_min": 8.7}}, {"type": "Feature", "geometry": {"type": "Point", "coordinates": [121.5143546, 25.13858167]}, "properties": {"stop_name": "北投文物館/不動明王", "district": "北投區", "geo_city": "臺北市", "nearest_estimate_min": -1.0}}, {"type": "Feature", "geometry": {"type": "Point", "coordinates": [121.61695169081, 25.035872068306]}, "properties": {"stop_name": "凌雲五村", "district": "南港區", "geo_city": "臺北市", "nearest_estimate_min": 1.6}}, {"type": "Feature", "geometry": {"type": "Point", "coordinates": [121.5483934, 25.03207451]}, "properties": {"stop_name": "大安國中", "district": "大安區", "geo_city": "臺北市", "nearest_estimate_min": -1.0}}, {"type": "Feature", "geometry": {"type": "Point", "coordinates": [121.564002, 25.063093]}, "properties": {"stop_name": "三民國小", "district": "松山區", "geo_city": "臺北市", "nearest_estimate_min": 3.0}}, {"type": "Feature", "geometry": {"type": "Point", "coordinates": [121.6025457, 25.08373507]}, "properties": {"stop_name": "捷運大湖公園站", "district": "內湖區", "geo_city": "臺北市", "nearest_estimate_min": 51.5}}, {"type": "Feature", "geometry": {"type": "Point", "coordinates": [121.5583984, 24.99384711]}, "properties": {"stop_name": "仙跡岩海巡署登山口", "district": "文山區", "geo_city": "臺北市", "nearest_estimate_min": -1.0}}, {"type": "Feature", "geometry": {"type": "Point", "coordinates": [121.55875354232, 25.146524748078]}, "properties": {"stop_name": "菁山二", "district": "士林區", "geo_city": "臺北市", "nearest_estimate_min": -1.0}}, {"type": "Feature", "geometry": {"type": "Point", "coordinates": [121.512162, 25.136316]}, "properties": {"stop_name": "銀光巷口(普濟寺)", "district": "北投區", "geo_city": "臺北市", "nearest_estimate_min": -1.0}}, {"type": "Feature", "geometry": {"type": "Point", "coordinates": [121.501443570835, 25.1322245985598]}, "properties": {"stop_name": "中央南路", "district": "北投區", "geo_city": "臺北市", "nearest_estimate_min": 25.1}}, {"type": "Feature", "geometry": {"type": "Point", "coordinates": [121.513058, 25.120393]}, "properties": {"stop_name": "陽明交大校門口", "district": "北投區", "geo_city": "臺北市", "nearest_estimate_min": -1.0}}, {"type": "Feature", "geometry": {"type": "Point", "coordinates": [121.524712226022, 25.0817595131148]}, "properties": {"stop_name": "劍潭", "district": "士林區", "geo_city": "臺北市", "nearest_estimate_min": 7.3}}, {"type": "Feature", "geometry": {"type": "Point", "coordinates": [121.6097652, 25.03382827]}, "properties": {"stop_name": "中華科技大學(正門)", "district": "南港區", "geo_city": "臺北市", "nearest_estimate_min": 5.1}}, {"type": "Feature", "geometry": {"type": "Point", "coordinates": [121.518038, 25.075851]}, "properties": {"stop_name": "重慶國中", "district": "大同區", "geo_city": "臺北市", "nearest_estimate_min": -1.0}}, {"type": "Feature", "geometry": {"type": "Point", "coordinates": [121.520571017562, 25.1104497192176]}, "properties": {"stop_name": "明德路", "district": "北投區", "geo_city": "臺北市", "nearest_estimate_min": -1.0}}, {"type": "Feature", "geometry": {"type": "Point", "coordinates": [121.616849, 25.056341]}, "properties": {"stop_name": "捷運南港展覽館站(經貿二)", "district": "南港區", "geo_city": "臺北市", "nearest_estimate_min": -1.0}}, {"type": "Feature", "geometry": {"type": "Point", "coordinates": [121.520519399553, 25.0247432949757]}, "properties": {"stop_name": "新民高中", "district": "中正區", "geo_city": "臺北市", "nearest_estimate_min": 15.2}}, {"type": "Feature", "geometry": {"type": "Point", "coordinates": [121.541188, 25.07998]}, "properties": {"stop_name": "通北街口", "district": "中山區", "geo_city": "臺北市", "nearest_estimate_min": 23.0}}, {"type": "Feature", "geometry": {"type": "Point", "coordinates": [121.553928, 25.044473]}, "properties": {"stop_name": "市民高架(虛擬站不停靠)", "district": "松山區", "geo_city": "臺北市", "nearest_estimate_min": -1.0}}, {"type": "Feature", "geometry": {"type": "Point", "coordinates": [121.503074, 25.044994]}, "properties": {"stop_name": "峨眉街口(中醫院區)", "district": "萬華區", "geo_city": "臺北市", "nearest_estimate_min": 4.9}}, {"type": "Feature", "geometry": {"type": "Point", "coordinates": [121.5828689, 24.98603367]}, "properties": {"stop_name": "政大三街", "district": "文山區", "geo_city": "臺北市", "nearest_estimate_min": 9.3}}, {"type": "Feature", "geometry": {"type": "Point", "coordinates": [121.524405, 25.04809523]}, "properties": {"stop_name": "華山公園", "district": "中山區", "geo_city": "臺北市", "nearest_estimate_min": 59.8}}, {"type": "Feature", "geometry": {"type": "Point", "coordinates": [121.56033392387744, 24.981733915823476]}, "properties": {"stop_name": "力行國小", "district": "文山區", "geo_city": "臺北市", "nearest_estimate_min": 5.4}}, {"type": "Feature", "geometry": {"type": "Point", "coordinates": [121.5092254, 25.02823096]}, "properties": {"stop_name": "龍口市場", "district": "中正區", "geo_city": "臺北市", "nearest_estimate_min": 18.9}}, {"type": "Feature", "geometry": {"type": "Point", "coordinates": [121.502062, 25.120282]}, "properties": {"stop_name": "八仙里", "district": "北投區", "geo_city": "臺北市", "nearest_estimate_min": -1.0}}, {"type": "Feature", "geometry": {"type": "Point", "coordinates": [121.557794017832, 25.1839536536108]}, "properties": {"stop_name": "後山", "district": "北投區", "geo_city": "臺北市", "nearest_estimate_min": -1.0}}, {"type": "Feature", "geometry": {"type": "Point", "coordinates": [121.54401, 24.98858]}, "properties": {"stop_name": "世新大學", "district": "文山區", "geo_city": "臺北市", "nearest_estimate_min": 5.6}}, {"type": "Feature", "geometry": {"type": "Point", "coordinates": [121.57294, 25.12412]}, "properties": {"stop_name": "平菁街116巷口", "district": "士林區", "geo_city": "臺北市", "nearest_estimate_min": -1.0}}, {"type": "Feature", "geometry": {"type": "Point", "coordinates": [121.52775567033312, 25.034084364885075]}, "properties": {"stop_name": "捷運東門站", "district": "中正區", "geo_city": "臺北市", "nearest_estimate_min": 2.0}}, {"type": "Feature", "geometry": {"type": "Point", "coordinates": [121.584378, 24.985826]}, "properties": {"stop_name": "政大二街", "district": "文山區", "geo_city": "臺北市", "nearest_estimate_min": -1.0}}, {"type": "Feature", "geometry": {"type": "Point", "coordinates": [121.53544, 25.11823571]}, "properties": {"stop_name": "忠誠路口", "district": "士林區", "geo_city": "臺北市", "nearest_estimate_min": -1.0}}, {"type": "Feature", "geometry": {"type": "Point", "coordinates": [121.52947, 25.10209]}, "properties": {"stop_name": "名山里", "district": "士林區", "geo_city": "臺北市", "nearest_estimate_min": 10.5}}, {"type": "Feature", "geometry": {"type": "Point", "coordinates": [121.557499635507, 25.0390095904505]}, "properties": {"stop_name": "國父紀念館", "district": "大安區", "geo_city": "臺北市", "nearest_estimate_min": 11.4}}, {"type": "Feature", "geometry": {"type": "Point", "coordinates": [121.500635, 25.0308055]}, "properties": {"stop_name": "萬大路", "district": "萬華區", "geo_city": "臺北市", "nearest_estimate_min": 3.4}}, {"type": "Feature", "geometry": {"type": "Point", "coordinates": [121.57232800362569, 24.996044970003638]}, "properties": {"stop_name": "木柵高工", "district": "文山區", "geo_city": "臺北市", "nearest_estimate_min": 0.6}}, {"type": "Feature", "geometry": {"type": "Point", "coordinates": [121.53231, 25.11265]}, "properties": {"stop_name": "天母棒球場(士東)", "district": "士林區", "geo_city": "臺北市", "nearest_estimate_min": -1.0}}, {"type": "Feature", "geometry": {"type": "Point", "coordinates": [121.48729, 25.10333]}, "properties": {"stop_name": "福安國中", "district": "士林區", "geo_city": "臺北市", "nearest_estimate_min": 27.1}}, {"type": "Feature", "geometry": {"type": "Point", "coordinates": [121.5025183827621, 25.02249119957861]}, "properties": {"stop_name": "青年路", "district": "萬華區", "geo_city": "臺北市", "nearest_estimate_min": 0.9}}, {"type": "Feature", "geometry": {"type": "Point", "coordinates": [121.504476019722, 25.1003822071101]}, "properties": {"stop_name": "福美站", "district": "北投區", "geo_city": "臺北市", "nearest_estimate_min": -1.0}}, {"type": "Feature", "geometry": {"type": "Point", "coordinates": [121.57227, 25.12313]}, "properties": {"stop_name": "大坪尾", "district": "士林區", "geo_city": "臺北市", "nearest_estimate_min": -1.0}}, {"type": "Feature", "geometry": {"type": "Point", "coordinates": [121.5638994, 25.053597]}, "properties": {"stop_name": "西松國小", "district": "松山區", "geo_city": "臺北市", "nearest_estimate_min": 8.5}}, {"type": "Feature", "geometry": {"type": "Point", "coordinates": [121.5288205, 25.15458966]}, "properties": {"stop_name": "風尾", "district": "北投區", "geo_city": "臺北市", "nearest_estimate_min": 34.3}}, {"type": "Feature", "geometry": {"type": "Point", "coordinates": [121.502682, 25.101263]}, "properties": {"stop_name": "洲美國小", "district": "北投區", "geo_city": "臺北市", "nearest_estimate_min": -1.0}}, {"type": "Feature", "geometry": {"type": "Point", "coordinates": [121.5630899, 25.04132664]}, "properties": {"stop_name": "聯合報", "district": "信義區", "geo_city": "臺北市", "nearest_estimate_min": 2.5}}, {"type": "Feature", "geometry": {"type": "Point", "coordinates": [121.53723045493302, 25.110221679734863]}, "properties": {"stop_name": "芝山國小", "district": "士林區", "geo_city": "臺北市", "nearest_estimate_min": 18.3}}, {"type": "Feature", "geometry": {"type": "Point", "coordinates": [121.56999253194654, 24.990114359213134]}, "properties": {"stop_name": "文山行政中心", "district": "文山區", "geo_city": "臺北市", "nearest_estimate_min": 2.1}}, {"type": "Feature", "geometry": {"type": "Point", "coordinates": [121.4706761, 25.1085253]}, "properties": {"stop_name": "台北海大", "district": "士林區", "geo_city": "臺北市", "nearest_estimate_min": 1.2}}, {"type": "Feature", "geometry": {"type": "Point", "coordinates": [121.4833, 25.10596]}, "properties": {"stop_name": "富安國小", "district": "士林區", "geo_city": "臺北市", "nearest_estimate_min": 28.3}}, {"type": "Feature", "geometry": {"type": "Point", "coordinates": [121.618788, 25.069547]}, "properties": {"stop_name": "東湖社區", "district": "內湖區", "geo_city": "臺北市", "nearest_estimate_min": 2.5}}, {"type": "Feature", "geometry": {"type": "Point", "coordinates": [121.513072, 25.02502148]}, "properties": {"stop_name": "崁頂", "district": "中正區", "geo_city": "臺北市", "nearest_estimate_min": 1.7}}, {"type": "Feature", "geometry": {"type": "Point", "coordinates": [121.553328388246, 25.0012218102124]}, "properties": {"stop_name": "興隆國小", "district": "文山區", "geo_city": "臺北市", "nearest_estimate_min": 4.4}}, {"type": "Feature", "geometry": {"type": "Point", "coordinates": [121.5281012, 25.1304703]}, "properties": {"stop_name": "行義路", "district": "北投區", "geo_city": "臺北市", "nearest_estimate_min": 41.1}}, {"type": "Feature", "geometry": {"type": "Point", "coordinates": [121.544841356252, 24.9969326584305]}, "properties": {"stop_name": "景興國中", "district": "文山區", "geo_city": "臺北市", "nearest_estimate_min": 2.2}}, {"type": "Feature", "geometry": {"type": "Point", "coordinates": [121.5902879, 25.03884143]}, "properties": {"stop_name": "成福路停車場", "district": "南港區", "geo_city": "臺北市", "nearest_estimate_min": -1.0}}, {"type": "Feature", "geometry": {"type": "Point", "coordinates": [121.594146, 24.999425]}, "properties": {"stop_name": "國道3號20Km(虛擬站不停靠)", "district": "文山區", "geo_city": "臺北市", "nearest_estimate_min": -1.0}}, {"type": "Feature", "geometry": {"type": "Point", "coordinates": [121.538069443257, 25.0121089588721]}, "properties": {"stop_name": "公館", "district": "大安區", "geo_city": "臺北市", "nearest_estimate_min": 3.0}}, {"type": "Feature", "geometry": {"type": "Point", "coordinates": [121.5408, 25.072283]}, "properties": {"stop_name": "河濱公園大佳段", "district": "中山區", "geo_city": "臺北市", "nearest_estimate_min": -1.0}}, {"type": "Feature", "geometry": {"type": "Point", "coordinates": [121.569807, 25.10657]}, "properties": {"stop_name": "大崙尾山", "district": "士林區", "geo_city": "臺北市", "nearest_estimate_min": 14.0}}, {"type": "Feature", "geometry": {"type": "Point", "coordinates": [121.539407, 25.143901]}, "properties": {"stop_name": "頂半嶺", "district": "北投區", "geo_city": "臺北市", "nearest_estimate_min": -1.0}}, {"type": "Feature", "geometry": {"type": "Point", "coordinates": [121.520842984034, 25.0270778477608]}, "properties": {"stop_name": "南昌家具街", "district": "中正區", "geo_city": "臺北市", "nearest_estimate_min": 6.7}}, {"type": "Feature", "geometry": {"type": "Point", "coordinates": [121.5820136022182, 25.070960172287336]}, "properties": {"stop_name": "麗寶大樓", "district": "內湖區", "geo_city": "臺北市", "nearest_estimate_min": -1.0}}, {"type": "Feature", "geometry": {"type": "Point", "coordinates": [121.5108318, 25.06617549]}, "properties": {"stop_name": "延平國小", "district": "大同區", "geo_city": "臺北市", "nearest_estimate_min": 14.8}}, {"type": "Feature", "geometry": {"type": "Point", "coordinates": [121.538064047069, 25.0081406778406]}, "properties": {"stop_name": "師大分部", "district": "文山區", "geo_city": "臺北市", "nearest_estimate_min": 0.3}}, {"type": "Feature", "geometry": {"type": "Point", "coordinates": [121.5975, 25.06228]}, "properties": {"stop_name": "蘆洲里", "district": "內湖區", "geo_city": "臺北市", "nearest_estimate_min": -1.0}}, {"type": "Feature", "geometry": {"type": "Point", "coordinates": [121.53146493118, 25.0441330065154]}, "properties": {"stop_name": "臺北科技大學", "district": "中正區", "geo_city": "臺北市", "nearest_estimate_min": 29.7}}, {"type": "Feature", "geometry": {"type": "Point", "coordinates": [121.547902045529, 24.9996328919305]}, "properties": {"stop_name": "興隆市場", "district": "文山區", "geo_city": "臺北市", "nearest_estimate_min": 2.1}}, {"type": "Feature", "geometry": {"type": "Point", "coordinates": [121.529148, 25.062636]}, "properties": {"stop_name": "民權吉林路口", "district": "中山區", "geo_city": "臺北市", "nearest_estimate_min": 1.8}}, {"type": "Feature", "geometry": {"type": "Point", "coordinates": [121.561326, 25.031399]}, "properties": {"stop_name": "世貿中心(莊敬)", "district": "信義區", "geo_city": "臺北市", "nearest_estimate_min": 4.6}}, {"type": "Feature", "geometry": {"type": "Point", "coordinates": [121.506468, 25.12460199]}, "properties": {"stop_name": "公館華廈", "district": "北投區", "geo_city": "臺北市", "nearest_estimate_min": -1.0}}, {"type": "Feature", "geometry": {"type": "Point", "coordinates": [121.568164, 25.02881]}, "properties": {"stop_name": "信義國中(松仁)", "district": "信義區", "geo_city": "臺北市", "nearest_estimate_min": 1.9}}, {"type": "Feature", "geometry": {"type": "Point", "coordinates": [121.5490281, 25.08377483]}, "properties": {"stop_name": "自強隧道", "district": "中山區", "geo_city": "臺北市", "nearest_estimate_min": 12.6}}, {"type": "Feature", "geometry": {"type": "Point", "coordinates": [121.611345, 25.033428]}, "properties": {"stop_name": "中華科技大學", "district": "南港區", "geo_city": "臺北市", "nearest_estimate_min": 10.0}}, {"type": "Feature", "geometry": {"type": "Point", "coordinates": [121.576692, 25.073056]}, "properties": {"stop_name": "陽光街", "district": "內湖區", "geo_city": "臺北市", "nearest_estimate_min": 45.2}}, {"type": "Feature", "geometry": {"type": "Point", "coordinates": [121.588329, 25.03946811]}, "properties": {"stop_name": "成福路口", "district": "南港區", "geo_city": "臺北市", "nearest_estimate_min": 45.1}}, {"type": "Feature", "geometry": {"type": "Point", "coordinates": [121.53088, 25.1047]}, "properties": {"stop_name": "雨農國小", "district": "士林區", "geo_city": "臺北市", "nearest_estimate_min": -1.0}}, {"type": "Feature", "geometry": {"type": "Point", "coordinates": [121.50136, 25.13361526]}, "properties": {"stop_name": "北投國小", "district": "北投區", "geo_city": "臺北市", "nearest_estimate_min": 25.5}}, {"type": "Feature", "geometry": {"type": "Point", "coordinates": [121.5764993, 25.05717396]}, "properties": {"stop_name": "行善路", "district": "內湖區", "geo_city": "臺北市", "nearest_estimate_min": 7.9}}, {"type": "Feature", "geometry": {"type": "Point", "coordinates": [121.57021793429796, 24.99177996801887]}, "properties": {"stop_name": "木柵國小", "district": "文山區", "geo_city": "臺北市", "nearest_estimate_min": 65.5}}, {"type": "Feature", "geometry": {"type": "Point", "coordinates": [121.517376, 25.105815]}, "properties": {"stop_name": "中正高中", "district": "北投區", "geo_city": "臺北市", "nearest_estimate_min": 4.7}}, {"type": "Feature", "geometry": {"type": "Point", "coordinates": [121.5049227, 25.13631117]}, "properties": {"stop_name": "泉都溫泉飯店", "district": "北投區", "geo_city": "臺北市", "nearest_estimate_min": -1.0}}, {"type": "Feature", "geometry": {"type": "Point", "coordinates": [121.4990467, 25.10705942]}, "properties": {"stop_name": "洲美宮", "district": "北投區", "geo_city": "臺北市", "nearest_estimate_min": -1.0}}, {"type": "Feature", "geometry": {"type": "Point", "coordinates": [121.56491, 25.01217]}, "properties": {"stop_name": "黎安里", "district": "信義區", "geo_city": "臺北市", "nearest_estimate_min": -1.0}}, {"type": "Feature", "geometry": {"type": "Point", "coordinates": [121.5726818, 25.12412029]}, "properties": {"stop_name": "平菁街116巷口", "district": "士林區", "geo_city": "臺北市", "nearest_estimate_min": -1.0}}, {"type": "Feature", "geometry": {"type": "Point", "coordinates": [121.58003, 24.97112]}, "properties": {"stop_name": "樟山寺", "district": "文山區", "geo_city": "臺北市", "nearest_estimate_min": 1.5}}, {"type": "Feature", "geometry": {"type": "Point", "coordinates": [121.51371, 25.05032]}, "properties": {"stop_name": "後車站", "district": "大同區", "geo_city": "臺北市", "nearest_estimate_min": 24.3}}, {"type": "Feature", "geometry": {"type": "Point", "coordinates": [121.5446524, 25.06222037]}, "properties": {"stop_name": "民權復興路口", "district": "松山區", "geo_city": "臺北市", "nearest_estimate_min": 3.5}}, {"type": "Feature", "geometry": {"type": "Point", "coordinates": [121.5508834, 25.03772123]}, "properties": {"stop_name": "仁愛安和路口", "district": "大安區", "geo_city": "臺北市", "nearest_estimate_min": -1.0}}, {"type": "Feature", "geometry": {"type": "Point", "coordinates": [121.56254500849, 25.1789910107428]}, "properties": {"stop_name": "馬槽溫泉", "district": "北投區", "geo_city": "臺北市", "nearest_estimate_min": -1.0}}, {"type": "Feature", "geometry": {"type": "Point", "coordinates": [121.5422472, 25.01571376]}, "properties": {"stop_name": "臺大癌醫(基隆路)", "district": "大安區", "geo_city": "臺北市", "nearest_estimate_min": 0.9}}, {"type": "Feature", "geometry": {"type": "Point", "coordinates": [121.554092, 24.999501]}, "properties": {"stop_name": "中國科技大學(辛亥)", "district": "文山區", "geo_city": "臺北市", "nearest_estimate_min": 4.2}}, {"type": "Feature", "geometry": {"type": "Point", "coordinates": [121.496505, 25.028909]}, "properties": {"stop_name": "華江高中(西藏)", "district": "萬華區", "geo_city": "臺北市", "nearest_estimate_min": 54.8}}, {"type": "Feature", "geometry": {"type": "Point", "coordinates": [121.5005614, 25.13044487]}, "properties": {"stop_name": "捷運北投站(大興)", "district": "北投區", "geo_city": "臺北市", "nearest_estimate_min": 23.5}}, {"type": "Feature", "geometry": {"type": "Point", "coordinates": [121.5929045, 25.04397129]}, "properties": {"stop_name": "南港公園一", "district": "南港區", "geo_city": "臺北市", "nearest_estimate_min": 4.1}}, {"type": "Feature", "geometry": {"type": "Point", "coordinates": [121.59085370773, 25.067861865327]}, "properties": {"stop_name": "湖興", "district": "內湖區", "geo_city": "臺北市", "nearest_estimate_min": 4.2}}, {"type": "Feature", "geometry": {"type": "Point", "coordinates": [121.5984133, 25.05794649]}, "properties": {"stop_name": "東陽公園", "district": "南港區", "geo_city": "臺北市", "nearest_estimate_min": -1.0}}, {"type": "Feature", "geometry": {"type": "Point", "coordinates": [121.55633, 25.12476]}, "properties": {"stop_name": "新安路四", "district": "士林區", "geo_city": "臺北市", "nearest_estimate_min": -1.0}}, {"type": "Feature", "geometry": {"type": "Point", "coordinates": [121.533115926333, 25.0495344197275]}, "properties": {"stop_name": "長安東路二段", "district": "中山區", "geo_city": "臺北市", "nearest_estimate_min": 11.8}}, {"type": "Feature", "geometry": {"type": "Point", "coordinates": [121.569058, 25.051515]}, "properties": {"stop_name": "南松山(南京)", "district": "松山區", "geo_city": "臺北市", "nearest_estimate_min": 2.5}}, {"type": "Feature", "geometry": {"type": "Point", "coordinates": [121.52277975890082, 25.045112057683003]}, "properties": {"stop_name": "捷運善導寺站", "district": "中正區", "geo_city": "臺北市", "nearest_estimate_min": 12.9}}, {"type": "Feature", "geometry": {"type": "Point", "coordinates": [121.5300637, 25.06254664]}, "properties": {"stop_name": "民權吉林路口", "district": "中山區", "geo_city": "臺北市", "nearest_estimate_min": 1.3}}, {"type": "Feature", "geometry": {"type": "Point", "coordinates": [121.50483, 25.14083]}, "properties": {"stop_name": "進賢路口", "district": "北投區", "geo_city": "臺北市", "nearest_estimate_min": -1.0}}, {"type": "Feature", "geometry": {"type": "Point", "coordinates": [121.553289, 25.04156124]}, "properties": {"stop_name": "阿波羅大廈", "district": "大安區", "geo_city": "臺北市", "nearest_estimate_min": -1.0}}, {"type": "Feature", "geometry": {"type": "Point", "coordinates": [121.5259472364, 25.0627519578754]}, "properties": {"stop_name": "捷運中山國小站", "district": "中山區", "geo_city": "臺北市", "nearest_estimate_min": 3.6}}, {"type": "Feature", "geometry": {"type": "Point", "coordinates": [121.5230341, 25.06158152]}, "properties": {"stop_name": "台泥大樓(馬偕醫院)", "district": "中山區", "geo_city": "臺北市", "nearest_estimate_min": 4.1}}, {"type": "Feature", "geometry": {"type": "Point", "coordinates": [121.559216750962, 25.0585017739443]}, "properties": {"stop_name": "聯合二村", "district": "松山區", "geo_city": "臺北市", "nearest_estimate_min": 4.0}}, {"type": "Feature", "geometry": {"type": "Point", "coordinates": [121.614279736525, 25.0596223969091]}, "properties": {"stop_name": "南港軟體園區北站", "district": "南港區", "geo_city": "臺北市", "nearest_estimate_min": 32.1}}, {"type": "Feature", "geometry": {"type": "Point", "coordinates": [121.51542, 25.11581]}, "properties": {"stop_name": "綜合市場(捷運石牌站)", "district": "北投區", "geo_city": "臺北市", "nearest_estimate_min": -1.0}}, {"type": "Feature", "geometry": {"type": "Point", "coordinates": [121.53171, 25.05493]}, "properties": {"stop_name": "長春一江街口", "district": "中山區", "geo_city": "臺北市", "nearest_estimate_min": -1.0}}, {"type": "Feature", "geometry": {"type": "Point", "coordinates": [121.525261, 25.12357001]}, "properties": {"stop_name": "福德廟(石牌)", "district": "北投區", "geo_city": "臺北市", "nearest_estimate_min": 8.1}}, {"type": "Feature", "geometry": {"type": "Point", "coordinates": [121.528089, 25.066076]}, "properties": {"stop_name": "稻江護校", "district": "中山區", "geo_city": "臺北市", "nearest_estimate_min": 45.0}}, {"type": "Feature", "geometry": {"type": "Point", "coordinates": [121.55665, 25.12764]}, "properties": {"stop_name": "新安路五", "district": "士林區", "geo_city": "臺北市", "nearest_estimate_min": -1.0}}, {"type": "Feature", "geometry": {"type": "Point", "coordinates": [121.5752654, 25.0379567]}, "properties": {"stop_name": "土地銀行", "district": "信義區", "geo_city": "臺北市", "nearest_estimate_min": -1.0}}, {"type": "Feature", "geometry": {"type": "Point", "coordinates": [121.57171, 25.11494]}, "properties": {"stop_name": "至善路三段", "district": "士林區", "geo_city": "臺北市", "nearest_estimate_min": -1.0}}, {"type": "Feature", "geometry": {"type": "Point", "coordinates": [121.5319452, 25.04855925]}, "properties": {"stop_name": "長安國小(長安)", "district": "中山區", "geo_city": "臺北市", "nearest_estimate_min": 9.4}}, {"type": "Feature", "geometry": {"type": "Point", "coordinates": [121.5195241, 25.08304057]}, "properties": {"stop_name": "華齡街", "district": "士林區", "geo_city": "臺北市", "nearest_estimate_min": -1.0}}, {"type": "Feature", "geometry": {"type": "Point", "coordinates": [121.589992575868, 25.0535036880317]}, "properties": {"stop_name": "西新里(新新公園)", "district": "南港區", "geo_city": "臺北市", "nearest_estimate_min": 30.6}}, {"type": "Feature", "geometry": {"type": "Point", "coordinates": [121.59264, 25.04584]}, "properties": {"stop_name": "南港公園", "district": "南港區", "geo_city": "臺北市", "nearest_estimate_min": 4.7}}, {"type": "Feature", "geometry": {"type": "Point", "coordinates": [121.5157326, 25.03339678]}, "properties": {"stop_name": "南門", "district": "中正區", "geo_city": "臺北市", "nearest_estimate_min": -1.0}}, {"type": "Feature", "geometry": {"type": "Point", "coordinates": [121.555044388608, 25.0018467021494]}, "properties": {"stop_name": "興隆路口(辛亥)", "district": "文山區", "geo_city": "臺北市", "nearest_estimate_min": 5.0}}, {"type": "Feature", "geometry": {"type": "Point", "coordinates": [121.54858, 25.02391]}, "properties": {"stop_name": "敦化和平路口", "district": "大安區", "geo_city": "臺北市", "nearest_estimate_min": 3.6}}, {"type": "Feature", "geometry": {"type": "Point", "coordinates": [121.579810502461, 25.0560262183777]}, "properties": {"stop_name": "南京舊宗路口", "district": "內湖區", "geo_city": "臺北市", "nearest_estimate_min": 4.2}}, {"type": "Feature", "geometry": {"type": "Point", "coordinates": [121.5154577, 25.07195442]}, "properties": {"stop_name": "大龍峒保安宮", "district": "大同區", "geo_city": "臺北市", "nearest_estimate_min": 0.9}}, {"type": "Feature", "geometry": {"type": "Point", "coordinates": [121.53702, 25.04943]}, "properties": {"stop_name": "中山女高", "district": "中山區", "geo_city": "臺北市", "nearest_estimate_min": -1.0}}, {"type": "Feature", "geometry": {"type": "Point", "coordinates": [121.5485939, 25.00485452]}, "properties": {"stop_name": "敦南大地(文山森林公園)", "district": "文山區", "geo_city": "臺北市", "nearest_estimate_min": 78.4}}, {"type": "Feature", "geometry": {"type": "Point", "coordinates": [121.53631985296, 25.0259280472003]}, "properties": {"stop_name": "大安森林公園", "district": "大安區", "geo_city": "臺北市", "nearest_estimate_min": 2.9}}, {"type": "Feature", "geometry": {"type": "Point", "coordinates": [121.6208139, 25.04097252]}, "properties": {"stop_name": "舊莊公園", "district": "南港區", "geo_city": "臺北市", "nearest_estimate_min": 30.5}}, {"type": "Feature", "geometry": {"type": "Point", "coordinates": [121.5501789, 25.0416333]}, "properties": {"stop_name": "捷運忠孝敦化站", "district": "大安區", "geo_city": "臺北市", "nearest_estimate_min": 4.7}}, {"type": "Feature", "geometry": {"type": "Point", "coordinates": [121.538691, 25.158055]}, "properties": {"stop_name": "湖山路二段", "district": "北投區", "geo_city": "臺北市", "nearest_estimate_min": 30.2}}, {"type": "Feature", "geometry": {"type": "Point", "coordinates": [121.512543916311, 25.0423685522993]}, "properties": {"stop_name": "二二八和平公園", "district": "中正區", "geo_city": "臺北市", "nearest_estimate_min": 1.6}}, {"type": "Feature", "geometry": {"type": "Point", "coordinates": [121.4996729, 25.03777047]}, "properties": {"stop_name": "龍山寺(西園)", "district": "萬華區", "geo_city": "臺北市", "nearest_estimate_min": 72.2}}, {"type": "Feature", "geometry": {"type": "Point", "coordinates": [121.526085, 25.028247]}, "properties": {"stop_name": "金山潮州街口", "district": "大安區", "geo_city": "臺北市", "nearest_estimate_min": 6.2}}, {"type": "Feature", "geometry": {"type": "Point", "coordinates": [121.5448494574872, 25.0174253459055]}, "properties": {"stop_name": "基隆長興街口", "district": "大安區", "geo_city": "臺北市", "nearest_estimate_min": 2.1}}, {"type": "Feature", "geometry": {"type": "Point", "coordinates": [121.528475, 25.020643]}, "properties": {"stop_name": "捷運台電大樓站", "district": "大安區", "geo_city": "臺北市", "nearest_estimate_min": 15.2}}, {"type": "Feature", "geometry": {"type": "Point", "coordinates": [121.5838276, 24.98776972]}, "properties": {"stop_name": "普羅旺世", "district": "文山區", "geo_city": "臺北市", "nearest_estimate_min": 7.7}}, {"type": "Feature", "geometry": {"type": "Point", "coordinates": [121.468095, 25.132855]}, "properties": {"stop_name": "臺北城市科技大學", "district": "北投區", "geo_city": "臺北市", "nearest_estimate_min": -1.0}}, {"type": "Feature", "geometry": {"type": "Point", "coordinates": [121.52672, 25.014416]}, "properties": {"stop_name": "思源街口", "district": "中正區", "geo_city": "臺北市", "nearest_estimate_min": 80.6}}, {"type": "Feature", "geometry": {"type": "Point", "coordinates": [121.59633521222251, 25.05424093800564]}, "properties": {"stop_name": "土地公廟", "district": "南港區", "geo_city": "臺北市", "nearest_estimate_min": 5.5}}, {"type": "Feature", "geometry": {"type": "Point", "coordinates": [121.590231346227, 25.0768845629687]}, "properties": {"stop_name": "方濟中學", "district": "內湖區", "geo_city": "臺北市", "nearest_estimate_min": 5.9}}, {"type": "Feature", "geometry": {"type": "Point", "coordinates": [121.577219, 25.054593]}, "properties": {"stop_name": "麥帥一橋", "district": "內湖區", "geo_city": "臺北市", "nearest_estimate_min": 2.2}}, {"type": "Feature", "geometry": {"type": "Point", "coordinates": [121.5841327, 25.07840172]}, "properties": {"stop_name": "捷運文德站(碧湖公園)", "district": "內湖區", "geo_city": "臺北市", "nearest_estimate_min": 5.1}}, {"type": "Feature", "geometry": {"type": "Point", "coordinates": [121.611642249953, 25.0702607638519]}, "properties": {"stop_name": "明湖國中", "district": "內湖區", "geo_city": "臺北市", "nearest_estimate_min": 16.4}}, {"type": "Feature", "geometry": {"type": "Point", "coordinates": [121.62437, 25.024]}, "properties": {"stop_name": "臨時站一", "district": "南港區", "geo_city": "臺北市", "nearest_estimate_min": -1.0}}, {"type": "Feature", "geometry": {"type": "Point", "coordinates": [121.5824604, 24.98591151]}, "properties": {"stop_name": "政大三街", "district": "文山區", "geo_city": "臺北市", "nearest_estimate_min": 5.1}}, {"type": "Feature", "geometry": {"type": "Point", "coordinates": [121.56714, 25.10655]}, "properties": {"stop_name": "雙溪站一", "district": "士林區", "geo_city": "臺北市", "nearest_estimate_min": -1.0}}, {"type": "Feature", "geometry": {"type": "Point", "coordinates": [121.570459, 25.078319]}, "properties": {"stop_name": "瑞光港墘路口", "district": "內湖區", "geo_city": "臺北市", "nearest_estimate_min": 11.3}}, {"type": "Feature", "geometry": {"type": "Point", "coordinates": [121.528319753964, 25.0947774592454]}, "properties": {"stop_name": "士林官邸(中山)", "district": "士林區", "geo_city": "臺北市", "nearest_estimate_min": 18.8}}, {"type": "Feature", "geometry": {"type": "Point", "coordinates": [121.524661, 25.105356]}, "properties": {"stop_name": "士林電機(中山德行路口)", "district": "士林區", "geo_city": "臺北市", "nearest_estimate_min": 18.6}}, {"type": "Feature", "geometry": {"type": "Point", "coordinates": [121.585286, 25.064826]}, "properties": {"stop_name": "新湖行善路口", "district": "內湖區", "geo_city": "臺北市", "nearest_estimate_min": -1.0}}, {"type": "Feature", "geometry": {"type": "Point", "coordinates": [121.596717, 25.055561]}, "properties": {"stop_name": "南港分局(重陽)", "district": "南港區", "geo_city": "臺北市", "nearest_estimate_min": 20.4}}, {"type": "Feature", "geometry": {"type": "Point", "coordinates": [121.58971, 25.05323]}, "properties": {"stop_name": "西新里(新新公園)", "district": "南港區", "geo_city": "臺北市", "nearest_estimate_min": 3.0}}, {"type": "Feature", "geometry": {"type": "Point", "coordinates": [121.51221, 25.10352]}, "properties": {"stop_name": "創富中心", "district": "北投區", "geo_city": "臺北市", "nearest_estimate_min": 1.9}}, {"type": "Feature", "geometry": {"type": "Point", "coordinates": [121.52525, 25.11857]}, "properties": {"stop_name": "齊賢華廈", "district": "士林區", "geo_city": "臺北市", "nearest_estimate_min": 6.1}}, {"type": "Feature", "geometry": {"type": "Point", "coordinates": [121.552601, 25.034479]}, "properties": {"stop_name": "捷運信義安和站(安和)", "district": "大安區", "geo_city": "臺北市", "nearest_estimate_min": 7.1}}, {"type": "Feature", "geometry": {"type": "Point", "coordinates": [121.55699634780694, 25.12679156726714]}, "properties": {"stop_name": "新安路五南站", "district": "士林區", "geo_city": "臺北市", "nearest_estimate_min": -1.0}}, {"type": "Feature", "geometry": {"type": "Point", "coordinates": [121.50566, 25.12933]}, "properties": {"stop_name": "石門", "district": "北投區", "geo_city": "臺北市", "nearest_estimate_min": 5.4}}, {"type": "Feature", "geometry": {"type": "Point", "coordinates": [121.5413365, 24.99545268]}, "properties": {"stop_name": "財政園區", "district": "文山區", "geo_city": "臺北市", "nearest_estimate_min": 3.4}}, {"type": "Feature", "geometry": {"type": "Point", "coordinates": [121.59841, 25.08456]}, "properties": {"stop_name": "秀湖", "district": "內湖區", "geo_city": "臺北市", "nearest_estimate_min": 1.7}}, {"type": "Feature", "geometry": {"type": "Point", "coordinates": [121.49163, 25.02288]}, "properties": {"stop_name": "東隆宮", "district": "萬華區", "geo_city": "臺北市", "nearest_estimate_min": -1.0}}, {"type": "Feature", "geometry": {"type": "Point", "coordinates": [121.555499, 24.988291]}, "properties": {"stop_name": "永建國小", "district": "文山區", "geo_city": "臺北市", "nearest_estimate_min": 17.7}}, {"type": "Feature", "geometry": {"type": "Point", "coordinates": [121.48915, 25.1017]}, "properties": {"stop_name": "臨江園", "district": "士林區", "geo_city": "臺北市", "nearest_estimate_min": 27.3}}, {"type": "Feature", "geometry": {"type": "Point", "coordinates": [121.5079873, 25.08905628]}, "properties": {"stop_name": "社園里", "district": "士林區", "geo_city": "臺北市", "nearest_estimate_min": 8.0}}, {"type": "Feature", "geometry": {"type": "Point", "coordinates": [121.5746383, 25.12891321]}, "properties": {"stop_name": "福德祠", "district": "士林區", "geo_city": "臺北市", "nearest_estimate_min": -1.0}}, {"type": "Feature", "geometry": {"type": "Point", "coordinates": [121.501128, 25.033974]}, "properties": {"stop_name": "萬華車站", "district": "萬華區", "geo_city": "臺北市", "nearest_estimate_min": 4.4}}, {"type": "Feature", "geometry": {"type": "Point", "coordinates": [121.539342, 25.113709]}, "properties": {"stop_name": "職能發展學院二", "district": "士林區", "geo_city": "臺北市", "nearest_estimate_min": -1.0}}, {"type": "Feature", "geometry": {"type": "Point", "coordinates": [121.511797370504, 25.0544278399852]}, "properties": {"stop_name": "南京西路口(鈕釦街)", "district": "大同區", "geo_city": "臺北市", "nearest_estimate_min": 6.6}}, {"type": "Feature", "geometry": {"type": "Point", "coordinates": [121.57056541020108, 24.98938211529826]}, "properties": {"stop_name": "文山行政中心(木新)", "district": "文山區", "geo_city": "臺北市", "nearest_estimate_min": 0.7}}, {"type": "Feature", "geometry": {"type": "Point", "coordinates": [121.46855, 25.13196]}, "properties": {"stop_name": "北藝大音樂廳", "district": "北投區", "geo_city": "臺北市", "nearest_estimate_min": -1.0}}, {"type": "Feature", "geometry": {"type": "Point", "coordinates": [121.5626621, 25.05397814]}, "properties": {"stop_name": "健康新城", "district": "松山區", "geo_city": "臺北市", "nearest_estimate_min": 5.5}}, {"type": "Feature", "geometry": {"type": "Point", "coordinates": [121.56021, 25.11119]}, "properties": {"stop_name": "中社路11巷", "district": "士林區", "geo_city": "臺北市", "nearest_estimate_min": 6.8}}, {"type": "Feature", "geometry": {"type": "Point", "coordinates": [121.538101, 25.158633]}, "properties": {"stop_name": "大坑廟", "district": "北投區", "geo_city": "臺北市", "nearest_estimate_min": 2.1}}, {"type": "Feature", "geometry": {"type": "Point", "coordinates": [121.4872193, 25.10323827]}, "properties": {"stop_name": "福安國中", "district": "士林區", "geo_city": "臺北市", "nearest_estimate_min": 26.8}}, {"type": "Feature", "geometry": {"type": "Point", "coordinates": [121.561829231052, 24.9843077885823]}, "properties": {"stop_name": "忠順街口", "district": "文山區", "geo_city": "臺北市", "nearest_estimate_min": 7.4}}, {"type": "Feature", "geometry": {"type": "Point", "coordinates": [121.55752374841019, 25.042722340316903]}, "properties": {"stop_name": "捷運國父紀念館站(光復)", "district": "大安區", "geo_city": "臺北市", "nearest_estimate_min": 10.0}}, {"type": "Feature", "geometry": {"type": "Point", "coordinates": [121.51459702986995, 25.095240716768018]}, "properties": {"stop_name": "士林監理站", "district": "士林區", "geo_city": "臺北市", "nearest_estimate_min": 12.7}}, {"type": "Feature", "geometry": {"type": "Point", "coordinates": [121.5849168, 25.00379478]}, "properties": {"stop_name": "石壁坑福德宮", "district": "文山區", "geo_city": "臺北市", "nearest_estimate_min": -1.0}}, {"type": "Feature", "geometry": {"type": "Point", "coordinates": [121.574833, 25.13194]}, "properties": {"stop_name": "圳仔頭", "district": "士林區", "geo_city": "臺北市", "nearest_estimate_min": -1.0}}, {"type": "Feature", "geometry": {"type": "Point", "coordinates": [121.547497854598, 25.0247072352904]}, "properties": {"stop_name": "臥龍街", "district": "大安區", "geo_city": "臺北市", "nearest_estimate_min": 22.2}}, {"type": "Feature", "geometry": {"type": "Point", "coordinates": [121.502948188139, 25.1223766584811]}, "properties": {"stop_name": "崇仁路口", "district": "北投區", "geo_city": "臺北市", "nearest_estimate_min": 27.4}}, {"type": "Feature", "geometry": {"type": "Point", "coordinates": [121.544248, 25.052679]}, "properties": {"stop_name": "捷運南京復興站", "district": "松山區", "geo_city": "臺北市", "nearest_estimate_min": 17.2}}, {"type": "Feature", "geometry": {"type": "Point", "coordinates": [121.54915093472783, 25.14817175082818]}, "properties": {"stop_name": "聯勤陽明山招待所", "district": "北投區", "geo_city": "臺北市", "nearest_estimate_min": 14.0}}, {"type": "Feature", "geometry": {"type": "Point", "coordinates": [121.49433, 25.031173]}, "properties": {"stop_name": "雙園街口", "district": "萬華區", "geo_city": "臺北市", "nearest_estimate_min": -1.0}}, {"type": "Feature", "geometry": {"type": "Point", "coordinates": [121.5265466, 25.12288432]}, "properties": {"stop_name": "天北站", "district": "士林區", "geo_city": "臺北市", "nearest_estimate_min": 2.2}}, {"type": "Feature", "geometry": {"type": "Point", "coordinates": [121.5094213, 25.04568121]}, "properties": {"stop_name": "中華路北站", "district": "中正區", "geo_city": "臺北市", "nearest_estimate_min": -1.0}}, {"type": "Feature", "geometry": {"type": "Point", "coordinates": [121.53560208412, 25.1431074666186]}, "properties": {"stop_name": "大埔(明玄宮)", "district": "北投區", "geo_city": "臺北市", "nearest_estimate_min": -1.0}}, {"type": "Feature", "geometry": {"type": "Point", "coordinates": [121.55169540467806, 25.12257511145472]}, "properties": {"stop_name": "白雲山莊", "district": "士林區", "geo_city": "臺北市", "nearest_estimate_min": 13.6}}, {"type": "Feature", "geometry": {"type": "Point", "coordinates": [121.49669, 25.12976]}, "properties": {"stop_name": "大業路(大興街口)", "district": "北投區", "geo_city": "臺北市", "nearest_estimate_min": -1.0}}, {"type": "Feature", "geometry": {"type": "Point", "coordinates": [121.6196862, 25.04261402]}, "properties": {"stop_name": "金德橋頭", "district": "南港區", "geo_city": "臺北市", "nearest_estimate_min": 30.1}}, {"type": "Feature", "geometry": {"type": "Point", "coordinates": [121.578931, 25.041555]}, "properties": {"stop_name": "永春里(忠孝)", "district": "信義區", "geo_city": "臺北市", "nearest_estimate_min": 14.8}}, {"type": "Feature", "geometry": {"type": "Point", "coordinates": [121.582212, 25.074897]}, "properties": {"stop_name": "瑞陽三號公園", "district": "內湖區", "geo_city": "臺北市", "nearest_estimate_min": 25.7}}, {"type": "Feature", "geometry": {"type": "Point", "coordinates": [121.57349, 25.01951]}, "properties": {"stop_name": "挹翠山莊", "district": "信義區", "geo_city": "臺北市", "nearest_estimate_min": 14.4}}, {"type": "Feature", "geometry": {"type": "Point", "coordinates": [121.5718304, 25.04024924]}, "properties": {"stop_name": "市立工農(正門)", "district": "信義區", "geo_city": "臺北市", "nearest_estimate_min": -1.0}}, {"type": "Feature", "geometry": {"type": "Point", "coordinates": [121.595404, 25.135463]}, "properties": {"stop_name": "全成土雞城", "district": "士林區", "geo_city": "臺北市", "nearest_estimate_min": -1.0}}, {"type": "Feature", "geometry": {"type": "Point", "coordinates": [121.5793229, 25.06534803]}, "properties": {"stop_name": "行忠行愛路口", "district": "內湖區", "geo_city": "臺北市", "nearest_estimate_min": 14.4}}, {"type": "Feature", "geometry": {"type": "Point", "coordinates": [121.5762621, 25.06436849]}, "properties": {"stop_name": "行忠路口", "district": "內湖區", "geo_city": "臺北市", "nearest_estimate_min": -1.0}}, {"type": "Feature", "geometry": {"type": "Point", "coordinates": [121.482799, 25.115812]}, "properties": {"stop_name": "下八仙土地公廟", "district": "北投區", "geo_city": "臺北市", "nearest_estimate_min": -1.0}}, {"type": "Feature", "geometry": {"type": "Point", "coordinates": [121.5117, 25.02908]}, "properties": {"stop_name": "龍口市場", "district": "中正區", "geo_city": "臺北市", "nearest_estimate_min": 20.6}}, {"type": "Feature", "geometry": {"type": "Point", "coordinates": [121.60939, 25.05884]}, "properties": {"stop_name": "育成高中", "district": "南港區", "geo_city": "臺北市", "nearest_estimate_min": 37.7}}, {"type": "Feature", "geometry": {"type": "Point", "coordinates": [121.55136, 25.00284]}, "properties": {"stop_name": "福興路口", "district": "文山區", "geo_city": "臺北市", "nearest_estimate_min": 75.3}}, {"type": "Feature", "geometry": {"type": "Point", "coordinates": [121.4662693, 25.1320139]}, "properties": {"stop_name": "北藝大藝文生態館", "district": "北投區", "geo_city": "臺北市", "nearest_estimate_min": -1.0}}, {"type": "Feature", "geometry": {"type": "Point", "coordinates": [121.462280110886, 25.1203823064406]}, "properties": {"stop_name": "關渡碼頭", "district": "北投區", "geo_city": "臺北市", "nearest_estimate_min": -1.0}}, {"type": "Feature", "geometry": {"type": "Point", "coordinates": [121.55546, 25.10374]}, "properties": {"stop_name": "至善國中", "district": "士林區", "geo_city": "臺北市", "nearest_estimate_min": 3.0}}, {"type": "Feature", "geometry": {"type": "Point", "coordinates": [121.59362, 25.06897]}, "properties": {"stop_name": "福華商場", "district": "內湖區", "geo_city": "臺北市", "nearest_estimate_min": 26.4}}, {"type": "Feature", "geometry": {"type": "Point", "coordinates": [121.4669635218897, 25.130931961549415]}, "properties": {"stop_name": "鷺鷥草原", "district": "北投區", "geo_city": "臺北市", "nearest_estimate_min": -1.0}}, {"type": "Feature", "geometry": {"type": "Point", "coordinates": [121.510168, 25.12257]}, "properties": {"stop_name": "陽明交大五舍", "district": "北投區", "geo_city": "臺北市", "nearest_estimate_min": -1.0}}, {"type": "Feature", "geometry": {"type": "Point", "coordinates": [121.570485304818, 25.0042437073135]}, "properties": {"stop_name": "萬寧山莊", "district": "文山區", "geo_city": "臺北市", "nearest_estimate_min": 23.3}}, {"type": "Feature", "geometry": {"type": "Point", "coordinates": [121.5453828, 25.05447219]}, "properties": {"stop_name": "慶城街口", "district": "松山區", "geo_city": "臺北市", "nearest_estimate_min": -1.0}}, {"type": "Feature", "geometry": {"type": "Point", "coordinates": [121.58003, 25.04799]}, "properties": {"stop_name": "五分埔商圈(中坡北)", "district": "信義區", "geo_city": "臺北市", "nearest_estimate_min": 24.9}}, {"type": "Feature", "geometry": {"type": "Point", "coordinates": [121.5943834, 25.08468616]}, "properties": {"stop_name": "金龍路口", "district": "內湖區", "geo_city": "臺北市", "nearest_estimate_min": 4.9}}, {"type": "Feature", "geometry": {"type": "Point", "coordinates": [121.498822886077, 25.1422718056895]}, "properties": {"stop_name": "中和里", "district": "北投區", "geo_city": "臺北市", "nearest_estimate_min": 4.6}}, {"type": "Feature", "geometry": {"type": "Point", "coordinates": [121.5528996, 24.98800122]}, "properties": {"stop_name": "溝子口", "district": "文山區", "geo_city": "臺北市", "nearest_estimate_min": 0.8}}, {"type": "Feature", "geometry": {"type": "Point", "coordinates": [121.5026088, 25.14030313]}, "properties": {"stop_name": "復興一路口", "district": "北投區", "geo_city": "臺北市", "nearest_estimate_min": -1.0}}, {"type": "Feature", "geometry": {"type": "Point", "coordinates": [121.588166, 24.9703368]}, "properties": {"stop_name": "石坡坑", "district": "文山區", "geo_city": "臺北市", "nearest_estimate_min": 30.1}}, {"type": "Feature", "geometry": {"type": "Point", "coordinates": [121.4864995, 25.1093014]}, "properties": {"stop_name": "萬金路口", "district": "士林區", "geo_city": "臺北市", "nearest_estimate_min": -1.0}}, {"type": "Feature", "geometry": {"type": "Point", "coordinates": [121.590223592846, 25.0463517157701]}, "properties": {"stop_name": "修德國小", "district": "南港區", "geo_city": "臺北市", "nearest_estimate_min": -1.0}}, {"type": "Feature", "geometry": {"type": "Point", "coordinates": [121.5362727, 25.000769]}, "properties": {"stop_name": "古亭地政事務所", "district": "文山區", "geo_city": "臺北市", "nearest_estimate_min": -1.0}}, {"type": "Feature", "geometry": {"type": "Point", "coordinates": [121.52392406077344, 25.03564868242583]}, "properties": {"stop_name": "信義杭州路口", "district": "中正區", "geo_city": "臺北市", "nearest_estimate_min": 2.6}}, {"type": "Feature", "geometry": {"type": "Point", "coordinates": [121.531764, 25.03020674]}, "properties": {"stop_name": "金華國中", "district": "大安區", "geo_city": "臺北市", "nearest_estimate_min": 12.8}}, {"type": "Feature", "geometry": {"type": "Point", "coordinates": [121.485, 25.138268490176]}, "properties": {"stop_name": "捷運復興崗站", "district": "北投區", "geo_city": "臺北市", "nearest_estimate_min": 31.2}}, {"type": "Feature", "geometry": {"type": "Point", "coordinates": [121.50716, 25.12747]}, "properties": {"stop_name": "清江圖書館", "district": "北投區", "geo_city": "臺北市", "nearest_estimate_min": 6.0}}, {"type": "Feature", "geometry": {"type": "Point", "coordinates": [121.5818292, 24.98528376]}, "properties": {"stop_name": "政大和墅社區", "district": "文山區", "geo_city": "臺北市", "nearest_estimate_min": 9.7}}, {"type": "Feature", "geometry": {"type": "Point", "coordinates": [121.493826634438, 25.1452880512553]}, "properties": {"stop_name": "秀山里", "district": "北投區", "geo_city": "臺北市", "nearest_estimate_min": -1.0}}, {"type": "Feature", "geometry": {"type": "Point", "coordinates": [121.51144611421903, 25.084340383790973]}, "properties": {"stop_name": "葫東重慶路口", "district": "士林區", "geo_city": "臺北市", "nearest_estimate_min": -1.0}}, {"type": "Feature", "geometry": {"type": "Point", "coordinates": [121.579139, 24.981412]}, "properties": {"stop_name": "六期運動場", "district": "文山區", "geo_city": "臺北市", "nearest_estimate_min": -1.0}}, {"type": "Feature", "geometry": {"type": "Point", "coordinates": [121.52070098538395, 25.03723469016352]}, "properties": {"stop_name": "中正紀念堂", "district": "中正區", "geo_city": "臺北市", "nearest_estimate_min": 2.0}}, {"type": "Feature", "geometry": {"type": "Point", "coordinates": [121.55141707691577, 25.02349646945939]}, "properties": {"stop_name": "捷運六張犁站(基隆路)", "district": "大安區", "geo_city": "臺北市", "nearest_estimate_min": 10.4}}, {"type": "Feature", "geometry": {"type": "Point", "coordinates": [121.5598701, 25.10935971]}, "properties": {"stop_name": "社區發展協會", "district": "士林區", "geo_city": "臺北市", "nearest_estimate_min": 7.4}}, {"type": "Feature", "geometry": {"type": "Point", "coordinates": [121.605866, 25.058039]}, "properties": {"stop_name": "南港高工(重陽)", "district": "南港區", "geo_city": "臺北市", "nearest_estimate_min": 3.0}}, {"type": "Feature", "geometry": {"type": "Point", "coordinates": [121.473289, 25.13606986]}, "properties": {"stop_name": "北藝大藝科中心(游泳館)", "district": "北投區", "geo_city": "臺北市", "nearest_estimate_min": -1.0}}, {"type": "Feature", "geometry": {"type": "Point", "coordinates": [121.54771, 25.00309]}, "properties": {"stop_name": "敦南如意", "district": "文山區", "geo_city": "臺北市", "nearest_estimate_min": -1.0}}, {"type": "Feature", "geometry": {"type": "Point", "coordinates": [121.4750896208, 25.1326768057341]}, "properties": {"stop_name": "中央北路", "district": "北投區", "geo_city": "臺北市", "nearest_estimate_min": -1.0}}, {"type": "Feature", "geometry": {"type": "Point", "coordinates": [121.533077034393, 25.1216387675483]}, "properties": {"stop_name": "東和公園", "district": "士林區", "geo_city": "臺北市", "nearest_estimate_min": -1.0}}, {"type": "Feature", "geometry": {"type": "Point", "coordinates": [121.5077926, 25.02761832]}, "properties": {"stop_name": "國盛國宅", "district": "中正區", "geo_city": "臺北市", "nearest_estimate_min": 16.9}}, {"type": "Feature", "geometry": {"type": "Point", "coordinates": [121.52065828149863, 25.03734153832383]}, "properties": {"stop_name": "中正紀念堂", "district": "中正區", "geo_city": "臺北市", "nearest_estimate_min": 1.4}}, {"type": "Feature", "geometry": {"type": "Point", "coordinates": [121.5461666, 25.0333837]}, "properties": {"stop_name": "信義大安路口", "district": "大安區", "geo_city": "臺北市", "nearest_estimate_min": 47.6}}, {"type": "Feature", "geometry": {"type": "Point", "coordinates": [121.58682, 25.12814]}, "properties": {"stop_name": "平頂古圳步道口", "district": "士林區", "geo_city": "臺北市", "nearest_estimate_min": -1.0}}, {"type": "Feature", "geometry": {"type": "Point", "coordinates": [121.52952, 25.03834]}, "properties": {"stop_name": "仁愛臨沂街口", "district": "中正區", "geo_city": "臺北市", "nearest_estimate_min": 11.3}}, {"type": "Feature", "geometry": {"type": "Point", "coordinates": [121.5318941, 25.14594827]}, "properties": {"stop_name": "水井尾", "district": "北投區", "geo_city": "臺北市", "nearest_estimate_min": 4.7}}, {"type": "Feature", "geometry": {"type": "Point", "coordinates": [121.525671636781, 25.0928638299869]}, "properties": {"stop_name": "士林區農會", "district": "士林區", "geo_city": "臺北市", "nearest_estimate_min": 1.1}}, {"type": "Feature", "geometry": {"type": "Point", "coordinates": [121.6638069, 25.02743173]}, "properties": {"stop_name": "茶葉製造示範場", "district": "南港區", "geo_city": "臺北市", "nearest_estimate_min": -1.0}}, {"type": "Feature", "geometry": {"type": "Point", "coordinates": [121.564098538475, 25.0830692818289]}, "properties": {"stop_name": "治磐新村", "district": "內湖區", "geo_city": "臺北市", "nearest_estimate_min": 7.0}}, {"type": "Feature", "geometry": {"type": "Point", "coordinates": [121.61838014471944, 25.04117512726169]}, "properties": {"stop_name": "舊莊一站", "district": "南港區", "geo_city": "臺北市", "nearest_estimate_min": 9.3}}, {"type": "Feature", "geometry": {"type": "Point", "coordinates": [121.516775, 25.043929]}, "properties": {"stop_name": "臺北車站(公園)", "district": "中正區", "geo_city": "臺北市", "nearest_estimate_min": -1.0}}, {"type": "Feature", "geometry": {"type": "Point", "coordinates": [121.55027648092783, 25.124902973723618]}, "properties": {"stop_name": "新安", "district": "士林區", "geo_city": "臺北市", "nearest_estimate_min": 18.2}}, {"type": "Feature", "geometry": {"type": "Point", "coordinates": [121.593650837788, 25.0502182745934]}, "properties": {"stop_name": "捷運昆陽站", "district": "南港區", "geo_city": "臺北市", "nearest_estimate_min": 18.6}}, {"type": "Feature", "geometry": {"type": "Point", "coordinates": [121.525060474751, 25.052069472359]}, "properties": {"stop_name": "南京林森路口", "district": "中山區", "geo_city": "臺北市", "nearest_estimate_min": 13.8}}, {"type": "Feature", "geometry": {"type": "Point", "coordinates": [121.56385, 25.16587]}, "properties": {"stop_name": "冷水坑服務站", "district": "士林區", "geo_city": "臺北市", "nearest_estimate_min": -1.0}}, {"type": "Feature", "geometry": {"type": "Point", "coordinates": [121.504484, 25.14886]}, "properties": {"stop_name": "白宮山莊", "district": "北投區", "geo_city": "臺北市", "nearest_estimate_min": 14.7}}, {"type": "Feature", "geometry": {"type": "Point", "coordinates": [121.56111056329053, 25.05158012283465]}, "properties": {"stop_name": "南京三民路口", "district": "松山區", "geo_city": "臺北市", "nearest_estimate_min": 6.0}}, {"type": "Feature", "geometry": {"type": "Point", "coordinates": [121.5000872, 25.02109899]}, "properties": {"stop_name": "光仁國小", "district": "萬華區", "geo_city": "臺北市", "nearest_estimate_min": 44.0}}, {"type": "Feature", "geometry": {"type": "Point", "coordinates": [121.5428136, 24.99274359]}, "properties": {"stop_name": "景美國中", "district": "文山區", "geo_city": "臺北市", "nearest_estimate_min": -1.0}}, {"type": "Feature", "geometry": {"type": "Point", "coordinates": [121.5011176, 25.1278803]}, "properties": {"stop_name": "慈后宮", "district": "北投區", "geo_city": "臺北市", "nearest_estimate_min": -1.0}}, {"type": "Feature", "geometry": {"type": "Point", "coordinates": [121.5725398, 25.12292588]}, "properties": {"stop_name": "大坪尾", "district": "士林區", "geo_city": "臺北市", "nearest_estimate_min": -1.0}}, {"type": "Feature", "geometry": {"type": "Point", "coordinates": [121.5372271, 25.04633671]}, "properties": {"stop_name": "進安公園", "district": "中山區", "geo_city": "臺北市", "nearest_estimate_min": -1.0}}, {"type": "Feature", "geometry": {"type": "Point", "coordinates": [121.574546, 25.13084198]}, "properties": {"stop_name": "公地嶺", "district": "士林區", "geo_city": "臺北市", "nearest_estimate_min": -1.0}}, {"type": "Feature", "geometry": {"type": "Point", "coordinates": [121.57450814267398, 24.979877537986443]}, "properties": {"stop_name": "研創中心", "district": "文山區", "geo_city": "臺北市", "nearest_estimate_min": -1.0}}, {"type": "Feature", "geometry": {"type": "Point", "coordinates": [121.602592, 25.08343]}, "properties": {"stop_name": "捷運大湖公園站", "district": "內湖區", "geo_city": "臺北市", "nearest_estimate_min": 7.2}}, {"type": "Feature", "geometry": {"type": "Point", "coordinates": [121.56627, 25.10558]}, "properties": {"stop_name": "雙溪社區", "district": "士林區", "geo_city": "臺北市", "nearest_estimate_min": 13.2}}, {"type": "Feature", "geometry": {"type": "Point", "coordinates": [121.500485, 25.025045]}, "properties": {"stop_name": "德昌街口", "district": "萬華區", "geo_city": "臺北市", "nearest_estimate_min": 1.2}}, {"type": "Feature", "geometry": {"type": "Point", "coordinates": [121.49004, 25.10978]}, "properties": {"stop_name": "浮洲活動中心", "district": "士林區", "geo_city": "臺北市", "nearest_estimate_min": -1.0}}, {"type": "Feature", "geometry": {"type": "Point", "coordinates": [121.566361887311, 24.9885790493873]}, "properties": {"stop_name": "木柵", "district": "文山區", "geo_city": "臺北市", "nearest_estimate_min": 6.2}}, {"type": "Feature", "geometry": {"type": "Point", "coordinates": [121.50661426871102, 25.15572019826785]}, "properties": {"stop_name": "永春橋", "district": "北投區", "geo_city": "臺北市", "nearest_estimate_min": -1.0}}, {"type": "Feature", "geometry": {"type": "Point", "coordinates": [121.623378808109, 25.0392191053102]}, "properties": {"stop_name": "舊莊站", "district": "南港區", "geo_city": "臺北市", "nearest_estimate_min": 32.5}}, {"type": "Feature", "geometry": {"type": "Point", "coordinates": [121.56987, 25.11467]}, "properties": {"stop_name": "雙溪淨水場", "district": "士林區", "geo_city": "臺北市", "nearest_estimate_min": -1.0}}, {"type": "Feature", "geometry": {"type": "Point", "coordinates": [121.60631194598926, 25.07432866824676]}, "properties": {"stop_name": "康寧社區", "district": "內湖區", "geo_city": "臺北市", "nearest_estimate_min": 2.0}}, {"type": "Feature", "geometry": {"type": "Point", "coordinates": [121.50914, 25.12051]}, "properties": {"stop_name": "健行新村(東華)", "district": "北投區", "geo_city": "臺北市", "nearest_estimate_min": 25.3}}, {"type": "Feature", "geometry": {"type": "Point", "coordinates": [121.591098, 25.039953]}, "properties": {"stop_name": "南港花園社區二", "district": "南港區", "geo_city": "臺北市", "nearest_estimate_min": 46.1}}, {"type": "Feature", "geometry": {"type": "Point", "coordinates": [121.56886, 25.060955]}, "properties": {"stop_name": "塔悠路", "district": "松山區", "geo_city": "臺北市", "nearest_estimate_min": -1.0}}, {"type": "Feature", "geometry": {"type": "Point", "coordinates": [121.622274, 25.019693]}, "properties": {"stop_name": "南深路80號", "district": "南港區", "geo_city": "臺北市", "nearest_estimate_min": -1.0}}, {"type": "Feature", "geometry": {"type": "Point", "coordinates": [121.5109513, 25.05705615]}, "properties": {"stop_name": "迪化街", "district": "大同區", "geo_city": "臺北市", "nearest_estimate_min": -1.0}}, {"type": "Feature", "geometry": {"type": "Point", "coordinates": [121.615865875754, 25.0518036904539]}, "properties": {"stop_name": "誠正國中", "district": "南港區", "geo_city": "臺北市", "nearest_estimate_min": 4.4}}, {"type": "Feature", "geometry": {"type": "Point", "coordinates": [121.55656, 25.07661]}, "properties": {"stop_name": "美堤碼頭", "district": "中山區", "geo_city": "臺北市", "nearest_estimate_min": -1.0}}, {"type": "Feature", "geometry": {"type": "Point", "coordinates": [121.5785081, 25.04110183]}, "properties": {"stop_name": "永春里(忠孝)", "district": "信義區", "geo_city": "臺北市", "nearest_estimate_min": 9.4}}, {"type": "Feature", "geometry": {"type": "Point", "coordinates": [121.58679, 25.09139]}, "properties": {"stop_name": "武身廟", "district": "內湖區", "geo_city": "臺北市", "nearest_estimate_min": -1.0}}, {"type": "Feature", "geometry": {"type": "Point", "coordinates": [121.5444563164689, 25.05191518176843]}, "properties": {"stop_name": "捷運南京復興站", "district": "松山區", "geo_city": "臺北市", "nearest_estimate_min": 5.7}}, {"type": "Feature", "geometry": {"type": "Point", "coordinates": [121.4878715, 25.13846885]}, "properties": {"stop_name": "製片廠", "district": "北投區", "geo_city": "臺北市", "nearest_estimate_min": -1.0}}, {"type": "Feature", "geometry": {"type": "Point", "coordinates": [121.590016770287, 25.0738091792986]}, "properties": {"stop_name": "將軍嶺", "district": "內湖區", "geo_city": "臺北市", "nearest_estimate_min": 5.2}}, {"type": "Feature", "geometry": {"type": "Point", "coordinates": [121.595425, 25.135572]}, "properties": {"stop_name": "全成土雞城", "district": "士林區", "geo_city": "臺北市", "nearest_estimate_min": -1.0}}, {"type": "Feature", "geometry": {"type": "Point", "coordinates": [121.532641149751, 25.0519912439505]}, "properties": {"stop_name": "捷運松江南京站", "district": "中山區", "geo_city": "臺北市", "nearest_estimate_min": 16.8}}, {"type": "Feature", "geometry": {"type": "Point", "coordinates": [121.54429, 25.16172]}, "properties": {"stop_name": "氣象台", "district": "北投區", "geo_city": "臺北市", "nearest_estimate_min": 9.8}}, {"type": "Feature", "geometry": {"type": "Point", "coordinates": [121.511788, 25.105283]}, "properties": {"stop_name": "建民里一", "district": "北投區", "geo_city": "臺北市", "nearest_estimate_min": -1.0}}, {"type": "Feature", "geometry": {"type": "Point", "coordinates": [121.55883687781873, 24.99243758851507]}, "properties": {"stop_name": "海巡署一", "district": "文山區", "geo_city": "臺北市", "nearest_estimate_min": 2.6}}, {"type": "Feature", "geometry": {"type": "Point", "coordinates": [121.511701, 25.14139054]}, "properties": {"stop_name": "八勝園", "district": "北投區", "geo_city": "臺北市", "nearest_estimate_min": 4.1}}, {"type": "Feature", "geometry": {"type": "Point", "coordinates": [121.506661163485, 25.0272364792619]}, "properties": {"stop_name": "中華南海路口", "district": "中正區", "geo_city": "臺北市", "nearest_estimate_min": 0.8}}, {"type": "Feature", "geometry": {"type": "Point", "coordinates": [121.59951, 25.05684]}, "properties": {"stop_name": "中國電視公司", "district": "南港區", "geo_city": "臺北市", "nearest_estimate_min": 4.5}}, {"type": "Feature", "geometry": {"type": "Point", "coordinates": [121.536368939523, 25.0723302205134]}, "properties": {"stop_name": "大佳國小", "district": "中山區", "geo_city": "臺北市", "nearest_estimate_min": -1.0}}, {"type": "Feature", "geometry": {"type": "Point", "coordinates": [121.525031, 25.084952]}, "properties": {"stop_name": "捷運劍潭站(北藝中心)", "district": "士林區", "geo_city": "臺北市", "nearest_estimate_min": 3.3}}, {"type": "Feature", "geometry": {"type": "Point", "coordinates": [121.5020719, 25.02196658]}, "properties": {"stop_name": "青年路派出所", "district": "萬華區", "geo_city": "臺北市", "nearest_estimate_min": 44.8}}, {"type": "Feature", "geometry": {"type": "Point", "coordinates": [121.51196, 25.08435]}, "properties": {"stop_name": "葫東重慶路口", "district": "士林區", "geo_city": "臺北市", "nearest_estimate_min": 2.2}}, {"type": "Feature", "geometry": {"type": "Point", "coordinates": [121.5132751, 25.13156065]}, "properties": {"stop_name": "照明寺", "district": "北投區", "geo_city": "臺北市", "nearest_estimate_min": -1.0}}, {"type": "Feature", "geometry": {"type": "Point", "coordinates": [121.57658, 25.12974]}, "properties": {"stop_name": "平等國小", "district": "士林區", "geo_city": "臺北市", "nearest_estimate_min": -1.0}}, {"type": "Feature", "geometry": {"type": "Point", "coordinates": [121.54094, 25.04838]}, "properties": {"stop_name": "長安龍江路口", "district": "中山區", "geo_city": "臺北市", "nearest_estimate_min": 4.7}}, {"type": "Feature", "geometry": {"type": "Point", "coordinates": [121.55167519487803, 25.072080234444158]}, "properties": {"stop_name": "飛航服務總臺", "district": "松山區", "geo_city": "臺北市", "nearest_estimate_min": 23.6}}, {"type": "Feature", "geometry": {"type": "Point", "coordinates": [121.5468401, 25.13806157]}, "properties": {"stop_name": "山仔后", "district": "士林區", "geo_city": "臺北市", "nearest_estimate_min": 9.3}}, {"type": "Feature", "geometry": {"type": "Point", "coordinates": [121.56042, 25.14954]}, "properties": {"stop_name": "土地公廟", "district": "士林區", "geo_city": "臺北市", "nearest_estimate_min": -1.0}}, {"type": "Feature", "geometry": {"type": "Point", "coordinates": [121.55181, 25.03796]}, "properties": {"stop_name": "仁愛安和路口", "district": "大安區", "geo_city": "臺北市", "nearest_estimate_min": 2.6}}, {"type": "Feature", "geometry": {"type": "Point", "coordinates": [121.565624, 25.003393]}, "properties": {"stop_name": "萬芳國宅", "district": "文山區", "geo_city": "臺北市", "nearest_estimate_min": 22.0}}, {"type": "Feature", "geometry": {"type": "Point", "coordinates": [121.55507, 24.99579]}, "properties": {"stop_name": "興得閱覽室", "district": "文山區", "geo_city": "臺北市", "nearest_estimate_min": -1.0}}, {"type": "Feature", "geometry": {"type": "Point", "coordinates": [121.58078, 25.07859]}, "properties": {"stop_name": "湖光國宅", "district": "內湖區", "geo_city": "臺北市", "nearest_estimate_min": 1.7}}, {"type": "Feature", "geometry": {"type": "Point", "coordinates": [121.549520919642, 25.0517934820293]}, "properties": {"stop_name": "南京敦化路口(小巨蛋)", "district": "松山區", "geo_city": "臺北市", "nearest_estimate_min": 6.3}}, {"type": "Feature", "geometry": {"type": "Point", "coordinates": [121.57831066893011, 24.98262561112984]}, "properties": {"stop_name": "環山網球場", "district": "文山區", "geo_city": "臺北市", "nearest_estimate_min": -1.0}}, {"type": "Feature", "geometry": {"type": "Point", "coordinates": [121.58190757561452, 25.05609097336375]}, "properties": {"stop_name": "週美里一", "district": "內湖區", "geo_city": "臺北市", "nearest_estimate_min": 5.2}}, {"type": "Feature", "geometry": {"type": "Point", "coordinates": [121.528803, 25.04]}, "properties": {"stop_name": "金山泰安街口", "district": "中正區", "geo_city": "臺北市", "nearest_estimate_min": 24.6}}, {"type": "Feature", "geometry": {"type": "Point", "coordinates": [121.528575, 25.026041]}, "properties": {"stop_name": "師大", "district": "大安區", "geo_city": "臺北市", "nearest_estimate_min": 18.1}}, {"type": "Feature", "geometry": {"type": "Point", "coordinates": [121.48868, 25.14363]}, "properties": {"stop_name": "大華柏園", "district": "北投區", "geo_city": "臺北市", "nearest_estimate_min": 22.5}}, {"type": "Feature", "geometry": {"type": "Point", "coordinates": [121.501102766364, 25.0383544871594]}, "properties": {"stop_name": "桂林路", "district": "萬華區", "geo_city": "臺北市", "nearest_estimate_min": 74.0}}, {"type": "Feature", "geometry": {"type": "Point", "coordinates": [121.4980643, 25.03861022]}, "properties": {"stop_name": "萬華分局", "district": "萬華區", "geo_city": "臺北市", "nearest_estimate_min": 16.4}}, {"type": "Feature", "geometry": {"type": "Point", "coordinates": [121.5464, 24.986892]}, "properties": {"stop_name": "復興派出所", "district": "文山區", "geo_city": "臺北市", "nearest_estimate_min": 1.3}}, {"type": "Feature", "geometry": {"type": "Point", "coordinates": [121.467189, 25.120418]}, "properties": {"stop_name": "關渡國中(關渡醫院)", "district": "北投區", "geo_city": "臺北市", "nearest_estimate_min": -1.0}}, {"type": "Feature", "geometry": {"type": "Point", "coordinates": [121.5364043, 25.04984803]}, "properties": {"stop_name": "中山女高", "district": "中山區", "geo_city": "臺北市", "nearest_estimate_min": -1.0}}, {"type": "Feature", "geometry": {"type": "Point", "coordinates": [121.5013177, 25.13218314]}, "properties": {"stop_name": "中央南路", "district": "北投區", "geo_city": "臺北市", "nearest_estimate_min": -1.0}}, {"type": "Feature", "geometry": {"type": "Point", "coordinates": [121.5334915, 25.097224]}, "properties": {"stop_name": "泰北中學", "district": "士林區", "geo_city": "臺北市", "nearest_estimate_min": -1.0}}, {"type": "Feature", "geometry": {"type": "Point", "coordinates": [121.545132, 25.05790896]}, "properties": {"stop_name": "民生復興路口", "district": "松山區", "geo_city": "臺北市", "nearest_estimate_min": 4.6}}, {"type": "Feature", "geometry": {"type": "Point", "coordinates": [121.59311, 25.06211]}, "properties": {"stop_name": "石潭公園", "district": "內湖區", "geo_city": "臺北市", "nearest_estimate_min": 2.1}}, {"type": "Feature", "geometry": {"type": "Point", "coordinates": [121.549449, 25.03337757]}, "properties": {"stop_name": "信義敦化路口", "district": "大安區", "geo_city": "臺北市", "nearest_estimate_min": 7.4}}, {"type": "Feature", "geometry": {"type": "Point", "coordinates": [121.523109, 25.150358]}, "properties": {"stop_name": "十八份", "district": "北投區", "geo_city": "臺北市", "nearest_estimate_min": -1.0}}, {"type": "Feature", "geometry": {"type": "Point", "coordinates": [121.5056466, 25.04060961]}, "properties": {"stop_name": "長沙街", "district": "萬華區", "geo_city": "臺北市", "nearest_estimate_min": 15.7}}, {"type": "Feature", "geometry": {"type": "Point", "coordinates": [121.50169730318575, 25.029736849609808]}, "properties": {"stop_name": "西藏路", "district": "萬華區", "geo_city": "臺北市", "nearest_estimate_min": 3.6}}, {"type": "Feature", "geometry": {"type": "Point", "coordinates": [121.54156977220232, 25.044438351927294]}, "properties": {"stop_name": "懷生國小", "district": "大安區", "geo_city": "臺北市", "nearest_estimate_min": -1.0}}, {"type": "Feature", "geometry": {"type": "Point", "coordinates": [121.51719764702355, 25.0484971857801]}, "properties": {"stop_name": "臺北車站(鄭州)", "district": "大同區", "geo_city": "臺北市", "nearest_estimate_min": 8.0}}, {"type": "Feature", "geometry": {"type": "Point", "coordinates": [121.622813623616, 25.0773157481393]}, "properties": {"stop_name": "康湖隧道口(白馬山莊)", "district": "內湖區", "geo_city": "臺北市", "nearest_estimate_min": 43.0}}, {"type": "Feature", "geometry": {"type": "Point", "coordinates": [121.509834083745, 25.0414915346214]}, "properties": {"stop_name": "寶慶路", "district": "中正區", "geo_city": "臺北市", "nearest_estimate_min": 8.5}}, {"type": "Feature", "geometry": {"type": "Point", "coordinates": [121.498443, 25.156563]}, "properties": {"stop_name": "大彎", "district": "北投區", "geo_city": "臺北市", "nearest_estimate_min": 11.3}}, {"type": "Feature", "geometry": {"type": "Point", "coordinates": [121.50958853792531, 25.085288548110366]}, "properties": {"stop_name": "葫蘆寺(葫蘆里)", "district": "士林區", "geo_city": "臺北市", "nearest_estimate_min": -1.0}}, {"type": "Feature", "geometry": {"type": "Point", "coordinates": [121.522278540137, 25.0437303889139]}, "properties": {"stop_name": "青島林森路口", "district": "中正區", "geo_city": "臺北市", "nearest_estimate_min": 32.2}}, {"type": "Feature", "geometry": {"type": "Point", "coordinates": [121.56695, 24.98347]}, "properties": {"stop_name": "司法新村", "district": "文山區", "geo_city": "臺北市", "nearest_estimate_min": 2.7}}, {"type": "Feature", "geometry": {"type": "Point", "coordinates": [121.537298719254, 25.1072897892355]}, "properties": {"stop_name": "芝蘭新村", "district": "士林區", "geo_city": "臺北市", "nearest_estimate_min": 6.6}}, {"type": "Feature", "geometry": {"type": "Point", "coordinates": [121.5181, 25.06487427]}, "properties": {"stop_name": "大同國小", "district": "大同區", "geo_city": "臺北市", "nearest_estimate_min": 3.7}}, {"type": "Feature", "geometry": {"type": "Point", "coordinates": [121.5667521, 24.9666843]}, "properties": {"stop_name": "慈音山莊", "district": "文山區", "geo_city": "臺北市", "nearest_estimate_min": -1.0}}, {"type": "Feature", "geometry": {"type": "Point", "coordinates": [121.54399053234562, 25.05697224224693]}, "properties": {"stop_name": "興安華城", "district": "中山區", "geo_city": "臺北市", "nearest_estimate_min": 4.8}}, {"type": "Feature", "geometry": {"type": "Point", "coordinates": [121.61236, 25.06136]}, "properties": {"stop_name": "南港抽水站", "district": "南港區", "geo_city": "臺北市", "nearest_estimate_min": 37.1}}, {"type": "Feature", "geometry": {"type": "Point", "coordinates": [121.579255519338, 25.0011783104188]}, "properties": {"stop_name": "風動石", "district": "文山區", "geo_city": "臺北市", "nearest_estimate_min": 21.7}}, {"type": "Feature", "geometry": {"type": "Point", "coordinates": [121.55304, 25.03789]}, "properties": {"stop_name": "仁愛國泰醫院", "district": "大安區", "geo_city": "臺北市", "nearest_estimate_min": -1.0}}, {"type": "Feature", "geometry": {"type": "Point", "coordinates": [121.52664417791, 25.1214083603177]}, "properties": {"stop_name": "天玉里", "district": "士林區", "geo_city": "臺北市", "nearest_estimate_min": 2.8}}, {"type": "Feature", "geometry": {"type": "Point", "coordinates": [121.5593191, 25.14392192]}, "properties": {"stop_name": "礦寮", "district": "士林區", "geo_city": "臺北市", "nearest_estimate_min": -1.0}}, {"type": "Feature", "geometry": {"type": "Point", "coordinates": [121.541307, 25.097411]}, "properties": {"stop_name": "東吳大學(錢穆故居)", "district": "士林區", "geo_city": "臺北市", "nearest_estimate_min": 1.3}}, {"type": "Feature", "geometry": {"type": "Point", "coordinates": [121.502490233032, 25.0399728811606]}, "properties": {"stop_name": "祖師廟(貴陽)", "district": "萬華區", "geo_city": "臺北市", "nearest_estimate_min": 2.3}}, {"type": "Feature", "geometry": {"type": "Point", "coordinates": [121.559783932422, 24.9813802657801]}, "properties": {"stop_name": "力行國小", "district": "文山區", "geo_city": "臺北市", "nearest_estimate_min": 5.1}}, {"type": "Feature", "geometry": {"type": "Point", "coordinates": [121.51968525315, 25.1185668257628]}, "properties": {"stop_name": "榮總", "district": "北投區", "geo_city": "臺北市", "nearest_estimate_min": 1.7}}, {"type": "Feature", "geometry": {"type": "Point", "coordinates": [121.5009595, 25.13298746]}, "properties": {"stop_name": "北投分局", "district": "北投區", "geo_city": "臺北市", "nearest_estimate_min": -1.0}}, {"type": "Feature", "geometry": {"type": "Point", "coordinates": [121.571883, 25.022604]}, "properties": {"stop_name": "聯勤技術訓練中心", "district": "信義區", "geo_city": "臺北市", "nearest_estimate_min": 9.8}}, {"type": "Feature", "geometry": {"type": "Point", "coordinates": [121.5343357, 25.03804468]}, "properties": {"stop_name": "幸安國小", "district": "大安區", "geo_city": "臺北市", "nearest_estimate_min": 13.1}}, {"type": "Feature", "geometry": {"type": "Point", "coordinates": [121.516148167061, 25.0419357569938]}, "properties": {"stop_name": "捷運台大醫院站", "district": "中正區", "geo_city": "臺北市", "nearest_estimate_min": 0.8}}, {"type": "Feature", "geometry": {"type": "Point", "coordinates": [121.53849, 25.00761]}, "properties": {"stop_name": "師大分部", "district": "文山區", "geo_city": "臺北市", "nearest_estimate_min": -1.0}}, {"type": "Feature", "geometry": {"type": "Point", "coordinates": [121.524185846428, 25.0349344108172]}, "properties": {"stop_name": "金甌女中", "district": "大安區", "geo_city": "臺北市", "nearest_estimate_min": 16.9}}, {"type": "Feature", "geometry": {"type": "Point", "coordinates": [121.573657, 25.122375]}, "properties": {"stop_name": "大坪尾一", "district": "士林區", "geo_city": "臺北市", "nearest_estimate_min": -1.0}}, {"type": "Feature", "geometry": {"type": "Point", "coordinates": [121.5870158, 25.12283271]}, "properties": {"stop_name": "妙法寺", "district": "士林區", "geo_city": "臺北市", "nearest_estimate_min": -1.0}}, {"type": "Feature", "geometry": {"type": "Point", "coordinates": [121.607610913193, 25.0726213066526]}, "properties": {"stop_name": "捷運葫洲站(康寧大學)", "district": "內湖區", "geo_city": "臺北市", "nearest_estimate_min": 19.5}}, {"type": "Feature", "geometry": {"type": "Point", "coordinates": [121.536903542185, 25.1069424036663]}, "properties": {"stop_name": "芝蘭新村", "district": "士林區", "geo_city": "臺北市", "nearest_estimate_min": 1.4}}, {"type": "Feature", "geometry": {"type": "Point", "coordinates": [121.54326844618258, 25.033375050631893]}, "properties": {"stop_name": "捷運大安站(信義)", "district": "大安區", "geo_city": "臺北市", "nearest_estimate_min": 2.8}}, {"type": "Feature", "geometry": {"type": "Point", "coordinates": [121.58281, 25.01337698]}, "properties": {"stop_name": "廣化天宮", "district": "南港區", "geo_city": "臺北市", "nearest_estimate_min": -1.0}}, {"type": "Feature", "geometry": {"type": "Point", "coordinates": [121.53824562909286, 25.098005332485762]}, "properties": {"stop_name": "雙溪公園", "district": "士林區", "geo_city": "臺北市", "nearest_estimate_min": 0.4}}, {"type": "Feature", "geometry": {"type": "Point", "coordinates": [121.5082192, 25.04094605]}, "properties": {"stop_name": "捷運西門站", "district": "中正區", "geo_city": "臺北市", "nearest_estimate_min": 2.1}}, {"type": "Feature", "geometry": {"type": "Point", "coordinates": [121.5380796, 25.05457515]}, "properties": {"stop_name": "臺北大學(臺北校區)", "district": "中山區", "geo_city": "臺北市", "nearest_estimate_min": -1.0}}, {"type": "Feature", "geometry": {"type": "Point", "coordinates": [121.599554, 25.060747]}, "properties": {"stop_name": "威剛科技總部大樓", "district": "內湖區", "geo_city": "臺北市", "nearest_estimate_min": -1.0}}, {"type": "Feature", "geometry": {"type": "Point", "coordinates": [121.5279725, 25.10762151]}, "properties": {"stop_name": "忠義新城", "district": "士林區", "geo_city": "臺北市", "nearest_estimate_min": 15.5}}, {"type": "Feature", "geometry": {"type": "Point", "coordinates": [121.510919, 25.068027]}, "properties": {"stop_name": "天師宮", "district": "大同區", "geo_city": "臺北市", "nearest_estimate_min": 12.9}}, {"type": "Feature", "geometry": {"type": "Point", "coordinates": [121.54021, 25.09725]}, "properties": {"stop_name": "梅林新村", "district": "士林區", "geo_city": "臺北市", "nearest_estimate_min": -1.0}}, {"type": "Feature", "geometry": {"type": "Point", "coordinates": [121.50476, 25.12314]}, "properties": {"stop_name": "奇岩一站", "district": "北投區", "geo_city": "臺北市", "nearest_estimate_min": -1.0}}, {"type": "Feature", "geometry": {"type": "Point", "coordinates": [121.51836569309, 25.0593635889387]}, "properties": {"stop_name": "成淵高中", "district": "大同區", "geo_city": "臺北市", "nearest_estimate_min": 2.6}}, {"type": "Feature", "geometry": {"type": "Point", "coordinates": [121.500815164828, 25.0384724642396]}, "properties": {"stop_name": "桂林路", "district": "萬華區", "geo_city": "臺北市", "nearest_estimate_min": 1.3}}, {"type": "Feature", "geometry": {"type": "Point", "coordinates": [121.54181, 25.07768]}, "properties": {"stop_name": "北安國中", "district": "中山區", "geo_city": "臺北市", "nearest_estimate_min": -1.0}}, {"type": "Feature", "geometry": {"type": "Point", "coordinates": [121.49168, 25.09956]}, "properties": {"stop_name": "地藏禪寺", "district": "士林區", "geo_city": "臺北市", "nearest_estimate_min": 27.9}}, {"type": "Feature", "geometry": {"type": "Point", "coordinates": [121.606985, 25.077575]}, "properties": {"stop_name": "黃石公廟", "district": "內湖區", "geo_city": "臺北市", "nearest_estimate_min": 9.0}}, {"type": "Feature", "geometry": {"type": "Point", "coordinates": [121.56078, 24.996958]}, "properties": {"stop_name": "文山運動中心(萬芳)", "district": "文山區", "geo_city": "臺北市", "nearest_estimate_min": 13.1}}, {"type": "Feature", "geometry": {"type": "Point", "coordinates": [121.6161708, 25.03500483]}, "properties": {"stop_name": "九如里二", "district": "南港區", "geo_city": "臺北市", "nearest_estimate_min": 2.8}}, {"type": "Feature", "geometry": {"type": "Point", "coordinates": [121.583129808238, 25.0685609459737]}, "properties": {"stop_name": "時報廣場", "district": "內湖區", "geo_city": "臺北市", "nearest_estimate_min": 0.7}}, {"type": "Feature", "geometry": {"type": "Point", "coordinates": [121.5433292, 25.02679227]}, "properties": {"stop_name": "捷運科技大樓站", "district": "大安區", "geo_city": "臺北市", "nearest_estimate_min": 10.5}}, {"type": "Feature", "geometry": {"type": "Point", "coordinates": [121.4715738, 25.123722]}, "properties": {"stop_name": "慈濟志業中心", "district": "北投區", "geo_city": "臺北市", "nearest_estimate_min": 38.6}}, {"type": "Feature", "geometry": {"type": "Point", "coordinates": [121.5368616, 25.002101]}, "properties": {"stop_name": "萬和公園", "district": "文山區", "geo_city": "臺北市", "nearest_estimate_min": -1.0}}, {"type": "Feature", "geometry": {"type": "Point", "coordinates": [121.512887, 25.104852]}, "properties": {"stop_name": "文承承信路口", "district": "北投區", "geo_city": "臺北市", "nearest_estimate_min": -1.0}}, {"type": "Feature", "geometry": {"type": "Point", "coordinates": [121.50711199339771, 25.053427689294423]}, "properties": {"stop_name": "延平宮", "district": "大同區", "geo_city": "臺北市", "nearest_estimate_min": -1.0}}, {"type": "Feature", "geometry": {"type": "Point", "coordinates": [121.58479, 25.07507]}, "properties": {"stop_name": "紫陽", "district": "內湖區", "geo_city": "臺北市", "nearest_estimate_min": 42.8}}, {"type": "Feature", "geometry": {"type": "Point", "coordinates": [121.5479795, 25.05758765]}, "properties": {"stop_name": "民生敦化路口", "district": "松山區", "geo_city": "臺北市", "nearest_estimate_min": 4.8}}, {"type": "Feature", "geometry": {"type": "Point", "coordinates": [121.530156, 25.051132]}, "properties": {"stop_name": "南京東路口", "district": "中山區", "geo_city": "臺北市", "nearest_estimate_min": 10.6}}, {"type": "Feature", "geometry": {"type": "Point", "coordinates": [121.504659, 25.149217]}, "properties": {"stop_name": "白宮山莊", "district": "北投區", "geo_city": "臺北市", "nearest_estimate_min": 4.0}}, {"type": "Feature", "geometry": {"type": "Point", "coordinates": [121.550861893498, 25.0242726614044]}, "properties": {"stop_name": "和平安和路口", "district": "大安區", "geo_city": "臺北市", "nearest_estimate_min": 1.4}}, {"type": "Feature", "geometry": {"type": "Point", "coordinates": [121.585063, 25.041958]}, "properties": {"stop_name": "玉成公園(中坡)", "district": "南港區", "geo_city": "臺北市", "nearest_estimate_min": 4.1}}, {"type": "Feature", "geometry": {"type": "Point", "coordinates": [121.57201, 25.042071]}, "properties": {"stop_name": "富台公園", "district": "信義區", "geo_city": "臺北市", "nearest_estimate_min": -1.0}}, {"type": "Feature", "geometry": {"type": "Point", "coordinates": [121.55097, 24.99708]}, "properties": {"stop_name": "麥田紫藤", "district": "文山區", "geo_city": "臺北市", "nearest_estimate_min": -1.0}}, {"type": "Feature", "geometry": {"type": "Point", "coordinates": [121.5264947, 25.04712235]}, "properties": {"stop_name": "華山公園(市民)", "district": "中正區", "geo_city": "臺北市", "nearest_estimate_min": -1.0}}, {"type": "Feature", "geometry": {"type": "Point", "coordinates": [121.48928, 25.10163]}, "properties": {"stop_name": "臨江園", "district": "士林區", "geo_city": "臺北市", "nearest_estimate_min": 26.5}}, {"type": "Feature", "geometry": {"type": "Point", "coordinates": [121.5452729, 25.16052387]}, "properties": {"stop_name": "磺仔外", "district": "北投區", "geo_city": "臺北市", "nearest_estimate_min": 23.4}}, {"type": "Feature", "geometry": {"type": "Point", "coordinates": [121.518267306546, 25.0679133670728]}, "properties": {"stop_name": "民族承德路口", "district": "大同區", "geo_city": "臺北市", "nearest_estimate_min": 2.5}}, {"type": "Feature", "geometry": {"type": "Point", "coordinates": [121.534388191196, 25.0214053337175]}, "properties": {"stop_name": "臺大綜合體育館", "district": "大安區", "geo_city": "臺北市", "nearest_estimate_min": 4.4}}, {"type": "Feature", "geometry": {"type": "Point", "coordinates": [121.5134766, 25.05316719]}, "properties": {"stop_name": "圓環(天水)", "district": "大同區", "geo_city": "臺北市", "nearest_estimate_min": 18.2}}, {"type": "Feature", "geometry": {"type": "Point", "coordinates": [121.5397207, 25.07365104]}, "properties": {"stop_name": "八號水門", "district": "中山區", "geo_city": "臺北市", "nearest_estimate_min": -1.0}}, {"type": "Feature", "geometry": {"type": "Point", "coordinates": [121.50419, 25.12098]}, "properties": {"stop_name": "捷運唭哩岸站二(西安)", "district": "北投區", "geo_city": "臺北市", "nearest_estimate_min": -1.0}}, {"type": "Feature", "geometry": {"type": "Point", "coordinates": [121.6184776, 25.06922957]}, "properties": {"stop_name": "東湖社區", "district": "內湖區", "geo_city": "臺北市", "nearest_estimate_min": 45.6}}, {"type": "Feature", "geometry": {"type": "Point", "coordinates": [121.52136241205059, 25.05785889251285]}, "properties": {"stop_name": "馬偕醫院", "district": "中山區", "geo_city": "臺北市", "nearest_estimate_min": -1.0}}, {"type": "Feature", "geometry": {"type": "Point", "coordinates": [121.5057796, 25.13931402]}, "properties": {"stop_name": "華僑會館", "district": "北投區", "geo_city": "臺北市", "nearest_estimate_min": 5.9}}, {"type": "Feature", "geometry": {"type": "Point", "coordinates": [121.50578, 25.033191]}, "properties": {"stop_name": "和平中華路口", "district": "中正區", "geo_city": "臺北市", "nearest_estimate_min": 1.0}}, {"type": "Feature", "geometry": {"type": "Point", "coordinates": [121.5273725, 25.15242561]}, "properties": {"stop_name": "無尾崙", "district": "北投區", "geo_city": "臺北市", "nearest_estimate_min": -1.0}}, {"type": "Feature", "geometry": {"type": "Point", "coordinates": [121.570733, 24.996667]}, "properties": {"stop_name": "木柵高工(萬芳)", "district": "文山區", "geo_city": "臺北市", "nearest_estimate_min": -1.0}}, {"type": "Feature", "geometry": {"type": "Point", "coordinates": [121.501756, 25.143877]}, "properties": {"stop_name": "復興中學(正門)", "district": "北投區", "geo_city": "臺北市", "nearest_estimate_min": 16.4}}, {"type": "Feature", "geometry": {"type": "Point", "coordinates": [121.5116168, 25.05744181]}, "properties": {"stop_name": "民生西路口(大稻埕碼頭)", "district": "大同區", "geo_city": "臺北市", "nearest_estimate_min": 7.6}}, {"type": "Feature", "geometry": {"type": "Point", "coordinates": [121.538719, 25.15781]}, "properties": {"stop_name": "湖山路二段", "district": "北投區", "geo_city": "臺北市", "nearest_estimate_min": 2.4}}, {"type": "Feature", "geometry": {"type": "Point", "coordinates": [121.595013, 25.0503]}, "properties": {"stop_name": "衛生福利部", "district": "南港區", "geo_city": "臺北市", "nearest_estimate_min": -1.0}}, {"type": "Feature", "geometry": {"type": "Point", "coordinates": [121.602057, 25.084517]}, "properties": {"stop_name": "大湖山莊", "district": "內湖區", "geo_city": "臺北市", "nearest_estimate_min": 3.9}}, {"type": "Feature", "geometry": {"type": "Point", "coordinates": [121.56903, 25.05789]}, "properties": {"stop_name": "新東里", "district": "松山區", "geo_city": "臺北市", "nearest_estimate_min": 21.6}}, {"type": "Feature", "geometry": {"type": "Point", "coordinates": [121.51822, 25.09549]}, "properties": {"stop_name": "天文科學館", "district": "士林區", "geo_city": "臺北市", "nearest_estimate_min": 32.9}}, {"type": "Feature", "geometry": {"type": "Point", "coordinates": [121.55784, 25.12245]}, "properties": {"stop_name": "大興山莊", "district": "士林區", "geo_city": "臺北市", "nearest_estimate_min": 8.8}}, {"type": "Feature", "geometry": {"type": "Point", "coordinates": [121.501993, 25.040741]}, "properties": {"stop_name": "西門國小(臺大醫院北護分院)", "district": "萬華區", "geo_city": "臺北市", "nearest_estimate_min": 1.7}}, {"type": "Feature", "geometry": {"type": "Point", "coordinates": [121.51163, 25.035233]}, "properties": {"stop_name": "捷運小南門站", "district": "中正區", "geo_city": "臺北市", "nearest_estimate_min": 47.5}}, {"type": "Feature", "geometry": {"type": "Point", "coordinates": [121.573943217316, 25.0851847031458]}, "properties": {"stop_name": "麗山新村", "district": "內湖區", "geo_city": "臺北市", "nearest_estimate_min": 7.4}}, {"type": "Feature", "geometry": {"type": "Point", "coordinates": [121.519994, 25.024784]}, "properties": {"stop_name": "新民高中", "district": "中正區", "geo_city": "臺北市", "nearest_estimate_min": 5.1}}, {"type": "Feature", "geometry": {"type": "Point", "coordinates": [121.51880642264224, 25.0322495874994]}, "properties": {"stop_name": "捷運中正紀念堂站(羅斯福)", "district": "中正區", "geo_city": "臺北市", "nearest_estimate_min": 3.3}}, {"type": "Feature", "geometry": {"type": "Point", "coordinates": [121.600384, 25.064057]}, "properties": {"stop_name": "國道1號17Km(虛擬站不停靠)", "district": "內湖區", "geo_city": "臺北市", "nearest_estimate_min": -1.0}}, {"type": "Feature", "geometry": {"type": "Point", "coordinates": [121.505237, 25.045991]}, "properties": {"stop_name": "漢口街", "district": "萬華區", "geo_city": "臺北市", "nearest_estimate_min": 6.4}}, {"type": "Feature", "geometry": {"type": "Point", "coordinates": [121.53409, 25.05472]}, "properties": {"stop_name": "長春國小", "district": "中山區", "geo_city": "臺北市", "nearest_estimate_min": -1.0}}, {"type": "Feature", "geometry": {"type": "Point", "coordinates": [121.5876512, 25.06311911]}, "properties": {"stop_name": "金莊路", "district": "內湖區", "geo_city": "臺北市", "nearest_estimate_min": -1.0}}, {"type": "Feature", "geometry": {"type": "Point", "coordinates": [121.5601565, 25.0336777]}, "properties": {"stop_name": "世貿中心(基隆路)", "district": "信義區", "geo_city": "臺北市", "nearest_estimate_min": 10.1}}, {"type": "Feature", "geometry": {"type": "Point", "coordinates": [121.5557205, 25.10406772]}, "properties": {"stop_name": "至善國中", "district": "士林區", "geo_city": "臺北市", "nearest_estimate_min": 7.8}}, {"type": "Feature", "geometry": {"type": "Point", "coordinates": [121.517833, 25.089884]}, "properties": {"stop_name": "福港街", "district": "士林區", "geo_city": "臺北市", "nearest_estimate_min": -1.0}}, {"type": "Feature", "geometry": {"type": "Point", "coordinates": [121.515801262638, 25.1157212492135]}, "properties": {"stop_name": "綜合市場(捷運石牌站)", "district": "北投區", "geo_city": "臺北市", "nearest_estimate_min": 1.3}}, {"type": "Feature", "geometry": {"type": "Point", "coordinates": [121.598356860114, 25.0670359070235]}, "properties": {"stop_name": "民權東路六段(民權敦品)", "district": "內湖區", "geo_city": "臺北市", "nearest_estimate_min": 6.7}}, {"type": "Feature", "geometry": {"type": "Point", "coordinates": [121.5830784, 25.01369722]}, "properties": {"stop_name": "廣化天宮", "district": "南港區", "geo_city": "臺北市", "nearest_estimate_min": -1.0}}, {"type": "Feature", "geometry": {"type": "Point", "coordinates": [121.5223096, 25.08105624]}, "properties": {"stop_name": "劍潭國小", "district": "士林區", "geo_city": "臺北市", "nearest_estimate_min": 5.3}}, {"type": "Feature", "geometry": {"type": "Point", "coordinates": [121.5804405901, 24.9744406000435]}, "properties": {"stop_name": "石獅腳", "district": "文山區", "geo_city": "臺北市", "nearest_estimate_min": -1.0}}, {"type": "Feature", "geometry": {"type": "Point", "coordinates": [121.562127594784, 25.0018116822751]}, "properties": {"stop_name": "公務人員訓練處", "district": "文山區", "geo_city": "臺北市", "nearest_estimate_min": 7.8}}, {"type": "Feature", "geometry": {"type": "Point", "coordinates": [121.62414173119, 25.0253707817443]}, "properties": {"stop_name": "豐臺煤礦", "district": "南港區", "geo_city": "臺北市", "nearest_estimate_min": -1.0}}, {"type": "Feature", "geometry": {"type": "Point", "coordinates": [121.538016, 25.026372]}, "properties": {"stop_name": "和平建國路口", "district": "大安區", "geo_city": "臺北市", "nearest_estimate_min": -1.0}}, {"type": "Feature", "geometry": {"type": "Point", "coordinates": [121.543919, 25.05344]}, "properties": {"stop_name": "捷運南京復興站", "district": "中山區", "geo_city": "臺北市", "nearest_estimate_min": 22.5}}, {"type": "Feature", "geometry": {"type": "Point", "coordinates": [121.5785, 25.11961]}, "properties": {"stop_name": "礁坑橋(普宜苑)", "district": "士林區", "geo_city": "臺北市", "nearest_estimate_min": -1.0}}, {"type": "Feature", "geometry": {"type": "Point", "coordinates": [121.5241858, 25.03493441]}, "properties": {"stop_name": "金甌女中", "district": "大安區", "geo_city": "臺北市", "nearest_estimate_min": 0.5}}, {"type": "Feature", "geometry": {"type": "Point", "coordinates": [121.579955106331, 24.9850502753839]}, "properties": {"stop_name": "北政國中(政大實小)", "district": "文山區", "geo_city": "臺北市", "nearest_estimate_min": 10.3}}, {"type": "Feature", "geometry": {"type": "Point", "coordinates": [121.498005120919, 25.1435377973513]}, "properties": {"stop_name": "國泰新村", "district": "北投區", "geo_city": "臺北市", "nearest_estimate_min": -1.0}}, {"type": "Feature", "geometry": {"type": "Point", "coordinates": [121.6025727, 25.05256851]}, "properties": {"stop_name": "市民大道八段", "district": "南港區", "geo_city": "臺北市", "nearest_estimate_min": -1.0}}, {"type": "Feature", "geometry": {"type": "Point", "coordinates": [121.52742, 25.05334]}, "properties": {"stop_name": "吉林國小", "district": "中山區", "geo_city": "臺北市", "nearest_estimate_min": 19.7}}, {"type": "Feature", "geometry": {"type": "Point", "coordinates": [121.53938898702161, 25.11296710251853]}, "properties": {"stop_name": "職能發展學院二", "district": "士林區", "geo_city": "臺北市", "nearest_estimate_min": -1.0}}, {"type": "Feature", "geometry": {"type": "Point", "coordinates": [121.52536, 25.15064]}, "properties": {"stop_name": "泉源國小宿舍", "district": "北投區", "geo_city": "臺北市", "nearest_estimate_min": 35.9}}, {"type": "Feature", "geometry": {"type": "Point", "coordinates": [121.551632, 25.08172328]}, "properties": {"stop_name": "明水路一", "district": "中山區", "geo_city": "臺北市", "nearest_estimate_min": 14.9}}, {"type": "Feature", "geometry": {"type": "Point", "coordinates": [121.510462439727, 25.0528521380205]}, "properties": {"stop_name": "南京西路口(塔城)", "district": "大同區", "geo_city": "臺北市", "nearest_estimate_min": 21.9}}, {"type": "Feature", "geometry": {"type": "Point", "coordinates": [121.5763266, 25.05396814]}, "properties": {"stop_name": "正聖堂", "district": "內湖區", "geo_city": "臺北市", "nearest_estimate_min": -1.0}}, {"type": "Feature", "geometry": {"type": "Point", "coordinates": [121.5273248, 25.15228087]}, "properties": {"stop_name": "無尾崙", "district": "北投區", "geo_city": "臺北市", "nearest_estimate_min": 34.9}}, {"type": "Feature", "geometry": {"type": "Point", "coordinates": [121.56668, 25.11377]}, "properties": {"stop_name": "沙崙", "district": "士林區", "geo_city": "臺北市", "nearest_estimate_min": -1.0}}, {"type": "Feature", "geometry": {"type": "Point", "coordinates": [121.6054195, 24.97038815]}, "properties": {"stop_name": "草湳", "district": "文山區", "geo_city": "臺北市", "nearest_estimate_min": -1.0}}, {"type": "Feature", "geometry": {"type": "Point", "coordinates": [121.555959, 25.142353]}, "properties": {"stop_name": "山豬湖", "district": "士林區", "geo_city": "臺北市", "nearest_estimate_min": 7.2}}, {"type": "Feature", "geometry": {"type": "Point", "coordinates": [121.61407454595626, 25.0587135046885]}, "properties": {"stop_name": "南港軟體園區北站", "district": "南港區", "geo_city": "臺北市", "nearest_estimate_min": 3.2}}, {"type": "Feature", "geometry": {"type": "Point", "coordinates": [121.5315658, 25.121299]}, "properties": {"stop_name": "天母新村", "district": "士林區", "geo_city": "臺北市", "nearest_estimate_min": 1.5}}, {"type": "Feature", "geometry": {"type": "Point", "coordinates": [121.509833, 25.024664]}, "properties": {"stop_name": "古亭國中", "district": "萬華區", "geo_city": "臺北市", "nearest_estimate_min": 3.2}}, {"type": "Feature", "geometry": {"type": "Point", "coordinates": [121.560927032747, 25.0586405271738]}, "properties": {"stop_name": "民生社區活動中心", "district": "松山區", "geo_city": "臺北市", "nearest_estimate_min": 4.4}}, {"type": "Feature", "geometry": {"type": "Point", "coordinates": [121.5745264, 24.97337254]}, "properties": {"stop_name": "救千宮", "district": "文山區", "geo_city": "臺北市", "nearest_estimate_min": -1.0}}, {"type": "Feature", "geometry": {"type": "Point", "coordinates": [121.52673, 25.03066]}, "properties": {"stop_name": "公企中心", "district": "大安區", "geo_city": "臺北市", "nearest_estimate_min": 23.8}}, {"type": "Feature", "geometry": {"type": "Point", "coordinates": [121.52804750361558, 25.06761882553957]}, "properties": {"stop_name": "民族東路口", "district": "中山區", "geo_city": "臺北市", "nearest_estimate_min": 46.0}}, {"type": "Feature", "geometry": {"type": "Point", "coordinates": [121.537667, 25.044874]}, "properties": {"stop_name": "忠泰美術館", "district": "中山區", "geo_city": "臺北市", "nearest_estimate_min": -1.0}}, {"type": "Feature", "geometry": {"type": "Point", "coordinates": [121.5716055, 24.99360167]}, "properties": {"stop_name": "萬芳路口", "district": "文山區", "geo_city": "臺北市", "nearest_estimate_min": 1.8}}, {"type": "Feature", "geometry": {"type": "Point", "coordinates": [121.580132112058, 24.9850343300953]}, "properties": {"stop_name": "北政國中(政大實小)", "district": "文山區", "geo_city": "臺北市", "nearest_estimate_min": 13.2}}, {"type": "Feature", "geometry": {"type": "Point", "coordinates": [121.525984, 25.117695]}, "properties": {"stop_name": "天壽里", "district": "士林區", "geo_city": "臺北市", "nearest_estimate_min": -1.0}}, {"type": "Feature", "geometry": {"type": "Point", "coordinates": [121.552561, 25.155492]}, "properties": {"stop_name": "中山樓(正門)", "district": "北投區", "geo_city": "臺北市", "nearest_estimate_min": -1.0}}, {"type": "Feature", "geometry": {"type": "Point", "coordinates": [121.55509, 25.11719]}, "properties": {"stop_name": "綠園", "district": "士林區", "geo_city": "臺北市", "nearest_estimate_min": 27.4}}, {"type": "Feature", "geometry": {"type": "Point", "coordinates": [121.5764519, 25.13154649]}, "properties": {"stop_name": "平等里", "district": "士林區", "geo_city": "臺北市", "nearest_estimate_min": -1.0}}, {"type": "Feature", "geometry": {"type": "Point", "coordinates": [121.54608, 25.15532]}, "properties": {"stop_name": "陽明山國家公園管理處", "district": "北投區", "geo_city": "臺北市", "nearest_estimate_min": 8.3}}, {"type": "Feature", "geometry": {"type": "Point", "coordinates": [121.5243054, 25.09589886]}, "properties": {"stop_name": "士林", "district": "士林區", "geo_city": "臺北市", "nearest_estimate_min": -1.0}}, {"type": "Feature", "geometry": {"type": "Point", "coordinates": [121.495706, 25.022395]}, "properties": {"stop_name": "楊聖廟", "district": "萬華區", "geo_city": "臺北市", "nearest_estimate_min": -1.0}}, {"type": "Feature", "geometry": {"type": "Point", "coordinates": [121.5448151, 25.02482681]}, "properties": {"stop_name": "國立臺北教育大學", "district": "大安區", "geo_city": "臺北市", "nearest_estimate_min": 23.0}}, {"type": "Feature", "geometry": {"type": "Point", "coordinates": [121.528640834207, 25.1050501328713]}, "properties": {"stop_name": "雨農國小", "district": "士林區", "geo_city": "臺北市", "nearest_estimate_min": 34.1}}, {"type": "Feature", "geometry": {"type": "Point", "coordinates": [121.5941653, 25.06267156]}, "properties": {"stop_name": "潭美綠地", "district": "內湖區", "geo_city": "臺北市", "nearest_estimate_min": -1.0}}, {"type": "Feature", "geometry": {"type": "Point", "coordinates": [121.512761, 25.037508]}, "properties": {"stop_name": "一女中(重慶)", "district": "中正區", "geo_city": "臺北市", "nearest_estimate_min": -1.0}}, {"type": "Feature", "geometry": {"type": "Point", "coordinates": [121.50469, 25.0422]}, "properties": {"stop_name": "昆明街", "district": "萬華區", "geo_city": "臺北市", "nearest_estimate_min": 3.5}}, {"type": "Feature", "geometry": {"type": "Point", "coordinates": [121.58896238097387, 25.068895529659475]}, "properties": {"stop_name": "內湖行政大樓", "district": "內湖區", "geo_city": "臺北市", "nearest_estimate_min": 5.4}}, {"type": "Feature", "geometry": {"type": "Point", "coordinates": [121.530112, 25.15631173]}, "properties": {"stop_name": "頂湖", "district": "北投區", "geo_city": "臺北市", "nearest_estimate_min": 33.9}}, {"type": "Feature", "geometry": {"type": "Point", "coordinates": [121.502463, 25.042344]}, "properties": {"stop_name": "西門國小(臺大醫院北護分院)", "district": "萬華區", "geo_city": "臺北市", "nearest_estimate_min": 3.5}}, {"type": "Feature", "geometry": {"type": "Point", "coordinates": [121.55508, 25.11713]}, "properties": {"stop_name": "綠園", "district": "士林區", "geo_city": "臺北市", "nearest_estimate_min": 7.3}}, {"type": "Feature", "geometry": {"type": "Point", "coordinates": [121.5668822, 25.1066287]}, "properties": {"stop_name": "雙溪站一", "district": "士林區", "geo_city": "臺北市", "nearest_estimate_min": 12.8}}, {"type": "Feature", "geometry": {"type": "Point", "coordinates": [121.595183821322, 25.0022030300169]}, "properties": {"stop_name": "文和橋", "district": "文山區", "geo_city": "臺北市", "nearest_estimate_min": 2.4}}, {"type": "Feature", "geometry": {"type": "Point", "coordinates": [121.52708, 25.04128]}, "properties": {"stop_name": "濟南路二段", "district": "中正區", "geo_city": "臺北市", "nearest_estimate_min": -1.0}}, {"type": "Feature", "geometry": {"type": "Point", "coordinates": [121.61237, 25.06113]}, "properties": {"stop_name": "南港抽水站", "district": "南港區", "geo_city": "臺北市", "nearest_estimate_min": -1.0}}, {"type": "Feature", "geometry": {"type": "Point", "coordinates": [121.53702433513, 25.1035131480372]}, "properties": {"stop_name": "岩山里一", "district": "士林區", "geo_city": "臺北市", "nearest_estimate_min": 9.6}}, {"type": "Feature", "geometry": {"type": "Point", "coordinates": [121.4686822, 25.12828944]}, "properties": {"stop_name": "一德街口", "district": "北投區", "geo_city": "臺北市", "nearest_estimate_min": -1.0}}, {"type": "Feature", "geometry": {"type": "Point", "coordinates": [121.584872, 25.012452]}, "properties": {"stop_name": "富德公墓12區", "district": "文山區", "geo_city": "臺北市", "nearest_estimate_min": -1.0}}, {"type": "Feature", "geometry": {"type": "Point", "coordinates": [121.5336881025246, 25.048368420364223]}, "properties": {"stop_name": "長安東路二段", "district": "中山區", "geo_city": "臺北市", "nearest_estimate_min": 35.1}}, {"type": "Feature", "geometry": {"type": "Point", "coordinates": [121.55146530005, 25.1230700246186]}, "properties": {"stop_name": "白雲山莊", "district": "士林區", "geo_city": "臺北市", "nearest_estimate_min": 17.7}}, {"type": "Feature", "geometry": {"type": "Point", "coordinates": [121.533969756569, 25.1488577348948]}, "properties": {"stop_name": "紗帽橋一", "district": "北投區", "geo_city": "臺北市", "nearest_estimate_min": 5.7}}, {"type": "Feature", "geometry": {"type": "Point", "coordinates": [121.5462971, 25.04814244]}, "properties": {"stop_name": "臺安醫院", "district": "松山區", "geo_city": "臺北市", "nearest_estimate_min": 16.8}}, {"type": "Feature", "geometry": {"type": "Point", "coordinates": [121.589918, 25.103908]}, "properties": {"stop_name": "觀光草莓園二", "district": "內湖區", "geo_city": "臺北市", "nearest_estimate_min": -1.0}}, {"type": "Feature", "geometry": {"type": "Point", "coordinates": [121.60365, 25.0576]}, "properties": {"stop_name": "東新國小", "district": "南港區", "geo_city": "臺北市", "nearest_estimate_min": 21.9}}, {"type": "Feature", "geometry": {"type": "Point", "coordinates": [121.509145, 25.02815]}, "properties": {"stop_name": "龍口市場", "district": "中正區", "geo_city": "臺北市", "nearest_estimate_min": 18.0}}, {"type": "Feature", "geometry": {"type": "Point", "coordinates": [121.5808207, 25.05401775]}, "properties": {"stop_name": "長壽橋", "district": "內湖區", "geo_city": "臺北市", "nearest_estimate_min": -1.0}}, {"type": "Feature", "geometry": {"type": "Point", "coordinates": [121.508810147614, 25.0245858237515]}, "properties": {"stop_name": "國興路口一", "district": "萬華區", "geo_city": "臺北市", "nearest_estimate_min": 29.6}}, {"type": "Feature", "geometry": {"type": "Point", "coordinates": [121.544405, 25.060855]}, "properties": {"stop_name": "捷運中山國中站", "district": "松山區", "geo_city": "臺北市", "nearest_estimate_min": 2.1}}, {"type": "Feature", "geometry": {"type": "Point", "coordinates": [121.49927, 25.03611]}, "properties": {"stop_name": "龍山寺(西園)", "district": "萬華區", "geo_city": "臺北市", "nearest_estimate_min": 3.4}}, {"type": "Feature", "geometry": {"type": "Point", "coordinates": [121.525717467074, 25.0521676118001]}, "properties": {"stop_name": "南京林森路口", "district": "中山區", "geo_city": "臺北市", "nearest_estimate_min": 1.8}}, {"type": "Feature", "geometry": {"type": "Point", "coordinates": [121.513268344324, 25.0539552344985]}, "properties": {"stop_name": "圓環(鈕釦街)", "district": "大同區", "geo_city": "臺北市", "nearest_estimate_min": 12.9}}, {"type": "Feature", "geometry": {"type": "Point", "coordinates": [121.5572, 25.10554]}, "properties": {"stop_name": "雙溪別墅", "district": "士林區", "geo_city": "臺北市", "nearest_estimate_min": 7.4}}, {"type": "Feature", "geometry": {"type": "Point", "coordinates": [121.540453, 25.053452]}, "properties": {"stop_name": "龍江路口", "district": "中山區", "geo_city": "臺北市", "nearest_estimate_min": 16.4}}, {"type": "Feature", "geometry": {"type": "Point", "coordinates": [121.55339, 24.99835]}, "properties": {"stop_name": "懷恩隧道", "district": "文山區", "geo_city": "臺北市", "nearest_estimate_min": 3.7}}, {"type": "Feature", "geometry": {"type": "Point", "coordinates": [121.5015276, 25.10170019]}, "properties": {"stop_name": "洲美街219號", "district": "北投區", "geo_city": "臺北市", "nearest_estimate_min": -1.0}}, {"type": "Feature", "geometry": {"type": "Point", "coordinates": [121.511052, 25.06432]}, "properties": {"stop_name": "延三觀光夜市", "district": "大同區", "geo_city": "臺北市", "nearest_estimate_min": 15.4}}, {"type": "Feature", "geometry": {"type": "Point", "coordinates": [121.5459328, 25.09806813]}, "properties": {"stop_name": "故宮路口", "district": "士林區", "geo_city": "臺北市", "nearest_estimate_min": -1.0}}, {"type": "Feature", "geometry": {"type": "Point", "coordinates": [121.57964, 25.13287]}, "properties": {"stop_name": "內厝", "district": "士林區", "geo_city": "臺北市", "nearest_estimate_min": -1.0}}, {"type": "Feature", "geometry": {"type": "Point", "coordinates": [121.5021511, 25.15526438]}, "properties": {"stop_name": "吳氏宗祠", "district": "北投區", "geo_city": "臺北市", "nearest_estimate_min": 6.8}}, {"type": "Feature", "geometry": {"type": "Point", "coordinates": [121.481557, 25.147849]}, "properties": {"stop_name": "吳仔厝", "district": "北投區", "geo_city": "臺北市", "nearest_estimate_min": -1.0}}, {"type": "Feature", "geometry": {"type": "Point", "coordinates": [121.5156486, 25.14148435]}, "properties": {"stop_name": "東昇路口", "district": "北投區", "geo_city": "臺北市", "nearest_estimate_min": -1.0}}, {"type": "Feature", "geometry": {"type": "Point", "coordinates": [121.586251788683, 25.0462378312467]}, "properties": {"stop_name": "聯合醫院忠孝院區(同德)", "district": "南港區", "geo_city": "臺北市", "nearest_estimate_min": 6.6}}, {"type": "Feature", "geometry": {"type": "Point", "coordinates": [121.5085509, 25.03630737]}, "properties": {"stop_name": "小南門(和平院區)", "district": "中正區", "geo_city": "臺北市", "nearest_estimate_min": 12.2}}, {"type": "Feature", "geometry": {"type": "Point", "coordinates": [121.500823, 25.159885]}, "properties": {"stop_name": "清天宮", "district": "北投區", "geo_city": "臺北市", "nearest_estimate_min": 8.9}}, {"type": "Feature", "geometry": {"type": "Point", "coordinates": [121.55309076524317, 25.120427697654744]}, "properties": {"stop_name": "明德新村", "district": "士林區", "geo_city": "臺北市", "nearest_estimate_min": 17.1}}, {"type": "Feature", "geometry": {"type": "Point", "coordinates": [121.574739, 24.98778]}, "properties": {"stop_name": "政大", "district": "文山區", "geo_city": "臺北市", "nearest_estimate_min": 2.1}}, {"type": "Feature", "geometry": {"type": "Point", "coordinates": [121.506607, 25.0357]}, "properties": {"stop_name": "聯合醫院和平院區", "district": "中正區", "geo_city": "臺北市", "nearest_estimate_min": 0.7}}, {"type": "Feature", "geometry": {"type": "Point", "coordinates": [121.5279257, 25.13056285]}, "properties": {"stop_name": "行義路", "district": "北投區", "geo_city": "臺北市", "nearest_estimate_min": 5.4}}, {"type": "Feature", "geometry": {"type": "Point", "coordinates": [121.501636, 25.155615]}, "properties": {"stop_name": "復興三路355巷口", "district": "北投區", "geo_city": "臺北市", "nearest_estimate_min": 11.8}}, {"type": "Feature", "geometry": {"type": "Point", "coordinates": [121.4997853, 25.04040446]}, "properties": {"stop_name": "艋舺天后宮", "district": "萬華區", "geo_city": "臺北市", "nearest_estimate_min": -1.0}}, {"type": "Feature", "geometry": {"type": "Point", "coordinates": [121.504647, 25.025478]}, "properties": {"stop_name": "青年社區", "district": "萬華區", "geo_city": "臺北市", "nearest_estimate_min": 28.3}}, {"type": "Feature", "geometry": {"type": "Point", "coordinates": [121.547575202612, 25.0152802961331]}, "properties": {"stop_name": "自來水事業處", "district": "大安區", "geo_city": "臺北市", "nearest_estimate_min": -1.0}}, {"type": "Feature", "geometry": {"type": "Point", "coordinates": [121.558778, 24.993046]}, "properties": {"stop_name": "海巡署一", "district": "文山區", "geo_city": "臺北市", "nearest_estimate_min": 4.9}}, {"type": "Feature", "geometry": {"type": "Point", "coordinates": [121.58947304948941, 25.00068878171876]}, "properties": {"stop_name": "象頭埔", "district": "文山區", "geo_city": "臺北市", "nearest_estimate_min": 2.2}}, {"type": "Feature", "geometry": {"type": "Point", "coordinates": [121.541799, 25.04476899]}, "properties": {"stop_name": "懷生國小", "district": "中山區", "geo_city": "臺北市", "nearest_estimate_min": -1.0}}, {"type": "Feature", "geometry": {"type": "Point", "coordinates": [121.56677, 25.11344]}, "properties": {"stop_name": "沙崙", "district": "士林區", "geo_city": "臺北市", "nearest_estimate_min": -1.0}}, {"type": "Feature", "geometry": {"type": "Point", "coordinates": [121.50405, 25.153898]}, "properties": {"stop_name": "粗坑", "district": "北投區", "geo_city": "臺北市", "nearest_estimate_min": 12.6}}, {"type": "Feature", "geometry": {"type": "Point", "coordinates": [121.490111, 25.034167]}, "properties": {"stop_name": "力霸社區", "district": "萬華區", "geo_city": "臺北市", "nearest_estimate_min": 21.4}}, {"type": "Feature", "geometry": {"type": "Point", "coordinates": [121.55669744493079, 25.048204076570904]}, "properties": {"stop_name": "光復路口", "district": "松山區", "geo_city": "臺北市", "nearest_estimate_min": 19.5}}, {"type": "Feature", "geometry": {"type": "Point", "coordinates": [121.519189, 25.092636]}, "properties": {"stop_name": "士林區行政中心(中正)", "district": "士林區", "geo_city": "臺北市", "nearest_estimate_min": 2.4}}, {"type": "Feature", "geometry": {"type": "Point", "coordinates": [121.53792, 25.097779]}, "properties": {"stop_name": "雙溪公園", "district": "士林區", "geo_city": "臺北市", "nearest_estimate_min": 78.0}}, {"type": "Feature", "geometry": {"type": "Point", "coordinates": [121.578253, 25.13909]}, "properties": {"stop_name": "平菁街93巷二", "district": "士林區", "geo_city": "臺北市", "nearest_estimate_min": -1.0}}, {"type": "Feature", "geometry": {"type": "Point", "coordinates": [121.576536, 24.987567]}, "properties": {"stop_name": "政大", "district": "文山區", "geo_city": "臺北市", "nearest_estimate_min": 14.3}}, {"type": "Feature", "geometry": {"type": "Point", "coordinates": [121.56062, 25.02437]}, "properties": {"stop_name": "黎雙公園", "district": "信義區", "geo_city": "臺北市", "nearest_estimate_min": 13.2}}, {"type": "Feature", "geometry": {"type": "Point", "coordinates": [121.537072110796, 25.0380314055468]}, "properties": {"stop_name": "仁愛建國路口一", "district": "大安區", "geo_city": "臺北市", "nearest_estimate_min": 13.4}}, {"type": "Feature", "geometry": {"type": "Point", "coordinates": [121.5252473, 25.05305721]}, "properties": {"stop_name": "欣欣大眾公司", "district": "中山區", "geo_city": "臺北市", "nearest_estimate_min": 40.9}}, {"type": "Feature", "geometry": {"type": "Point", "coordinates": [121.586088, 25.04568]}, "properties": {"stop_name": "聯合醫院忠孝院區(成福)", "district": "南港區", "geo_city": "臺北市", "nearest_estimate_min": 48.8}}, {"type": "Feature", "geometry": {"type": "Point", "coordinates": [121.598491, 25.078822]}, "properties": {"stop_name": "康寧AIT社區", "district": "內湖區", "geo_city": "臺北市", "nearest_estimate_min": 33.3}}, {"type": "Feature", "geometry": {"type": "Point", "coordinates": [121.5662362, 25.08025003]}, "properties": {"stop_name": "基湖路口", "district": "內湖區", "geo_city": "臺北市", "nearest_estimate_min": 9.9}}, {"type": "Feature", "geometry": {"type": "Point", "coordinates": [121.50867, 25.052779]}, "properties": {"stop_name": "玉泉里", "district": "大同區", "geo_city": "臺北市", "nearest_estimate_min": -1.0}}, {"type": "Feature", "geometry": {"type": "Point", "coordinates": [121.58537, 25.0639]}, "properties": {"stop_name": "行善石潭路口", "district": "內湖區", "geo_city": "臺北市", "nearest_estimate_min": 24.9}}, {"type": "Feature", "geometry": {"type": "Point", "coordinates": [121.514076875642, 25.1428933356924]}, "properties": {"stop_name": "慈惠堂", "district": "北投區", "geo_city": "臺北市", "nearest_estimate_min": -1.0}}, {"type": "Feature", "geometry": {"type": "Point", "coordinates": [121.539812, 25.156604]}, "properties": {"stop_name": "陽明公園服務中心", "district": "北投區", "geo_city": "臺北市", "nearest_estimate_min": 2.8}}, {"type": "Feature", "geometry": {"type": "Point", "coordinates": [121.543165, 25.037854]}, "properties": {"stop_name": "仁愛復興路口(福華飯店)", "district": "大安區", "geo_city": "臺北市", "nearest_estimate_min": 2.6}}, {"type": "Feature", "geometry": {"type": "Point", "coordinates": [121.56649195154529, 25.046530959098416]}, "properties": {"stop_name": "東興路", "district": "信義區", "geo_city": "臺北市", "nearest_estimate_min": 3.1}}, {"type": "Feature", "geometry": {"type": "Point", "coordinates": [121.495841, 25.13174]}, "properties": {"stop_name": "大業路(捷運北投站)", "district": "北投區", "geo_city": "臺北市", "nearest_estimate_min": -1.0}}, {"type": "Feature", "geometry": {"type": "Point", "coordinates": [121.55988, 25.12548]}, "properties": {"stop_name": "公館地", "district": "士林區", "geo_city": "臺北市", "nearest_estimate_min": 9.9}}, {"type": "Feature", "geometry": {"type": "Point", "coordinates": [121.5390768, 25.15466506]}, "properties": {"stop_name": "陽明山立體停車場(草山行館)", "district": "北投區", "geo_city": "臺北市", "nearest_estimate_min": 3.5}}, {"type": "Feature", "geometry": {"type": "Point", "coordinates": [121.52110855173, 25.1039047103434]}, "properties": {"stop_name": "德行西路", "district": "士林區", "geo_city": "臺北市", "nearest_estimate_min": -1.0}}, {"type": "Feature", "geometry": {"type": "Point", "coordinates": [121.522856, 25.1027]}, "properties": {"stop_name": "捷運芝山站(福華)", "district": "士林區", "geo_city": "臺北市", "nearest_estimate_min": -1.0}}, {"type": "Feature", "geometry": {"type": "Point", "coordinates": [121.620521793919, 25.0372260938247]}, "properties": {"stop_name": "巴黎春天社區", "district": "南港區", "geo_city": "臺北市", "nearest_estimate_min": -1.0}}, {"type": "Feature", "geometry": {"type": "Point", "coordinates": [121.517199, 25.095042]}, "properties": {"stop_name": "國立科教館", "district": "士林區", "geo_city": "臺北市", "nearest_estimate_min": 15.9}}, {"type": "Feature", "geometry": {"type": "Point", "coordinates": [121.5966148, 25.07846057]}, "properties": {"stop_name": "內湖新城", "district": "內湖區", "geo_city": "臺北市", "nearest_estimate_min": 33.7}}, {"type": "Feature", "geometry": {"type": "Point", "coordinates": [121.5363796, 25.04706738]}, "properties": {"stop_name": "建國啤酒廠", "district": "中山區", "geo_city": "臺北市", "nearest_estimate_min": 27.8}}, {"type": "Feature", "geometry": {"type": "Point", "coordinates": [121.53584585119738, 25.04832105352418]}, "properties": {"stop_name": "中山女高", "district": "中山區", "geo_city": "臺北市", "nearest_estimate_min": 35.5}}, {"type": "Feature", "geometry": {"type": "Point", "coordinates": [121.558374, 25.151715]}, "properties": {"stop_name": "菁山遊憩區", "district": "士林區", "geo_city": "臺北市", "nearest_estimate_min": -1.0}}, {"type": "Feature", "geometry": {"type": "Point", "coordinates": [121.570056, 25.033006]}, "properties": {"stop_name": "捷運象山站", "district": "信義區", "geo_city": "臺北市", "nearest_estimate_min": 47.7}}, {"type": "Feature", "geometry": {"type": "Point", "coordinates": [121.6036135, 25.05385654]}, "properties": {"stop_name": "台肥新村", "district": "南港區", "geo_city": "臺北市", "nearest_estimate_min": 11.0}}, {"type": "Feature", "geometry": {"type": "Point", "coordinates": [121.543621, 25.014313]}, "properties": {"stop_name": "臺大癌醫", "district": "大安區", "geo_city": "臺北市", "nearest_estimate_min": 11.5}}, {"type": "Feature", "geometry": {"type": "Point", "coordinates": [121.5972045, 25.06215197]}, "properties": {"stop_name": "蘆洲里", "district": "內湖區", "geo_city": "臺北市", "nearest_estimate_min": -1.0}}, {"type": "Feature", "geometry": {"type": "Point", "coordinates": [121.56460855354919, 24.982712452429457]}, "properties": {"stop_name": "忠順廟", "district": "文山區", "geo_city": "臺北市", "nearest_estimate_min": 3.5}}, {"type": "Feature", "geometry": {"type": "Point", "coordinates": [121.509380726049, 25.0456964941835]}, "properties": {"stop_name": "中華路北站", "district": "中正區", "geo_city": "臺北市", "nearest_estimate_min": 0.9}}, {"type": "Feature", "geometry": {"type": "Point", "coordinates": [121.5157737, 25.14153586]}, "properties": {"stop_name": "東昇路口", "district": "北投區", "geo_city": "臺北市", "nearest_estimate_min": 11.7}}, {"type": "Feature", "geometry": {"type": "Point", "coordinates": [121.58557, 25.12141]}, "properties": {"stop_name": "簡厝", "district": "士林區", "geo_city": "臺北市", "nearest_estimate_min": -1.0}}, {"type": "Feature", "geometry": {"type": "Point", "coordinates": [121.602349, 25.073588]}, "properties": {"stop_name": "衛勤訓練中心", "district": "內湖區", "geo_city": "臺北市", "nearest_estimate_min": 5.8}}, {"type": "Feature", "geometry": {"type": "Point", "coordinates": [121.5305847, 25.14799025]}, "properties": {"stop_name": "龍鳳谷", "district": "北投區", "geo_city": "臺北市", "nearest_estimate_min": 7.0}}, {"type": "Feature", "geometry": {"type": "Point", "coordinates": [121.560717535671, 25.1068988170426]}, "properties": {"stop_name": "中社路一段61巷口", "district": "士林區", "geo_city": "臺北市", "nearest_estimate_min": 8.3}}, {"type": "Feature", "geometry": {"type": "Point", "coordinates": [121.541275218891, 25.0623959365736]}, "properties": {"stop_name": "民權龍江路口", "district": "中山區", "geo_city": "臺北市", "nearest_estimate_min": 4.1}}, {"type": "Feature", "geometry": {"type": "Point", "coordinates": [121.52148, 25.14374]}, "properties": {"stop_name": "彌陀寺(硫磺谷)", "district": "北投區", "geo_city": "臺北市", "nearest_estimate_min": -1.0}}, {"type": "Feature", "geometry": {"type": "Point", "coordinates": [121.5857387, 25.0591848]}, "properties": {"stop_name": "潭美公園", "district": "內湖區", "geo_city": "臺北市", "nearest_estimate_min": 5.4}}, {"type": "Feature", "geometry": {"type": "Point", "coordinates": [121.56032, 25.14956]}, "properties": {"stop_name": "土地公廟", "district": "士林區", "geo_city": "臺北市", "nearest_estimate_min": -1.0}}, {"type": "Feature", "geometry": {"type": "Point", "coordinates": [121.54746, 25.01963]}, "properties": {"stop_name": "和平高中", "district": "大安區", "geo_city": "臺北市", "nearest_estimate_min": 4.2}}, {"type": "Feature", "geometry": {"type": "Point", "coordinates": [121.5742485, 25.13502621]}, "properties": {"stop_name": "陳厝", "district": "士林區", "geo_city": "臺北市", "nearest_estimate_min": -1.0}}, {"type": "Feature", "geometry": {"type": "Point", "coordinates": [121.5358731, 25.01142683]}, "properties": {"stop_name": "寶藏巖", "district": "中正區", "geo_city": "臺北市", "nearest_estimate_min": -1.0}}, {"type": "Feature", "geometry": {"type": "Point", "coordinates": [121.56677, 25.03397]}, "properties": {"stop_name": "松廉路", "district": "信義區", "geo_city": "臺北市", "nearest_estimate_min": -1.0}}, {"type": "Feature", "geometry": {"type": "Point", "coordinates": [121.534967, 25.126156]}, "properties": {"stop_name": "天母里", "district": "士林區", "geo_city": "臺北市", "nearest_estimate_min": -1.0}}, {"type": "Feature", "geometry": {"type": "Point", "coordinates": [121.549325751061, 25.1480738467069]}, "properties": {"stop_name": "聯勤陽明山招待所", "district": "士林區", "geo_city": "臺北市", "nearest_estimate_min": 7.2}}, {"type": "Feature", "geometry": {"type": "Point", "coordinates": [121.5459327705, 25.098068128396]}, "properties": {"stop_name": "故宮路口", "district": "士林區", "geo_city": "臺北市", "nearest_estimate_min": 0.4}}, {"type": "Feature", "geometry": {"type": "Point", "coordinates": [121.5007209, 25.13384543]}, "properties": {"stop_name": "北投國小", "district": "北投區", "geo_city": "臺北市", "nearest_estimate_min": 2.8}}, {"type": "Feature", "geometry": {"type": "Point", "coordinates": [121.499004, 25.108041]}, "properties": {"stop_name": "洲美運動公園", "district": "北投區", "geo_city": "臺北市", "nearest_estimate_min": -1.0}}, {"type": "Feature", "geometry": {"type": "Point", "coordinates": [121.6071781, 25.05319593]}, "properties": {"stop_name": "南港車站", "district": "南港區", "geo_city": "臺北市", "nearest_estimate_min": 19.4}}, {"type": "Feature", "geometry": {"type": "Point", "coordinates": [121.5097788, 25.14102259]}, "properties": {"stop_name": "郵政訓練所", "district": "北投區", "geo_city": "臺北市", "nearest_estimate_min": -1.0}}, {"type": "Feature", "geometry": {"type": "Point", "coordinates": [121.56609661959216, 25.001846895493077]}, "properties": {"stop_name": "萬芳派出所", "district": "文山區", "geo_city": "臺北市", "nearest_estimate_min": 19.9}}, {"type": "Feature", "geometry": {"type": "Point", "coordinates": [121.496187, 25.131914]}, "properties": {"stop_name": "大業路(捷運北投站)", "district": "北投區", "geo_city": "臺北市", "nearest_estimate_min": 14.0}}, {"type": "Feature", "geometry": {"type": "Point", "coordinates": [121.5599722, 25.11075838]}, "properties": {"stop_name": "中社路11巷", "district": "士林區", "geo_city": "臺北市", "nearest_estimate_min": 4.0}}, {"type": "Feature", "geometry": {"type": "Point", "coordinates": [121.4972483, 25.13731885]}, "properties": {"stop_name": "文化區民活動中心", "district": "北投區", "geo_city": "臺北市", "nearest_estimate_min": -1.0}}, {"type": "Feature", "geometry": {"type": "Point", "coordinates": [121.553942, 25.029121]}, "properties": {"stop_name": "通化街夜市", "district": "大安區", "geo_city": "臺北市", "nearest_estimate_min": -1.0}}, {"type": "Feature", "geometry": {"type": "Point", "coordinates": [121.518101, 25.061107]}, "properties": {"stop_name": "成淵高中", "district": "大同區", "geo_city": "臺北市", "nearest_estimate_min": 5.3}}, {"type": "Feature", "geometry": {"type": "Point", "coordinates": [121.544368, 25.163761]}, "properties": {"stop_name": "竹子湖路4-1號", "district": "北投區", "geo_city": "臺北市", "nearest_estimate_min": 10.4}}, {"type": "Feature", "geometry": {"type": "Point", "coordinates": [121.60111276224704, 25.051558036997456]}, "properties": {"stop_name": "南港機廠", "district": "南港區", "geo_city": "臺北市", "nearest_estimate_min": 10.6}}, {"type": "Feature", "geometry": {"type": "Point", "coordinates": [121.563745, 25.026931]}, "properties": {"stop_name": "臺北醫學大學附設醫院", "district": "信義區", "geo_city": "臺北市", "nearest_estimate_min": 8.7}}, {"type": "Feature", "geometry": {"type": "Point", "coordinates": [121.55774, 25.04937]}, "properties": {"stop_name": "博仁醫院", "district": "松山區", "geo_city": "臺北市", "nearest_estimate_min": 6.9}}, {"type": "Feature", "geometry": {"type": "Point", "coordinates": [121.5098139, 25.14003112]}, "properties": {"stop_name": "國軍北投醫院", "district": "北投區", "geo_city": "臺北市", "nearest_estimate_min": 41.6}}, {"type": "Feature", "geometry": {"type": "Point", "coordinates": [121.5676949, 25.06018904]}, "properties": {"stop_name": "民生國中", "district": "松山區", "geo_city": "臺北市", "nearest_estimate_min": 4.9}}, {"type": "Feature", "geometry": {"type": "Point", "coordinates": [121.501232, 25.11997]}, "properties": {"stop_name": "承德公舘路口", "district": "北投區", "geo_city": "臺北市", "nearest_estimate_min": 11.3}}, {"type": "Feature", "geometry": {"type": "Point", "coordinates": [121.540464, 25.01415156]}, "properties": {"stop_name": "臺灣科技大學", "district": "大安區", "geo_city": "臺北市", "nearest_estimate_min": 1.6}}, {"type": "Feature", "geometry": {"type": "Point", "coordinates": [121.57742, 25.06238]}, "properties": {"stop_name": "新湖三路口(台北花市)", "district": "內湖區", "geo_city": "臺北市", "nearest_estimate_min": 16.4}}, {"type": "Feature", "geometry": {"type": "Point", "coordinates": [121.590992, 25.082457]}, "properties": {"stop_name": "內湖派出所", "district": "內湖區", "geo_city": "臺北市", "nearest_estimate_min": -1.0}}, {"type": "Feature", "geometry": {"type": "Point", "coordinates": [121.56512, 25.142064]}, "properties": {"stop_name": "菁山里二", "district": "士林區", "geo_city": "臺北市", "nearest_estimate_min": 4.1}}, {"type": "Feature", "geometry": {"type": "Point", "coordinates": [121.55687, 25.03311]}, "properties": {"stop_name": "信義光復路口", "district": "大安區", "geo_city": "臺北市", "nearest_estimate_min": 5.7}}, {"type": "Feature", "geometry": {"type": "Point", "coordinates": [121.5398705, 25.08290057]}, "properties": {"stop_name": "圓山新城二", "district": "中山區", "geo_city": "臺北市", "nearest_estimate_min": 21.9}}, {"type": "Feature", "geometry": {"type": "Point", "coordinates": [121.549876, 25.004168]}, "properties": {"stop_name": "敦南美景", "district": "文山區", "geo_city": "臺北市", "nearest_estimate_min": 76.0}}, {"type": "Feature", "geometry": {"type": "Point", "coordinates": [121.5552985, 25.03762585]}, "properties": {"stop_name": "仁愛延吉街口", "district": "大安區", "geo_city": "臺北市", "nearest_estimate_min": -1.0}}, {"type": "Feature", "geometry": {"type": "Point", "coordinates": [121.507884, 25.039986]}, "properties": {"stop_name": "捷運西門站", "district": "中正區", "geo_city": "臺北市", "nearest_estimate_min": -1.0}}, {"type": "Feature", "geometry": {"type": "Point", "coordinates": [121.521878540227, 25.040352]}, "properties": {"stop_name": "仁愛林森路口", "district": "中正區", "geo_city": "臺北市", "nearest_estimate_min": 6.6}}, {"type": "Feature", "geometry": {"type": "Point", "coordinates": [121.51951, 25.08654]}, "properties": {"stop_name": "前港公園", "district": "士林區", "geo_city": "臺北市", "nearest_estimate_min": -1.0}}, {"type": "Feature", "geometry": {"type": "Point", "coordinates": [121.5625566, 24.99756829]}, "properties": {"stop_name": "棕櫚泉社區", "district": "文山區", "geo_city": "臺北市", "nearest_estimate_min": 1.8}}, {"type": "Feature", "geometry": {"type": "Point", "coordinates": [121.5381185, 25.03412852]}, "properties": {"stop_name": "信義市場", "district": "大安區", "geo_city": "臺北市", "nearest_estimate_min": -1.0}}, {"type": "Feature", "geometry": {"type": "Point", "coordinates": [121.61668, 25.068177]}, "properties": {"stop_name": "東湖國小", "district": "內湖區", "geo_city": "臺北市", "nearest_estimate_min": 15.0}}, {"type": "Feature", "geometry": {"type": "Point", "coordinates": [121.539696, 25.15724449]}, "properties": {"stop_name": "第一停車場(花鐘)", "district": "北投區", "geo_city": "臺北市", "nearest_estimate_min": -1.0}}, {"type": "Feature", "geometry": {"type": "Point", "coordinates": [121.52202112765, 25.05126405386]}, "properties": {"stop_name": "中山市場", "district": "中山區", "geo_city": "臺北市", "nearest_estimate_min": 2.0}}, {"type": "Feature", "geometry": {"type": "Point", "coordinates": [121.5041908, 25.11731815]}, "properties": {"stop_name": "立農國小", "district": "北投區", "geo_city": "臺北市", "nearest_estimate_min": -1.0}}, {"type": "Feature", "geometry": {"type": "Point", "coordinates": [121.553478, 25.02736765]}, "properties": {"stop_name": "法治公園", "district": "大安區", "geo_city": "臺北市", "nearest_estimate_min": -1.0}}, {"type": "Feature", "geometry": {"type": "Point", "coordinates": [121.57806788111567, 25.080919190818054]}, "properties": {"stop_name": "港墘", "district": "內湖區", "geo_city": "臺北市", "nearest_estimate_min": -1.0}}, {"type": "Feature", "geometry": {"type": "Point", "coordinates": [121.5485752, 25.14713678]}, "properties": {"stop_name": "新薈芳", "district": "北投區", "geo_city": "臺北市", "nearest_estimate_min": 0.5}}, {"type": "Feature", "geometry": {"type": "Point", "coordinates": [121.5566637, 24.98201863]}, "properties": {"stop_name": "木新區民活動中心", "district": "文山區", "geo_city": "臺北市", "nearest_estimate_min": 13.2}}, {"type": "Feature", "geometry": {"type": "Point", "coordinates": [121.52269, 25.02678]}, "properties": {"stop_name": "捷運古亭站(羅斯福)", "district": "大安區", "geo_city": "臺北市", "nearest_estimate_min": 1.9}}, {"type": "Feature", "geometry": {"type": "Point", "coordinates": [121.5760209, 25.05864893]}, "properties": {"stop_name": "新湖民善街口(一)", "district": "內湖區", "geo_city": "臺北市", "nearest_estimate_min": 9.3}}, {"type": "Feature", "geometry": {"type": "Point", "coordinates": [121.549281, 25.099862]}, "properties": {"stop_name": "故宮博物院", "district": "士林區", "geo_city": "臺北市", "nearest_estimate_min": 9.7}}, {"type": "Feature", "geometry": {"type": "Point", "coordinates": [121.58887802199136, 25.086529319087273]}, "properties": {"stop_name": "金龍隧道口", "district": "內湖區", "geo_city": "臺北市", "nearest_estimate_min": 1.8}}, {"type": "Feature", "geometry": {"type": "Point", "coordinates": [121.500142024239, 25.1404257952951]}, "properties": {"stop_name": "復興中學", "district": "北投區", "geo_city": "臺北市", "nearest_estimate_min": 17.9}}, {"type": "Feature", "geometry": {"type": "Point", "coordinates": [121.55947687971212, 24.994721428997224]}, "properties": {"stop_name": "海巡署", "district": "文山區", "geo_city": "臺北市", "nearest_estimate_min": 4.5}}, {"type": "Feature", "geometry": {"type": "Point", "coordinates": [121.540513, 25.062568]}, "properties": {"stop_name": "榮星花園(民權)", "district": "中山區", "geo_city": "臺北市", "nearest_estimate_min": -1.0}}, {"type": "Feature", "geometry": {"type": "Point", "coordinates": [121.50203, 25.09153]}, "properties": {"stop_name": "永倫里(社中)", "district": "士林區", "geo_city": "臺北市", "nearest_estimate_min": 10.2}}, {"type": "Feature", "geometry": {"type": "Point", "coordinates": [121.59255973649874, 25.05440689628416]}, "properties": {"stop_name": "玉成國小", "district": "南港區", "geo_city": "臺北市", "nearest_estimate_min": 30.1}}, {"type": "Feature", "geometry": {"type": "Point", "coordinates": [121.5331329, 25.03824508]}, "properties": {"stop_name": "仁愛新生路口", "district": "大安區", "geo_city": "臺北市", "nearest_estimate_min": 9.6}}, {"type": "Feature", "geometry": {"type": "Point", "coordinates": [121.547020026043, 25.1092441758524]}, "properties": {"stop_name": "永福(林語堂故居)", "district": "士林區", "geo_city": "臺北市", "nearest_estimate_min": 4.4}}, {"type": "Feature", "geometry": {"type": "Point", "coordinates": [121.5737917, 25.04993748]}, "properties": {"stop_name": "松山農會", "district": "松山區", "geo_city": "臺北市", "nearest_estimate_min": -1.0}}, {"type": "Feature", "geometry": {"type": "Point", "coordinates": [121.542708979168, 24.992776404618]}, "properties": {"stop_name": "景美國中", "district": "文山區", "geo_city": "臺北市", "nearest_estimate_min": 3.2}}, {"type": "Feature", "geometry": {"type": "Point", "coordinates": [121.567472, 25.001533]}, "properties": {"stop_name": "萬芳國小", "district": "文山區", "geo_city": "臺北市", "nearest_estimate_min": 16.7}}, {"type": "Feature", "geometry": {"type": "Point", "coordinates": [121.47066, 25.13388]}, "properties": {"stop_name": "北藝大行政大樓", "district": "北投區", "geo_city": "臺北市", "nearest_estimate_min": -1.0}}, {"type": "Feature", "geometry": {"type": "Point", "coordinates": [121.51673, 25.03643]}, "properties": {"stop_name": "捷運中正紀念堂站(中山)", "district": "中正區", "geo_city": "臺北市", "nearest_estimate_min": 2.3}}, {"type": "Feature", "geometry": {"type": "Point", "coordinates": [121.537963, 25.024365]}, "properties": {"stop_name": "龍門國中(辛亥路口)", "district": "大安區", "geo_city": "臺北市", "nearest_estimate_min": -1.0}}, {"type": "Feature", "geometry": {"type": "Point", "coordinates": [121.5368317, 25.004694]}, "properties": {"stop_name": "萬福國小", "district": "文山區", "geo_city": "臺北市", "nearest_estimate_min": -1.0}}, {"type": "Feature", "geometry": {"type": "Point", "coordinates": [121.49455, 25.09717]}, "properties": {"stop_name": "福安區民活動中心", "district": "士林區", "geo_city": "臺北市", "nearest_estimate_min": 24.9}}, {"type": "Feature", "geometry": {"type": "Point", "coordinates": [121.565878316644, 24.9837214466608]}, "properties": {"stop_name": "司法新村", "district": "文山區", "geo_city": "臺北市", "nearest_estimate_min": -1.0}}, {"type": "Feature", "geometry": {"type": "Point", "coordinates": [121.585736, 25.048227]}, "properties": {"stop_name": "聯合醫院忠孝院區", "district": "南港區", "geo_city": "臺北市", "nearest_estimate_min": 10.2}}, {"type": "Feature", "geometry": {"type": "Point", "coordinates": [121.51404308646119, 25.095130545514156]}, "properties": {"stop_name": "士林監理站", "district": "士林區", "geo_city": "臺北市", "nearest_estimate_min": -1.0}}, {"type": "Feature", "geometry": {"type": "Point", "coordinates": [121.529100012174, 25.0683993097876]}, "properties": {"stop_name": "新生公園", "district": "中山區", "geo_city": "臺北市", "nearest_estimate_min": -1.0}}, {"type": "Feature", "geometry": {"type": "Point", "coordinates": [121.521417, 25.095666]}, "properties": {"stop_name": "新光醫院", "district": "士林區", "geo_city": "臺北市", "nearest_estimate_min": -1.0}}, {"type": "Feature", "geometry": {"type": "Point", "coordinates": [121.5791317, 25.06054231]}, "properties": {"stop_name": "新湖一路口", "district": "內湖區", "geo_city": "臺北市", "nearest_estimate_min": 10.4}}, {"type": "Feature", "geometry": {"type": "Point", "coordinates": [121.489850026829, 25.1425428196683]}, "properties": {"stop_name": "集應廟", "district": "北投區", "geo_city": "臺北市", "nearest_estimate_min": 21.5}}, {"type": "Feature", "geometry": {"type": "Point", "coordinates": [121.520278734081, 25.0265749351805]}, "properties": {"stop_name": "南福板溪(南昌公園)", "district": "中正區", "geo_city": "臺北市", "nearest_estimate_min": 1.4}}, {"type": "Feature", "geometry": {"type": "Point", "coordinates": [121.51678653159566, 25.053591227672776]}, "properties": {"stop_name": "圓環(南京)", "district": "大同區", "geo_city": "臺北市", "nearest_estimate_min": 3.8}}, {"type": "Feature", "geometry": {"type": "Point", "coordinates": [121.5671652, 24.98514775]}, "properties": {"stop_name": "景文中學(臺灣戲曲學院)", "district": "文山區", "geo_city": "臺北市", "nearest_estimate_min": 8.3}}, {"type": "Feature", "geometry": {"type": "Point", "coordinates": [121.50444128215462, 25.13658039419034]}, "properties": {"stop_name": "北投公園", "district": "北投區", "geo_city": "臺北市", "nearest_estimate_min": 0.9}}, {"type": "Feature", "geometry": {"type": "Point", "coordinates": [121.543212145552, 25.0228925562998]}, "properties": {"stop_name": "大安健康服務中心", "district": "大安區", "geo_city": "臺北市", "nearest_estimate_min": 49.4}}, {"type": "Feature", "geometry": {"type": "Point", "coordinates": [121.623553, 25.079068]}, "properties": {"stop_name": "南寮(忠三街口)", "district": "內湖區", "geo_city": "臺北市", "nearest_estimate_min": 42.8}}, {"type": "Feature", "geometry": {"type": "Point", "coordinates": [121.561187, 25.133867]}, "properties": {"stop_name": "館地坪", "district": "士林區", "geo_city": "臺北市", "nearest_estimate_min": -1.0}}, {"type": "Feature", "geometry": {"type": "Point", "coordinates": [121.5726502, 25.04085411]}, "properties": {"stop_name": "市立工農", "district": "信義區", "geo_city": "臺北市", "nearest_estimate_min": 2.9}}, {"type": "Feature", "geometry": {"type": "Point", "coordinates": [121.57497, 25.01803]}, "properties": {"stop_name": "紫雲街口", "district": "信義區", "geo_city": "臺北市", "nearest_estimate_min": 13.6}}, {"type": "Feature", "geometry": {"type": "Point", "coordinates": [121.573848311551, 25.0499024516685]}, "properties": {"stop_name": "松山農會", "district": "松山區", "geo_city": "臺北市", "nearest_estimate_min": 3.7}}, {"type": "Feature", "geometry": {"type": "Point", "coordinates": [121.545213090496, 25.1068495776368]}, "properties": {"stop_name": "永嶺", "district": "士林區", "geo_city": "臺北市", "nearest_estimate_min": 4.2}}, {"type": "Feature", "geometry": {"type": "Point", "coordinates": [121.55781, 25.0377]}, "properties": {"stop_name": "仁愛光復路口", "district": "信義區", "geo_city": "臺北市", "nearest_estimate_min": 6.2}}, {"type": "Feature", "geometry": {"type": "Point", "coordinates": [121.515136595156, 25.0368285357308]}, "properties": {"stop_name": "一女中(公園)", "district": "中正區", "geo_city": "臺北市", "nearest_estimate_min": 3.5}}, {"type": "Feature", "geometry": {"type": "Point", "coordinates": [121.504168146781, 25.0306970667598]}, "properties": {"stop_name": "廈安里", "district": "中正區", "geo_city": "臺北市", "nearest_estimate_min": 1.4}}, {"type": "Feature", "geometry": {"type": "Point", "coordinates": [121.567900817651, 25.0046374220822]}, "properties": {"stop_name": "名門社區", "district": "文山區", "geo_city": "臺北市", "nearest_estimate_min": 4.6}}, {"type": "Feature", "geometry": {"type": "Point", "coordinates": [121.579477870198, 25.066876801458]}, "properties": {"stop_name": "民權大橋", "district": "內湖區", "geo_city": "臺北市", "nearest_estimate_min": 3.2}}, {"type": "Feature", "geometry": {"type": "Point", "coordinates": [121.5894172, 24.98280334]}, "properties": {"stop_name": "猴山坑", "district": "文山區", "geo_city": "臺北市", "nearest_estimate_min": 3.8}}, {"type": "Feature", "geometry": {"type": "Point", "coordinates": [121.5040575230212, 25.153807753567246]}, "properties": {"stop_name": "粗坑", "district": "北投區", "geo_city": "臺北市", "nearest_estimate_min": 6.1}}, {"type": "Feature", "geometry": {"type": "Point", "coordinates": [121.55616, 25.021127]}, "properties": {"stop_name": "富陽街口", "district": "信義區", "geo_city": "臺北市", "nearest_estimate_min": 20.0}}, {"type": "Feature", "geometry": {"type": "Point", "coordinates": [121.5704215, 25.13592222]}, "properties": {"stop_name": "永公路500巷", "district": "士林區", "geo_city": "臺北市", "nearest_estimate_min": -1.0}}, {"type": "Feature", "geometry": {"type": "Point", "coordinates": [121.522119, 25.090677]}, "properties": {"stop_name": "公教住宅", "district": "士林區", "geo_city": "臺北市", "nearest_estimate_min": 29.8}}, {"type": "Feature", "geometry": {"type": "Point", "coordinates": [121.508523654187, 25.0867169999545]}, "properties": {"stop_name": "重陽橋", "district": "士林區", "geo_city": "臺北市", "nearest_estimate_min": 9.7}}, {"type": "Feature", "geometry": {"type": "Point", "coordinates": [121.5873303, 24.98599992]}, "properties": {"stop_name": "政大御花園", "district": "文山區", "geo_city": "臺北市", "nearest_estimate_min": 4.8}}, {"type": "Feature", "geometry": {"type": "Point", "coordinates": [121.5627429, 25.10678328]}, "properties": {"stop_name": "雙溪國小", "district": "士林區", "geo_city": "臺北市", "nearest_estimate_min": 10.2}}, {"type": "Feature", "geometry": {"type": "Point", "coordinates": [121.60895745708942, 25.05887707963565]}, "properties": {"stop_name": "育成高中", "district": "南港區", "geo_city": "臺北市", "nearest_estimate_min": 2.3}}, {"type": "Feature", "geometry": {"type": "Point", "coordinates": [121.59918, 25.05646]}, "properties": {"stop_name": "中國電視公司", "district": "南港區", "geo_city": "臺北市", "nearest_estimate_min": 21.0}}, {"type": "Feature", "geometry": {"type": "Point", "coordinates": [121.5602663380149, 25.05148353485096]}, "properties": {"stop_name": "南京三民路口", "district": "松山區", "geo_city": "臺北市", "nearest_estimate_min": 0.3}}, {"type": "Feature", "geometry": {"type": "Point", "coordinates": [121.5301123, 25.05840464]}, "properties": {"stop_name": "民生東路口", "district": "中山區", "geo_city": "臺北市", "nearest_estimate_min": -1.0}}, {"type": "Feature", "geometry": {"type": "Point", "coordinates": [121.527797, 25.096957]}, "properties": {"stop_name": "福林橋", "district": "士林區", "geo_city": "臺北市", "nearest_estimate_min": 30.1}}, {"type": "Feature", "geometry": {"type": "Point", "coordinates": [121.599056, 25.079466]}, "properties": {"stop_name": "美國在臺協會", "district": "內湖區", "geo_city": "臺北市", "nearest_estimate_min": 3.9}}, {"type": "Feature", "geometry": {"type": "Point", "coordinates": [121.4939253, 25.03127979]}, "properties": {"stop_name": "雙園街口", "district": "萬華區", "geo_city": "臺北市", "nearest_estimate_min": 2.7}}, {"type": "Feature", "geometry": {"type": "Point", "coordinates": [121.56904542401, 25.0819632554949]}, "properties": {"stop_name": "恕德家商", "district": "內湖區", "geo_city": "臺北市", "nearest_estimate_min": 7.5}}, {"type": "Feature", "geometry": {"type": "Point", "coordinates": [121.5333635, 25.0671805]}, "properties": {"stop_name": "新生公園(林安泰)", "district": "中山區", "geo_city": "臺北市", "nearest_estimate_min": 8.0}}, {"type": "Feature", "geometry": {"type": "Point", "coordinates": [121.56481, 25.02897]}, "properties": {"stop_name": "災害應變中心", "district": "信義區", "geo_city": "臺北市", "nearest_estimate_min": -1.0}}, {"type": "Feature", "geometry": {"type": "Point", "coordinates": [121.584746, 25.012411]}, "properties": {"stop_name": "富德公墓12區", "district": "文山區", "geo_city": "臺北市", "nearest_estimate_min": -1.0}}, {"type": "Feature", "geometry": {"type": "Point", "coordinates": [121.535552182321, 25.0780024350627]}, "properties": {"stop_name": "忠烈祠", "district": "中山區", "geo_city": "臺北市", "nearest_estimate_min": 17.6}}, {"type": "Feature", "geometry": {"type": "Point", "coordinates": [121.547826, 24.997427]}, "properties": {"stop_name": "景華街", "district": "文山區", "geo_city": "臺北市", "nearest_estimate_min": -1.0}}, {"type": "Feature", "geometry": {"type": "Point", "coordinates": [121.5215079, 25.04483077]}, "properties": {"stop_name": "行政院", "district": "中正區", "geo_city": "臺北市", "nearest_estimate_min": 55.4}}, {"type": "Feature", "geometry": {"type": "Point", "coordinates": [121.536995, 25.042828]}, "properties": {"stop_name": "臺北科技大學(建國)", "district": "大安區", "geo_city": "臺北市", "nearest_estimate_min": -1.0}}, {"type": "Feature", "geometry": {"type": "Point", "coordinates": [121.4953, 25.0362]}, "properties": {"stop_name": "龍山國小", "district": "萬華區", "geo_city": "臺北市", "nearest_estimate_min": -1.0}}, {"type": "Feature", "geometry": {"type": "Point", "coordinates": [121.54933, 25.05258]}, "properties": {"stop_name": "臺北小巨蛋", "district": "松山區", "geo_city": "臺北市", "nearest_estimate_min": 2.6}}, {"type": "Feature", "geometry": {"type": "Point", "coordinates": [121.5131649, 25.04469193]}, "properties": {"stop_name": "重慶南路一段", "district": "中正區", "geo_city": "臺北市", "nearest_estimate_min": 1.4}}, {"type": "Feature", "geometry": {"type": "Point", "coordinates": [121.5520521, 25.03650265]}, "properties": {"stop_name": "仁愛國小", "district": "大安區", "geo_city": "臺北市", "nearest_estimate_min": 1.1}}, {"type": "Feature", "geometry": {"type": "Point", "coordinates": [121.55698845385638, 25.142226101803665]}, "properties": {"stop_name": "山豬湖", "district": "士林區", "geo_city": "臺北市", "nearest_estimate_min": -1.0}}, {"type": "Feature", "geometry": {"type": "Point", "coordinates": [121.5864994, 25.06252175]}, "properties": {"stop_name": "石潭路", "district": "內湖區", "geo_city": "臺北市", "nearest_estimate_min": -1.0}}, {"type": "Feature", "geometry": {"type": "Point", "coordinates": [121.555779394717, 25.0377743210687]}, "properties": {"stop_name": "仁愛延吉街口", "district": "大安區", "geo_city": "臺北市", "nearest_estimate_min": 1.1}}, {"type": "Feature", "geometry": {"type": "Point", "coordinates": [121.553654, 25.044317]}, "properties": {"stop_name": "市民高架(虛擬站不停靠)", "district": "大安區", "geo_city": "臺北市", "nearest_estimate_min": -1.0}}, {"type": "Feature", "geometry": {"type": "Point", "coordinates": [121.543782182961, 25.0737318514423]}, "properties": {"stop_name": "大佳河濱公園", "district": "中山區", "geo_city": "臺北市", "nearest_estimate_min": -1.0}}, {"type": "Feature", "geometry": {"type": "Point", "coordinates": [121.55134, 24.99773]}, "properties": {"stop_name": "興業里", "district": "文山區", "geo_city": "臺北市", "nearest_estimate_min": -1.0}}, {"type": "Feature", "geometry": {"type": "Point", "coordinates": [121.5222609, 25.10394251]}, "properties": {"stop_name": "捷運芝山站(福華)", "district": "士林區", "geo_city": "臺北市", "nearest_estimate_min": -1.0}}, {"type": "Feature", "geometry": {"type": "Point", "coordinates": [121.571386, 25.081473]}, "properties": {"stop_name": "麗山街", "district": "內湖區", "geo_city": "臺北市", "nearest_estimate_min": 4.5}}, {"type": "Feature", "geometry": {"type": "Point", "coordinates": [121.5255434, 25.04902285]}, "properties": {"stop_name": "長安林森路口", "district": "中山區", "geo_city": "臺北市", "nearest_estimate_min": -1.0}}, {"type": "Feature", "geometry": {"type": "Point", "coordinates": [121.504417, 25.025473]}, "properties": {"stop_name": "青年社區", "district": "萬華區", "geo_city": "臺北市", "nearest_estimate_min": 6.2}}, {"type": "Feature", "geometry": {"type": "Point", "coordinates": [121.5585326, 25.14214503]}, "properties": {"stop_name": "乾坑子", "district": "士林區", "geo_city": "臺北市", "nearest_estimate_min": 6.7}}, {"type": "Feature", "geometry": {"type": "Point", "coordinates": [121.600631965419, 25.053410287006]}, "properties": {"stop_name": "南港路二段178巷口", "district": "南港區", "geo_city": "臺北市", "nearest_estimate_min": 11.8}}, {"type": "Feature", "geometry": {"type": "Point", "coordinates": [121.504998, 25.147335]}, "properties": {"stop_name": "安國寺", "district": "北投區", "geo_city": "臺北市", "nearest_estimate_min": 15.3}}, {"type": "Feature", "geometry": {"type": "Point", "coordinates": [121.556489526679, 24.9885175064144]}, "properties": {"stop_name": "中興公寓", "district": "文山區", "geo_city": "臺北市", "nearest_estimate_min": 17.5}}, {"type": "Feature", "geometry": {"type": "Point", "coordinates": [121.58556, 25.06901]}, "properties": {"stop_name": "三民國中", "district": "內湖區", "geo_city": "臺北市", "nearest_estimate_min": 25.4}}, {"type": "Feature", "geometry": {"type": "Point", "coordinates": [121.56552, 25.05002]}, "properties": {"stop_name": "東興路一", "district": "松山區", "geo_city": "臺北市", "nearest_estimate_min": 5.8}}, {"type": "Feature", "geometry": {"type": "Point", "coordinates": [121.50476924137757, 25.151136946651317]}, "properties": {"stop_name": "水汴頭福德宮", "district": "北投區", "geo_city": "臺北市", "nearest_estimate_min": 4.7}}, {"type": "Feature", "geometry": {"type": "Point", "coordinates": [121.617965105741, 25.0548787451546]}, "properties": {"stop_name": "捷運南港展覽館站(南港路)", "district": "南港區", "geo_city": "臺北市", "nearest_estimate_min": 2.1}}, {"type": "Feature", "geometry": {"type": "Point", "coordinates": [121.49649, 25.09534]}, "properties": {"stop_name": "中窟", "district": "士林區", "geo_city": "臺北市", "nearest_estimate_min": 23.1}}, {"type": "Feature", "geometry": {"type": "Point", "coordinates": [121.52781, 25.05699]}, "properties": {"stop_name": "中山老人住宅", "district": "中山區", "geo_city": "臺北市", "nearest_estimate_min": 38.5}}, {"type": "Feature", "geometry": {"type": "Point", "coordinates": [121.5259209, 25.08770498]}, "properties": {"stop_name": "陽明戲院", "district": "士林區", "geo_city": "臺北市", "nearest_estimate_min": -1.0}}, {"type": "Feature", "geometry": {"type": "Point", "coordinates": [121.55435, 24.98456]}, "properties": {"stop_name": "實踐國中", "district": "文山區", "geo_city": "臺北市", "nearest_estimate_min": 1.8}}, {"type": "Feature", "geometry": {"type": "Point", "coordinates": [121.511847, 25.053232]}, "properties": {"stop_name": "延平長安路口", "district": "大同區", "geo_city": "臺北市", "nearest_estimate_min": 6.2}}, {"type": "Feature", "geometry": {"type": "Point", "coordinates": [121.589293, 25.012434]}, "properties": {"stop_name": "富德公墓28區", "district": "文山區", "geo_city": "臺北市", "nearest_estimate_min": -1.0}}, {"type": "Feature", "geometry": {"type": "Point", "coordinates": [121.517862336613, 25.1072816355752]}, "properties": {"stop_name": "明德國中", "district": "北投區", "geo_city": "臺北市", "nearest_estimate_min": 13.3}}, {"type": "Feature", "geometry": {"type": "Point", "coordinates": [121.588445117812, 25.0395580004129]}, "properties": {"stop_name": "成福路口", "district": "南港區", "geo_city": "臺北市", "nearest_estimate_min": 1.7}}, {"type": "Feature", "geometry": {"type": "Point", "coordinates": [121.4812673, 25.10595228]}, "properties": {"stop_name": "建安新村", "district": "士林區", "geo_city": "臺北市", "nearest_estimate_min": 25.6}}, {"type": "Feature", "geometry": {"type": "Point", "coordinates": [121.603153, 25.063126]}, "properties": {"stop_name": "內湖焚化廠(安康)", "district": "內湖區", "geo_city": "臺北市", "nearest_estimate_min": -1.0}}, {"type": "Feature", "geometry": {"type": "Point", "coordinates": [121.522226705708, 25.1143140825978]}, "properties": {"stop_name": "明德路267巷", "district": "北投區", "geo_city": "臺北市", "nearest_estimate_min": -1.0}}, {"type": "Feature", "geometry": {"type": "Point", "coordinates": [121.519192, 25.063062]}, "properties": {"stop_name": "捷運民權西路站", "district": "大同區", "geo_city": "臺北市", "nearest_estimate_min": 3.8}}, {"type": "Feature", "geometry": {"type": "Point", "coordinates": [121.49848, 25.03422]}, "properties": {"stop_name": "大理服飾", "district": "萬華區", "geo_city": "臺北市", "nearest_estimate_min": 19.1}}, {"type": "Feature", "geometry": {"type": "Point", "coordinates": [121.568335, 25.039478]}, "properties": {"stop_name": "消防局(松仁)", "district": "信義區", "geo_city": "臺北市", "nearest_estimate_min": 7.8}}, {"type": "Feature", "geometry": {"type": "Point", "coordinates": [121.5359159, 25.03355035]}, "properties": {"stop_name": "捷運大安森林公園站", "district": "大安區", "geo_city": "臺北市", "nearest_estimate_min": 0.7}}, {"type": "Feature", "geometry": {"type": "Point", "coordinates": [121.575395362596, 24.9993898137115]}, "properties": {"stop_name": "博嘉國小", "district": "文山區", "geo_city": "臺北市", "nearest_estimate_min": 5.1}}, {"type": "Feature", "geometry": {"type": "Point", "coordinates": [121.48898222147794, 25.03233320042821]}, "properties": {"stop_name": "華江站", "district": "萬華區", "geo_city": "臺北市", "nearest_estimate_min": 14.6}}, {"type": "Feature", "geometry": {"type": "Point", "coordinates": [121.57707876305696, 24.986429038506593]}, "properties": {"stop_name": "政大圖書館", "district": "文山區", "geo_city": "臺北市", "nearest_estimate_min": -1.0}}, {"type": "Feature", "geometry": {"type": "Point", "coordinates": [121.606821, 25.101705]}, "properties": {"stop_name": "大邱田", "district": "內湖區", "geo_city": "臺北市", "nearest_estimate_min": 9.7}}, {"type": "Feature", "geometry": {"type": "Point", "coordinates": [121.52053, 25.02681]}, "properties": {"stop_name": "南福板溪(南昌公園)", "district": "中正區", "geo_city": "臺北市", "nearest_estimate_min": 0.4}}, {"type": "Feature", "geometry": {"type": "Point", "coordinates": [121.582062, 25.060371]}, "properties": {"stop_name": "潭美國小(行善)", "district": "內湖區", "geo_city": "臺北市", "nearest_estimate_min": -1.0}}, {"type": "Feature", "geometry": {"type": "Point", "coordinates": [121.55453, 25.12481]}, "properties": {"stop_name": "新安路三", "district": "士林區", "geo_city": "臺北市", "nearest_estimate_min": -1.0}}, {"type": "Feature", "geometry": {"type": "Point", "coordinates": [121.57342558398715, 25.04570849030428]}, "properties": {"stop_name": "國民住宅", "district": "信義區", "geo_city": "臺北市", "nearest_estimate_min": 1.5}}, {"type": "Feature", "geometry": {"type": "Point", "coordinates": [121.557953, 25.019475]}, "properties": {"stop_name": "黎忠市場", "district": "信義區", "geo_city": "臺北市", "nearest_estimate_min": 18.9}}, {"type": "Feature", "geometry": {"type": "Point", "coordinates": [121.549307259251, 25.0837373733406]}, "properties": {"stop_name": "自強隧道(大直教會)", "district": "中山區", "geo_city": "臺北市", "nearest_estimate_min": 6.1}}, {"type": "Feature", "geometry": {"type": "Point", "coordinates": [121.4973389, 25.13756253]}, "properties": {"stop_name": "文化區民活動中心", "district": "北投區", "geo_city": "臺北市", "nearest_estimate_min": -1.0}}, {"type": "Feature", "geometry": {"type": "Point", "coordinates": [121.558979, 25.143162]}, "properties": {"stop_name": "礦寮一", "district": "士林區", "geo_city": "臺北市", "nearest_estimate_min": 6.4}}, {"type": "Feature", "geometry": {"type": "Point", "coordinates": [121.5368048, 25.06585474]}, "properties": {"stop_name": "臺北漁市", "district": "中山區", "geo_city": "臺北市", "nearest_estimate_min": -1.0}}, {"type": "Feature", "geometry": {"type": "Point", "coordinates": [121.541706, 25.166227]}, "properties": {"stop_name": "竹子湖路7號", "district": "北投區", "geo_city": "臺北市", "nearest_estimate_min": 21.6}}, {"type": "Feature", "geometry": {"type": "Point", "coordinates": [121.5087166, 25.0880464]}, "properties": {"stop_name": "社子市場", "district": "士林區", "geo_city": "臺北市", "nearest_estimate_min": 36.2}}, {"type": "Feature", "geometry": {"type": "Point", "coordinates": [121.537378, 25.039916]}, "properties": {"stop_name": "空軍總部", "district": "大安區", "geo_city": "臺北市", "nearest_estimate_min": -1.0}}, {"type": "Feature", "geometry": {"type": "Point", "coordinates": [121.49683, 25.13423]}, "properties": {"stop_name": "幼華高中(北投)", "district": "北投區", "geo_city": "臺北市", "nearest_estimate_min": 8.3}}, {"type": "Feature", "geometry": {"type": "Point", "coordinates": [121.5472892, 25.03801348]}, "properties": {"stop_name": "仁愛敦化路口(圓環)", "district": "大安區", "geo_city": "臺北市", "nearest_estimate_min": 4.2}}, {"type": "Feature", "geometry": {"type": "Point", "coordinates": [121.5114003, 25.05792854]}, "properties": {"stop_name": "民生西路口(大稻埕碼頭)", "district": "大同區", "geo_city": "臺北市", "nearest_estimate_min": -1.0}}, {"type": "Feature", "geometry": {"type": "Point", "coordinates": [121.501062, 25.130163]}, "properties": {"stop_name": "中央南大興街口", "district": "北投區", "geo_city": "臺北市", "nearest_estimate_min": -1.0}}, {"type": "Feature", "geometry": {"type": "Point", "coordinates": [121.583175, 25.061151]}, "properties": {"stop_name": "行善行愛路口", "district": "內湖區", "geo_city": "臺北市", "nearest_estimate_min": 0.8}}, {"type": "Feature", "geometry": {"type": "Point", "coordinates": [121.54898, 25.02391]}, "properties": {"stop_name": "敦化和平路口", "district": "大安區", "geo_city": "臺北市", "nearest_estimate_min": -1.0}}, {"type": "Feature", "geometry": {"type": "Point", "coordinates": [121.5852542, 25.05733619]}, "properties": {"stop_name": "新明路", "district": "內湖區", "geo_city": "臺北市", "nearest_estimate_min": -1.0}}, {"type": "Feature", "geometry": {"type": "Point", "coordinates": [121.516467, 25.062976]}, "properties": {"stop_name": "民權大龍街口", "district": "大同區", "geo_city": "臺北市", "nearest_estimate_min": 3.3}}, {"type": "Feature", "geometry": {"type": "Point", "coordinates": [121.570457, 25.001753]}, "properties": {"stop_name": "萬芳社區", "district": "文山區", "geo_city": "臺北市", "nearest_estimate_min": 12.3}}, {"type": "Feature", "geometry": {"type": "Point", "coordinates": [121.5447432, 24.99474012]}, "properties": {"stop_name": "景華公園", "district": "文山區", "geo_city": "臺北市", "nearest_estimate_min": 1.7}}, {"type": "Feature", "geometry": {"type": "Point", "coordinates": [121.660484, 25.024808]}, "properties": {"stop_name": "余氏古厝", "district": "南港區", "geo_city": "臺北市", "nearest_estimate_min": -1.0}}, {"type": "Feature", "geometry": {"type": "Point", "coordinates": [121.523174, 25.146018]}, "properties": {"stop_name": "大同之家", "district": "北投區", "geo_city": "臺北市", "nearest_estimate_min": -1.0}}, {"type": "Feature", "geometry": {"type": "Point", "coordinates": [121.513088, 25.060795]}, "properties": {"stop_name": "涼州重慶路口", "district": "大同區", "geo_city": "臺北市", "nearest_estimate_min": -1.0}}, {"type": "Feature", "geometry": {"type": "Point", "coordinates": [121.5827287, 25.04015768]}, "properties": {"stop_name": "大道路", "district": "信義區", "geo_city": "臺北市", "nearest_estimate_min": 42.2}}, {"type": "Feature", "geometry": {"type": "Point", "coordinates": [121.5127488, 25.06858641]}, "properties": {"stop_name": "民族西路", "district": "大同區", "geo_city": "臺北市", "nearest_estimate_min": -1.0}}, {"type": "Feature", "geometry": {"type": "Point", "coordinates": [121.51992, 25.0337]}, "properties": {"stop_name": "捷運中正紀念堂站(愛國)", "district": "中正區", "geo_city": "臺北市", "nearest_estimate_min": 41.1}}, {"type": "Feature", "geometry": {"type": "Point", "coordinates": [121.53427, 25.12558]}, "properties": {"stop_name": "天和里", "district": "士林區", "geo_city": "臺北市", "nearest_estimate_min": -1.0}}, {"type": "Feature", "geometry": {"type": "Point", "coordinates": [121.55124, 25.139787]}, "properties": {"stop_name": "陽明山泉", "district": "士林區", "geo_city": "臺北市", "nearest_estimate_min": -1.0}}, {"type": "Feature", "geometry": {"type": "Point", "coordinates": [121.5118974, 25.07557274]}, "properties": {"stop_name": "污水處理廠", "district": "大同區", "geo_city": "臺北市", "nearest_estimate_min": 14.3}}, {"type": "Feature", "geometry": {"type": "Point", "coordinates": [121.57890868194112, 25.048258672854057]}, "properties": {"stop_name": "松山車站(松隆)", "district": "信義區", "geo_city": "臺北市", "nearest_estimate_min": 5.4}}, {"type": "Feature", "geometry": {"type": "Point", "coordinates": [121.511243, 25.053919]}, "properties": {"stop_name": "迪化街口(永樂市場)", "district": "大同區", "geo_city": "臺北市", "nearest_estimate_min": -1.0}}, {"type": "Feature", "geometry": {"type": "Point", "coordinates": [121.5491941, 25.04575795]}, "properties": {"stop_name": "市民大道口", "district": "松山區", "geo_city": "臺北市", "nearest_estimate_min": 2.2}}, {"type": "Feature", "geometry": {"type": "Point", "coordinates": [121.507953, 25.024607]}, "properties": {"stop_name": "青年公園(國興)", "district": "萬華區", "geo_city": "臺北市", "nearest_estimate_min": 4.8}}, {"type": "Feature", "geometry": {"type": "Point", "coordinates": [121.55558, 25.02356]}, "properties": {"stop_name": "信安街", "district": "信義區", "geo_city": "臺北市", "nearest_estimate_min": -1.0}}, {"type": "Feature", "geometry": {"type": "Point", "coordinates": [121.60525229995443, 25.08303681690925]}, "properties": {"stop_name": "大湖公園", "district": "內湖區", "geo_city": "臺北市", "nearest_estimate_min": 50.7}}, {"type": "Feature", "geometry": {"type": "Point", "coordinates": [121.5043, 25.0381]}, "properties": {"stop_name": "桂林昆明街口", "district": "萬華區", "geo_city": "臺北市", "nearest_estimate_min": 8.8}}, {"type": "Feature", "geometry": {"type": "Point", "coordinates": [121.537312217665, 25.0633460603116]}, "properties": {"stop_name": "榮星花園", "district": "中山區", "geo_city": "臺北市", "nearest_estimate_min": -1.0}}, {"type": "Feature", "geometry": {"type": "Point", "coordinates": [121.5247830381989, 25.035289619677716]}, "properties": {"stop_name": "信義杭州路口", "district": "大安區", "geo_city": "臺北市", "nearest_estimate_min": 3.2}}, {"type": "Feature", "geometry": {"type": "Point", "coordinates": [121.52802, 25.01912]}, "properties": {"stop_name": "三軍總醫院(辛亥)", "district": "中正區", "geo_city": "臺北市", "nearest_estimate_min": 12.3}}, {"type": "Feature", "geometry": {"type": "Point", "coordinates": [121.611416, 25.066845]}, "properties": {"stop_name": "捷運東湖站(南湖高中)", "district": "內湖區", "geo_city": "臺北市", "nearest_estimate_min": 35.7}}, {"type": "Feature", "geometry": {"type": "Point", "coordinates": [121.5476903, 25.03778353]}, "properties": {"stop_name": "仁愛敦化路口(圓環)", "district": "大安區", "geo_city": "臺北市", "nearest_estimate_min": 4.1}}, {"type": "Feature", "geometry": {"type": "Point", "coordinates": [121.54468, 25.16297]}, "properties": {"stop_name": "陽明書屋", "district": "北投區", "geo_city": "臺北市", "nearest_estimate_min": 22.7}}, {"type": "Feature", "geometry": {"type": "Point", "coordinates": [121.522462412157, 25.1146167482393]}, "properties": {"stop_name": "明德路267巷", "district": "北投區", "geo_city": "臺北市", "nearest_estimate_min": 16.4}}, {"type": "Feature", "geometry": {"type": "Point", "coordinates": [121.46505, 25.12347]}, "properties": {"stop_name": "關渡", "district": "北投區", "geo_city": "臺北市", "nearest_estimate_min": 3.1}}, {"type": "Feature", "geometry": {"type": "Point", "coordinates": [121.522741, 25.101765]}, "properties": {"stop_name": "捷運芝山站(福國)", "district": "士林區", "geo_city": "臺北市", "nearest_estimate_min": -1.0}}, {"type": "Feature", "geometry": {"type": "Point", "coordinates": [121.56375105137309, 25.048925534354606]}, "properties": {"stop_name": "八德東寧路口", "district": "松山區", "geo_city": "臺北市", "nearest_estimate_min": 16.6}}, {"type": "Feature", "geometry": {"type": "Point", "coordinates": [121.579043, 25.135674]}, "properties": {"stop_name": "平菁街93巷一", "district": "士林區", "geo_city": "臺北市", "nearest_estimate_min": -1.0}}, {"type": "Feature", "geometry": {"type": "Point", "coordinates": [121.584351, 25.078655]}, "properties": {"stop_name": "捷運文德站(碧湖公園)", "district": "內湖區", "geo_city": "臺北市", "nearest_estimate_min": 1.0}}, {"type": "Feature", "geometry": {"type": "Point", "coordinates": [121.5435778, 25.02598619]}, "properties": {"stop_name": "捷運科技大樓站", "district": "大安區", "geo_city": "臺北市", "nearest_estimate_min": 6.7}}, {"type": "Feature", "geometry": {"type": "Point", "coordinates": [121.58954681023364, 25.000950102464405]}, "properties": {"stop_name": "象頭埔", "district": "文山區", "geo_city": "臺北市", "nearest_estimate_min": 6.3}}, {"type": "Feature", "geometry": {"type": "Point", "coordinates": [121.509985, 25.100425]}, "properties": {"stop_name": "中鼎第二總部大樓", "district": "北投區", "geo_city": "臺北市", "nearest_estimate_min": -1.0}}, {"type": "Feature", "geometry": {"type": "Point", "coordinates": [121.49914, 25.02935]}, "properties": {"stop_name": "萬華國中", "district": "萬華區", "geo_city": "臺北市", "nearest_estimate_min": 55.2}}, {"type": "Feature", "geometry": {"type": "Point", "coordinates": [121.59504, 25.00246]}, "properties": {"stop_name": "文和橋", "district": "文山區", "geo_city": "臺北市", "nearest_estimate_min": 3.7}}, {"type": "Feature", "geometry": {"type": "Point", "coordinates": [121.55037495586, 25.041391012662]}, "properties": {"stop_name": "捷運忠孝敦化站", "district": "大安區", "geo_city": "臺北市", "nearest_estimate_min": 6.8}}, {"type": "Feature", "geometry": {"type": "Point", "coordinates": [121.54728315713145, 25.096654067919133]}, "properties": {"stop_name": "外雙溪(故宮)", "district": "士林區", "geo_city": "臺北市", "nearest_estimate_min": 26.2}}, {"type": "Feature", "geometry": {"type": "Point", "coordinates": [121.5623852, 25.02952622]}, "properties": {"stop_name": "景新里", "district": "信義區", "geo_city": "臺北市", "nearest_estimate_min": 3.9}}, {"type": "Feature", "geometry": {"type": "Point", "coordinates": [121.6021868, 25.05268078]}, "properties": {"stop_name": "市民大道八段", "district": "南港區", "geo_city": "臺北市", "nearest_estimate_min": -1.0}}, {"type": "Feature", "geometry": {"type": "Point", "coordinates": [121.509144127644, 25.0455115050969]}, "properties": {"stop_name": "中華路北站", "district": "中正區", "geo_city": "臺北市", "nearest_estimate_min": 3.0}}, {"type": "Feature", "geometry": {"type": "Point", "coordinates": [121.55847, 25.04552]}, "properties": {"stop_name": "市民光復路口", "district": "松山區", "geo_city": "臺北市", "nearest_estimate_min": -1.0}}, {"type": "Feature", "geometry": {"type": "Point", "coordinates": [121.56627904290634, 24.990657247443593]}, "properties": {"stop_name": "華夏六村", "district": "文山區", "geo_city": "臺北市", "nearest_estimate_min": 66.2}}, {"type": "Feature", "geometry": {"type": "Point", "coordinates": [121.51400277550044, 25.07431025376296]}, "properties": {"stop_name": "啟聰學校", "district": "大同區", "geo_city": "臺北市", "nearest_estimate_min": 3.6}}, {"type": "Feature", "geometry": {"type": "Point", "coordinates": [121.56364748952177, 25.06279839209022]}, "properties": {"stop_name": "三民國小", "district": "松山區", "geo_city": "臺北市", "nearest_estimate_min": 5.0}}, {"type": "Feature", "geometry": {"type": "Point", "coordinates": [121.50817, 25.08367]}, "properties": {"stop_name": "葫蘆國小(葫蘆里)", "district": "士林區", "geo_city": "臺北市", "nearest_estimate_min": -1.0}}, {"type": "Feature", "geometry": {"type": "Point", "coordinates": [121.5582374, 25.11159072]}, "properties": {"stop_name": "外雙溪橋", "district": "士林區", "geo_city": "臺北市", "nearest_estimate_min": 5.1}}, {"type": "Feature", "geometry": {"type": "Point", "coordinates": [121.564893286779, 25.0358368102123]}, "properties": {"stop_name": "市政府(松壽)", "district": "信義區", "geo_city": "臺北市", "nearest_estimate_min": 0.5}}, {"type": "Feature", "geometry": {"type": "Point", "coordinates": [121.5653434, 25.03683458]}, "properties": {"stop_name": "市政府(松智)", "district": "信義區", "geo_city": "臺北市", "nearest_estimate_min": 1.9}}, {"type": "Feature", "geometry": {"type": "Point", "coordinates": [121.468652, 25.109126]}, "properties": {"stop_name": "富洲里", "district": "士林區", "geo_city": "臺北市", "nearest_estimate_min": 22.3}}, {"type": "Feature", "geometry": {"type": "Point", "coordinates": [121.55458, 25.1248]}, "properties": {"stop_name": "新安路三", "district": "士林區", "geo_city": "臺北市", "nearest_estimate_min": -1.0}}, {"type": "Feature", "geometry": {"type": "Point", "coordinates": [121.51478635582, 25.116067992916]}, "properties": {"stop_name": "義理街口", "district": "北投區", "geo_city": "臺北市", "nearest_estimate_min": 23.2}}, {"type": "Feature", "geometry": {"type": "Point", "coordinates": [121.546693508012, 25.0416948578606]}, "properties": {"stop_name": "頂好市場", "district": "大安區", "geo_city": "臺北市", "nearest_estimate_min": 5.9}}, {"type": "Feature", "geometry": {"type": "Point", "coordinates": [121.532104, 25.05812048]}, "properties": {"stop_name": "捷運行天宮站(民生東路)", "district": "中山區", "geo_city": "臺北市", "nearest_estimate_min": 7.2}}, {"type": "Feature", "geometry": {"type": "Point", "coordinates": [121.54085264591662, 25.051994714534274]}, "properties": {"stop_name": "南京龍江路口", "district": "中山區", "geo_city": "臺北市", "nearest_estimate_min": 0.6}}, {"type": "Feature", "geometry": {"type": "Point", "coordinates": [121.530215, 25.060529]}, "properties": {"stop_name": "錦州街口", "district": "中山區", "geo_city": "臺北市", "nearest_estimate_min": -1.0}}, {"type": "Feature", "geometry": {"type": "Point", "coordinates": [121.598789, 25.060534]}, "properties": {"stop_name": "威剛科技總部大樓", "district": "內湖區", "geo_city": "臺北市", "nearest_estimate_min": 5.9}}, {"type": "Feature", "geometry": {"type": "Point", "coordinates": [121.574688, 25.075813]}, "properties": {"stop_name": "港墘路", "district": "內湖區", "geo_city": "臺北市", "nearest_estimate_min": -1.0}}, {"type": "Feature", "geometry": {"type": "Point", "coordinates": [121.533011, 25.05500621]}, "properties": {"stop_name": "長春松江路口", "district": "中山區", "geo_city": "臺北市", "nearest_estimate_min": 11.5}}, {"type": "Feature", "geometry": {"type": "Point", "coordinates": [121.58565, 25.12153]}, "properties": {"stop_name": "簡厝", "district": "士林區", "geo_city": "臺北市", "nearest_estimate_min": -1.0}}, {"type": "Feature", "geometry": {"type": "Point", "coordinates": [121.57552780140044, 25.05865558006533]}, "properties": {"stop_name": "新湖民善街口(一)", "district": "內湖區", "geo_city": "臺北市", "nearest_estimate_min": 1.2}}, {"type": "Feature", "geometry": {"type": "Point", "coordinates": [121.50703302755403, 25.10059120420348]}, "properties": {"stop_name": "福美承平路口", "district": "北投區", "geo_city": "臺北市", "nearest_estimate_min": 16.5}}, {"type": "Feature", "geometry": {"type": "Point", "coordinates": [121.5219375, 25.02886065]}, "properties": {"stop_name": "捷運古亭站(杭州)", "district": "大安區", "geo_city": "臺北市", "nearest_estimate_min": 26.0}}, {"type": "Feature", "geometry": {"type": "Point", "coordinates": [121.5501232, 25.08399238]}, "properties": {"stop_name": "大直加油站", "district": "中山區", "geo_city": "臺北市", "nearest_estimate_min": 15.2}}, {"type": "Feature", "geometry": {"type": "Point", "coordinates": [121.532348, 25.159992]}, "properties": {"stop_name": "圳內", "district": "北投區", "geo_city": "臺北市", "nearest_estimate_min": -1.0}}, {"type": "Feature", "geometry": {"type": "Point", "coordinates": [121.520315080867, 25.0273649962157]}, "properties": {"stop_name": "南昌家具街", "district": "中正區", "geo_city": "臺北市", "nearest_estimate_min": 1.1}}, {"type": "Feature", "geometry": {"type": "Point", "coordinates": [121.528858, 25.018986]}, "properties": {"stop_name": "耕莘文教院", "district": "中正區", "geo_city": "臺北市", "nearest_estimate_min": 11.8}}, {"type": "Feature", "geometry": {"type": "Point", "coordinates": [121.60468992917, 25.0735474046187]}, "properties": {"stop_name": "金湖路口", "district": "內湖區", "geo_city": "臺北市", "nearest_estimate_min": -1.0}}, {"type": "Feature", "geometry": {"type": "Point", "coordinates": [121.5814889, 25.06239078]}, "properties": {"stop_name": "行愛路77巷口", "district": "內湖區", "geo_city": "臺北市", "nearest_estimate_min": 21.0}}, {"type": "Feature", "geometry": {"type": "Point", "coordinates": [121.58458, 25.08439]}, "properties": {"stop_name": "碧湖山莊", "district": "內湖區", "geo_city": "臺北市", "nearest_estimate_min": 10.1}}, {"type": "Feature", "geometry": {"type": "Point", "coordinates": [121.584912828247, 25.0680236428654]}, "properties": {"stop_name": "民權東路6段56巷", "district": "內湖區", "geo_city": "臺北市", "nearest_estimate_min": 35.2}}, {"type": "Feature", "geometry": {"type": "Point", "coordinates": [121.616893, 25.036259]}, "properties": {"stop_name": "凌雲五村", "district": "南港區", "geo_city": "臺北市", "nearest_estimate_min": 2.3}}, {"type": "Feature", "geometry": {"type": "Point", "coordinates": [121.603466, 25.062478]}, "properties": {"stop_name": "內湖焚化廠(葫蘆洲公園)", "district": "內湖區", "geo_city": "臺北市", "nearest_estimate_min": -1.0}}, {"type": "Feature", "geometry": {"type": "Point", "coordinates": [121.4764835, 25.10595729]}, "properties": {"stop_name": "威靈廟", "district": "士林區", "geo_city": "臺北市", "nearest_estimate_min": 1.4}}, {"type": "Feature", "geometry": {"type": "Point", "coordinates": [121.5283054, 25.13284684]}, "properties": {"stop_name": "行義路一", "district": "北投區", "geo_city": "臺北市", "nearest_estimate_min": 5.0}}, {"type": "Feature", "geometry": {"type": "Point", "coordinates": [121.5619947, 25.0020353]}, "properties": {"stop_name": "公務人員訓練處", "district": "文山區", "geo_city": "臺北市", "nearest_estimate_min": 20.7}}, {"type": "Feature", "geometry": {"type": "Point", "coordinates": [121.5878431, 25.04908468]}, "properties": {"stop_name": "國華新村", "district": "南港區", "geo_city": "臺北市", "nearest_estimate_min": 10.3}}, {"type": "Feature", "geometry": {"type": "Point", "coordinates": [121.5267939, 25.15112592]}, "properties": {"stop_name": "紅柿下", "district": "北投區", "geo_city": "臺北市", "nearest_estimate_min": 35.5}}, {"type": "Feature", "geometry": {"type": "Point", "coordinates": [121.5651176, 25.15812873]}, "properties": {"stop_name": "松園", "district": "士林區", "geo_city": "臺北市", "nearest_estimate_min": -1.0}}, {"type": "Feature", "geometry": {"type": "Point", "coordinates": [121.476927, 25.13408]}, "properties": {"stop_name": "桃源國中", "district": "北投區", "geo_city": "臺北市", "nearest_estimate_min": -1.0}}, {"type": "Feature", "geometry": {"type": "Point", "coordinates": [121.592247709587, 25.0850667950708]}, "properties": {"stop_name": "貿商三村", "district": "內湖區", "geo_city": "臺北市", "nearest_estimate_min": 3.0}}, {"type": "Feature", "geometry": {"type": "Point", "coordinates": [121.5426452, 24.992992]}, "properties": {"stop_name": "景美國中", "district": "文山區", "geo_city": "臺北市", "nearest_estimate_min": 3.1}}, {"type": "Feature", "geometry": {"type": "Point", "coordinates": [121.571595, 25.13784856]}, "properties": {"stop_name": "鄭厝", "district": "士林區", "geo_city": "臺北市", "nearest_estimate_min": -1.0}}, {"type": "Feature", "geometry": {"type": "Point", "coordinates": [121.5199745, 25.0742494]}, "properties": {"stop_name": "明倫高中", "district": "大同區", "geo_city": "臺北市", "nearest_estimate_min": 9.1}}, {"type": "Feature", "geometry": {"type": "Point", "coordinates": [121.52798329556133, 25.06385884449781]}, "properties": {"stop_name": "中山國小(新生)", "district": "中山區", "geo_city": "臺北市", "nearest_estimate_min": 44.5}}, {"type": "Feature", "geometry": {"type": "Point", "coordinates": [121.505558, 25.141694]}, "properties": {"stop_name": "長壽路口", "district": "北投區", "geo_city": "臺北市", "nearest_estimate_min": -1.0}}, {"type": "Feature", "geometry": {"type": "Point", "coordinates": [121.49478, 25.03611]}, "properties": {"stop_name": "龍山國小", "district": "萬華區", "geo_city": "臺北市", "nearest_estimate_min": 18.3}}, {"type": "Feature", "geometry": {"type": "Point", "coordinates": [121.542007, 25.067849]}, "properties": {"stop_name": "下埤里", "district": "中山區", "geo_city": "臺北市", "nearest_estimate_min": 3.7}}, {"type": "Feature", "geometry": {"type": "Point", "coordinates": [121.5805532, 25.08479717]}, "properties": {"stop_name": "西湖園", "district": "內湖區", "geo_city": "臺北市", "nearest_estimate_min": 1.6}}, {"type": "Feature", "geometry": {"type": "Point", "coordinates": [121.56839, 25.03124]}, "properties": {"stop_name": "松平路口", "district": "信義區", "geo_city": "臺北市", "nearest_estimate_min": 4.0}}, {"type": "Feature", "geometry": {"type": "Point", "coordinates": [121.56628044728, 25.0444493988665]}, "properties": {"stop_name": "松山高中(基隆路)", "district": "信義區", "geo_city": "臺北市", "nearest_estimate_min": 5.2}}, {"type": "Feature", "geometry": {"type": "Point", "coordinates": [121.52749815701229, 25.043941210409297]}, "properties": {"stop_name": "華山文創園區", "district": "中正區", "geo_city": "臺北市", "nearest_estimate_min": 11.5}}, {"type": "Feature", "geometry": {"type": "Point", "coordinates": [121.537162, 25.068066]}, "properties": {"stop_name": "臺北漁市", "district": "中山區", "geo_city": "臺北市", "nearest_estimate_min": 2.6}}, {"type": "Feature", "geometry": {"type": "Point", "coordinates": [121.50318, 25.13244]}, "properties": {"stop_name": "北投市場(磺港)", "district": "北投區", "geo_city": "臺北市", "nearest_estimate_min": 3.8}}, {"type": "Feature", "geometry": {"type": "Point", "coordinates": [121.5775386, 25.08055757]}, "properties": {"stop_name": "港墘", "district": "內湖區", "geo_city": "臺北市", "nearest_estimate_min": 3.9}}, {"type": "Feature", "geometry": {"type": "Point", "coordinates": [121.52487, 25.03676]}, "properties": {"stop_name": "仁愛杭州路口", "district": "中正區", "geo_city": "臺北市", "nearest_estimate_min": 2.0}}, {"type": "Feature", "geometry": {"type": "Point", "coordinates": [121.5244304, 25.02066751]}, "properties": {"stop_name": "客家文化主題公園(師大路)", "district": "中正區", "geo_city": "臺北市", "nearest_estimate_min": 84.7}}, {"type": "Feature", "geometry": {"type": "Point", "coordinates": [121.57795, 25.0641]}, "properties": {"stop_name": "新湖行忠路口", "district": "內湖區", "geo_city": "臺北市", "nearest_estimate_min": 12.2}}, {"type": "Feature", "geometry": {"type": "Point", "coordinates": [121.536735, 25.072908]}, "properties": {"stop_name": "國道1號23Km(虛擬站不停靠)", "district": "中山區", "geo_city": "臺北市", "nearest_estimate_min": -1.0}}, {"type": "Feature", "geometry": {"type": "Point", "coordinates": [121.511973, 25.119636]}, "properties": {"stop_name": "陽明交大(東華)", "district": "北投區", "geo_city": "臺北市", "nearest_estimate_min": 24.1}}, {"type": "Feature", "geometry": {"type": "Point", "coordinates": [121.59356, 24.994563]}, "properties": {"stop_name": "國道3號20Km(虛擬站不停靠)", "district": "文山區", "geo_city": "臺北市", "nearest_estimate_min": -1.0}}, {"type": "Feature", "geometry": {"type": "Point", "coordinates": [121.617633, 25.040597]}, "properties": {"stop_name": "胡適公園", "district": "南港區", "geo_city": "臺北市", "nearest_estimate_min": 3.2}}, {"type": "Feature", "geometry": {"type": "Point", "coordinates": [121.581597209792, 25.0783569202296]}, "properties": {"stop_name": "湖光國宅", "district": "內湖區", "geo_city": "臺北市", "nearest_estimate_min": 3.5}}, {"type": "Feature", "geometry": {"type": "Point", "coordinates": [121.51129364418, 25.04676505924]}, "properties": {"stop_name": "臺北郵局", "district": "中正區", "geo_city": "臺北市", "nearest_estimate_min": 2.8}}, {"type": "Feature", "geometry": {"type": "Point", "coordinates": [121.53149, 25.10182]}, "properties": {"stop_name": "惠濟宮", "district": "士林區", "geo_city": "臺北市", "nearest_estimate_min": -1.0}}, {"type": "Feature", "geometry": {"type": "Point", "coordinates": [121.5468517, 25.05785197]}, "properties": {"stop_name": "民生敦化路口", "district": "松山區", "geo_city": "臺北市", "nearest_estimate_min": 2.1}}, {"type": "Feature", "geometry": {"type": "Point", "coordinates": [121.470858, 25.13598531]}, "properties": {"stop_name": "臺北城市科技大學(後門)", "district": "北投區", "geo_city": "臺北市", "nearest_estimate_min": -1.0}}, {"type": "Feature", "geometry": {"type": "Point", "coordinates": [121.4708548, 25.10818883]}, "properties": {"stop_name": "台北海大", "district": "士林區", "geo_city": "臺北市", "nearest_estimate_min": 22.9}}, {"type": "Feature", "geometry": {"type": "Point", "coordinates": [121.53219798892, 25.1142079240147]}, "properties": {"stop_name": "天母棒球場(忠誠)", "district": "士林區", "geo_city": "臺北市", "nearest_estimate_min": 2.0}}, {"type": "Feature", "geometry": {"type": "Point", "coordinates": [121.577744, 25.073152]}, "properties": {"stop_name": "陽光街", "district": "內湖區", "geo_city": "臺北市", "nearest_estimate_min": 24.5}}, {"type": "Feature", "geometry": {"type": "Point", "coordinates": [121.500083, 25.142015]}, "properties": {"stop_name": "浸信會真理堂", "district": "北投區", "geo_city": "臺北市", "nearest_estimate_min": 1.0}}, {"type": "Feature", "geometry": {"type": "Point", "coordinates": [121.527964269875, 25.077322358349]}, "properties": {"stop_name": "圓山大飯店", "district": "中山區", "geo_city": "臺北市", "nearest_estimate_min": 18.7}}, {"type": "Feature", "geometry": {"type": "Point", "coordinates": [121.51803, 25.150052]}, "properties": {"stop_name": "十八份埔", "district": "北投區", "geo_city": "臺北市", "nearest_estimate_min": -1.0}}, {"type": "Feature", "geometry": {"type": "Point", "coordinates": [121.619864, 25.042651]}, "properties": {"stop_name": "金德橋頭", "district": "南港區", "geo_city": "臺北市", "nearest_estimate_min": -1.0}}, {"type": "Feature", "geometry": {"type": "Point", "coordinates": [121.53392, 25.09776]}, "properties": {"stop_name": "泰北中學", "district": "士林區", "geo_city": "臺北市", "nearest_estimate_min": -1.0}}, {"type": "Feature", "geometry": {"type": "Point", "coordinates": [121.500584, 25.035369]}, "properties": {"stop_name": "捷運龍山寺站", "district": "萬華區", "geo_city": "臺北市", "nearest_estimate_min": 0.9}}, {"type": "Feature", "geometry": {"type": "Point", "coordinates": [121.522628910085, 25.0564276089864]}, "properties": {"stop_name": "國賓飯店", "district": "中山區", "geo_city": "臺北市", "nearest_estimate_min": 17.7}}, {"type": "Feature", "geometry": {"type": "Point", "coordinates": [121.510398526977, 25.0513352337636]}, "properties": {"stop_name": "聯合醫院中興院區(塔城)", "district": "大同區", "geo_city": "臺北市", "nearest_estimate_min": 21.4}}, {"type": "Feature", "geometry": {"type": "Point", "coordinates": [121.5680329, 25.16724599]}, "properties": {"stop_name": "天寶聖道宮", "district": "士林區", "geo_city": "臺北市", "nearest_estimate_min": -1.0}}, {"type": "Feature", "geometry": {"type": "Point", "coordinates": [121.534086, 25.015228]}, "properties": {"stop_name": "捷運公館站", "district": "大安區", "geo_city": "臺北市", "nearest_estimate_min": -1.0}}, {"type": "Feature", "geometry": {"type": "Point", "coordinates": [121.5173064, 25.03371811]}, "properties": {"stop_name": "捷運中正紀念堂站(勞保局)", "district": "中正區", "geo_city": "臺北市", "nearest_estimate_min": -1.0}}, {"type": "Feature", "geometry": {"type": "Point", "coordinates": [121.50781, 25.14134]}, "properties": {"stop_name": "源之鄉", "district": "北投區", "geo_city": "臺北市", "nearest_estimate_min": -1.0}}, {"type": "Feature", "geometry": {"type": "Point", "coordinates": [121.56078735305545, 24.987245753153893]}, "properties": {"stop_name": "木柵公園", "district": "文山區", "geo_city": "臺北市", "nearest_estimate_min": 8.1}}, {"type": "Feature", "geometry": {"type": "Point", "coordinates": [121.558531, 25.081142]}, "properties": {"stop_name": "敬業四路", "district": "中山區", "geo_city": "臺北市", "nearest_estimate_min": 14.4}}, {"type": "Feature", "geometry": {"type": "Point", "coordinates": [121.5213453, 25.03876925]}, "properties": {"stop_name": "仁愛林森路口", "district": "中正區", "geo_city": "臺北市", "nearest_estimate_min": 9.2}}, {"type": "Feature", "geometry": {"type": "Point", "coordinates": [121.520551599272, 25.1188249158648]}, "properties": {"stop_name": "榮總一", "district": "北投區", "geo_city": "臺北市", "nearest_estimate_min": 4.4}}, {"type": "Feature", "geometry": {"type": "Point", "coordinates": [121.5467266, 25.15827746]}, "properties": {"stop_name": "童軍站", "district": "北投區", "geo_city": "臺北市", "nearest_estimate_min": 24.0}}, {"type": "Feature", "geometry": {"type": "Point", "coordinates": [121.50037694828528, 25.0289649585261]}, "properties": {"stop_name": "西藏路口", "district": "萬華區", "geo_city": "臺北市", "nearest_estimate_min": 4.4}}, {"type": "Feature", "geometry": {"type": "Point", "coordinates": [121.497464378634, 25.0198502695038]}, "properties": {"stop_name": "果菜市場", "district": "萬華區", "geo_city": "臺北市", "nearest_estimate_min": 10.5}}, {"type": "Feature", "geometry": {"type": "Point", "coordinates": [121.588532, 25.097808]}, "properties": {"stop_name": "城門仔(玄明宮)", "district": "內湖區", "geo_city": "臺北市", "nearest_estimate_min": -1.0}}, {"type": "Feature", "geometry": {"type": "Point", "coordinates": [121.59258171464538, 25.040011772420034]}, "properties": {"stop_name": "南港花園社區五", "district": "南港區", "geo_city": "臺北市", "nearest_estimate_min": 3.3}}, {"type": "Feature", "geometry": {"type": "Point", "coordinates": [121.52922, 25.01723]}, "properties": {"stop_name": "三軍總醫院", "district": "中正區", "geo_city": "臺北市", "nearest_estimate_min": -1.0}}, {"type": "Feature", "geometry": {"type": "Point", "coordinates": [121.5716977, 25.04552009]}, "properties": {"stop_name": "興雅國小", "district": "信義區", "geo_city": "臺北市", "nearest_estimate_min": 5.9}}, {"type": "Feature", "geometry": {"type": "Point", "coordinates": [121.502732, 25.033257]}, "properties": {"stop_name": "艋舺大道", "district": "萬華區", "geo_city": "臺北市", "nearest_estimate_min": -1.0}}, {"type": "Feature", "geometry": {"type": "Point", "coordinates": [121.5662395, 25.10754456]}, "properties": {"stop_name": "明溪街", "district": "士林區", "geo_city": "臺北市", "nearest_estimate_min": 11.1}}, {"type": "Feature", "geometry": {"type": "Point", "coordinates": [121.573456, 25.184181]}, "properties": {"stop_name": "下七股(花藝村溫泉會館)", "district": "士林區", "geo_city": "臺北市", "nearest_estimate_min": -1.0}}, {"type": "Feature", "geometry": {"type": "Point", "coordinates": [121.534373, 25.142584]}, "properties": {"stop_name": "大埔一", "district": "北投區", "geo_city": "臺北市", "nearest_estimate_min": 3.8}}, {"type": "Feature", "geometry": {"type": "Point", "coordinates": [121.5650058, 25.14478901]}, "properties": {"stop_name": "衛星電台", "district": "士林區", "geo_city": "臺北市", "nearest_estimate_min": 5.1}}, {"type": "Feature", "geometry": {"type": "Point", "coordinates": [121.5238999, 25.12221658]}, "properties": {"stop_name": "永欣里", "district": "北投區", "geo_city": "臺北市", "nearest_estimate_min": 8.6}}, {"type": "Feature", "geometry": {"type": "Point", "coordinates": [121.5183341, 25.07106623]}, "properties": {"stop_name": "庫倫街口", "district": "大同區", "geo_city": "臺北市", "nearest_estimate_min": 3.6}}, {"type": "Feature", "geometry": {"type": "Point", "coordinates": [121.564528, 25.035992]}, "properties": {"stop_name": "市政府(松壽)", "district": "信義區", "geo_city": "臺北市", "nearest_estimate_min": 3.7}}, {"type": "Feature", "geometry": {"type": "Point", "coordinates": [121.53065017432, 25.1095102588294]}, "properties": {"stop_name": "蘭雅國中", "district": "士林區", "geo_city": "臺北市", "nearest_estimate_min": 36.1}}, {"type": "Feature", "geometry": {"type": "Point", "coordinates": [121.522414, 25.142474]}, "properties": {"stop_name": "大磺嘴", "district": "北投區", "geo_city": "臺北市", "nearest_estimate_min": -1.0}}, {"type": "Feature", "geometry": {"type": "Point", "coordinates": [121.577654, 25.041936]}, "properties": {"stop_name": "捷運永春站(松山)", "district": "信義區", "geo_city": "臺北市", "nearest_estimate_min": 0.7}}, {"type": "Feature", "geometry": {"type": "Point", "coordinates": [121.5668354, 25.04100991]}, "properties": {"stop_name": "捷運市政府站", "district": "信義區", "geo_city": "臺北市", "nearest_estimate_min": 2.6}}, {"type": "Feature", "geometry": {"type": "Point", "coordinates": [121.623174, 25.076956]}, "properties": {"stop_name": "白馬山莊", "district": "內湖區", "geo_city": "臺北市", "nearest_estimate_min": -1.0}}, {"type": "Feature", "geometry": {"type": "Point", "coordinates": [121.5920177158309, 25.011991298913156]}, "properties": {"stop_name": "富德靈骨樓(樹葬區)", "district": "文山區", "geo_city": "臺北市", "nearest_estimate_min": -1.0}}, {"type": "Feature", "geometry": {"type": "Point", "coordinates": [121.576598, 25.050168]}, "properties": {"stop_name": "松山車站(八德)", "district": "松山區", "geo_city": "臺北市", "nearest_estimate_min": 9.0}}, {"type": "Feature", "geometry": {"type": "Point", "coordinates": [121.54309, 25.04821]}, "properties": {"stop_name": "長安復興路口", "district": "中山區", "geo_city": "臺北市", "nearest_estimate_min": -1.0}}, {"type": "Feature", "geometry": {"type": "Point", "coordinates": [121.59054, 25.085651]}, "properties": {"stop_name": "碧山岩", "district": "內湖區", "geo_city": "臺北市", "nearest_estimate_min": 2.5}}, {"type": "Feature", "geometry": {"type": "Point", "coordinates": [121.543899657612, 25.1050667160996]}, "properties": {"stop_name": "拔子埔", "district": "士林區", "geo_city": "臺北市", "nearest_estimate_min": 3.1}}, {"type": "Feature", "geometry": {"type": "Point", "coordinates": [121.537053, 25.17523]}, "properties": {"stop_name": "風架口", "district": "北投區", "geo_city": "臺北市", "nearest_estimate_min": 18.7}}, {"type": "Feature", "geometry": {"type": "Point", "coordinates": [121.510701, 25.146359]}, "properties": {"stop_name": "水源地", "district": "北投區", "geo_city": "臺北市", "nearest_estimate_min": -1.0}}, {"type": "Feature", "geometry": {"type": "Point", "coordinates": [121.54129, 24.99187]}, "properties": {"stop_name": "文山二分局", "district": "文山區", "geo_city": "臺北市", "nearest_estimate_min": 5.2}}, {"type": "Feature", "geometry": {"type": "Point", "coordinates": [121.515705430802, 25.053651217399]}, "properties": {"stop_name": "圓環(南京)", "district": "大同區", "geo_city": "臺北市", "nearest_estimate_min": 9.0}}, {"type": "Feature", "geometry": {"type": "Point", "coordinates": [121.516898839078, 25.0242546637841]}, "properties": {"stop_name": "重慶南路三段(中正橋)", "district": "中正區", "geo_city": "臺北市", "nearest_estimate_min": 6.3}}, {"type": "Feature", "geometry": {"type": "Point", "coordinates": [121.5064251, 25.08959947]}, "properties": {"stop_name": "社子派出所", "district": "士林區", "geo_city": "臺北市", "nearest_estimate_min": 9.0}}, {"type": "Feature", "geometry": {"type": "Point", "coordinates": [121.622697, 25.038074]}, "properties": {"stop_name": "舊莊", "district": "南港區", "geo_city": "臺北市", "nearest_estimate_min": 17.3}}, {"type": "Feature", "geometry": {"type": "Point", "coordinates": [121.52772727026597, 25.051151635468987]}, "properties": {"stop_name": "南京新生北路口", "district": "中山區", "geo_city": "臺北市", "nearest_estimate_min": 20.3}}, {"type": "Feature", "geometry": {"type": "Point", "coordinates": [121.50384, 25.13431]}, "properties": {"stop_name": "北投國中", "district": "北投區", "geo_city": "臺北市", "nearest_estimate_min": -1.0}}, {"type": "Feature", "geometry": {"type": "Point", "coordinates": [121.573853, 24.992819]}, "properties": {"stop_name": "萬壽橋頭(新光)", "district": "文山區", "geo_city": "臺北市", "nearest_estimate_min": 2.4}}, {"type": "Feature", "geometry": {"type": "Point", "coordinates": [121.583659, 24.976371]}, "properties": {"stop_name": "指南實小", "district": "文山區", "geo_city": "臺北市", "nearest_estimate_min": -1.0}}, {"type": "Feature", "geometry": {"type": "Point", "coordinates": [121.62277, 25.03833]}, "properties": {"stop_name": "舊莊", "district": "南港區", "geo_city": "臺北市", "nearest_estimate_min": 11.0}}, {"type": "Feature", "geometry": {"type": "Point", "coordinates": [121.5827604, 25.05620879]}, "properties": {"stop_name": "週美里", "district": "內湖區", "geo_city": "臺北市", "nearest_estimate_min": -1.0}}, {"type": "Feature", "geometry": {"type": "Point", "coordinates": [121.50982, 25.02391]}, "properties": {"stop_name": "萬華醫院", "district": "萬華區", "geo_city": "臺北市", "nearest_estimate_min": 3.7}}, {"type": "Feature", "geometry": {"type": "Point", "coordinates": [121.510134, 25.049002]}, "properties": {"stop_name": "捷運北門站", "district": "大同區", "geo_city": "臺北市", "nearest_estimate_min": 1.1}}, {"type": "Feature", "geometry": {"type": "Point", "coordinates": [121.56066, 25.02428]}, "properties": {"stop_name": "黎雙公園", "district": "信義區", "geo_city": "臺北市", "nearest_estimate_min": -1.0}}, {"type": "Feature", "geometry": {"type": "Point", "coordinates": [121.5680489, 25.02685576]}, "properties": {"stop_name": "吳興國小(莊敬)", "district": "信義區", "geo_city": "臺北市", "nearest_estimate_min": -1.0}}, {"type": "Feature", "geometry": {"type": "Point", "coordinates": [121.464545, 25.127442]}, "properties": {"stop_name": "利陽藝術學苑", "district": "北投區", "geo_city": "臺北市", "nearest_estimate_min": -1.0}}, {"type": "Feature", "geometry": {"type": "Point", "coordinates": [121.55251766575329, 25.080092816575963]}, "properties": {"stop_name": "明水路口", "district": "中山區", "geo_city": "臺北市", "nearest_estimate_min": 14.0}}, {"type": "Feature", "geometry": {"type": "Point", "coordinates": [121.511946, 25.035137]}, "properties": {"stop_name": "捷運小南門站", "district": "中正區", "geo_city": "臺北市", "nearest_estimate_min": 13.1}}, {"type": "Feature", "geometry": {"type": "Point", "coordinates": [121.569474, 25.002436]}, "properties": {"stop_name": "萬芳活動中心", "district": "文山區", "geo_city": "臺北市", "nearest_estimate_min": 0.3}}, {"type": "Feature", "geometry": {"type": "Point", "coordinates": [121.5602, 25.02554]}, "properties": {"stop_name": "克勤新村", "district": "信義區", "geo_city": "臺北市", "nearest_estimate_min": -1.0}}, {"type": "Feature", "geometry": {"type": "Point", "coordinates": [121.5374877, 25.03392144]}, "properties": {"stop_name": "信義市場", "district": "大安區", "geo_city": "臺北市", "nearest_estimate_min": -1.0}}, {"type": "Feature", "geometry": {"type": "Point", "coordinates": [121.569875, 25.055027]}, "properties": {"stop_name": "發電所(西松高中)", "district": "松山區", "geo_city": "臺北市", "nearest_estimate_min": 2.2}}, {"type": "Feature", "geometry": {"type": "Point", "coordinates": [121.52797, 25.11588]}, "properties": {"stop_name": "台北美國/日僑學校", "district": "士林區", "geo_city": "臺北市", "nearest_estimate_min": 13.5}}, {"type": "Feature", "geometry": {"type": "Point", "coordinates": [121.6202488, 25.03984242]}, "properties": {"stop_name": "舊莊國小", "district": "南港區", "geo_city": "臺北市", "nearest_estimate_min": 9.9}}, {"type": "Feature", "geometry": {"type": "Point", "coordinates": [121.5300534, 25.0563427]}, "properties": {"stop_name": "台北銀行", "district": "中山區", "geo_city": "臺北市", "nearest_estimate_min": -1.0}}, {"type": "Feature", "geometry": {"type": "Point", "coordinates": [121.46473, 25.12395]}, "properties": {"stop_name": "關渡", "district": "北投區", "geo_city": "臺北市", "nearest_estimate_min": 8.0}}, {"type": "Feature", "geometry": {"type": "Point", "coordinates": [121.5528283, 25.07996639]}, "properties": {"stop_name": "明水路口", "district": "中山區", "geo_city": "臺北市", "nearest_estimate_min": 5.5}}, {"type": "Feature", "geometry": {"type": "Point", "coordinates": [121.50794870316, 25.0567479019514]}, "properties": {"stop_name": "大稻埕碼頭", "district": "大同區", "geo_city": "臺北市", "nearest_estimate_min": -1.0}}, {"type": "Feature", "geometry": {"type": "Point", "coordinates": [121.57131845679393, 25.050545938983998]}, "properties": {"stop_name": "饒河街觀光夜市(塔悠)", "district": "松山區", "geo_city": "臺北市", "nearest_estimate_min": 1.6}}, {"type": "Feature", "geometry": {"type": "Point", "coordinates": [121.507514, 25.14219]}, "properties": {"stop_name": "泉源公園", "district": "北投區", "geo_city": "臺北市", "nearest_estimate_min": -1.0}}, {"type": "Feature", "geometry": {"type": "Point", "coordinates": [121.53000062511, 25.0779258290758]}, "properties": {"stop_name": "中央電台", "district": "中山區", "geo_city": "臺北市", "nearest_estimate_min": 0.6}}, {"type": "Feature", "geometry": {"type": "Point", "coordinates": [121.57446, 25.07204]}, "properties": {"stop_name": "陽光抽水站", "district": "內湖區", "geo_city": "臺北市", "nearest_estimate_min": 7.2}}, {"type": "Feature", "geometry": {"type": "Point", "coordinates": [121.5681927, 25.10671438]}, "properties": {"stop_name": "雙溪站二", "district": "士林區", "geo_city": "臺北市", "nearest_estimate_min": -1.0}}, {"type": "Feature", "geometry": {"type": "Point", "coordinates": [121.501520744986, 25.1391571863191]}, "properties": {"stop_name": "中和街", "district": "北投區", "geo_city": "臺北市", "nearest_estimate_min": 18.9}}, {"type": "Feature", "geometry": {"type": "Point", "coordinates": [121.5308437, 25.118085]}, "properties": {"stop_name": "三玉宮", "district": "士林區", "geo_city": "臺北市", "nearest_estimate_min": 6.9}}, {"type": "Feature", "geometry": {"type": "Point", "coordinates": [121.580579, 25.011762]}, "properties": {"stop_name": "富德公墓", "district": "文山區", "geo_city": "臺北市", "nearest_estimate_min": -1.0}}, {"type": "Feature", "geometry": {"type": "Point", "coordinates": [121.548697, 25.039043]}, "properties": {"stop_name": "仁愛敦化路口", "district": "大安區", "geo_city": "臺北市", "nearest_estimate_min": 5.1}}, {"type": "Feature", "geometry": {"type": "Point", "coordinates": [121.5549231, 25.02628003]}, "properties": {"stop_name": "喬治商職", "district": "信義區", "geo_city": "臺北市", "nearest_estimate_min": 6.7}}, {"type": "Feature", "geometry": {"type": "Point", "coordinates": [121.53039498137659, 25.033725370699948]}, "properties": {"stop_name": "信義永康街口", "district": "中正區", "geo_city": "臺北市", "nearest_estimate_min": 1.3}}, {"type": "Feature", "geometry": {"type": "Point", "coordinates": [121.5381002, 25.04827992]}, "properties": {"stop_name": "中山女高", "district": "中山區", "geo_city": "臺北市", "nearest_estimate_min": -1.0}}, {"type": "Feature", "geometry": {"type": "Point", "coordinates": [121.54397, 25.049009]}, "properties": {"stop_name": "芝麻大廈", "district": "中山區", "geo_city": "臺北市", "nearest_estimate_min": 16.0}}, {"type": "Feature", "geometry": {"type": "Point", "coordinates": [121.52567, 25.03951]}, "properties": {"stop_name": "仁愛路二段", "district": "中正區", "geo_city": "臺北市", "nearest_estimate_min": 19.6}}, {"type": "Feature", "geometry": {"type": "Point", "coordinates": [121.587344, 25.058162]}, "properties": {"stop_name": "台北企業總部園區", "district": "內湖區", "geo_city": "臺北市", "nearest_estimate_min": -1.0}}, {"type": "Feature", "geometry": {"type": "Point", "coordinates": [121.557084, 25.028593]}, "properties": {"stop_name": "三興國小(臨江街觀光夜市)", "district": "信義區", "geo_city": "臺北市", "nearest_estimate_min": 8.1}}, {"type": "Feature", "geometry": {"type": "Point", "coordinates": [121.5414952, 25.05456174]}, "properties": {"stop_name": "長春市場", "district": "中山區", "geo_city": "臺北市", "nearest_estimate_min": 17.1}}, {"type": "Feature", "geometry": {"type": "Point", "coordinates": [121.55726, 25.05367]}, "properties": {"stop_name": "三軍總醫院松山分院", "district": "松山區", "geo_city": "臺北市", "nearest_estimate_min": 3.8}}, {"type": "Feature", "geometry": {"type": "Point", "coordinates": [121.5492693, 25.05668072]}, "properties": {"stop_name": "長庚醫院", "district": "松山區", "geo_city": "臺北市", "nearest_estimate_min": 4.8}}, {"type": "Feature", "geometry": {"type": "Point", "coordinates": [121.49608, 25.10207]}, "properties": {"stop_name": "明安宮", "district": "士林區", "geo_city": "臺北市", "nearest_estimate_min": -1.0}}, {"type": "Feature", "geometry": {"type": "Point", "coordinates": [121.56545, 25.08514]}, "properties": {"stop_name": "西湖國中", "district": "內湖區", "geo_city": "臺北市", "nearest_estimate_min": 10.1}}, {"type": "Feature", "geometry": {"type": "Point", "coordinates": [121.542376119519, 25.0251035284638]}, "properties": {"stop_name": "復興南路口", "district": "大安區", "geo_city": "臺北市", "nearest_estimate_min": 1.6}}, {"type": "Feature", "geometry": {"type": "Point", "coordinates": [121.50257764702363, 25.08990453695691]}, "properties": {"stop_name": "社子國小", "district": "士林區", "geo_city": "臺北市", "nearest_estimate_min": 10.4}}, {"type": "Feature", "geometry": {"type": "Point", "coordinates": [121.5686968, 25.10754459]}, "properties": {"stop_name": "翠山街", "district": "士林區", "geo_city": "臺北市", "nearest_estimate_min": -1.0}}, {"type": "Feature", "geometry": {"type": "Point", "coordinates": [121.5874836, 24.98941624]}, "properties": {"stop_name": "政大清境社區", "district": "文山區", "geo_city": "臺北市", "nearest_estimate_min": 23.3}}, {"type": "Feature", "geometry": {"type": "Point", "coordinates": [121.55728, 25.10914]}, "properties": {"stop_name": "大經橋", "district": "士林區", "geo_city": "臺北市", "nearest_estimate_min": 4.5}}, {"type": "Feature", "geometry": {"type": "Point", "coordinates": [121.507887356667, 25.041649236993]}, "properties": {"stop_name": "捷運西門站", "district": "萬華區", "geo_city": "臺北市", "nearest_estimate_min": 5.1}}, {"type": "Feature", "geometry": {"type": "Point", "coordinates": [121.5785, 25.11948]}, "properties": {"stop_name": "礁坑橋(普宜苑)", "district": "士林區", "geo_city": "臺北市", "nearest_estimate_min": -1.0}}, {"type": "Feature", "geometry": {"type": "Point", "coordinates": [121.61043408707262, 25.05927148642987]}, "properties": {"stop_name": "三重里", "district": "南港區", "geo_city": "臺北市", "nearest_estimate_min": 38.2}}, {"type": "Feature", "geometry": {"type": "Point", "coordinates": [121.556430509921, 25.0831610051795]}, "properties": {"stop_name": "敬業三路一", "district": "中山區", "geo_city": "臺北市", "nearest_estimate_min": 41.3}}, {"type": "Feature", "geometry": {"type": "Point", "coordinates": [121.493132, 25.028426]}, "properties": {"stop_name": "環南市場(西藏)", "district": "萬華區", "geo_city": "臺北市", "nearest_estimate_min": 28.9}}, {"type": "Feature", "geometry": {"type": "Point", "coordinates": [121.619044433004, 25.0409122787157]}, "properties": {"stop_name": "舊莊一站", "district": "南港區", "geo_city": "臺北市", "nearest_estimate_min": 24.5}}, {"type": "Feature", "geometry": {"type": "Point", "coordinates": [121.603021736172, 25.053655363078]}, "properties": {"stop_name": "台肥新村", "district": "南港區", "geo_city": "臺北市", "nearest_estimate_min": 7.3}}, {"type": "Feature", "geometry": {"type": "Point", "coordinates": [121.519674930441, 25.0527107746344]}, "properties": {"stop_name": "捷運中山站(志仁高中)", "district": "大同區", "geo_city": "臺北市", "nearest_estimate_min": 11.2}}, {"type": "Feature", "geometry": {"type": "Point", "coordinates": [121.52352, 25.11876]}, "properties": {"stop_name": "振興公園", "district": "北投區", "geo_city": "臺北市", "nearest_estimate_min": 2.9}}, {"type": "Feature", "geometry": {"type": "Point", "coordinates": [121.547448469573, 24.9995842974218]}, "properties": {"stop_name": "興隆市場", "district": "文山區", "geo_city": "臺北市", "nearest_estimate_min": 0.5}}, {"type": "Feature", "geometry": {"type": "Point", "coordinates": [121.589869957803, 25.0710371489715]}, "properties": {"stop_name": "國防醫學中心", "district": "內湖區", "geo_city": "臺北市", "nearest_estimate_min": 2.0}}, {"type": "Feature", "geometry": {"type": "Point", "coordinates": [121.594132, 25.08334]}, "properties": {"stop_name": "捷運內湖站", "district": "內湖區", "geo_city": "臺北市", "nearest_estimate_min": 0.7}}, {"type": "Feature", "geometry": {"type": "Point", "coordinates": [121.55708, 25.10932]}, "properties": {"stop_name": "大經橋", "district": "士林區", "geo_city": "臺北市", "nearest_estimate_min": 6.6}}, {"type": "Feature", "geometry": {"type": "Point", "coordinates": [121.5077202, 25.11408898]}, "properties": {"stop_name": "實踐街口", "district": "北投區", "geo_city": "臺北市", "nearest_estimate_min": -1.0}}, {"type": "Feature", "geometry": {"type": "Point", "coordinates": [121.50095, 25.1256]}, "properties": {"stop_name": "捷運奇岩站(北投)", "district": "北投區", "geo_city": "臺北市", "nearest_estimate_min": -1.0}}, {"type": "Feature", "geometry": {"type": "Point", "coordinates": [121.57861, 25.062]}, "properties": {"stop_name": "新湖舊宗路口", "district": "內湖區", "geo_city": "臺北市", "nearest_estimate_min": 15.5}}, {"type": "Feature", "geometry": {"type": "Point", "coordinates": [121.55073, 25.11363]}, "properties": {"stop_name": "永公橋", "district": "士林區", "geo_city": "臺北市", "nearest_estimate_min": 5.7}}, {"type": "Feature", "geometry": {"type": "Point", "coordinates": [121.58698, 24.97017]}, "properties": {"stop_name": "田寮橋", "district": "文山區", "geo_city": "臺北市", "nearest_estimate_min": 29.6}}, {"type": "Feature", "geometry": {"type": "Point", "coordinates": [121.5274385, 25.06100515]}, "properties": {"stop_name": "新興國中(新生)", "district": "中山區", "geo_city": "臺北市", "nearest_estimate_min": 15.5}}, {"type": "Feature", "geometry": {"type": "Point", "coordinates": [121.56755, 25.11603]}, "properties": {"stop_name": "川瀨", "district": "士林區", "geo_city": "臺北市", "nearest_estimate_min": -1.0}}, {"type": "Feature", "geometry": {"type": "Point", "coordinates": [121.542636, 25.04177]}, "properties": {"stop_name": "捷運忠孝復興站", "district": "大安區", "geo_city": "臺北市", "nearest_estimate_min": 6.9}}, {"type": "Feature", "geometry": {"type": "Point", "coordinates": [121.519433, 25.085356]}, "properties": {"stop_name": "百齡里", "district": "士林區", "geo_city": "臺北市", "nearest_estimate_min": -1.0}}, {"type": "Feature", "geometry": {"type": "Point", "coordinates": [121.543749, 25.014422]}, "properties": {"stop_name": "臺大癌醫", "district": "大安區", "geo_city": "臺北市", "nearest_estimate_min": -1.0}}, {"type": "Feature", "geometry": {"type": "Point", "coordinates": [121.619351259043, 25.0726450755284]}, "properties": {"stop_name": "東湖國中", "district": "內湖區", "geo_city": "臺北市", "nearest_estimate_min": 44.5}}, {"type": "Feature", "geometry": {"type": "Point", "coordinates": [121.51776, 25.046456]}, "properties": {"stop_name": "臺北車站(忠孝)", "district": "中正區", "geo_city": "臺北市", "nearest_estimate_min": -1.0}}, {"type": "Feature", "geometry": {"type": "Point", "coordinates": [121.4655161, 25.12728943]}, "properties": {"stop_name": "學園路口", "district": "北投區", "geo_city": "臺北市", "nearest_estimate_min": -1.0}}, {"type": "Feature", "geometry": {"type": "Point", "coordinates": [121.5289051, 25.15445173]}, "properties": {"stop_name": "風尾", "district": "北投區", "geo_city": "臺北市", "nearest_estimate_min": -1.0}}, {"type": "Feature", "geometry": {"type": "Point", "coordinates": [121.5354657, 25.04500785]}, "properties": {"stop_name": "懷生國宅", "district": "中山區", "geo_city": "臺北市", "nearest_estimate_min": -1.0}}, {"type": "Feature", "geometry": {"type": "Point", "coordinates": [121.5179218, 25.14288044]}, "properties": {"stop_name": "泉源別墅", "district": "北投區", "geo_city": "臺北市", "nearest_estimate_min": 2.5}}, {"type": "Feature", "geometry": {"type": "Point", "coordinates": [121.529800366051, 25.107166732371]}, "properties": {"stop_name": "蘭雅新城", "district": "士林區", "geo_city": "臺北市", "nearest_estimate_min": 3.0}}, {"type": "Feature", "geometry": {"type": "Point", "coordinates": [121.51195122674679, 25.10302567688198]}, "properties": {"stop_name": "建民里", "district": "北投區", "geo_city": "臺北市", "nearest_estimate_min": -1.0}}, {"type": "Feature", "geometry": {"type": "Point", "coordinates": [121.578737539702, 25.0363727952991]}, "properties": {"stop_name": "松山商職(福德)", "district": "信義區", "geo_city": "臺北市", "nearest_estimate_min": 5.6}}, {"type": "Feature", "geometry": {"type": "Point", "coordinates": [121.57610868441, 25.0798366021365]}, "properties": {"stop_name": "捷運港墘站(內湖高工)", "district": "內湖區", "geo_city": "臺北市", "nearest_estimate_min": 3.5}}, {"type": "Feature", "geometry": {"type": "Point", "coordinates": [121.5740260114375, 24.978600821570257]}, "properties": {"stop_name": "大草坪(自強宿舍)", "district": "文山區", "geo_city": "臺北市", "nearest_estimate_min": -1.0}}, {"type": "Feature", "geometry": {"type": "Point", "coordinates": [121.514111, 25.054917]}, "properties": {"stop_name": "朝陽公園(鈕釦街)", "district": "大同區", "geo_city": "臺北市", "nearest_estimate_min": -1.0}}, {"type": "Feature", "geometry": {"type": "Point", "coordinates": [121.560057, 25.10937]}, "properties": {"stop_name": "社區發展協會", "district": "士林區", "geo_city": "臺北市", "nearest_estimate_min": 3.6}}, {"type": "Feature", "geometry": {"type": "Point", "coordinates": [121.5260219, 25.0874398]}, "properties": {"stop_name": "陽明戲院", "district": "士林區", "geo_city": "臺北市", "nearest_estimate_min": -1.0}}, {"type": "Feature", "geometry": {"type": "Point", "coordinates": [121.558494894192, 24.9982684874929]}, "properties": {"stop_name": "臺灣警察專科學校", "district": "文山區", "geo_city": "臺北市", "nearest_estimate_min": 3.0}}, {"type": "Feature", "geometry": {"type": "Point", "coordinates": [121.5535254, 25.11936571]}, "properties": {"stop_name": "新安路一", "district": "士林區", "geo_city": "臺北市", "nearest_estimate_min": -1.0}}, {"type": "Feature", "geometry": {"type": "Point", "coordinates": [121.53457, 25.04222]}, "properties": {"stop_name": "臺北科技大學(忠孝)", "district": "大安區", "geo_city": "臺北市", "nearest_estimate_min": 9.4}}, {"type": "Feature", "geometry": {"type": "Point", "coordinates": [121.554622114057, 25.033193427795]}, "properties": {"stop_name": "信義通化街口", "district": "大安區", "geo_city": "臺北市", "nearest_estimate_min": 5.2}}, {"type": "Feature", "geometry": {"type": "Point", "coordinates": [121.511030827324, 25.1411661449186]}, "properties": {"stop_name": "八勝園", "district": "北投區", "geo_city": "臺北市", "nearest_estimate_min": -1.0}}, {"type": "Feature", "geometry": {"type": "Point", "coordinates": [121.5626717, 25.10705214]}, "properties": {"stop_name": "雙溪國小", "district": "士林區", "geo_city": "臺北市", "nearest_estimate_min": 0.8}}, {"type": "Feature", "geometry": {"type": "Point", "coordinates": [121.563173, 25.02237]}, "properties": {"stop_name": "綠光101", "district": "信義區", "geo_city": "臺北市", "nearest_estimate_min": -1.0}}, {"type": "Feature", "geometry": {"type": "Point", "coordinates": [121.53006, 25.026622]}, "properties": {"stop_name": "師大綜合大樓", "district": "大安區", "geo_city": "臺北市", "nearest_estimate_min": 1.1}}, {"type": "Feature", "geometry": {"type": "Point", "coordinates": [121.547624545151, 25.1297799480943]}, "properties": {"stop_name": "下竹林", "district": "士林區", "geo_city": "臺北市", "nearest_estimate_min": 0.8}}, {"type": "Feature", "geometry": {"type": "Point", "coordinates": [121.582711, 25.070517]}, "properties": {"stop_name": "麗寶大樓", "district": "內湖區", "geo_city": "臺北市", "nearest_estimate_min": 8.0}}, {"type": "Feature", "geometry": {"type": "Point", "coordinates": [121.586704, 25.0439376]}, "properties": {"stop_name": "香檳新村", "district": "南港區", "geo_city": "臺北市", "nearest_estimate_min": 48.0}}, {"type": "Feature", "geometry": {"type": "Point", "coordinates": [121.5131483, 25.02546189]}, "properties": {"stop_name": "崁頂", "district": "中正區", "geo_city": "臺北市", "nearest_estimate_min": 11.4}}, {"type": "Feature", "geometry": {"type": "Point", "coordinates": [121.5311071, 25.11823857]}, "properties": {"stop_name": "三玉宮", "district": "士林區", "geo_city": "臺北市", "nearest_estimate_min": 3.8}}, {"type": "Feature", "geometry": {"type": "Point", "coordinates": [121.6165906, 25.06806969]}, "properties": {"stop_name": "東湖國小", "district": "內湖區", "geo_city": "臺北市", "nearest_estimate_min": 0.8}}, {"type": "Feature", "geometry": {"type": "Point", "coordinates": [121.545859, 24.998797]}, "properties": {"stop_name": "靜心高中", "district": "文山區", "geo_city": "臺北市", "nearest_estimate_min": 1.4}}, {"type": "Feature", "geometry": {"type": "Point", "coordinates": [121.532693, 25.040288]}, "properties": {"stop_name": "捷運忠孝新生站", "district": "中正區", "geo_city": "臺北市", "nearest_estimate_min": 5.5}}, {"type": "Feature", "geometry": {"type": "Point", "coordinates": [121.537252, 25.110333]}, "properties": {"stop_name": "芝山國小", "district": "士林區", "geo_city": "臺北市", "nearest_estimate_min": -1.0}}, {"type": "Feature", "geometry": {"type": "Point", "coordinates": [121.6030952, 25.06305438]}, "properties": {"stop_name": "內湖焚化廠(安康)", "district": "內湖區", "geo_city": "臺北市", "nearest_estimate_min": -1.0}}, {"type": "Feature", "geometry": {"type": "Point", "coordinates": [121.55444, 25.13115]}, "properties": {"stop_name": "新安里西站", "district": "士林區", "geo_city": "臺北市", "nearest_estimate_min": -1.0}}, {"type": "Feature", "geometry": {"type": "Point", "coordinates": [121.5698963, 25.10683945]}, "properties": {"stop_name": "大崙尾山", "district": "士林區", "geo_city": "臺北市", "nearest_estimate_min": -1.0}}, {"type": "Feature", "geometry": {"type": "Point", "coordinates": [121.48116, 25.10601]}, "properties": {"stop_name": "建安新村", "district": "士林區", "geo_city": "臺北市", "nearest_estimate_min": 0.5}}, {"type": "Feature", "geometry": {"type": "Point", "coordinates": [121.572719, 25.063668]}, "properties": {"stop_name": "堤頂大道一段", "district": "內湖區", "geo_city": "臺北市", "nearest_estimate_min": -1.0}}, {"type": "Feature", "geometry": {"type": "Point", "coordinates": [121.47033, 25.13375]}, "properties": {"stop_name": "北藝大行政大樓", "district": "北投區", "geo_city": "臺北市", "nearest_estimate_min": -1.0}}, {"type": "Feature", "geometry": {"type": "Point", "coordinates": [121.5151374, 25.05143327]}, "properties": {"stop_name": "後車站", "district": "大同區", "geo_city": "臺北市", "nearest_estimate_min": 5.7}}, {"type": "Feature", "geometry": {"type": "Point", "coordinates": [121.522929, 25.094772]}, "properties": {"stop_name": "士林國中", "district": "士林區", "geo_city": "臺北市", "nearest_estimate_min": 1.2}}, {"type": "Feature", "geometry": {"type": "Point", "coordinates": [121.616318, 25.042744]}, "properties": {"stop_name": "中研院內郵局", "district": "南港區", "geo_city": "臺北市", "nearest_estimate_min": -1.0}}, {"type": "Feature", "geometry": {"type": "Point", "coordinates": [121.5947856, 25.06257015]}, "properties": {"stop_name": "潭美綠地", "district": "內湖區", "geo_city": "臺北市", "nearest_estimate_min": 2.9}}, {"type": "Feature", "geometry": {"type": "Point", "coordinates": [121.527040561596, 25.1141183409596]}, "properties": {"stop_name": "賴厝", "district": "士林區", "geo_city": "臺北市", "nearest_estimate_min": 14.3}}, {"type": "Feature", "geometry": {"type": "Point", "coordinates": [121.56162, 25.10754]}, "properties": {"stop_name": "中央站", "district": "士林區", "geo_city": "臺北市", "nearest_estimate_min": 8.7}}, {"type": "Feature", "geometry": {"type": "Point", "coordinates": [121.568554, 25.026231]}, "properties": {"stop_name": "吳興國小(松仁)", "district": "信義區", "geo_city": "臺北市", "nearest_estimate_min": 1.5}}, {"type": "Feature", "geometry": {"type": "Point", "coordinates": [121.56463398583439, 24.989753847794294]}, "properties": {"stop_name": "久康街口", "district": "文山區", "geo_city": "臺北市", "nearest_estimate_min": 66.7}}, {"type": "Feature", "geometry": {"type": "Point", "coordinates": [121.5671167, 25.03273307]}, "properties": {"stop_name": "信義松仁路口(信義)", "district": "信義區", "geo_city": "臺北市", "nearest_estimate_min": 18.8}}, {"type": "Feature", "geometry": {"type": "Point", "coordinates": [121.5575983, 25.03377721]}, "properties": {"stop_name": "三張犁", "district": "信義區", "geo_city": "臺北市", "nearest_estimate_min": 11.3}}, {"type": "Feature", "geometry": {"type": "Point", "coordinates": [121.5118824, 25.05079028]}, "properties": {"stop_name": "延平鄭州路口", "district": "大同區", "geo_city": "臺北市", "nearest_estimate_min": -1.0}}, {"type": "Feature", "geometry": {"type": "Point", "coordinates": [121.5086123, 25.029297]}, "properties": {"stop_name": "三元街口", "district": "中正區", "geo_city": "臺北市", "nearest_estimate_min": 3.5}}, {"type": "Feature", "geometry": {"type": "Point", "coordinates": [121.556952, 25.052989]}, "properties": {"stop_name": "南京新村", "district": "松山區", "geo_city": "臺北市", "nearest_estimate_min": 0.7}}, {"type": "Feature", "geometry": {"type": "Point", "coordinates": [121.5436779, 25.0319747]}, "properties": {"stop_name": "大安高工(捷運大安站)", "district": "大安區", "geo_city": "臺北市", "nearest_estimate_min": 8.3}}, {"type": "Feature", "geometry": {"type": "Point", "coordinates": [121.616413, 25.077692]}, "properties": {"stop_name": "安泰街129巷", "district": "內湖區", "geo_city": "臺北市", "nearest_estimate_min": -1.0}}, {"type": "Feature", "geometry": {"type": "Point", "coordinates": [121.56521, 25.027607]}, "properties": {"stop_name": "信義國中(莊敬)", "district": "信義區", "geo_city": "臺北市", "nearest_estimate_min": 2.6}}, {"type": "Feature", "geometry": {"type": "Point", "coordinates": [121.548282, 25.018051]}, "properties": {"stop_name": "自來水處(辛亥)", "district": "大安區", "geo_city": "臺北市", "nearest_estimate_min": 9.6}}, {"type": "Feature", "geometry": {"type": "Point", "coordinates": [121.56371383572485, 25.048702587337512]}, "properties": {"stop_name": "八德東寧路口", "district": "松山區", "geo_city": "臺北市", "nearest_estimate_min": 12.6}}, {"type": "Feature", "geometry": {"type": "Point", "coordinates": [121.5020082, 25.03534159]}, "properties": {"stop_name": "昆明街口", "district": "萬華區", "geo_city": "臺北市", "nearest_estimate_min": 2.1}}, {"type": "Feature", "geometry": {"type": "Point", "coordinates": [121.543765927365, 25.0972634661547]}, "properties": {"stop_name": "中影文化城", "district": "士林區", "geo_city": "臺北市", "nearest_estimate_min": 0.8}}, {"type": "Feature", "geometry": {"type": "Point", "coordinates": [121.5613198, 25.1513866]}, "properties": {"stop_name": "菁山遊憩區一", "district": "士林區", "geo_city": "臺北市", "nearest_estimate_min": -1.0}}, {"type": "Feature", "geometry": {"type": "Point", "coordinates": [121.563754, 25.038332]}, "properties": {"stop_name": "市政府(市府)", "district": "信義區", "geo_city": "臺北市", "nearest_estimate_min": 3.2}}, {"type": "Feature", "geometry": {"type": "Point", "coordinates": [121.53533, 25.11807]}, "properties": {"stop_name": "忠誠路口", "district": "士林區", "geo_city": "臺北市", "nearest_estimate_min": 15.5}}, {"type": "Feature", "geometry": {"type": "Point", "coordinates": [121.48193288446, 25.1368858501904]}, "properties": {"stop_name": "中央北路三段", "district": "北投區", "geo_city": "臺北市", "nearest_estimate_min": -1.0}}, {"type": "Feature", "geometry": {"type": "Point", "coordinates": [121.556952755307, 25.1782672516245]}, "properties": {"stop_name": "中湖", "district": "北投區", "geo_city": "臺北市", "nearest_estimate_min": -1.0}}, {"type": "Feature", "geometry": {"type": "Point", "coordinates": [121.590714855835, 25.066818699184]}, "properties": {"stop_name": "上灣仔", "district": "內湖區", "geo_city": "臺北市", "nearest_estimate_min": 3.7}}, {"type": "Feature", "geometry": {"type": "Point", "coordinates": [121.56012261539274, 24.996452582031367]}, "properties": {"stop_name": "文山運動中心(興隆)", "district": "文山區", "geo_city": "臺北市", "nearest_estimate_min": 4.1}}, {"type": "Feature", "geometry": {"type": "Point", "coordinates": [121.55896, 25.182685]}, "properties": {"stop_name": "後山一", "district": "北投區", "geo_city": "臺北市", "nearest_estimate_min": -1.0}}, {"type": "Feature", "geometry": {"type": "Point", "coordinates": [121.5063886, 25.03646318]}, "properties": {"stop_name": "聯合醫院和平院區", "district": "萬華區", "geo_city": "臺北市", "nearest_estimate_min": 17.0}}, {"type": "Feature", "geometry": {"type": "Point", "coordinates": [121.5588464, 25.03159637]}, "properties": {"stop_name": "吳興街口", "district": "信義區", "geo_city": "臺北市", "nearest_estimate_min": 9.9}}, {"type": "Feature", "geometry": {"type": "Point", "coordinates": [121.50117, 25.12874]}, "properties": {"stop_name": "清江里", "district": "北投區", "geo_city": "臺北市", "nearest_estimate_min": 29.9}}, {"type": "Feature", "geometry": {"type": "Point", "coordinates": [121.5743091, 24.99783812]}, "properties": {"stop_name": "捷運木柵站", "district": "文山區", "geo_city": "臺北市", "nearest_estimate_min": 22.0}}, {"type": "Feature", "geometry": {"type": "Point", "coordinates": [121.56980715638664, 24.98976355883173]}, "properties": {"stop_name": "文山行政中心", "district": "文山區", "geo_city": "臺北市", "nearest_estimate_min": 7.5}}, {"type": "Feature", "geometry": {"type": "Point", "coordinates": [121.501189626271, 25.1278841376109]}, "properties": {"stop_name": "慈后宮", "district": "北投區", "geo_city": "臺北市", "nearest_estimate_min": -1.0}}, {"type": "Feature", "geometry": {"type": "Point", "coordinates": [121.6156, 25.05534]}, "properties": {"stop_name": "南港展覽館", "district": "南港區", "geo_city": "臺北市", "nearest_estimate_min": 7.7}}, {"type": "Feature", "geometry": {"type": "Point", "coordinates": [121.56456790757427, 24.982503951501606]}, "properties": {"stop_name": "忠順廟", "district": "文山區", "geo_city": "臺北市", "nearest_estimate_min": 2.5}}, {"type": "Feature", "geometry": {"type": "Point", "coordinates": [121.533394, 25.063292]}, "properties": {"stop_name": "行天宮", "district": "中山區", "geo_city": "臺北市", "nearest_estimate_min": 2.0}}, {"type": "Feature", "geometry": {"type": "Point", "coordinates": [121.5586001, 25.03159406]}, "properties": {"stop_name": "吳興街口", "district": "信義區", "geo_city": "臺北市", "nearest_estimate_min": 6.1}}, {"type": "Feature", "geometry": {"type": "Point", "coordinates": [121.5641109, 25.02658084]}, "properties": {"stop_name": "吳興街派出所", "district": "信義區", "geo_city": "臺北市", "nearest_estimate_min": -1.0}}, {"type": "Feature", "geometry": {"type": "Point", "coordinates": [121.520473605143, 25.1022630440787]}, "properties": {"stop_name": "捷運芝山站(戲曲中心)", "district": "士林區", "geo_city": "臺北市", "nearest_estimate_min": 3.1}}, {"type": "Feature", "geometry": {"type": "Point", "coordinates": [121.4734494, 25.13988547]}, "properties": {"stop_name": "荒山劇場", "district": "北投區", "geo_city": "臺北市", "nearest_estimate_min": -1.0}}, {"type": "Feature", "geometry": {"type": "Point", "coordinates": [121.5283094, 25.13969584]}, "properties": {"stop_name": "行義路四", "district": "北投區", "geo_city": "臺北市", "nearest_estimate_min": 43.6}}, {"type": "Feature", "geometry": {"type": "Point", "coordinates": [121.519393611622, 25.0309990709643]}, "properties": {"stop_name": "捷運中正紀念堂站(羅斯福)", "district": "中正區", "geo_city": "臺北市", "nearest_estimate_min": 12.6}}, {"type": "Feature", "geometry": {"type": "Point", "coordinates": [121.50400338161, 25.043299072488]}, "properties": {"stop_name": "西門國小", "district": "萬華區", "geo_city": "臺北市", "nearest_estimate_min": 1.1}}, {"type": "Feature", "geometry": {"type": "Point", "coordinates": [121.50766, 25.12728]}, "properties": {"stop_name": "清江國小", "district": "北投區", "geo_city": "臺北市", "nearest_estimate_min": -1.0}}, {"type": "Feature", "geometry": {"type": "Point", "coordinates": [121.5655763, 25.03685005]}, "properties": {"stop_name": "市政府(松智)", "district": "信義區", "geo_city": "臺北市", "nearest_estimate_min": 2.3}}, {"type": "Feature", "geometry": {"type": "Point", "coordinates": [121.543776, 25.164994]}, "properties": {"stop_name": "竹子湖路2-2號", "district": "北投區", "geo_city": "臺北市", "nearest_estimate_min": 10.6}}, {"type": "Feature", "geometry": {"type": "Point", "coordinates": [121.558923442523, 25.0586249332513]}, "properties": {"stop_name": "聯合二村", "district": "松山區", "geo_city": "臺北市", "nearest_estimate_min": 15.1}}, {"type": "Feature", "geometry": {"type": "Point", "coordinates": [121.513898, 25.137551]}, "properties": {"stop_name": "春天酒店", "district": "北投區", "geo_city": "臺北市", "nearest_estimate_min": -1.0}}, {"type": "Feature", "geometry": {"type": "Point", "coordinates": [121.614308439756, 25.068763284981]}, "properties": {"stop_name": "五分社區", "district": "內湖區", "geo_city": "臺北市", "nearest_estimate_min": 15.6}}, {"type": "Feature", "geometry": {"type": "Point", "coordinates": [121.5336451, 25.14826411]}, "properties": {"stop_name": "紗帽橋", "district": "北投區", "geo_city": "臺北市", "nearest_estimate_min": 5.2}}, {"type": "Feature", "geometry": {"type": "Point", "coordinates": [121.56938, 25.17961]}, "properties": {"stop_name": "日月農莊", "district": "士林區", "geo_city": "臺北市", "nearest_estimate_min": -1.0}}, {"type": "Feature", "geometry": {"type": "Point", "coordinates": [121.5112234, 25.07941175]}, "properties": {"stop_name": "社子消防分隊", "district": "士林區", "geo_city": "臺北市", "nearest_estimate_min": 2.6}}, {"type": "Feature", "geometry": {"type": "Point", "coordinates": [121.536073, 25.004817]}, "properties": {"stop_name": "萬福國小", "district": "文山區", "geo_city": "臺北市", "nearest_estimate_min": -1.0}}, {"type": "Feature", "geometry": {"type": "Point", "coordinates": [121.515375, 25.033565]}, "properties": {"stop_name": "南門", "district": "中正區", "geo_city": "臺北市", "nearest_estimate_min": 3.1}}, {"type": "Feature", "geometry": {"type": "Point", "coordinates": [121.5179896, 25.05672598]}, "properties": {"stop_name": "民生西路口", "district": "大同區", "geo_city": "臺北市", "nearest_estimate_min": 9.0}}, {"type": "Feature", "geometry": {"type": "Point", "coordinates": [121.5208544, 25.08152656]}, "properties": {"stop_name": "通河街(承德)", "district": "士林區", "geo_city": "臺北市", "nearest_estimate_min": -1.0}}, {"type": "Feature", "geometry": {"type": "Point", "coordinates": [121.62361, 25.078715]}, "properties": {"stop_name": "南寮(忠三街口)", "district": "內湖區", "geo_city": "臺北市", "nearest_estimate_min": 2.0}}, {"type": "Feature", "geometry": {"type": "Point", "coordinates": [121.61330283467, 25.077154949435]}, "properties": {"stop_name": "康寧天闊站", "district": "內湖區", "geo_city": "臺北市", "nearest_estimate_min": -1.0}}, {"type": "Feature", "geometry": {"type": "Point", "coordinates": [121.509098, 25.04552755]}, "properties": {"stop_name": "中華路北站", "district": "萬華區", "geo_city": "臺北市", "nearest_estimate_min": 14.1}}, {"type": "Feature", "geometry": {"type": "Point", "coordinates": [121.5093, 25.13622]}, "properties": {"stop_name": "熱海大飯店", "district": "北投區", "geo_city": "臺北市", "nearest_estimate_min": -1.0}}, {"type": "Feature", "geometry": {"type": "Point", "coordinates": [121.5062725, 25.03242295]}, "properties": {"stop_name": "和平中華路口", "district": "中正區", "geo_city": "臺北市", "nearest_estimate_min": 18.8}}, {"type": "Feature", "geometry": {"type": "Point", "coordinates": [121.54820957149374, 25.033281131508218]}, "properties": {"stop_name": "信義敦化路口", "district": "大安區", "geo_city": "臺北市", "nearest_estimate_min": 4.8}}, {"type": "Feature", "geometry": {"type": "Point", "coordinates": [121.509146, 25.077989]}, "properties": {"stop_name": "國道1號25Km(虛擬站不停靠)", "district": "大同區", "geo_city": "臺北市", "nearest_estimate_min": 0.2}}, {"type": "Feature", "geometry": {"type": "Point", "coordinates": [121.5135209, 25.07218551]}, "properties": {"stop_name": "酒泉街", "district": "大同區", "geo_city": "臺北市", "nearest_estimate_min": 10.5}}, {"type": "Feature", "geometry": {"type": "Point", "coordinates": [121.568463, 25.115394]}, "properties": {"stop_name": "前半嶺", "district": "士林區", "geo_city": "臺北市", "nearest_estimate_min": -1.0}}, {"type": "Feature", "geometry": {"type": "Point", "coordinates": [121.539995594657, 25.0042661031504]}, "properties": {"stop_name": "武功國小(興隆)", "district": "文山區", "geo_city": "臺北市", "nearest_estimate_min": 1.4}}, {"type": "Feature", "geometry": {"type": "Point", "coordinates": [121.51261, 25.08192]}, "properties": {"stop_name": "士林簡易庭", "district": "士林區", "geo_city": "臺北市", "nearest_estimate_min": -1.0}}, {"type": "Feature", "geometry": {"type": "Point", "coordinates": [121.61603141641, 25.0515460114719]}, "properties": {"stop_name": "誠正國中", "district": "南港區", "geo_city": "臺北市", "nearest_estimate_min": 6.9}}, {"type": "Feature", "geometry": {"type": "Point", "coordinates": [121.5684974, 25.07921316]}, "properties": {"stop_name": "仁寶大樓", "district": "內湖區", "geo_city": "臺北市", "nearest_estimate_min": 10.9}}, {"type": "Feature", "geometry": {"type": "Point", "coordinates": [121.57369162940134, 25.047613733499464]}, "properties": {"stop_name": "永吉國中", "district": "信義區", "geo_city": "臺北市", "nearest_estimate_min": -1.0}}, {"type": "Feature", "geometry": {"type": "Point", "coordinates": [121.52206662370652, 25.090555500498695]}, "properties": {"stop_name": "公教住宅", "district": "士林區", "geo_city": "臺北市", "nearest_estimate_min": 22.8}}, {"type": "Feature", "geometry": {"type": "Point", "coordinates": [121.5315442, 25.0456428]}, "properties": {"stop_name": "光華商場", "district": "中正區", "geo_city": "臺北市", "nearest_estimate_min": -1.0}}, {"type": "Feature", "geometry": {"type": "Point", "coordinates": [121.53707, 25.11807]}, "properties": {"stop_name": "天母國中", "district": "士林區", "geo_city": "臺北市", "nearest_estimate_min": 16.1}}, {"type": "Feature", "geometry": {"type": "Point", "coordinates": [121.49565, 25.01714]}, "properties": {"stop_name": "華中河濱公園", "district": "萬華區", "geo_city": "臺北市", "nearest_estimate_min": 4.4}}, {"type": "Feature", "geometry": {"type": "Point", "coordinates": [121.57011, 24.984828]}, "properties": {"stop_name": "木南公園", "district": "文山區", "geo_city": "臺北市", "nearest_estimate_min": 1.2}}, {"type": "Feature", "geometry": {"type": "Point", "coordinates": [121.51406, 25.14187]}, "properties": {"stop_name": "上北投", "district": "北投區", "geo_city": "臺北市", "nearest_estimate_min": -1.0}}, {"type": "Feature", "geometry": {"type": "Point", "coordinates": [121.53942763922, 25.038167764865]}, "properties": {"stop_name": "仁愛建國路口一", "district": "大安區", "geo_city": "臺北市", "nearest_estimate_min": 1.7}}, {"type": "Feature", "geometry": {"type": "Point", "coordinates": [121.586213, 25.012656]}, "properties": {"stop_name": "富德公墓14區", "district": "文山區", "geo_city": "臺北市", "nearest_estimate_min": -1.0}}, {"type": "Feature", "geometry": {"type": "Point", "coordinates": [121.5338761, 25.03844798]}, "properties": {"stop_name": "新生南路口", "district": "大安區", "geo_city": "臺北市", "nearest_estimate_min": 4.2}}, {"type": "Feature", "geometry": {"type": "Point", "coordinates": [121.522365, 25.15026]}, "properties": {"stop_name": "泉源3號橋", "district": "北投區", "geo_city": "臺北市", "nearest_estimate_min": -1.0}}, {"type": "Feature", "geometry": {"type": "Point", "coordinates": [121.565354, 25.123637]}, "properties": {"stop_name": "公館里關帝廟", "district": "士林區", "geo_city": "臺北市", "nearest_estimate_min": 20.4}}, {"type": "Feature", "geometry": {"type": "Point", "coordinates": [121.5185487, 25.06894017]}, "properties": {"stop_name": "民族承德路口", "district": "大同區", "geo_city": "臺北市", "nearest_estimate_min": 6.5}}, {"type": "Feature", "geometry": {"type": "Point", "coordinates": [121.578362099893, 24.9890523658557]}, "properties": {"stop_name": "指南山莊", "district": "文山區", "geo_city": "臺北市", "nearest_estimate_min": 13.8}}, {"type": "Feature", "geometry": {"type": "Point", "coordinates": [121.568193073869, 25.0307954082722]}, "properties": {"stop_name": "松平路口", "district": "信義區", "geo_city": "臺北市", "nearest_estimate_min": 1.5}}, {"type": "Feature", "geometry": {"type": "Point", "coordinates": [121.52766, 25.14028]}, "properties": {"stop_name": "行義路四", "district": "北投區", "geo_city": "臺北市", "nearest_estimate_min": 3.0}}, {"type": "Feature", "geometry": {"type": "Point", "coordinates": [121.5609564, 24.98429184]}, "properties": {"stop_name": "興隆路口(忠順)", "district": "文山區", "geo_city": "臺北市", "nearest_estimate_min": 26.4}}, {"type": "Feature", "geometry": {"type": "Point", "coordinates": [121.5603366, 25.1079774]}, "properties": {"stop_name": "翠山派出所", "district": "士林區", "geo_city": "臺北市", "nearest_estimate_min": 7.8}}, {"type": "Feature", "geometry": {"type": "Point", "coordinates": [121.54753736436147, 25.12946964750175]}, "properties": {"stop_name": "下竹林", "district": "士林區", "geo_city": "臺北市", "nearest_estimate_min": 12.3}}, {"type": "Feature", "geometry": {"type": "Point", "coordinates": [121.511897445316, 25.0755727353769]}, "properties": {"stop_name": "污水處理廠", "district": "大同區", "geo_city": "臺北市", "nearest_estimate_min": 1.8}}, {"type": "Feature", "geometry": {"type": "Point", "coordinates": [121.541715, 25.166306]}, "properties": {"stop_name": "竹子湖路7號", "district": "北投區", "geo_city": "臺北市", "nearest_estimate_min": 11.2}}, {"type": "Feature", "geometry": {"type": "Point", "coordinates": [121.58776, 25.07701]}, "properties": {"stop_name": "內湖國中", "district": "內湖區", "geo_city": "臺北市", "nearest_estimate_min": 42.0}}, {"type": "Feature", "geometry": {"type": "Point", "coordinates": [121.54926, 25.14275]}, "properties": {"stop_name": "格致大亨路口", "district": "士林區", "geo_city": "臺北市", "nearest_estimate_min": 14.9}}, {"type": "Feature", "geometry": {"type": "Point", "coordinates": [121.5588151484035, 24.983990104989015]}, "properties": {"stop_name": "忠順街", "district": "文山區", "geo_city": "臺北市", "nearest_estimate_min": 15.8}}, {"type": "Feature", "geometry": {"type": "Point", "coordinates": [121.517328, 25.063069]}, "properties": {"stop_name": "大龍街口", "district": "大同區", "geo_city": "臺北市", "nearest_estimate_min": 5.3}}, {"type": "Feature", "geometry": {"type": "Point", "coordinates": [121.530461, 25.124601]}, "properties": {"stop_name": "天母公園", "district": "士林區", "geo_city": "臺北市", "nearest_estimate_min": -1.0}}, {"type": "Feature", "geometry": {"type": "Point", "coordinates": [121.56357599974903, 25.034512868313872]}, "properties": {"stop_name": "捷運台北101/世貿站(市府)", "district": "信義區", "geo_city": "臺北市", "nearest_estimate_min": 1.5}}, {"type": "Feature", "geometry": {"type": "Point", "coordinates": [121.57482315082946, 25.060503568858945]}, "properties": {"stop_name": "新湖二路民善街口", "district": "內湖區", "geo_city": "臺北市", "nearest_estimate_min": -1.0}}, {"type": "Feature", "geometry": {"type": "Point", "coordinates": [121.543802690086, 25.0492793865955]}, "properties": {"stop_name": "芝麻大廈", "district": "中山區", "geo_city": "臺北市", "nearest_estimate_min": 1.4}}, {"type": "Feature", "geometry": {"type": "Point", "coordinates": [121.58339, 25.07667]}, "properties": {"stop_name": "文德二號公園", "district": "內湖區", "geo_city": "臺北市", "nearest_estimate_min": -1.0}}, {"type": "Feature", "geometry": {"type": "Point", "coordinates": [121.518244, 25.150036]}, "properties": {"stop_name": "十八份埔", "district": "北投區", "geo_city": "臺北市", "nearest_estimate_min": 2.5}}, {"type": "Feature", "geometry": {"type": "Point", "coordinates": [121.540591, 24.99282]}, "properties": {"stop_name": "捷運景美站", "district": "文山區", "geo_city": "臺北市", "nearest_estimate_min": 67.0}}, {"type": "Feature", "geometry": {"type": "Point", "coordinates": [121.523095139749, 25.070066233009]}, "properties": {"stop_name": "臺北市立美術館", "district": "中山區", "geo_city": "臺北市", "nearest_estimate_min": 11.9}}, {"type": "Feature", "geometry": {"type": "Point", "coordinates": [121.516564, 25.117369]}, "properties": {"stop_name": "永明派出所", "district": "北投區", "geo_city": "臺北市", "nearest_estimate_min": 0.8}}, {"type": "Feature", "geometry": {"type": "Point", "coordinates": [121.52965, 25.10813]}, "properties": {"stop_name": "德行忠誠路口", "district": "士林區", "geo_city": "臺北市", "nearest_estimate_min": 15.3}}, {"type": "Feature", "geometry": {"type": "Point", "coordinates": [121.540311649212, 25.0793999240419]}, "properties": {"stop_name": "空軍司令部", "district": "中山區", "geo_city": "臺北市", "nearest_estimate_min": 2.8}}, {"type": "Feature", "geometry": {"type": "Point", "coordinates": [121.5084, 25.05126]}, "properties": {"stop_name": "聯合醫院中興院區(西寧)", "district": "大同區", "geo_city": "臺北市", "nearest_estimate_min": -1.0}}, {"type": "Feature", "geometry": {"type": "Point", "coordinates": [121.48494894973, 25.138009138037]}, "properties": {"stop_name": "捷運復興崗站", "district": "北投區", "geo_city": "臺北市", "nearest_estimate_min": -1.0}}, {"type": "Feature", "geometry": {"type": "Point", "coordinates": [121.583807, 25.046648]}, "properties": {"stop_name": "聯合醫院忠孝院區", "district": "南港區", "geo_city": "臺北市", "nearest_estimate_min": 7.6}}, {"type": "Feature", "geometry": {"type": "Point", "coordinates": [121.5638473, 25.05481494]}, "properties": {"stop_name": "三民健康路口(西松高中)", "district": "松山區", "geo_city": "臺北市", "nearest_estimate_min": 7.2}}, {"type": "Feature", "geometry": {"type": "Point", "coordinates": [121.533435, 25.018239]}, "properties": {"stop_name": "臺大", "district": "大安區", "geo_city": "臺北市", "nearest_estimate_min": 0.7}}, {"type": "Feature", "geometry": {"type": "Point", "coordinates": [121.49841, 25.15663]}, "properties": {"stop_name": "大彎", "district": "北投區", "geo_city": "臺北市", "nearest_estimate_min": 7.6}}, {"type": "Feature", "geometry": {"type": "Point", "coordinates": [121.5448478, 25.16310508]}, "properties": {"stop_name": "陽明書屋", "district": "北投區", "geo_city": "臺北市", "nearest_estimate_min": 10.2}}, {"type": "Feature", "geometry": {"type": "Point", "coordinates": [121.51092, 25.03743]}, "properties": {"stop_name": "臺北地院", "district": "中正區", "geo_city": "臺北市", "nearest_estimate_min": 46.3}}, {"type": "Feature", "geometry": {"type": "Point", "coordinates": [121.5767074, 25.13145637]}, "properties": {"stop_name": "平等里", "district": "士林區", "geo_city": "臺北市", "nearest_estimate_min": -1.0}}, {"type": "Feature", "geometry": {"type": "Point", "coordinates": [121.580888, 25.042737]}, "properties": {"stop_name": "春光公園", "district": "信義區", "geo_city": "臺北市", "nearest_estimate_min": 10.0}}, {"type": "Feature", "geometry": {"type": "Point", "coordinates": [121.52663, 25.08697]}, "properties": {"stop_name": "銘傳大學", "district": "士林區", "geo_city": "臺北市", "nearest_estimate_min": 15.8}}, {"type": "Feature", "geometry": {"type": "Point", "coordinates": [121.51047, 25.13674]}, "properties": {"stop_name": "地熱谷", "district": "北投區", "geo_city": "臺北市", "nearest_estimate_min": -1.0}}, {"type": "Feature", "geometry": {"type": "Point", "coordinates": [121.621016, 25.039526]}, "properties": {"stop_name": "舊莊國小", "district": "南港區", "geo_city": "臺北市", "nearest_estimate_min": 23.8}}, {"type": "Feature", "geometry": {"type": "Point", "coordinates": [121.52192449073, 25.117647428703]}, "properties": {"stop_name": "振興醫院", "district": "北投區", "geo_city": "臺北市", "nearest_estimate_min": -1.0}}, {"type": "Feature", "geometry": {"type": "Point", "coordinates": [121.53164, 25.10193]}, "properties": {"stop_name": "惠濟宮", "district": "士林區", "geo_city": "臺北市", "nearest_estimate_min": 10.0}}, {"type": "Feature", "geometry": {"type": "Point", "coordinates": [121.5904127, 25.03836032]}, "properties": {"stop_name": "成福宮", "district": "南港區", "geo_city": "臺北市", "nearest_estimate_min": 45.6}}, {"type": "Feature", "geometry": {"type": "Point", "coordinates": [121.55632, 25.02506]}, "properties": {"stop_name": "黎順里", "district": "信義區", "geo_city": "臺北市", "nearest_estimate_min": -1.0}}, {"type": "Feature", "geometry": {"type": "Point", "coordinates": [121.5139733, 25.10803433]}, "properties": {"stop_name": "文林國小", "district": "北投區", "geo_city": "臺北市", "nearest_estimate_min": 12.1}}, {"type": "Feature", "geometry": {"type": "Point", "coordinates": [121.576778, 24.9968]}, "properties": {"stop_name": "貓纜動物園站", "district": "文山區", "geo_city": "臺北市", "nearest_estimate_min": 8.4}}, {"type": "Feature", "geometry": {"type": "Point", "coordinates": [121.5441875, 25.0513684]}, "properties": {"stop_name": "捷運南京復興站", "district": "松山區", "geo_city": "臺北市", "nearest_estimate_min": -1.0}}, {"type": "Feature", "geometry": {"type": "Point", "coordinates": [121.504244, 25.089298]}, "properties": {"stop_name": "永倫里(南)", "district": "士林區", "geo_city": "臺北市", "nearest_estimate_min": 33.9}}, {"type": "Feature", "geometry": {"type": "Point", "coordinates": [121.5440343, 25.06148096]}, "properties": {"stop_name": "捷運中山國中站", "district": "中山區", "geo_city": "臺北市", "nearest_estimate_min": 2.7}}, {"type": "Feature", "geometry": {"type": "Point", "coordinates": [121.568534, 25.03724]}, "properties": {"stop_name": "興雅國中", "district": "信義區", "geo_city": "臺北市", "nearest_estimate_min": 0.8}}, {"type": "Feature", "geometry": {"type": "Point", "coordinates": [121.6136264, 25.0551358]}, "properties": {"stop_name": "南港", "district": "南港區", "geo_city": "臺北市", "nearest_estimate_min": 3.5}}, {"type": "Feature", "geometry": {"type": "Point", "coordinates": [121.5143475, 25.07198581]}, "properties": {"stop_name": "酒泉重慶路口", "district": "大同區", "geo_city": "臺北市", "nearest_estimate_min": 19.0}}, {"type": "Feature", "geometry": {"type": "Point", "coordinates": [121.5373, 25.0446]}, "properties": {"stop_name": "忠泰美術館", "district": "大安區", "geo_city": "臺北市", "nearest_estimate_min": -1.0}}, {"type": "Feature", "geometry": {"type": "Point", "coordinates": [121.558862, 25.026046]}, "properties": {"stop_name": "景勤2號公園", "district": "信義區", "geo_city": "臺北市", "nearest_estimate_min": 14.6}}, {"type": "Feature", "geometry": {"type": "Point", "coordinates": [121.52282, 25.054183]}, "properties": {"stop_name": "晶華飯店", "district": "中山區", "geo_city": "臺北市", "nearest_estimate_min": -1.0}}, {"type": "Feature", "geometry": {"type": "Point", "coordinates": [121.5574, 25.03062]}, "properties": {"stop_name": "光復南路口", "district": "大安區", "geo_city": "臺北市", "nearest_estimate_min": 9.8}}, {"type": "Feature", "geometry": {"type": "Point", "coordinates": [121.530416, 25.105452]}, "properties": {"stop_name": "陽明醫院", "district": "士林區", "geo_city": "臺北市", "nearest_estimate_min": -1.0}}, {"type": "Feature", "geometry": {"type": "Point", "coordinates": [121.5384705, 25.00341174]}, "properties": {"stop_name": "武功國小(羅斯福)", "district": "文山區", "geo_city": "臺北市", "nearest_estimate_min": 1.8}}, {"type": "Feature", "geometry": {"type": "Point", "coordinates": [121.623444406143, 25.0181521125487]}, "properties": {"stop_name": "護國九天宮", "district": "南港區", "geo_city": "臺北市", "nearest_estimate_min": -1.0}}, {"type": "Feature", "geometry": {"type": "Point", "coordinates": [121.60075620256, 25.0533242413246]}, "properties": {"stop_name": "南港路二段178巷口", "district": "南港區", "geo_city": "臺北市", "nearest_estimate_min": 6.9}}, {"type": "Feature", "geometry": {"type": "Point", "coordinates": [121.5257163, 25.06130893]}, "properties": {"stop_name": "新興國中", "district": "中山區", "geo_city": "臺北市", "nearest_estimate_min": 11.4}}, {"type": "Feature", "geometry": {"type": "Point", "coordinates": [121.6188397, 25.04356116]}, "properties": {"stop_name": "胡適國小", "district": "南港區", "geo_city": "臺北市", "nearest_estimate_min": 29.4}}, {"type": "Feature", "geometry": {"type": "Point", "coordinates": [121.5695923, 25.05019804]}, "properties": {"stop_name": "基隆路口一", "district": "松山區", "geo_city": "臺北市", "nearest_estimate_min": 27.7}}, {"type": "Feature", "geometry": {"type": "Point", "coordinates": [121.510332531364, 25.0492507169836]}, "properties": {"stop_name": "捷運北門站", "district": "大同區", "geo_city": "臺北市", "nearest_estimate_min": 1.9}}, {"type": "Feature", "geometry": {"type": "Point", "coordinates": [121.577505, 25.061517]}, "properties": {"stop_name": "新湖二路舊宗路口", "district": "內湖區", "geo_city": "臺北市", "nearest_estimate_min": -1.0}}, {"type": "Feature", "geometry": {"type": "Point", "coordinates": [121.5356214, 25.04469814]}, "properties": {"stop_name": "懷生國宅", "district": "大安區", "geo_city": "臺北市", "nearest_estimate_min": -1.0}}, {"type": "Feature", "geometry": {"type": "Point", "coordinates": [121.518073, 25.091443]}, "properties": {"stop_name": "福港街", "district": "士林區", "geo_city": "臺北市", "nearest_estimate_min": -1.0}}, {"type": "Feature", "geometry": {"type": "Point", "coordinates": [121.520216, 25.069744]}, "properties": {"stop_name": "捷運圓山站", "district": "中山區", "geo_city": "臺北市", "nearest_estimate_min": 11.4}}, {"type": "Feature", "geometry": {"type": "Point", "coordinates": [121.5287092, 25.04814093]}, "properties": {"stop_name": "正守公園", "district": "中山區", "geo_city": "臺北市", "nearest_estimate_min": -1.0}}, {"type": "Feature", "geometry": {"type": "Point", "coordinates": [121.5328758, 25.04198981]}, "properties": {"stop_name": "捷運忠孝新生站", "district": "大安區", "geo_city": "臺北市", "nearest_estimate_min": 7.1}}, {"type": "Feature", "geometry": {"type": "Point", "coordinates": [121.54469305068612, 25.153887276501916]}, "properties": {"stop_name": "陽明山國家公園管理處", "district": "北投區", "geo_city": "臺北市", "nearest_estimate_min": -1.0}}, {"type": "Feature", "geometry": {"type": "Point", "coordinates": [121.508908, 25.078271]}, "properties": {"stop_name": "國道1號25Km(虛擬站不停靠)", "district": "大同區", "geo_city": "臺北市", "nearest_estimate_min": 4.4}}, {"type": "Feature", "geometry": {"type": "Point", "coordinates": [121.55999587437228, 25.07980065897969]}, "properties": {"stop_name": "濱江國中", "district": "中山區", "geo_city": "臺北市", "nearest_estimate_min": 7.5}}, {"type": "Feature", "geometry": {"type": "Point", "coordinates": [121.577906954135, 25.0450053957754]}, "properties": {"stop_name": "永吉松山路口", "district": "信義區", "geo_city": "臺北市", "nearest_estimate_min": 3.9}}, {"type": "Feature", "geometry": {"type": "Point", "coordinates": [121.56682, 25.04641]}, "properties": {"stop_name": "東興路", "district": "信義區", "geo_city": "臺北市", "nearest_estimate_min": 5.0}}, {"type": "Feature", "geometry": {"type": "Point", "coordinates": [121.502293348396, 25.0915924041245]}, "properties": {"stop_name": "永倫里(社中)", "district": "士林區", "geo_city": "臺北市", "nearest_estimate_min": -1.0}}, {"type": "Feature", "geometry": {"type": "Point", "coordinates": [121.577246475627, 25.0499755097464]}, "properties": {"stop_name": "松山車站(八德)", "district": "松山區", "geo_city": "臺北市", "nearest_estimate_min": 1.0}}, {"type": "Feature", "geometry": {"type": "Point", "coordinates": [121.5230509, 25.04241371]}, "properties": {"stop_name": "成功中學(濟南)", "district": "中正區", "geo_city": "臺北市", "nearest_estimate_min": -1.0}}, {"type": "Feature", "geometry": {"type": "Point", "coordinates": [121.542468, 25.015403]}, "properties": {"stop_name": "臺大癌醫(基隆路)", "district": "大安區", "geo_city": "臺北市", "nearest_estimate_min": 1.3}}, {"type": "Feature", "geometry": {"type": "Point", "coordinates": [121.576489, 25.113526]}, "properties": {"stop_name": "橋仔頭", "district": "士林區", "geo_city": "臺北市", "nearest_estimate_min": -1.0}}, {"type": "Feature", "geometry": {"type": "Point", "coordinates": [121.5686729036256, 24.98794462737213]}, "properties": {"stop_name": "木柵市場", "district": "文山區", "geo_city": "臺北市", "nearest_estimate_min": 4.9}}, {"type": "Feature", "geometry": {"type": "Point", "coordinates": [121.49742, 25.12909]}, "properties": {"stop_name": "大業路(大興街口)", "district": "北投區", "geo_city": "臺北市", "nearest_estimate_min": 13.3}}, {"type": "Feature", "geometry": {"type": "Point", "coordinates": [121.58389, 25.11686]}, "properties": {"stop_name": "楓林橋", "district": "士林區", "geo_city": "臺北市", "nearest_estimate_min": -1.0}}, {"type": "Feature", "geometry": {"type": "Point", "coordinates": [121.514561, 25.123178]}, "properties": {"stop_name": "陽明交大實驗大樓", "district": "北投區", "geo_city": "臺北市", "nearest_estimate_min": -1.0}}, {"type": "Feature", "geometry": {"type": "Point", "coordinates": [121.542377053436, 25.0014489083498]}, "properties": {"stop_name": "景明街口", "district": "文山區", "geo_city": "臺北市", "nearest_estimate_min": 1.5}}, {"type": "Feature", "geometry": {"type": "Point", "coordinates": [121.557681, 24.999051]}, "properties": {"stop_name": "捷運萬芳醫院站", "district": "文山區", "geo_city": "臺北市", "nearest_estimate_min": 10.9}}, {"type": "Feature", "geometry": {"type": "Point", "coordinates": [121.516528, 25.024804]}, "properties": {"stop_name": "重慶南路三段(中正橋)", "district": "中正區", "geo_city": "臺北市", "nearest_estimate_min": 2.3}}, {"type": "Feature", "geometry": {"type": "Point", "coordinates": [121.525683877315, 25.1039067740372]}, "properties": {"stop_name": "忠誠公園", "district": "士林區", "geo_city": "臺北市", "nearest_estimate_min": 33.1}}, {"type": "Feature", "geometry": {"type": "Point", "coordinates": [121.57808, 25.08352]}, "properties": {"stop_name": "麗山高中(港墘)", "district": "內湖區", "geo_city": "臺北市", "nearest_estimate_min": 3.2}}, {"type": "Feature", "geometry": {"type": "Point", "coordinates": [121.533303, 25.124111]}, "properties": {"stop_name": "天母圖書館", "district": "士林區", "geo_city": "臺北市", "nearest_estimate_min": -1.0}}, {"type": "Feature", "geometry": {"type": "Point", "coordinates": [121.56213, 25.07049]}, "properties": {"stop_name": "上塔悠", "district": "松山區", "geo_city": "臺北市", "nearest_estimate_min": -1.0}}, {"type": "Feature", "geometry": {"type": "Point", "coordinates": [121.557351832521, 25.105217442275]}, "properties": {"stop_name": "雙溪別墅", "district": "士林區", "geo_city": "臺北市", "nearest_estimate_min": 3.5}}, {"type": "Feature", "geometry": {"type": "Point", "coordinates": [121.5694381, 24.99884269]}, "properties": {"stop_name": "捷運萬芳社區站", "district": "文山區", "geo_city": "臺北市", "nearest_estimate_min": 9.0}}, {"type": "Feature", "geometry": {"type": "Point", "coordinates": [121.5953918, 24.96880012]}, "properties": {"stop_name": "貓空壺穴站", "district": "文山區", "geo_city": "臺北市", "nearest_estimate_min": 7.9}}, {"type": "Feature", "geometry": {"type": "Point", "coordinates": [121.5362497, 25.0030442]}, "properties": {"stop_name": "市立圖書館(景美分館)", "district": "文山區", "geo_city": "臺北市", "nearest_estimate_min": -1.0}}, {"type": "Feature", "geometry": {"type": "Point", "coordinates": [121.58784, 25.07696]}, "properties": {"stop_name": "內湖國中", "district": "內湖區", "geo_city": "臺北市", "nearest_estimate_min": 27.6}}, {"type": "Feature", "geometry": {"type": "Point", "coordinates": [121.61341548745, 25.077014045415]}, "properties": {"stop_name": "康寧天闊站", "district": "內湖區", "geo_city": "臺北市", "nearest_estimate_min": -1.0}}, {"type": "Feature", "geometry": {"type": "Point", "coordinates": [121.51751, 25.026752]}, "properties": {"stop_name": "和平西路一段", "district": "中正區", "geo_city": "臺北市", "nearest_estimate_min": 0.9}}, {"type": "Feature", "geometry": {"type": "Point", "coordinates": [121.554868, 24.98809]}, "properties": {"stop_name": "永建國小", "district": "文山區", "geo_city": "臺北市", "nearest_estimate_min": 17.7}}, {"type": "Feature", "geometry": {"type": "Point", "coordinates": [121.4906879, 25.02489835]}, "properties": {"stop_name": "和德里", "district": "萬華區", "geo_city": "臺北市", "nearest_estimate_min": -1.0}}, {"type": "Feature", "geometry": {"type": "Point", "coordinates": [121.5136892, 25.07451003]}, "properties": {"stop_name": "啟聰學校", "district": "大同區", "geo_city": "臺北市", "nearest_estimate_min": 3.0}}, {"type": "Feature", "geometry": {"type": "Point", "coordinates": [121.54883, 25.05458]}, "properties": {"stop_name": "長春敦化路口", "district": "松山區", "geo_city": "臺北市", "nearest_estimate_min": 2.2}}, {"type": "Feature", "geometry": {"type": "Point", "coordinates": [121.5961301, 25.05855326]}, "properties": {"stop_name": "芬第社區", "district": "南港區", "geo_city": "臺北市", "nearest_estimate_min": -1.0}}, {"type": "Feature", "geometry": {"type": "Point", "coordinates": [121.61729, 25.04638]}, "properties": {"stop_name": "福山抽水站", "district": "南港區", "geo_city": "臺北市", "nearest_estimate_min": -1.0}}, {"type": "Feature", "geometry": {"type": "Point", "coordinates": [121.577948835559, 25.0400066129947]}, "properties": {"stop_name": "永春公寓", "district": "信義區", "geo_city": "臺北市", "nearest_estimate_min": 7.6}}, {"type": "Feature", "geometry": {"type": "Point", "coordinates": [121.5590841, 25.08004249]}, "properties": {"stop_name": "大直美堤花園一", "district": "中山區", "geo_city": "臺北市", "nearest_estimate_min": 12.6}}, {"type": "Feature", "geometry": {"type": "Point", "coordinates": [121.517135, 25.031262]}, "properties": {"stop_name": "南昌路(暫時裁撤)", "district": "中正區", "geo_city": "臺北市", "nearest_estimate_min": -1.0}}, {"type": "Feature", "geometry": {"type": "Point", "coordinates": [121.522688737242, 25.0429245302607]}, "properties": {"stop_name": "成功中學(林森)", "district": "中正區", "geo_city": "臺北市", "nearest_estimate_min": 1.9}}, {"type": "Feature", "geometry": {"type": "Point", "coordinates": [121.56247819644113, 24.989024145656842]}, "properties": {"stop_name": "文山一分局", "district": "文山區", "geo_city": "臺北市", "nearest_estimate_min": 8.2}}, {"type": "Feature", "geometry": {"type": "Point", "coordinates": [121.53478, 25.02639]}, "properties": {"stop_name": "和平新生路口", "district": "大安區", "geo_city": "臺北市", "nearest_estimate_min": 4.4}}, {"type": "Feature", "geometry": {"type": "Point", "coordinates": [121.5865086, 25.04379262]}, "properties": {"stop_name": "香檳新村", "district": "南港區", "geo_city": "臺北市", "nearest_estimate_min": 9.0}}, {"type": "Feature", "geometry": {"type": "Point", "coordinates": [121.524279381093, 25.0959118891448]}, "properties": {"stop_name": "士林", "district": "士林區", "geo_city": "臺北市", "nearest_estimate_min": 1.8}}, {"type": "Feature", "geometry": {"type": "Point", "coordinates": [121.52923, 25.07095]}, "properties": {"stop_name": "林安泰古厝", "district": "中山區", "geo_city": "臺北市", "nearest_estimate_min": -1.0}}, {"type": "Feature", "geometry": {"type": "Point", "coordinates": [121.5366797, 25.06076578]}, "properties": {"stop_name": "建國錦州街口", "district": "中山區", "geo_city": "臺北市", "nearest_estimate_min": -1.0}}, {"type": "Feature", "geometry": {"type": "Point", "coordinates": [121.526353, 25.028663]}, "properties": {"stop_name": "金山潮州街口", "district": "大安區", "geo_city": "臺北市", "nearest_estimate_min": 23.4}}, {"type": "Feature", "geometry": {"type": "Point", "coordinates": [121.52227, 25.08804]}, "properties": {"stop_name": "大南路口", "district": "士林區", "geo_city": "臺北市", "nearest_estimate_min": 14.8}}, {"type": "Feature", "geometry": {"type": "Point", "coordinates": [121.503568, 25.117433]}, "properties": {"stop_name": "立農國小", "district": "北投區", "geo_city": "臺北市", "nearest_estimate_min": -1.0}}, {"type": "Feature", "geometry": {"type": "Point", "coordinates": [121.5736717, 25.12496147]}, "properties": {"stop_name": "我家花園", "district": "士林區", "geo_city": "臺北市", "nearest_estimate_min": -1.0}}, {"type": "Feature", "geometry": {"type": "Point", "coordinates": [121.570144, 25.00233381]}, "properties": {"stop_name": "萬芳社區", "district": "文山區", "geo_city": "臺北市", "nearest_estimate_min": 33.3}}, {"type": "Feature", "geometry": {"type": "Point", "coordinates": [121.53346, 25.03087]}, "properties": {"stop_name": "金華新生路口", "district": "大安區", "geo_city": "臺北市", "nearest_estimate_min": 2.9}}, {"type": "Feature", "geometry": {"type": "Point", "coordinates": [121.56127, 25.031446]}, "properties": {"stop_name": "世貿中心(莊敬)", "district": "信義區", "geo_city": "臺北市", "nearest_estimate_min": 1.9}}, {"type": "Feature", "geometry": {"type": "Point", "coordinates": [121.5578044, 25.01926083]}, "properties": {"stop_name": "黎忠市場", "district": "大安區", "geo_city": "臺北市", "nearest_estimate_min": 6.5}}, {"type": "Feature", "geometry": {"type": "Point", "coordinates": [121.5854194, 25.05722486]}, "properties": {"stop_name": "新明路", "district": "內湖區", "geo_city": "臺北市", "nearest_estimate_min": -1.0}}, {"type": "Feature", "geometry": {"type": "Point", "coordinates": [121.540923, 25.021046]}, "properties": {"stop_name": "臺大計資中心", "district": "大安區", "geo_city": "臺北市", "nearest_estimate_min": -1.0}}, {"type": "Feature", "geometry": {"type": "Point", "coordinates": [121.4958, 25.1042]}, "properties": {"stop_name": "工業區", "district": "士林區", "geo_city": "臺北市", "nearest_estimate_min": -1.0}}, {"type": "Feature", "geometry": {"type": "Point", "coordinates": [121.5142108, 25.09300599]}, "properties": {"stop_name": "士林監理站", "district": "士林區", "geo_city": "臺北市", "nearest_estimate_min": -1.0}}, {"type": "Feature", "geometry": {"type": "Point", "coordinates": [121.505441, 25.1549]}, "properties": {"stop_name": "茄苳樹下", "district": "北投區", "geo_city": "臺北市", "nearest_estimate_min": -1.0}}, {"type": "Feature", "geometry": {"type": "Point", "coordinates": [121.554455, 25.130167]}, "properties": {"stop_name": "新安路七", "district": "士林區", "geo_city": "臺北市", "nearest_estimate_min": -1.0}}, {"type": "Feature", "geometry": {"type": "Point", "coordinates": [121.52465, 25.14917]}, "properties": {"stop_name": "泉源國小", "district": "北投區", "geo_city": "臺北市", "nearest_estimate_min": -1.0}}, {"type": "Feature", "geometry": {"type": "Point", "coordinates": [121.5227594, 25.12021257]}, "properties": {"stop_name": "榮光新村(榮總東院)", "district": "北投區", "geo_city": "臺北市", "nearest_estimate_min": 22.6}}, {"type": "Feature", "geometry": {"type": "Point", "coordinates": [121.537013, 25.072723]}, "properties": {"stop_name": "大佳國小", "district": "中山區", "geo_city": "臺北市", "nearest_estimate_min": -1.0}}, {"type": "Feature", "geometry": {"type": "Point", "coordinates": [121.550307886322, 25.0009702685655]}, "properties": {"stop_name": "興德國小", "district": "文山區", "geo_city": "臺北市", "nearest_estimate_min": 2.8}}, {"type": "Feature", "geometry": {"type": "Point", "coordinates": [121.55293378688096, 25.11993179445477]}, "properties": {"stop_name": "明德新村", "district": "士林區", "geo_city": "臺北市", "nearest_estimate_min": 0.7}}, {"type": "Feature", "geometry": {"type": "Point", "coordinates": [121.570722800802, 24.9871941238226]}, "properties": {"stop_name": "指南路口", "district": "文山區", "geo_city": "臺北市", "nearest_estimate_min": 2.6}}, {"type": "Feature", "geometry": {"type": "Point", "coordinates": [121.552849, 25.033223]}, "properties": {"stop_name": "捷運信義安和站(信義)", "district": "大安區", "geo_city": "臺北市", "nearest_estimate_min": 6.1}}, {"type": "Feature", "geometry": {"type": "Point", "coordinates": [121.58649239370985, 25.088502189264172]}, "properties": {"stop_name": "金龍寺", "district": "內湖區", "geo_city": "臺北市", "nearest_estimate_min": 2.7}}, {"type": "Feature", "geometry": {"type": "Point", "coordinates": [121.5329812, 25.05228153]}, "properties": {"stop_name": "捷運松江南京站", "district": "中山區", "geo_city": "臺北市", "nearest_estimate_min": 12.7}}, {"type": "Feature", "geometry": {"type": "Point", "coordinates": [121.5872289, 25.05293617]}, "properties": {"stop_name": "南港路三段", "district": "南港區", "geo_city": "臺北市", "nearest_estimate_min": 2.5}}, {"type": "Feature", "geometry": {"type": "Point", "coordinates": [121.6116528, 25.06996983]}, "properties": {"stop_name": "明湖國中", "district": "內湖區", "geo_city": "臺北市", "nearest_estimate_min": 5.2}}, {"type": "Feature", "geometry": {"type": "Point", "coordinates": [121.543343, 25.03251207]}, "properties": {"stop_name": "大安高工(捷運大安站)", "district": "大安區", "geo_city": "臺北市", "nearest_estimate_min": 8.0}}, {"type": "Feature", "geometry": {"type": "Point", "coordinates": [121.569815966856, 25.0022533526966]}, "properties": {"stop_name": "萬芳社區", "district": "文山區", "geo_city": "臺北市", "nearest_estimate_min": 9.5}}, {"type": "Feature", "geometry": {"type": "Point", "coordinates": [121.5227513, 25.08106627]}, "properties": {"stop_name": "劍潭國小", "district": "士林區", "geo_city": "臺北市", "nearest_estimate_min": 11.6}}, {"type": "Feature", "geometry": {"type": "Point", "coordinates": [121.57789, 25.0642]}, "properties": {"stop_name": "新湖行忠路口", "district": "內湖區", "geo_city": "臺北市", "nearest_estimate_min": 24.3}}, {"type": "Feature", "geometry": {"type": "Point", "coordinates": [121.502118, 25.03827637]}, "properties": {"stop_name": "老松國小", "district": "萬華區", "geo_city": "臺北市", "nearest_estimate_min": 60.8}}, {"type": "Feature", "geometry": {"type": "Point", "coordinates": [121.519331, 25.085362]}, "properties": {"stop_name": "百齡里", "district": "士林區", "geo_city": "臺北市", "nearest_estimate_min": -1.0}}, {"type": "Feature", "geometry": {"type": "Point", "coordinates": [121.506346272697, 25.124355020579]}, "properties": {"stop_name": "公館華廈", "district": "北投區", "geo_city": "臺北市", "nearest_estimate_min": -1.0}}, {"type": "Feature", "geometry": {"type": "Point", "coordinates": [121.53187, 25.12262]}, "properties": {"stop_name": "農訓協會", "district": "士林區", "geo_city": "臺北市", "nearest_estimate_min": 4.3}}, {"type": "Feature", "geometry": {"type": "Point", "coordinates": [121.5316496, 25.04590665]}, "properties": {"stop_name": "光華商場", "district": "中山區", "geo_city": "臺北市", "nearest_estimate_min": 1.5}}, {"type": "Feature", "geometry": {"type": "Point", "coordinates": [121.592734, 25.055968]}, "properties": {"stop_name": "向陽公園", "district": "南港區", "geo_city": "臺北市", "nearest_estimate_min": 22.3}}, {"type": "Feature", "geometry": {"type": "Point", "coordinates": [121.615639, 25.045074]}, "properties": {"stop_name": "中研新村", "district": "南港區", "geo_city": "臺北市", "nearest_estimate_min": 4.9}}, {"type": "Feature", "geometry": {"type": "Point", "coordinates": [121.47325, 25.13971]}, "properties": {"stop_name": "荒山劇場", "district": "北投區", "geo_city": "臺北市", "nearest_estimate_min": -1.0}}, {"type": "Feature", "geometry": {"type": "Point", "coordinates": [121.525327, 25.085353]}, "properties": {"stop_name": "捷運劍潭站(中山)", "district": "士林區", "geo_city": "臺北市", "nearest_estimate_min": 5.4}}, {"type": "Feature", "geometry": {"type": "Point", "coordinates": [121.538339957533, 25.1506392887636]}, "properties": {"stop_name": "湖底路66號", "district": "北投區", "geo_city": "臺北市", "nearest_estimate_min": 2.1}}, {"type": "Feature", "geometry": {"type": "Point", "coordinates": [121.56892, 24.999962]}, "properties": {"stop_name": "萬芳6號公園", "district": "文山區", "geo_city": "臺北市", "nearest_estimate_min": 1.4}}, {"type": "Feature", "geometry": {"type": "Point", "coordinates": [121.523591, 25.026842]}, "properties": {"stop_name": "捷運古亭站(和平)", "district": "大安區", "geo_city": "臺北市", "nearest_estimate_min": 23.7}}, {"type": "Feature", "geometry": {"type": "Point", "coordinates": [121.530273, 25.058365]}, "properties": {"stop_name": "民生東路口", "district": "中山區", "geo_city": "臺北市", "nearest_estimate_min": 41.1}}, {"type": "Feature", "geometry": {"type": "Point", "coordinates": [121.550077359064, 24.98759233313]}, "properties": {"stop_name": "考試院", "district": "文山區", "geo_city": "臺北市", "nearest_estimate_min": 2.2}}, {"type": "Feature", "geometry": {"type": "Point", "coordinates": [121.518303, 25.028563]}, "properties": {"stop_name": "聯合醫院婦幼院區", "district": "中正區", "geo_city": "臺北市", "nearest_estimate_min": 18.3}}, {"type": "Feature", "geometry": {"type": "Point", "coordinates": [121.504124469582, 25.1363484992167]}, "properties": {"stop_name": "北投公園", "district": "北投區", "geo_city": "臺北市", "nearest_estimate_min": 1.9}}, {"type": "Feature", "geometry": {"type": "Point", "coordinates": [121.5707228, 24.98719412]}, "properties": {"stop_name": "指南路口", "district": "文山區", "geo_city": "臺北市", "nearest_estimate_min": -1.0}}, {"type": "Feature", "geometry": {"type": "Point", "coordinates": [121.5184523, 25.03912915]}, "properties": {"stop_name": "仁愛中山路口", "district": "中正區", "geo_city": "臺北市", "nearest_estimate_min": 7.7}}, {"type": "Feature", "geometry": {"type": "Point", "coordinates": [121.61005754124962, 25.05937408357435]}, "properties": {"stop_name": "三重里", "district": "南港區", "geo_city": "臺北市", "nearest_estimate_min": 1.8}}, {"type": "Feature", "geometry": {"type": "Point", "coordinates": [121.55896, 25.12353]}, "properties": {"stop_name": "東方寺", "district": "士林區", "geo_city": "臺北市", "nearest_estimate_min": 9.3}}, {"type": "Feature", "geometry": {"type": "Point", "coordinates": [121.56996, 25.04115]}, "properties": {"stop_name": "消防局(忠孝)", "district": "信義區", "geo_city": "臺北市", "nearest_estimate_min": 42.9}}, {"type": "Feature", "geometry": {"type": "Point", "coordinates": [121.50307, 25.03361]}, "properties": {"stop_name": "艋舺大道", "district": "萬華區", "geo_city": "臺北市", "nearest_estimate_min": -1.0}}, {"type": "Feature", "geometry": {"type": "Point", "coordinates": [121.510875, 25.068085]}, "properties": {"stop_name": "天師宮", "district": "大同區", "geo_city": "臺北市", "nearest_estimate_min": 13.6}}, {"type": "Feature", "geometry": {"type": "Point", "coordinates": [121.57763, 25.13316]}, "properties": {"stop_name": "玉皇宮", "district": "士林區", "geo_city": "臺北市", "nearest_estimate_min": -1.0}}, {"type": "Feature", "geometry": {"type": "Point", "coordinates": [121.562097736356, 25.0370286899675]}, "properties": {"stop_name": "市議會", "district": "信義區", "geo_city": "臺北市", "nearest_estimate_min": 74.7}}, {"type": "Feature", "geometry": {"type": "Point", "coordinates": [121.58447, 25.11958]}, "properties": {"stop_name": "溪山派出所", "district": "士林區", "geo_city": "臺北市", "nearest_estimate_min": -1.0}}, {"type": "Feature", "geometry": {"type": "Point", "coordinates": [121.54502, 25.04474]}, "properties": {"stop_name": "微風廣場", "district": "大安區", "geo_city": "臺北市", "nearest_estimate_min": -1.0}}, {"type": "Feature", "geometry": {"type": "Point", "coordinates": [121.6637, 25.02739]}, "properties": {"stop_name": "茶葉製造示範場", "district": "南港區", "geo_city": "臺北市", "nearest_estimate_min": -1.0}}, {"type": "Feature", "geometry": {"type": "Point", "coordinates": [121.544346, 25.151846]}, "properties": {"stop_name": "第二接續井", "district": "北投區", "geo_city": "臺北市", "nearest_estimate_min": 5.1}}, {"type": "Feature", "geometry": {"type": "Point", "coordinates": [121.5832524, 25.04280193]}, "properties": {"stop_name": "協和祐德高中", "district": "信義區", "geo_city": "臺北市", "nearest_estimate_min": -1.0}}, {"type": "Feature", "geometry": {"type": "Point", "coordinates": [121.5273919, 25.09069989]}, "properties": {"stop_name": "台電台北北區營業處", "district": "士林區", "geo_city": "臺北市", "nearest_estimate_min": 3.7}}, {"type": "Feature", "geometry": {"type": "Point", "coordinates": [121.5870046, 25.04275161]}, "properties": {"stop_name": "玉成公園(成福)", "district": "南港區", "geo_city": "臺北市", "nearest_estimate_min": 47.3}}, {"type": "Feature", "geometry": {"type": "Point", "coordinates": [121.54648, 25.13809]}, "properties": {"stop_name": "文化大學", "district": "士林區", "geo_city": "臺北市", "nearest_estimate_min": 24.2}}, {"type": "Feature", "geometry": {"type": "Point", "coordinates": [121.591281, 25.061289]}, "properties": {"stop_name": "石潭公園(成功)", "district": "內湖區", "geo_city": "臺北市", "nearest_estimate_min": 1.3}}, {"type": "Feature", "geometry": {"type": "Point", "coordinates": [121.553215911831, 25.0378288007837]}, "properties": {"stop_name": "仁愛國泰醫院", "district": "大安區", "geo_city": "臺北市", "nearest_estimate_min": 2.0}}, {"type": "Feature", "geometry": {"type": "Point", "coordinates": [121.55202263410142, 25.11799052630939]}, "properties": {"stop_name": "陽明山國小", "district": "士林區", "geo_city": "臺北市", "nearest_estimate_min": 1.4}}, {"type": "Feature", "geometry": {"type": "Point", "coordinates": [121.53336986167852, 25.033641163337222]}, "properties": {"stop_name": "信義新生路口", "district": "大安區", "geo_city": "臺北市", "nearest_estimate_min": 1.2}}, {"type": "Feature", "geometry": {"type": "Point", "coordinates": [121.518977516403, 25.062948670718]}, "properties": {"stop_name": "捷運民權西路站", "district": "大同區", "geo_city": "臺北市", "nearest_estimate_min": 1.8}}, {"type": "Feature", "geometry": {"type": "Point", "coordinates": [121.5302915, 25.065151]}, "properties": {"stop_name": "新福里", "district": "中山區", "geo_city": "臺北市", "nearest_estimate_min": -1.0}}, {"type": "Feature", "geometry": {"type": "Point", "coordinates": [121.556522, 25.028215]}, "properties": {"stop_name": "三興國小(臨江街觀光夜市)", "district": "大安區", "geo_city": "臺北市", "nearest_estimate_min": 7.8}}, {"type": "Feature", "geometry": {"type": "Point", "coordinates": [121.558119339359, 25.0848172776379]}, "properties": {"stop_name": "美麗華", "district": "內湖區", "geo_city": "臺北市", "nearest_estimate_min": 9.2}}, {"type": "Feature", "geometry": {"type": "Point", "coordinates": [121.54048, 25.1732]}, "properties": {"stop_name": "頂湖山", "district": "北投區", "geo_city": "臺北市", "nearest_estimate_min": -1.0}}, {"type": "Feature", "geometry": {"type": "Point", "coordinates": [121.57996, 24.99857]}, "properties": {"stop_name": "捷運動物園站", "district": "文山區", "geo_city": "臺北市", "nearest_estimate_min": 1.8}}, {"type": "Feature", "geometry": {"type": "Point", "coordinates": [121.5163535, 25.04192722]}, "properties": {"stop_name": "捷運台大醫院站", "district": "中正區", "geo_city": "臺北市", "nearest_estimate_min": 3.5}}, {"type": "Feature", "geometry": {"type": "Point", "coordinates": [121.587935, 25.010783]}, "properties": {"stop_name": "富德公墓20區", "district": "文山區", "geo_city": "臺北市", "nearest_estimate_min": -1.0}}, {"type": "Feature", "geometry": {"type": "Point", "coordinates": [121.520135, 25.119738]}, "properties": {"stop_name": "榮總院區", "district": "北投區", "geo_city": "臺北市", "nearest_estimate_min": -1.0}}, {"type": "Feature", "geometry": {"type": "Point", "coordinates": [121.50367, 25.041536]}, "properties": {"stop_name": "臺北護理健康大學", "district": "萬華區", "geo_city": "臺北市", "nearest_estimate_min": 41.1}}, {"type": "Feature", "geometry": {"type": "Point", "coordinates": [121.6048, 25.08288733]}, "properties": {"stop_name": "大湖公園", "district": "內湖區", "geo_city": "臺北市", "nearest_estimate_min": 7.7}}, {"type": "Feature", "geometry": {"type": "Point", "coordinates": [121.5734895, 25.12505137]}, "properties": {"stop_name": "我家花園", "district": "士林區", "geo_city": "臺北市", "nearest_estimate_min": -1.0}}, {"type": "Feature", "geometry": {"type": "Point", "coordinates": [121.493340521386, 25.0341141458286]}, "properties": {"stop_name": "華江派出所", "district": "萬華區", "geo_city": "臺北市", "nearest_estimate_min": -1.0}}, {"type": "Feature", "geometry": {"type": "Point", "coordinates": [121.54359, 25.029]}, "properties": {"stop_name": "開平餐飲學校", "district": "大安區", "geo_city": "臺北市", "nearest_estimate_min": 7.5}}, {"type": "Feature", "geometry": {"type": "Point", "coordinates": [121.5262961, 25.1070703]}, "properties": {"stop_name": "石油新村", "district": "士林區", "geo_city": "臺北市", "nearest_estimate_min": 16.0}}, {"type": "Feature", "geometry": {"type": "Point", "coordinates": [121.589939880159, 25.0796177267452]}, "properties": {"stop_name": "成功路三段", "district": "內湖區", "geo_city": "臺北市", "nearest_estimate_min": 1.1}}, {"type": "Feature", "geometry": {"type": "Point", "coordinates": [121.497441758086, 25.094151501983]}, "properties": {"stop_name": "普濟堂", "district": "士林區", "geo_city": "臺北市", "nearest_estimate_min": 30.9}}, {"type": "Feature", "geometry": {"type": "Point", "coordinates": [121.511851, 25.0293]}, "properties": {"stop_name": "龍口市場", "district": "中正區", "geo_city": "臺北市", "nearest_estimate_min": -1.0}}, {"type": "Feature", "geometry": {"type": "Point", "coordinates": [121.56877, 25.11873]}, "properties": {"stop_name": "半嶺", "district": "士林區", "geo_city": "臺北市", "nearest_estimate_min": -1.0}}, {"type": "Feature", "geometry": {"type": "Point", "coordinates": [121.577205, 25.063161]}, "properties": {"stop_name": "新湖三路口(台北花市)", "district": "內湖區", "geo_city": "臺北市", "nearest_estimate_min": 4.9}}, {"type": "Feature", "geometry": {"type": "Point", "coordinates": [121.5876992, 24.98715168]}, "properties": {"stop_name": "棲霞山莊", "district": "文山區", "geo_city": "臺北市", "nearest_estimate_min": 9.5}}, {"type": "Feature", "geometry": {"type": "Point", "coordinates": [121.5047689, 25.09227372]}, "properties": {"stop_name": "永平街口", "district": "士林區", "geo_city": "臺北市", "nearest_estimate_min": -1.0}}, {"type": "Feature", "geometry": {"type": "Point", "coordinates": [121.52415752169912, 25.102215676833303]}, "properties": {"stop_name": "捷運芝山站(福國)", "district": "士林區", "geo_city": "臺北市", "nearest_estimate_min": 82.3}}, {"type": "Feature", "geometry": {"type": "Point", "coordinates": [121.54075736926794, 24.99234145800376]}, "properties": {"stop_name": "捷運景美站", "district": "文山區", "geo_city": "臺北市", "nearest_estimate_min": 12.1}}, {"type": "Feature", "geometry": {"type": "Point", "coordinates": [121.5924824, 25.0838005]}, "properties": {"stop_name": "碧湖國小", "district": "內湖區", "geo_city": "臺北市", "nearest_estimate_min": 5.7}}, {"type": "Feature", "geometry": {"type": "Point", "coordinates": [121.50712, 25.0253]}, "properties": {"stop_name": "青年公園(國興)", "district": "萬華區", "geo_city": "臺北市", "nearest_estimate_min": 29.2}}, {"type": "Feature", "geometry": {"type": "Point", "coordinates": [121.56747, 25.14083]}, "properties": {"stop_name": "菁山里三", "district": "士林區", "geo_city": "臺北市", "nearest_estimate_min": -1.0}}, {"type": "Feature", "geometry": {"type": "Point", "coordinates": [121.5090487, 25.05638868]}, "properties": {"stop_name": "民生西寧路口", "district": "大同區", "geo_city": "臺北市", "nearest_estimate_min": -1.0}}, {"type": "Feature", "geometry": {"type": "Point", "coordinates": [121.613597939232, 25.0551240859182]}, "properties": {"stop_name": "南港", "district": "南港區", "geo_city": "臺北市", "nearest_estimate_min": 1.2}}, {"type": "Feature", "geometry": {"type": "Point", "coordinates": [121.530068, 25.049486]}, "properties": {"stop_name": "長安國小(吉林)", "district": "中山區", "geo_city": "臺北市", "nearest_estimate_min": 10.1}}, {"type": "Feature", "geometry": {"type": "Point", "coordinates": [121.50979, 25.14181]}, "properties": {"stop_name": "義方國小", "district": "北投區", "geo_city": "臺北市", "nearest_estimate_min": -1.0}}, {"type": "Feature", "geometry": {"type": "Point", "coordinates": [121.6197158, 25.056329]}, "properties": {"stop_name": "捷運南港展覽館站(經貿一路)", "district": "南港區", "geo_city": "臺北市", "nearest_estimate_min": -1.0}}, {"type": "Feature", "geometry": {"type": "Point", "coordinates": [121.56796, 25.11869]}, "properties": {"stop_name": "半嶺一", "district": "士林區", "geo_city": "臺北市", "nearest_estimate_min": -1.0}}, {"type": "Feature", "geometry": {"type": "Point", "coordinates": [121.47134411808496, 25.13473639997184]}, "properties": {"stop_name": "北藝大圖書館", "district": "北投區", "geo_city": "臺北市", "nearest_estimate_min": -1.0}}, {"type": "Feature", "geometry": {"type": "Point", "coordinates": [121.5778445, 25.05477272]}, "properties": {"stop_name": "天程企業", "district": "內湖區", "geo_city": "臺北市", "nearest_estimate_min": -1.0}}, {"type": "Feature", "geometry": {"type": "Point", "coordinates": [121.606012, 25.052323]}, "properties": {"stop_name": "南港轉運站", "district": "南港區", "geo_city": "臺北市", "nearest_estimate_min": -1.0}}, {"type": "Feature", "geometry": {"type": "Point", "coordinates": [121.5199738, 25.06919565]}, "properties": {"stop_name": "捷運圓山站", "district": "中山區", "geo_city": "臺北市", "nearest_estimate_min": 29.9}}, {"type": "Feature", "geometry": {"type": "Point", "coordinates": [121.56459847127361, 25.033242055020047]}, "properties": {"stop_name": "捷運台北101/世貿站(信義)", "district": "信義區", "geo_city": "臺北市", "nearest_estimate_min": -1.0}}, {"type": "Feature", "geometry": {"type": "Point", "coordinates": [121.52614, 25.1246]}, "properties": {"stop_name": "福德廟(行義)", "district": "北投區", "geo_city": "臺北市", "nearest_estimate_min": 7.8}}, {"type": "Feature", "geometry": {"type": "Point", "coordinates": [121.516366480061, 25.1172201622833]}, "properties": {"stop_name": "永明派出所", "district": "北投區", "geo_city": "臺北市", "nearest_estimate_min": 6.9}}, {"type": "Feature", "geometry": {"type": "Point", "coordinates": [121.5921075, 25.05408309]}, "properties": {"stop_name": "玉成國小", "district": "南港區", "geo_city": "臺北市", "nearest_estimate_min": 3.6}}, {"type": "Feature", "geometry": {"type": "Point", "coordinates": [121.536034, 25.01146]}, "properties": {"stop_name": "寶藏巖", "district": "中正區", "geo_city": "臺北市", "nearest_estimate_min": -1.0}}, {"type": "Feature", "geometry": {"type": "Point", "coordinates": [121.5650733, 25.00736182]}, "properties": {"stop_name": "世界山莊(和平)", "district": "文山區", "geo_city": "臺北市", "nearest_estimate_min": -1.0}}, {"type": "Feature", "geometry": {"type": "Point", "coordinates": [121.519396, 25.093132]}, "properties": {"stop_name": "士林區行政中心(中正)", "district": "士林區", "geo_city": "臺北市", "nearest_estimate_min": 3.8}}, {"type": "Feature", "geometry": {"type": "Point", "coordinates": [121.54255, 25.07949]}, "properties": {"stop_name": "大直高中", "district": "中山區", "geo_city": "臺北市", "nearest_estimate_min": 3.5}}, {"type": "Feature", "geometry": {"type": "Point", "coordinates": [121.5224722, 25.0642887]}, "properties": {"stop_name": "大同公司(晴光市場)", "district": "中山區", "geo_city": "臺北市", "nearest_estimate_min": 5.7}}, {"type": "Feature", "geometry": {"type": "Point", "coordinates": [121.5276297, 25.0650407]}, "properties": {"stop_name": "稻江護校", "district": "中山區", "geo_city": "臺北市", "nearest_estimate_min": 0.7}}, {"type": "Feature", "geometry": {"type": "Point", "coordinates": [121.4987728, 25.03418554]}, "properties": {"stop_name": "大理服飾", "district": "萬華區", "geo_city": "臺北市", "nearest_estimate_min": 10.1}}, {"type": "Feature", "geometry": {"type": "Point", "coordinates": [121.6242927, 25.03224587]}, "properties": {"stop_name": "山豬窟游泳池", "district": "南港區", "geo_city": "臺北市", "nearest_estimate_min": -1.0}}, {"type": "Feature", "geometry": {"type": "Point", "coordinates": [121.5177634, 25.08731858]}, "properties": {"stop_name": "百齡國小", "district": "士林區", "geo_city": "臺北市", "nearest_estimate_min": -1.0}}, {"type": "Feature", "geometry": {"type": "Point", "coordinates": [121.504482054692, 25.1004994023069]}, "properties": {"stop_name": "福美站", "district": "北投區", "geo_city": "臺北市", "nearest_estimate_min": 19.2}}, {"type": "Feature", "geometry": {"type": "Point", "coordinates": [121.5306212, 25.06487895]}, "properties": {"stop_name": "農安街吉林路口", "district": "中山區", "geo_city": "臺北市", "nearest_estimate_min": -1.0}}, {"type": "Feature", "geometry": {"type": "Point", "coordinates": [121.50026027816166, 25.025052181005517]}, "properties": {"stop_name": "德昌街口", "district": "萬華區", "geo_city": "臺北市", "nearest_estimate_min": 5.3}}, {"type": "Feature", "geometry": {"type": "Point", "coordinates": [121.533371, 25.14808]}, "properties": {"stop_name": "紗帽橋", "district": "北投區", "geo_city": "臺北市", "nearest_estimate_min": -1.0}}, {"type": "Feature", "geometry": {"type": "Point", "coordinates": [121.53409, 25.06471]}, "properties": {"stop_name": "中山區公所", "district": "中山區", "geo_city": "臺北市", "nearest_estimate_min": -1.0}}, {"type": "Feature", "geometry": {"type": "Point", "coordinates": [121.568378960175, 25.002391659383]}, "properties": {"stop_name": "萬芳活動中心", "district": "文山區", "geo_city": "臺北市", "nearest_estimate_min": 9.2}}, {"type": "Feature", "geometry": {"type": "Point", "coordinates": [121.591015, 25.061041]}, "properties": {"stop_name": "石潭公園(成功)", "district": "內湖區", "geo_city": "臺北市", "nearest_estimate_min": 6.4}}, {"type": "Feature", "geometry": {"type": "Point", "coordinates": [121.55728, 25.03754]}, "properties": {"stop_name": "仁愛光復路口", "district": "大安區", "geo_city": "臺北市", "nearest_estimate_min": 20.6}}, {"type": "Feature", "geometry": {"type": "Point", "coordinates": [121.52848, 25.02307]}, "properties": {"stop_name": "師大路", "district": "大安區", "geo_city": "臺北市", "nearest_estimate_min": 16.6}}, {"type": "Feature", "geometry": {"type": "Point", "coordinates": [121.56501, 25.01229]}, "properties": {"stop_name": "黎安里", "district": "信義區", "geo_city": "臺北市", "nearest_estimate_min": -1.0}}, {"type": "Feature", "geometry": {"type": "Point", "coordinates": [121.532997019655, 25.0482736559236]}, "properties": {"stop_name": "長安松江路口", "district": "中山區", "geo_city": "臺北市", "nearest_estimate_min": 10.1}}, {"type": "Feature", "geometry": {"type": "Point", "coordinates": [121.534212, 25.142646]}, "properties": {"stop_name": "大埔一", "district": "北投區", "geo_city": "臺北市", "nearest_estimate_min": -1.0}}, {"type": "Feature", "geometry": {"type": "Point", "coordinates": [121.551902, 25.019682]}, "properties": {"stop_name": "黎明社教中心", "district": "大安區", "geo_city": "臺北市", "nearest_estimate_min": -1.0}}, {"type": "Feature", "geometry": {"type": "Point", "coordinates": [121.5820702, 25.05473551]}, "properties": {"stop_name": "成美幼稚園", "district": "內湖區", "geo_city": "臺北市", "nearest_estimate_min": -1.0}}, {"type": "Feature", "geometry": {"type": "Point", "coordinates": [121.580964, 25.037055]}, "properties": {"stop_name": "松友新村", "district": "信義區", "geo_city": "臺北市", "nearest_estimate_min": 4.5}}, {"type": "Feature", "geometry": {"type": "Point", "coordinates": [121.56118, 25.037543]}, "properties": {"stop_name": "國父紀念館", "district": "信義區", "geo_city": "臺北市", "nearest_estimate_min": 22.0}}, {"type": "Feature", "geometry": {"type": "Point", "coordinates": [121.527588, 25.125905]}, "properties": {"stop_name": "磺溪", "district": "北投區", "geo_city": "臺北市", "nearest_estimate_min": 7.4}}, {"type": "Feature", "geometry": {"type": "Point", "coordinates": [121.47886, 25.10581]}, "properties": {"stop_name": "下溪沙尾", "district": "士林區", "geo_city": "臺北市", "nearest_estimate_min": 25.1}}, {"type": "Feature", "geometry": {"type": "Point", "coordinates": [121.574493, 25.035829]}, "properties": {"stop_name": "信義松德路口", "district": "信義區", "geo_city": "臺北市", "nearest_estimate_min": -1.0}}, {"type": "Feature", "geometry": {"type": "Point", "coordinates": [121.5471173, 25.13808703]}, "properties": {"stop_name": "山仔后", "district": "士林區", "geo_city": "臺北市", "nearest_estimate_min": -1.0}}, {"type": "Feature", "geometry": {"type": "Point", "coordinates": [121.5115542, 25.07205633]}, "properties": {"stop_name": "老師里", "district": "大同區", "geo_city": "臺北市", "nearest_estimate_min": -1.0}}, {"type": "Feature", "geometry": {"type": "Point", "coordinates": [121.513879, 25.046027]}, "properties": {"stop_name": "臺北車站(開封)", "district": "中正區", "geo_city": "臺北市", "nearest_estimate_min": 4.0}}, {"type": "Feature", "geometry": {"type": "Point", "coordinates": [121.538022, 25.151495]}, "properties": {"stop_name": "六窟一", "district": "北投區", "geo_city": "臺北市", "nearest_estimate_min": 2.3}}, {"type": "Feature", "geometry": {"type": "Point", "coordinates": [121.51145502265425, 25.035878170399293]}, "properties": {"stop_name": "臺北法院", "district": "中正區", "geo_city": "臺北市", "nearest_estimate_min": 32.0}}, {"type": "Feature", "geometry": {"type": "Point", "coordinates": [121.6239114, 25.08560205]}, "properties": {"stop_name": "奇頭", "district": "內湖區", "geo_city": "臺北市", "nearest_estimate_min": -1.0}}, {"type": "Feature", "geometry": {"type": "Point", "coordinates": [121.5949014, 25.10370701]}, "properties": {"stop_name": "石崁", "district": "內湖區", "geo_city": "臺北市", "nearest_estimate_min": -1.0}}, {"type": "Feature", "geometry": {"type": "Point", "coordinates": [121.578399, 25.137655]}, "properties": {"stop_name": "平菁街93巷", "district": "士林區", "geo_city": "臺北市", "nearest_estimate_min": -1.0}}, {"type": "Feature", "geometry": {"type": "Point", "coordinates": [121.5597219, 24.98937794]}, "properties": {"stop_name": "馬明潭(再興中學)", "district": "文山區", "geo_city": "臺北市", "nearest_estimate_min": 6.1}}, {"type": "Feature", "geometry": {"type": "Point", "coordinates": [121.54344864006195, 25.03567752276149]}, "properties": {"stop_name": "東豐復興路口", "district": "大安區", "geo_city": "臺北市", "nearest_estimate_min": 6.8}}, {"type": "Feature", "geometry": {"type": "Point", "coordinates": [121.4943587, 25.02579874]}, "properties": {"stop_name": "寶興街", "district": "萬華區", "geo_city": "臺北市", "nearest_estimate_min": -1.0}}, {"type": "Feature", "geometry": {"type": "Point", "coordinates": [121.51572629465, 25.0433393370677]}, "properties": {"stop_name": "博物館(襄陽)", "district": "中正區", "geo_city": "臺北市", "nearest_estimate_min": 2.9}}, {"type": "Feature", "geometry": {"type": "Point", "coordinates": [121.49549, 25.09914]}, "properties": {"stop_name": "許英媽廟", "district": "士林區", "geo_city": "臺北市", "nearest_estimate_min": -1.0}}, {"type": "Feature", "geometry": {"type": "Point", "coordinates": [121.530461591151, 25.0671453212593]}, "properties": {"stop_name": "吉林路底", "district": "中山區", "geo_city": "臺北市", "nearest_estimate_min": 23.7}}, {"type": "Feature", "geometry": {"type": "Point", "coordinates": [121.56738, 25.11631]}, "properties": {"stop_name": "川瀨", "district": "士林區", "geo_city": "臺北市", "nearest_estimate_min": -1.0}}, {"type": "Feature", "geometry": {"type": "Point", "coordinates": [121.5487984, 25.14914372]}, "properties": {"stop_name": "紗帽陽明路口", "district": "北投區", "geo_city": "臺北市", "nearest_estimate_min": -1.0}}, {"type": "Feature", "geometry": {"type": "Point", "coordinates": [121.566256708836, 25.0017624091424]}, "properties": {"stop_name": "萬芳派出所", "district": "文山區", "geo_city": "臺北市", "nearest_estimate_min": 8.5}}, {"type": "Feature", "geometry": {"type": "Point", "coordinates": [121.57406, 25.13507]}, "properties": {"stop_name": "陳厝", "district": "士林區", "geo_city": "臺北市", "nearest_estimate_min": -1.0}}, {"type": "Feature", "geometry": {"type": "Point", "coordinates": [121.530313, 25.15638367]}, "properties": {"stop_name": "頂湖", "district": "北投區", "geo_city": "臺北市", "nearest_estimate_min": -1.0}}, {"type": "Feature", "geometry": {"type": "Point", "coordinates": [121.5972576, 24.96603131]}, "properties": {"stop_name": "涼亭站", "district": "文山區", "geo_city": "臺北市", "nearest_estimate_min": -1.0}}, {"type": "Feature", "geometry": {"type": "Point", "coordinates": [121.56174, 25.02302]}, "properties": {"stop_name": "玄覺寺", "district": "信義區", "geo_city": "臺北市", "nearest_estimate_min": 12.3}}, {"type": "Feature", "geometry": {"type": "Point", "coordinates": [121.5995042, 25.0248352]}, "properties": {"stop_name": "麗山橋", "district": "南港區", "geo_city": "臺北市", "nearest_estimate_min": -1.0}}, {"type": "Feature", "geometry": {"type": "Point", "coordinates": [121.605894620023, 25.0557156774337]}, "properties": {"stop_name": "興華路", "district": "南港區", "geo_city": "臺北市", "nearest_estimate_min": 26.9}}, {"type": "Feature", "geometry": {"type": "Point", "coordinates": [121.50333348774862, 25.02477910385403]}, "properties": {"stop_name": "中正新城", "district": "萬華區", "geo_city": "臺北市", "nearest_estimate_min": 27.6}}, {"type": "Feature", "geometry": {"type": "Point", "coordinates": [121.576798, 25.067659]}, "properties": {"stop_name": "瑞湖街口", "district": "內湖區", "geo_city": "臺北市", "nearest_estimate_min": 16.4}}, {"type": "Feature", "geometry": {"type": "Point", "coordinates": [121.55746, 25.03031]}, "properties": {"stop_name": "光復南路口", "district": "信義區", "geo_city": "臺北市", "nearest_estimate_min": 16.6}}, {"type": "Feature", "geometry": {"type": "Point", "coordinates": [121.54296, 25.179701]}, "properties": {"stop_name": "百拉卡公路入口", "district": "北投區", "geo_city": "臺北市", "nearest_estimate_min": -1.0}}, {"type": "Feature", "geometry": {"type": "Point", "coordinates": [121.53289279443148, 25.054184898157907]}, "properties": {"stop_name": "松江長春路口", "district": "中山區", "geo_city": "臺北市", "nearest_estimate_min": 10.0}}, {"type": "Feature", "geometry": {"type": "Point", "coordinates": [121.49923722375564, 25.036339844420194]}, "properties": {"stop_name": "龍山寺(西園)", "district": "萬華區", "geo_city": "臺北市", "nearest_estimate_min": 50.1}}, {"type": "Feature", "geometry": {"type": "Point", "coordinates": [121.588088, 25.093545]}, "properties": {"stop_name": "碧霞宮", "district": "內湖區", "geo_city": "臺北市", "nearest_estimate_min": -1.0}}, {"type": "Feature", "geometry": {"type": "Point", "coordinates": [121.580149, 25.064185]}, "properties": {"stop_name": "行愛路", "district": "內湖區", "geo_city": "臺北市", "nearest_estimate_min": 23.4}}, {"type": "Feature", "geometry": {"type": "Point", "coordinates": [121.55368, 25.11927]}, "properties": {"stop_name": "新安路一", "district": "士林區", "geo_city": "臺北市", "nearest_estimate_min": -1.0}}, {"type": "Feature", "geometry": {"type": "Point", "coordinates": [121.52330153373, 25.0946048451863]}, "properties": {"stop_name": "士林國中", "district": "士林區", "geo_city": "臺北市", "nearest_estimate_min": 25.6}}, {"type": "Feature", "geometry": {"type": "Point", "coordinates": [121.542821, 25.04833589]}, "properties": {"stop_name": "長安復興路口", "district": "中山區", "geo_city": "臺北市", "nearest_estimate_min": 3.0}}, {"type": "Feature", "geometry": {"type": "Point", "coordinates": [121.5778998, 25.04195027]}, "properties": {"stop_name": "捷運永春站(松山)", "district": "信義區", "geo_city": "臺北市", "nearest_estimate_min": 2.8}}, {"type": "Feature", "geometry": {"type": "Point", "coordinates": [121.528560201223, 25.1054396312581]}, "properties": {"stop_name": "雨農國小", "district": "士林區", "geo_city": "臺北市", "nearest_estimate_min": 3.6}}, {"type": "Feature", "geometry": {"type": "Point", "coordinates": [121.58131, 25.11986]}, "properties": {"stop_name": "大豐", "district": "士林區", "geo_city": "臺北市", "nearest_estimate_min": -1.0}}, {"type": "Feature", "geometry": {"type": "Point", "coordinates": [121.555234376148, 25.0376217119559]}, "properties": {"stop_name": "仁愛延吉街口", "district": "大安區", "geo_city": "臺北市", "nearest_estimate_min": 19.7}}, {"type": "Feature", "geometry": {"type": "Point", "coordinates": [121.5262529, 25.11878529]}, "properties": {"stop_name": "天母國小", "district": "士林區", "geo_city": "臺北市", "nearest_estimate_min": -1.0}}, {"type": "Feature", "geometry": {"type": "Point", "coordinates": [121.469234896017, 25.1195786700755]}, "properties": {"stop_name": "關渡自然公園", "district": "北投區", "geo_city": "臺北市", "nearest_estimate_min": -1.0}}, {"type": "Feature", "geometry": {"type": "Point", "coordinates": [121.514591, 25.072042]}, "properties": {"stop_name": "酒泉重慶路口", "district": "大同區", "geo_city": "臺北市", "nearest_estimate_min": 3.4}}, {"type": "Feature", "geometry": {"type": "Point", "coordinates": [121.531789, 25.146038]}, "properties": {"stop_name": "水井尾", "district": "北投區", "geo_city": "臺北市", "nearest_estimate_min": -1.0}}, {"type": "Feature", "geometry": {"type": "Point", "coordinates": [121.546182, 25.078877]}, "properties": {"stop_name": "永安里", "district": "中山區", "geo_city": "臺北市", "nearest_estimate_min": -1.0}}, {"type": "Feature", "geometry": {"type": "Point", "coordinates": [121.5677603, 25.10601528]}, "properties": {"stop_name": "大崙尾山步道口", "district": "士林區", "geo_city": "臺北市", "nearest_estimate_min": -1.0}}, {"type": "Feature", "geometry": {"type": "Point", "coordinates": [121.555554, 24.980465]}, "properties": {"stop_name": "景美女中", "district": "文山區", "geo_city": "臺北市", "nearest_estimate_min": 6.4}}, {"type": "Feature", "geometry": {"type": "Point", "coordinates": [121.615625, 25.049543]}, "properties": {"stop_name": "南港水廠", "district": "南港區", "geo_city": "臺北市", "nearest_estimate_min": 0.7}}, {"type": "Feature", "geometry": {"type": "Point", "coordinates": [121.5913505957924, 24.999402832437188]}, "properties": {"stop_name": "富德", "district": "文山區", "geo_city": "臺北市", "nearest_estimate_min": 5.5}}, {"type": "Feature", "geometry": {"type": "Point", "coordinates": [121.616349, 25.04887]}, "properties": {"stop_name": "六福公園", "district": "南港區", "geo_city": "臺北市", "nearest_estimate_min": -1.0}}, {"type": "Feature", "geometry": {"type": "Point", "coordinates": [121.56821752149, 25.086349673182]}, "properties": {"stop_name": "德明財經科技大學(環山)", "district": "內湖區", "geo_city": "臺北市", "nearest_estimate_min": 5.5}}, {"type": "Feature", "geometry": {"type": "Point", "coordinates": [121.565249, 25.040991]}, "properties": {"stop_name": "捷運市政府站", "district": "信義區", "geo_city": "臺北市", "nearest_estimate_min": 5.8}}, {"type": "Feature", "geometry": {"type": "Point", "coordinates": [121.526963489882, 25.0907094764658]}, "properties": {"stop_name": "小北街", "district": "士林區", "geo_city": "臺北市", "nearest_estimate_min": 0.9}}, {"type": "Feature", "geometry": {"type": "Point", "coordinates": [121.50051, 25.03176]}, "properties": {"stop_name": "莒光路口", "district": "萬華區", "geo_city": "臺北市", "nearest_estimate_min": 7.6}}, {"type": "Feature", "geometry": {"type": "Point", "coordinates": [121.515502, 25.115911]}, "properties": {"stop_name": "綜合市場(捷運石牌站)", "district": "北投區", "geo_city": "臺北市", "nearest_estimate_min": 7.6}}, {"type": "Feature", "geometry": {"type": "Point", "coordinates": [121.58984, 25.00717]}, "properties": {"stop_name": "福德坑環保復育公園", "district": "文山區", "geo_city": "臺北市", "nearest_estimate_min": -1.0}}, {"type": "Feature", "geometry": {"type": "Point", "coordinates": [121.570259, 25.139454]}, "properties": {"stop_name": "興農橋", "district": "士林區", "geo_city": "臺北市", "nearest_estimate_min": 2.0}}, {"type": "Feature", "geometry": {"type": "Point", "coordinates": [121.5075488, 25.02762806]}, "properties": {"stop_name": "國盛國宅", "district": "中正區", "geo_city": "臺北市", "nearest_estimate_min": 4.3}}, {"type": "Feature", "geometry": {"type": "Point", "coordinates": [121.61111038525819, 25.052446715063496]}, "properties": {"stop_name": "台北生技園區", "district": "南港區", "geo_city": "臺北市", "nearest_estimate_min": 7.8}}, {"type": "Feature", "geometry": {"type": "Point", "coordinates": [121.602725808672, 25.05778835407]}, "properties": {"stop_name": "東新國小", "district": "南港區", "geo_city": "臺北市", "nearest_estimate_min": 3.6}}, {"type": "Feature", "geometry": {"type": "Point", "coordinates": [121.52445, 25.05814]}, "properties": {"stop_name": "華泰飯店", "district": "中山區", "geo_city": "臺北市", "nearest_estimate_min": -1.0}}, {"type": "Feature", "geometry": {"type": "Point", "coordinates": [121.5829419, 25.04508818]}, "properties": {"stop_name": "捷運後山埤站(玉成)", "district": "南港區", "geo_city": "臺北市", "nearest_estimate_min": 37.2}}, {"type": "Feature", "geometry": {"type": "Point", "coordinates": [121.5242636, 25.06834316]}, "properties": {"stop_name": "大同大學", "district": "中山區", "geo_city": "臺北市", "nearest_estimate_min": 32.8}}, {"type": "Feature", "geometry": {"type": "Point", "coordinates": [121.543678, 25.043556]}, "properties": {"stop_name": "瑠公圳公園", "district": "大安區", "geo_city": "臺北市", "nearest_estimate_min": -1.0}}, {"type": "Feature", "geometry": {"type": "Point", "coordinates": [121.5495602, 25.13906191]}, "properties": {"stop_name": "淨水廠", "district": "士林區", "geo_city": "臺北市", "nearest_estimate_min": -1.0}}, {"type": "Feature", "geometry": {"type": "Point", "coordinates": [121.575387, 25.128746]}, "properties": {"stop_name": "鵝尾山步道口", "district": "士林區", "geo_city": "臺北市", "nearest_estimate_min": -1.0}}, {"type": "Feature", "geometry": {"type": "Point", "coordinates": [121.565724, 25.027402]}, "properties": {"stop_name": "信義國中(莊敬)", "district": "信義區", "geo_city": "臺北市", "nearest_estimate_min": 1.2}}, {"type": "Feature", "geometry": {"type": "Point", "coordinates": [121.556904, 24.983484]}, "properties": {"stop_name": "實踐國小", "district": "文山區", "geo_city": "臺北市", "nearest_estimate_min": 15.2}}, {"type": "Feature", "geometry": {"type": "Point", "coordinates": [121.5270438, 25.09550407]}, "properties": {"stop_name": "捷運士林站(中正)", "district": "士林區", "geo_city": "臺北市", "nearest_estimate_min": 19.4}}, {"type": "Feature", "geometry": {"type": "Point", "coordinates": [121.50685, 25.1354799191939]}, "properties": {"stop_name": "溫泉奇岩路口", "district": "北投區", "geo_city": "臺北市", "nearest_estimate_min": -1.0}}, {"type": "Feature", "geometry": {"type": "Point", "coordinates": [121.6013134, 25.06328522]}, "properties": {"stop_name": "安康路", "district": "內湖區", "geo_city": "臺北市", "nearest_estimate_min": -1.0}}, {"type": "Feature", "geometry": {"type": "Point", "coordinates": [121.543591, 25.104977]}, "properties": {"stop_name": "拔子埔", "district": "士林區", "geo_city": "臺北市", "nearest_estimate_min": 4.7}}, {"type": "Feature", "geometry": {"type": "Point", "coordinates": [121.5277039, 25.10740411]}, "properties": {"stop_name": "忠義新城", "district": "士林區", "geo_city": "臺北市", "nearest_estimate_min": 14.6}}, {"type": "Feature", "geometry": {"type": "Point", "coordinates": [121.5311997, 25.04289823]}, "properties": {"stop_name": "忠孝國小", "district": "中正區", "geo_city": "臺北市", "nearest_estimate_min": 10.1}}, {"type": "Feature", "geometry": {"type": "Point", "coordinates": [121.5073666, 25.03821366]}, "properties": {"stop_name": "小南門", "district": "中正區", "geo_city": "臺北市", "nearest_estimate_min": 5.2}}, {"type": "Feature", "geometry": {"type": "Point", "coordinates": [121.589252, 25.012298]}, "properties": {"stop_name": "富德公墓28區", "district": "文山區", "geo_city": "臺北市", "nearest_estimate_min": -1.0}}, {"type": "Feature", "geometry": {"type": "Point", "coordinates": [121.531467, 25.105943]}, "properties": {"stop_name": "聯合醫院陽明院區", "district": "士林區", "geo_city": "臺北市", "nearest_estimate_min": 19.7}}, {"type": "Feature", "geometry": {"type": "Point", "coordinates": [121.4751063, 25.1329237]}, "properties": {"stop_name": "中央北路", "district": "北投區", "geo_city": "臺北市", "nearest_estimate_min": -1.0}}, {"type": "Feature", "geometry": {"type": "Point", "coordinates": [121.5132091, 25.08159839]}, "properties": {"stop_name": "士林簡易庭", "district": "士林區", "geo_city": "臺北市", "nearest_estimate_min": 1.3}}, {"type": "Feature", "geometry": {"type": "Point", "coordinates": [121.51846, 25.06357]}, "properties": {"stop_name": "防癆協會", "district": "大同區", "geo_city": "臺北市", "nearest_estimate_min": 4.9}}, {"type": "Feature", "geometry": {"type": "Point", "coordinates": [121.57643, 25.01644]}, "properties": {"stop_name": "網球場", "district": "信義區", "geo_city": "臺北市", "nearest_estimate_min": 12.7}}, {"type": "Feature", "geometry": {"type": "Point", "coordinates": [121.62288, 25.07715]}, "properties": {"stop_name": "康湖隧道口(白馬山莊)", "district": "內湖區", "geo_city": "臺北市", "nearest_estimate_min": 1.6}}, {"type": "Feature", "geometry": {"type": "Point", "coordinates": [121.54947, 25.07742]}, "properties": {"stop_name": "明水路三", "district": "中山區", "geo_city": "臺北市", "nearest_estimate_min": -1.0}}, {"type": "Feature", "geometry": {"type": "Point", "coordinates": [121.56435, 25.00564]}, "properties": {"stop_name": "世界山莊", "district": "文山區", "geo_city": "臺北市", "nearest_estimate_min": -1.0}}, {"type": "Feature", "geometry": {"type": "Point", "coordinates": [121.508727083955, 25.1127066443373]}, "properties": {"stop_name": "承德路七段", "district": "北投區", "geo_city": "臺北市", "nearest_estimate_min": -1.0}}, {"type": "Feature", "geometry": {"type": "Point", "coordinates": [121.50003982457, 25.140779616914]}, "properties": {"stop_name": "復興中學", "district": "北投區", "geo_city": "臺北市", "nearest_estimate_min": 3.7}}, {"type": "Feature", "geometry": {"type": "Point", "coordinates": [121.553833, 24.99956]}, "properties": {"stop_name": "中國科技大學(辛亥)", "district": "文山區", "geo_city": "臺北市", "nearest_estimate_min": 6.9}}, {"type": "Feature", "geometry": {"type": "Point", "coordinates": [121.54379, 25.13847]}, "properties": {"stop_name": "陽明天主堂", "district": "士林區", "geo_city": "臺北市", "nearest_estimate_min": 23.4}}, {"type": "Feature", "geometry": {"type": "Point", "coordinates": [121.502767, 25.101347]}, "properties": {"stop_name": "洲美國小", "district": "北投區", "geo_city": "臺北市", "nearest_estimate_min": -1.0}}, {"type": "Feature", "geometry": {"type": "Point", "coordinates": [121.5319142, 25.07800478]}, "properties": {"stop_name": "忠烈祠", "district": "中山區", "geo_city": "臺北市", "nearest_estimate_min": 1.0}}, {"type": "Feature", "geometry": {"type": "Point", "coordinates": [121.590028, 25.081987]}, "properties": {"stop_name": "內湖派出所", "district": "內湖區", "geo_city": "臺北市", "nearest_estimate_min": 6.5}}, {"type": "Feature", "geometry": {"type": "Point", "coordinates": [121.592777222745, 25.0439257813799]}, "properties": {"stop_name": "南港公園一", "district": "南港區", "geo_city": "臺北市", "nearest_estimate_min": -1.0}}, {"type": "Feature", "geometry": {"type": "Point", "coordinates": [121.567933, 25.004782]}, "properties": {"stop_name": "名門社區", "district": "文山區", "geo_city": "臺北市", "nearest_estimate_min": 23.7}}, {"type": "Feature", "geometry": {"type": "Point", "coordinates": [121.5132536, 25.13155579]}, "properties": {"stop_name": "照明寺", "district": "北投區", "geo_city": "臺北市", "nearest_estimate_min": -1.0}}, {"type": "Feature", "geometry": {"type": "Point", "coordinates": [121.5605346, 25.06265373]}, "properties": {"stop_name": "民權國小", "district": "松山區", "geo_city": "臺北市", "nearest_estimate_min": 3.6}}, {"type": "Feature", "geometry": {"type": "Point", "coordinates": [121.533302047123, 25.0521144980622]}, "properties": {"stop_name": "捷運松江南京站", "district": "中山區", "geo_city": "臺北市", "nearest_estimate_min": 0.4}}, {"type": "Feature", "geometry": {"type": "Point", "coordinates": [121.570371684081, 25.0041631244417]}, "properties": {"stop_name": "萬寧山莊", "district": "文山區", "geo_city": "臺北市", "nearest_estimate_min": 5.2}}, {"type": "Feature", "geometry": {"type": "Point", "coordinates": [121.559246461721, 24.9886499986778]}, "properties": {"stop_name": "再興中學", "district": "文山區", "geo_city": "臺北市", "nearest_estimate_min": 19.3}}, {"type": "Feature", "geometry": {"type": "Point", "coordinates": [121.547154139609, 25.1095275064689]}, "properties": {"stop_name": "永福(林語堂故居)", "district": "士林區", "geo_city": "臺北市", "nearest_estimate_min": 3.6}}, {"type": "Feature", "geometry": {"type": "Point", "coordinates": [121.525723879398, 25.1115197312941]}, "properties": {"stop_name": "士東國小", "district": "士林區", "geo_city": "臺北市", "nearest_estimate_min": 16.1}}, {"type": "Feature", "geometry": {"type": "Point", "coordinates": [121.510762398982, 25.080711059769]}, "properties": {"stop_name": "海光新村", "district": "士林區", "geo_city": "臺北市", "nearest_estimate_min": 3.6}}, {"type": "Feature", "geometry": {"type": "Point", "coordinates": [121.55002, 25.02519]}, "properties": {"stop_name": "安和路口", "district": "大安區", "geo_city": "臺北市", "nearest_estimate_min": 30.1}}, {"type": "Feature", "geometry": {"type": "Point", "coordinates": [121.51626, 25.06847]}, "properties": {"stop_name": "蘭州國中", "district": "大同區", "geo_city": "臺北市", "nearest_estimate_min": 5.9}}, {"type": "Feature", "geometry": {"type": "Point", "coordinates": [121.53074, 25.1045]}, "properties": {"stop_name": "雨農國小", "district": "士林區", "geo_city": "臺北市", "nearest_estimate_min": -1.0}}, {"type": "Feature", "geometry": {"type": "Point", "coordinates": [121.53273, 25.12424]}, "properties": {"stop_name": "天母", "district": "士林區", "geo_city": "臺北市", "nearest_estimate_min": 2.5}}, {"type": "Feature", "geometry": {"type": "Point", "coordinates": [121.502414, 25.11446]}, "properties": {"stop_name": "北投垃圾焚化廠", "district": "北投區", "geo_city": "臺北市", "nearest_estimate_min": -1.0}}, {"type": "Feature", "geometry": {"type": "Point", "coordinates": [121.557888, 25.025944]}, "properties": {"stop_name": "景勤2號公園", "district": "信義區", "geo_city": "臺北市", "nearest_estimate_min": -1.0}}, {"type": "Feature", "geometry": {"type": "Point", "coordinates": [121.499827, 25.156561]}, "properties": {"stop_name": "觀聖宮", "district": "北投區", "geo_city": "臺北市", "nearest_estimate_min": 7.3}}, {"type": "Feature", "geometry": {"type": "Point", "coordinates": [121.58948692688, 25.0466220947386]}, "properties": {"stop_name": "修德國小", "district": "南港區", "geo_city": "臺北市", "nearest_estimate_min": 5.8}}, {"type": "Feature", "geometry": {"type": "Point", "coordinates": [121.521737472443, 25.112441870257]}, "properties": {"stop_name": "奎山國中", "district": "北投區", "geo_city": "臺北市", "nearest_estimate_min": -1.0}}, {"type": "Feature", "geometry": {"type": "Point", "coordinates": [121.5546403, 25.02633063]}, "properties": {"stop_name": "喬治商職", "district": "大安區", "geo_city": "臺北市", "nearest_estimate_min": 8.9}}, {"type": "Feature", "geometry": {"type": "Point", "coordinates": [121.571943, 25.042525]}, "properties": {"stop_name": "富台公園", "district": "信義區", "geo_city": "臺北市", "nearest_estimate_min": -1.0}}, {"type": "Feature", "geometry": {"type": "Point", "coordinates": [121.5926327, 25.03895301]}, "properties": {"stop_name": "南港花園社區三", "district": "南港區", "geo_city": "臺北市", "nearest_estimate_min": 1.5}}, {"type": "Feature", "geometry": {"type": "Point", "coordinates": [121.51101, 25.02673]}, "properties": {"stop_name": "汀州路", "district": "中正區", "geo_city": "臺北市", "nearest_estimate_min": 18.8}}, {"type": "Feature", "geometry": {"type": "Point", "coordinates": [121.55751, 25.10731]}, "properties": {"stop_name": "劍南橋", "district": "士林區", "geo_city": "臺北市", "nearest_estimate_min": 4.0}}, {"type": "Feature", "geometry": {"type": "Point", "coordinates": [121.50925471604833, 25.137765562797373]}, "properties": {"stop_name": "公民會館(北投社大)", "district": "北投區", "geo_city": "臺北市", "nearest_estimate_min": -1.0}}, {"type": "Feature", "geometry": {"type": "Point", "coordinates": [121.56712, 25.07768]}, "properties": {"stop_name": "金泰公園", "district": "中山區", "geo_city": "臺北市", "nearest_estimate_min": 10.4}}, {"type": "Feature", "geometry": {"type": "Point", "coordinates": [121.543905345353, 25.0385037857679]}, "properties": {"stop_name": "聯合醫院仁愛院區", "district": "大安區", "geo_city": "臺北市", "nearest_estimate_min": 11.3}}, {"type": "Feature", "geometry": {"type": "Point", "coordinates": [121.469, 25.13227]}, "properties": {"stop_name": "北藝大音樂廳", "district": "北投區", "geo_city": "臺北市", "nearest_estimate_min": -1.0}}, {"type": "Feature", "geometry": {"type": "Point", "coordinates": [121.517257621831, 25.0951400679331]}, "properties": {"stop_name": "國立科教館", "district": "士林區", "geo_city": "臺北市", "nearest_estimate_min": -1.0}}, {"type": "Feature", "geometry": {"type": "Point", "coordinates": [121.557095, 25.018574]}, "properties": {"stop_name": "臥龍富陽街口", "district": "大安區", "geo_city": "臺北市", "nearest_estimate_min": -1.0}}, {"type": "Feature", "geometry": {"type": "Point", "coordinates": [121.5777181, 25.0399753]}, "properties": {"stop_name": "永春公寓", "district": "信義區", "geo_city": "臺北市", "nearest_estimate_min": 10.8}}, {"type": "Feature", "geometry": {"type": "Point", "coordinates": [121.5229238, 25.04232294]}, "properties": {"stop_name": "成功中學(濟南)", "district": "中正區", "geo_city": "臺北市", "nearest_estimate_min": -1.0}}, {"type": "Feature", "geometry": {"type": "Point", "coordinates": [121.538492198683, 25.0254072414078]}, "properties": {"stop_name": "龍門國中(和平)", "district": "大安區", "geo_city": "臺北市", "nearest_estimate_min": 0.6}}, {"type": "Feature", "geometry": {"type": "Point", "coordinates": [121.59077, 25.04983]}, "properties": {"stop_name": "陸軍後勤指揮部", "district": "南港區", "geo_city": "臺北市", "nearest_estimate_min": 9.8}}, {"type": "Feature", "geometry": {"type": "Point", "coordinates": [121.5046188, 25.13064857]}, "properties": {"stop_name": "福安宮", "district": "北投區", "geo_city": "臺北市", "nearest_estimate_min": 5.1}}, {"type": "Feature", "geometry": {"type": "Point", "coordinates": [121.5204586, 25.08926881]}, "properties": {"stop_name": "承德路四段", "district": "士林區", "geo_city": "臺北市", "nearest_estimate_min": -1.0}}, {"type": "Feature", "geometry": {"type": "Point", "coordinates": [121.5779129, 25.04726924]}, "properties": {"stop_name": "松山車站(松山)", "district": "信義區", "geo_city": "臺北市", "nearest_estimate_min": 5.1}}, {"type": "Feature", "geometry": {"type": "Point", "coordinates": [121.572590803415, 24.9965014109618]}, "properties": {"stop_name": "木柵高工", "district": "文山區", "geo_city": "臺北市", "nearest_estimate_min": 6.9}}, {"type": "Feature", "geometry": {"type": "Point", "coordinates": [121.5584464, 25.08185576]}, "properties": {"stop_name": "敬業四路", "district": "中山區", "geo_city": "臺北市", "nearest_estimate_min": 4.5}}, {"type": "Feature", "geometry": {"type": "Point", "coordinates": [121.514022, 25.055504]}, "properties": {"stop_name": "朝陽公園(鈕釦街)", "district": "大同區", "geo_city": "臺北市", "nearest_estimate_min": 4.0}}, {"type": "Feature", "geometry": {"type": "Point", "coordinates": [121.57699279565435, 24.989020423587586]}, "properties": {"stop_name": "萬興圖書館", "district": "文山區", "geo_city": "臺北市", "nearest_estimate_min": 5.4}}, {"type": "Feature", "geometry": {"type": "Point", "coordinates": [121.5985899, 25.07879179]}, "properties": {"stop_name": "康寧AIT社區", "district": "內湖區", "geo_city": "臺北市", "nearest_estimate_min": 36.0}}, {"type": "Feature", "geometry": {"type": "Point", "coordinates": [121.54926514715302, 25.14305029076675]}, "properties": {"stop_name": "格致大亨路口", "district": "士林區", "geo_city": "臺北市", "nearest_estimate_min": 6.0}}, {"type": "Feature", "geometry": {"type": "Point", "coordinates": [121.533176617617, 25.057613818954]}, "properties": {"stop_name": "捷運行天宮站(松江路)", "district": "中山區", "geo_city": "臺北市", "nearest_estimate_min": 6.1}}, {"type": "Feature", "geometry": {"type": "Point", "coordinates": [121.508316077824, 25.0256215629554]}, "properties": {"stop_name": "國興路口", "district": "萬華區", "geo_city": "臺北市", "nearest_estimate_min": 2.4}}, {"type": "Feature", "geometry": {"type": "Point", "coordinates": [121.52096, 25.02922]}, "properties": {"stop_name": "羅斯福潮州街口", "district": "中正區", "geo_city": "臺北市", "nearest_estimate_min": 2.4}}, {"type": "Feature", "geometry": {"type": "Point", "coordinates": [121.51344796988172, 25.050402129064192]}, "properties": {"stop_name": "後車站", "district": "大同區", "geo_city": "臺北市", "nearest_estimate_min": 7.7}}, {"type": "Feature", "geometry": {"type": "Point", "coordinates": [121.5737, 25.0001268]}, "properties": {"stop_name": "軍功新村", "district": "文山區", "geo_city": "臺北市", "nearest_estimate_min": 2.5}}, {"type": "Feature", "geometry": {"type": "Point", "coordinates": [121.5018943, 25.0395701]}, "properties": {"stop_name": "祖師廟(康定)", "district": "萬華區", "geo_city": "臺北市", "nearest_estimate_min": 2.9}}, {"type": "Feature", "geometry": {"type": "Point", "coordinates": [121.5384962, 25.16997591]}, "properties": {"stop_name": "湖田橋", "district": "北投區", "geo_city": "臺北市", "nearest_estimate_min": 20.4}}, {"type": "Feature", "geometry": {"type": "Point", "coordinates": [121.5808412, 25.07451903]}, "properties": {"stop_name": "瑞陽三號公園", "district": "內湖區", "geo_city": "臺北市", "nearest_estimate_min": 43.3}}, {"type": "Feature", "geometry": {"type": "Point", "coordinates": [121.53747, 25.03642]}, "properties": {"stop_name": "延平中學", "district": "大安區", "geo_city": "臺北市", "nearest_estimate_min": -1.0}}, {"type": "Feature", "geometry": {"type": "Point", "coordinates": [121.581074, 25.057957]}, "properties": {"stop_name": "潭美國小(舊宗)", "district": "內湖區", "geo_city": "臺北市", "nearest_estimate_min": 10.0}}, {"type": "Feature", "geometry": {"type": "Point", "coordinates": [121.5978951, 25.08111607]}, "properties": {"stop_name": "康寧派出所", "district": "內湖區", "geo_city": "臺北市", "nearest_estimate_min": 37.7}}, {"type": "Feature", "geometry": {"type": "Point", "coordinates": [121.5468387, 25.15831856]}, "properties": {"stop_name": "童軍站", "district": "北投區", "geo_city": "臺北市", "nearest_estimate_min": 8.9}}, {"type": "Feature", "geometry": {"type": "Point", "coordinates": [121.5362271, 25.000812]}, "properties": {"stop_name": "古亭地政事務所", "district": "文山區", "geo_city": "臺北市", "nearest_estimate_min": -1.0}}, {"type": "Feature", "geometry": {"type": "Point", "coordinates": [121.5087627, 25.05361732]}, "properties": {"stop_name": "南京西寧路口", "district": "大同區", "geo_city": "臺北市", "nearest_estimate_min": -1.0}}, {"type": "Feature", "geometry": {"type": "Point", "coordinates": [121.50576, 25.11585]}, "properties": {"stop_name": "立賢承德路口", "district": "北投區", "geo_city": "臺北市", "nearest_estimate_min": 4.6}}, {"type": "Feature", "geometry": {"type": "Point", "coordinates": [121.5528889, 25.11456887]}, "properties": {"stop_name": "永公路一", "district": "士林區", "geo_city": "臺北市", "nearest_estimate_min": 28.2}}, {"type": "Feature", "geometry": {"type": "Point", "coordinates": [121.51664, 25.11229]}, "properties": {"stop_name": "自強街口(西安)", "district": "北投區", "geo_city": "臺北市", "nearest_estimate_min": 14.2}}, {"type": "Feature", "geometry": {"type": "Point", "coordinates": [121.57567510185, 25.01739624988]}, "properties": {"stop_name": "公園", "district": "信義區", "geo_city": "臺北市", "nearest_estimate_min": 12.3}}, {"type": "Feature", "geometry": {"type": "Point", "coordinates": [121.617338, 25.039528]}, "properties": {"stop_name": "胡適公園", "district": "南港區", "geo_city": "臺北市", "nearest_estimate_min": 1.2}}, {"type": "Feature", "geometry": {"type": "Point", "coordinates": [121.533910257576, 25.1487673066759]}, "properties": {"stop_name": "紗帽橋一", "district": "北投區", "geo_city": "臺北市", "nearest_estimate_min": 48.0}}, {"type": "Feature", "geometry": {"type": "Point", "coordinates": [121.5253813, 25.06266873]}, "properties": {"stop_name": "捷運中山國小站", "district": "中山區", "geo_city": "臺北市", "nearest_estimate_min": 8.4}}, {"type": "Feature", "geometry": {"type": "Point", "coordinates": [121.51568, 25.033381]}, "properties": {"stop_name": "南門", "district": "中正區", "geo_city": "臺北市", "nearest_estimate_min": 2.7}}, {"type": "Feature", "geometry": {"type": "Point", "coordinates": [121.5388532, 24.99403155]}, "properties": {"stop_name": "溪口國小", "district": "文山區", "geo_city": "臺北市", "nearest_estimate_min": 7.2}}, {"type": "Feature", "geometry": {"type": "Point", "coordinates": [121.53542376322785, 25.03352937220551]}, "properties": {"stop_name": "捷運大安森林公園站", "district": "大安區", "geo_city": "臺北市", "nearest_estimate_min": 7.3}}, {"type": "Feature", "geometry": {"type": "Point", "coordinates": [121.537798642451, 25.0484436106169]}, "properties": {"stop_name": "中山女高", "district": "中山區", "geo_city": "臺北市", "nearest_estimate_min": 5.8}}, {"type": "Feature", "geometry": {"type": "Point", "coordinates": [121.519041158328, 25.0725860525549]}, "properties": {"stop_name": "庫倫街口", "district": "大同區", "geo_city": "臺北市", "nearest_estimate_min": 8.6}}, {"type": "Feature", "geometry": {"type": "Point", "coordinates": [121.562466432938, 25.0138741581322]}, "properties": {"stop_name": "大我新舍", "district": "大安區", "geo_city": "臺北市", "nearest_estimate_min": 10.4}}, {"type": "Feature", "geometry": {"type": "Point", "coordinates": [121.54084, 25.04821]}, "properties": {"stop_name": "長安龍江路口", "district": "中山區", "geo_city": "臺北市", "nearest_estimate_min": -1.0}}, {"type": "Feature", "geometry": {"type": "Point", "coordinates": [121.534692981633, 25.1173302889076]}, "properties": {"stop_name": "市立臺北特教學校", "district": "士林區", "geo_city": "臺北市", "nearest_estimate_min": 1.3}}, {"type": "Feature", "geometry": {"type": "Point", "coordinates": [121.5096458, 25.08602215]}, "properties": {"stop_name": "葫蘆寺(葫蘆里)", "district": "士林區", "geo_city": "臺北市", "nearest_estimate_min": 5.5}}, {"type": "Feature", "geometry": {"type": "Point", "coordinates": [121.558472554297, 25.006882553836]}, "properties": {"stop_name": "辛亥國小", "district": "文山區", "geo_city": "臺北市", "nearest_estimate_min": 2.3}}, {"type": "Feature", "geometry": {"type": "Point", "coordinates": [121.59044705985, 25.081339634265]}, "properties": {"stop_name": "內湖派出所一", "district": "內湖區", "geo_city": "臺北市", "nearest_estimate_min": 35.2}}, {"type": "Feature", "geometry": {"type": "Point", "coordinates": [121.5841759, 25.05212599]}, "properties": {"stop_name": "松山磚廠", "district": "南港區", "geo_city": "臺北市", "nearest_estimate_min": -1.0}}, {"type": "Feature", "geometry": {"type": "Point", "coordinates": [121.5148181, 25.02600956]}, "properties": {"stop_name": "螢橋國小", "district": "中正區", "geo_city": "臺北市", "nearest_estimate_min": 2.7}}, {"type": "Feature", "geometry": {"type": "Point", "coordinates": [121.601285503886, 25.0672531124649]}, "properties": {"stop_name": "民權隧道二", "district": "內湖區", "geo_city": "臺北市", "nearest_estimate_min": 0.9}}, {"type": "Feature", "geometry": {"type": "Point", "coordinates": [121.56335, 25.02332]}, "properties": {"stop_name": "廣安宮", "district": "信義區", "geo_city": "臺北市", "nearest_estimate_min": -1.0}}, {"type": "Feature", "geometry": {"type": "Point", "coordinates": [121.5367, 25.10139]}, "properties": {"stop_name": "芝山岩", "district": "士林區", "geo_city": "臺北市", "nearest_estimate_min": 8.4}}, {"type": "Feature", "geometry": {"type": "Point", "coordinates": [121.577918664208, 25.0435588382657]}, "properties": {"stop_name": "雙永國小", "district": "信義區", "geo_city": "臺北市", "nearest_estimate_min": 3.1}}, {"type": "Feature", "geometry": {"type": "Point", "coordinates": [121.59729, 24.96582]}, "properties": {"stop_name": "涼亭站", "district": "文山區", "geo_city": "臺北市", "nearest_estimate_min": 9.3}}, {"type": "Feature", "geometry": {"type": "Point", "coordinates": [121.548797, 25.04527113]}, "properties": {"stop_name": "市民敦化路口", "district": "松山區", "geo_city": "臺北市", "nearest_estimate_min": 2.8}}, {"type": "Feature", "geometry": {"type": "Point", "coordinates": [121.5579397, 25.04698]}, "properties": {"stop_name": "臺北市區監理所(光復)", "district": "松山區", "geo_city": "臺北市", "nearest_estimate_min": 5.2}}, {"type": "Feature", "geometry": {"type": "Point", "coordinates": [121.55004336876296, 25.124924540354783]}, "properties": {"stop_name": "新安", "district": "士林區", "geo_city": "臺北市", "nearest_estimate_min": 13.1}}, {"type": "Feature", "geometry": {"type": "Point", "coordinates": [121.56755129315535, 25.0435373602736]}, "properties": {"stop_name": "松山高中(松隆)", "district": "信義區", "geo_city": "臺北市", "nearest_estimate_min": 14.3}}, {"type": "Feature", "geometry": {"type": "Point", "coordinates": [121.5982855, 25.05214663]}, "properties": {"stop_name": "臺北流行音樂中心", "district": "南港區", "geo_city": "臺北市", "nearest_estimate_min": -1.0}}, {"type": "Feature", "geometry": {"type": "Point", "coordinates": [121.535791, 25.013102]}, "properties": {"stop_name": "水源市場", "district": "中正區", "geo_city": "臺北市", "nearest_estimate_min": 5.9}}, {"type": "Feature", "geometry": {"type": "Point", "coordinates": [121.5932404, 25.05815478]}, "properties": {"stop_name": "溫歌華社區", "district": "南港區", "geo_city": "臺北市", "nearest_estimate_min": -1.0}}, {"type": "Feature", "geometry": {"type": "Point", "coordinates": [121.55985, 25.05381]}, "properties": {"stop_name": "長壽公園", "district": "松山區", "geo_city": "臺北市", "nearest_estimate_min": 4.7}}, {"type": "Feature", "geometry": {"type": "Point", "coordinates": [121.531685, 25.014457]}, "properties": {"stop_name": "自來水博物館(太子學舍)", "district": "中正區", "geo_city": "臺北市", "nearest_estimate_min": -1.0}}, {"type": "Feature", "geometry": {"type": "Point", "coordinates": [121.503968, 25.089467]}, "properties": {"stop_name": "永倫里(南)", "district": "士林區", "geo_city": "臺北市", "nearest_estimate_min": 9.9}}, {"type": "Feature", "geometry": {"type": "Point", "coordinates": [121.5328397, 25.10834]}, "properties": {"stop_name": "忠義街", "district": "士林區", "geo_city": "臺北市", "nearest_estimate_min": -1.0}}, {"type": "Feature", "geometry": {"type": "Point", "coordinates": [121.471449088636, 25.1297678333065]}, "properties": {"stop_name": "和信醫院", "district": "北投區", "geo_city": "臺北市", "nearest_estimate_min": -1.0}}, {"type": "Feature", "geometry": {"type": "Point", "coordinates": [121.523596, 25.08335644]}, "properties": {"stop_name": "圓山皇宮大廈", "district": "士林區", "geo_city": "臺北市", "nearest_estimate_min": 12.5}}, {"type": "Feature", "geometry": {"type": "Point", "coordinates": [121.52921, 25.02983]}, "properties": {"stop_name": "金華大廈", "district": "大安區", "geo_city": "臺北市", "nearest_estimate_min": 14.7}}, {"type": "Feature", "geometry": {"type": "Point", "coordinates": [121.56229, 24.99729]}, "properties": {"stop_name": "棕櫚泉社區", "district": "文山區", "geo_city": "臺北市", "nearest_estimate_min": 13.5}}, {"type": "Feature", "geometry": {"type": "Point", "coordinates": [121.542239793699, 25.0249140592421]}, "properties": {"stop_name": "復興南路口", "district": "大安區", "geo_city": "臺北市", "nearest_estimate_min": 1.3}}, {"type": "Feature", "geometry": {"type": "Point", "coordinates": [121.53665, 25.073021]}, "properties": {"stop_name": "國道1號23Km(虛擬站不停靠)", "district": "中山區", "geo_city": "臺北市", "nearest_estimate_min": -1.0}}, {"type": "Feature", "geometry": {"type": "Point", "coordinates": [121.550231, 25.048279]}, "properties": {"stop_name": "臺視", "district": "松山區", "geo_city": "臺北市", "nearest_estimate_min": 0.4}}, {"type": "Feature", "geometry": {"type": "Point", "coordinates": [121.518222, 25.089027]}, "properties": {"stop_name": "後港里", "district": "士林區", "geo_city": "臺北市", "nearest_estimate_min": -1.0}}, {"type": "Feature", "geometry": {"type": "Point", "coordinates": [121.554206953881, 24.9843744621288]}, "properties": {"stop_name": "實踐國中", "district": "文山區", "geo_city": "臺北市", "nearest_estimate_min": 3.4}}, {"type": "Feature", "geometry": {"type": "Point", "coordinates": [121.5034808, 25.13686593]}, "properties": {"stop_name": "新北投車站", "district": "北投區", "geo_city": "臺北市", "nearest_estimate_min": -1.0}}, {"type": "Feature", "geometry": {"type": "Point", "coordinates": [121.606758, 25.101745]}, "properties": {"stop_name": "大邱田", "district": "內湖區", "geo_city": "臺北市", "nearest_estimate_min": 22.8}}, {"type": "Feature", "geometry": {"type": "Point", "coordinates": [121.58567426682049, 25.059637621521563]}, "properties": {"stop_name": "潭美公園", "district": "內湖區", "geo_city": "臺北市", "nearest_estimate_min": 10.0}}, {"type": "Feature", "geometry": {"type": "Point", "coordinates": [121.569461375068, 25.082118261496]}, "properties": {"stop_name": "恕德家商", "district": "內湖區", "geo_city": "臺北市", "nearest_estimate_min": 5.3}}, {"type": "Feature", "geometry": {"type": "Point", "coordinates": [121.50942, 25.09056]}, "properties": {"stop_name": "國泰人壽大樓", "district": "士林區", "geo_city": "臺北市", "nearest_estimate_min": -1.0}}, {"type": "Feature", "geometry": {"type": "Point", "coordinates": [121.530150260751, 25.1070832174183]}, "properties": {"stop_name": "蘭雅新城", "district": "士林區", "geo_city": "臺北市", "nearest_estimate_min": 35.3}}, {"type": "Feature", "geometry": {"type": "Point", "coordinates": [121.531503, 25.158621]}, "properties": {"stop_name": "內埔", "district": "北投區", "geo_city": "臺北市", "nearest_estimate_min": 32.8}}, {"type": "Feature", "geometry": {"type": "Point", "coordinates": [121.58325, 25.03789]}, "properties": {"stop_name": "信義行政中心(奉天宮)", "district": "信義區", "geo_city": "臺北市", "nearest_estimate_min": 3.8}}, {"type": "Feature", "geometry": {"type": "Point", "coordinates": [121.600364932077, 25.0775703139034]}, "properties": {"stop_name": "紫雲里", "district": "內湖區", "geo_city": "臺北市", "nearest_estimate_min": -1.0}}, {"type": "Feature", "geometry": {"type": "Point", "coordinates": [121.5111652, 25.06204706]}, "properties": {"stop_name": "臺北橋", "district": "大同區", "geo_city": "臺北市", "nearest_estimate_min": 16.3}}, {"type": "Feature", "geometry": {"type": "Point", "coordinates": [121.5325798, 25.03403642]}, "properties": {"stop_name": "信義新生路口", "district": "中正區", "geo_city": "臺北市", "nearest_estimate_min": 1.5}}, {"type": "Feature", "geometry": {"type": "Point", "coordinates": [121.467238214885, 25.1223858553805]}, "properties": {"stop_name": "關渡里", "district": "北投區", "geo_city": "臺北市", "nearest_estimate_min": 6.3}}, {"type": "Feature", "geometry": {"type": "Point", "coordinates": [121.536781, 25.113461]}, "properties": {"stop_name": "士東路", "district": "士林區", "geo_city": "臺北市", "nearest_estimate_min": -1.0}}, {"type": "Feature", "geometry": {"type": "Point", "coordinates": [121.517707662365, 25.107279457424]}, "properties": {"stop_name": "明德國中", "district": "北投區", "geo_city": "臺北市", "nearest_estimate_min": 1.1}}, {"type": "Feature", "geometry": {"type": "Point", "coordinates": [121.5620977, 25.03702869]}, "properties": {"stop_name": "市議會", "district": "信義區", "geo_city": "臺北市", "nearest_estimate_min": -1.0}}, {"type": "Feature", "geometry": {"type": "Point", "coordinates": [121.5829604, 25.04521051]}, "properties": {"stop_name": "捷運後山埤站(玉成)", "district": "南港區", "geo_city": "臺北市", "nearest_estimate_min": 50.2}}, {"type": "Feature", "geometry": {"type": "Point", "coordinates": [121.5428, 25.057628]}, "properties": {"stop_name": "臺北大學(臺北校區)", "district": "中山區", "geo_city": "臺北市", "nearest_estimate_min": 2.2}}, {"type": "Feature", "geometry": {"type": "Point", "coordinates": [121.499221916662, 25.0926589514351]}, "properties": {"stop_name": "洲美橋", "district": "士林區", "geo_city": "臺北市", "nearest_estimate_min": 20.2}}, {"type": "Feature", "geometry": {"type": "Point", "coordinates": [121.574963, 25.018561]}, "properties": {"stop_name": "水塔", "district": "信義區", "geo_city": "臺北市", "nearest_estimate_min": 13.9}}, {"type": "Feature", "geometry": {"type": "Point", "coordinates": [121.6170236, 25.03770122]}, "properties": {"stop_name": "九如里一", "district": "南港區", "geo_city": "臺北市", "nearest_estimate_min": 2.0}}, {"type": "Feature", "geometry": {"type": "Point", "coordinates": [121.51625, 25.06869]}, "properties": {"stop_name": "蘭州國中", "district": "大同區", "geo_city": "臺北市", "nearest_estimate_min": 16.2}}, {"type": "Feature", "geometry": {"type": "Point", "coordinates": [121.55065, 25.1137]}, "properties": {"stop_name": "永公橋", "district": "士林區", "geo_city": "臺北市", "nearest_estimate_min": 28.6}}, {"type": "Feature", "geometry": {"type": "Point", "coordinates": [121.657129018685, 25.0263234003865]}, "properties": {"stop_name": "御香居", "district": "南港區", "geo_city": "臺北市", "nearest_estimate_min": -1.0}}, {"type": "Feature", "geometry": {"type": "Point", "coordinates": [121.579203, 24.98147]}, "properties": {"stop_name": "六期運動場", "district": "文山區", "geo_city": "臺北市", "nearest_estimate_min": -1.0}}, {"type": "Feature", "geometry": {"type": "Point", "coordinates": [121.518581144123, 25.0948969338159]}, "properties": {"stop_name": "天文科學館", "district": "士林區", "geo_city": "臺北市", "nearest_estimate_min": 16.3}}, {"type": "Feature", "geometry": {"type": "Point", "coordinates": [121.5584896, 24.99834008]}, "properties": {"stop_name": "臺灣警察專科學校", "district": "文山區", "geo_city": "臺北市", "nearest_estimate_min": 9.9}}, {"type": "Feature", "geometry": {"type": "Point", "coordinates": [121.50638, 25.11487]}, "properties": {"stop_name": "實踐街口", "district": "北投區", "geo_city": "臺北市", "nearest_estimate_min": -1.0}}, {"type": "Feature", "geometry": {"type": "Point", "coordinates": [121.57533, 24.99899]}, "properties": {"stop_name": "博嘉國小", "district": "文山區", "geo_city": "臺北市", "nearest_estimate_min": 1.1}}, {"type": "Feature", "geometry": {"type": "Point", "coordinates": [121.5039, 25.02023]}, "properties": {"stop_name": "青年公園(馬場町)", "district": "萬華區", "geo_city": "臺北市", "nearest_estimate_min": 24.2}}, {"type": "Feature", "geometry": {"type": "Point", "coordinates": [121.61688, 25.0761]}, "properties": {"stop_name": "安泰街", "district": "內湖區", "geo_city": "臺北市", "nearest_estimate_min": -1.0}}, {"type": "Feature", "geometry": {"type": "Point", "coordinates": [121.56251, 24.98887]}, "properties": {"stop_name": "文山一分局", "district": "文山區", "geo_city": "臺北市", "nearest_estimate_min": 12.0}}, {"type": "Feature", "geometry": {"type": "Point", "coordinates": [121.57246, 25.08579]}, "properties": {"stop_name": "環山路", "district": "內湖區", "geo_city": "臺北市", "nearest_estimate_min": 6.6}}, {"type": "Feature", "geometry": {"type": "Point", "coordinates": [121.5364984, 25.06236889]}, "properties": {"stop_name": "民權建國路口", "district": "中山區", "geo_city": "臺北市", "nearest_estimate_min": 2.5}}, {"type": "Feature", "geometry": {"type": "Point", "coordinates": [121.556774902982, 25.04802340114676]}, "properties": {"stop_name": "光復路口", "district": "松山區", "geo_city": "臺北市", "nearest_estimate_min": 9.5}}, {"type": "Feature", "geometry": {"type": "Point", "coordinates": [121.559942504895, 24.989363359859]}, "properties": {"stop_name": "馬明潭(再興中學)", "district": "文山區", "geo_city": "臺北市", "nearest_estimate_min": 1.3}}, {"type": "Feature", "geometry": {"type": "Point", "coordinates": [121.598729, 24.972478]}, "properties": {"stop_name": "岐山", "district": "文山區", "geo_city": "臺北市", "nearest_estimate_min": 13.6}}, {"type": "Feature", "geometry": {"type": "Point", "coordinates": [121.57678, 24.9691]}, "properties": {"stop_name": "杏花林(老泉里)", "district": "文山區", "geo_city": "臺北市", "nearest_estimate_min": -1.0}}, {"type": "Feature", "geometry": {"type": "Point", "coordinates": [121.538411364625, 25.1136502479636]}, "properties": {"stop_name": "職能發展學院一", "district": "士林區", "geo_city": "臺北市", "nearest_estimate_min": -1.0}}, {"type": "Feature", "geometry": {"type": "Point", "coordinates": [121.528164, 25.137649]}, "properties": {"stop_name": "行義路三", "district": "北投區", "geo_city": "臺北市", "nearest_estimate_min": 3.9}}, {"type": "Feature", "geometry": {"type": "Point", "coordinates": [121.522629, 25.044844]}, "properties": {"stop_name": "捷運善導寺站", "district": "中正區", "geo_city": "臺北市", "nearest_estimate_min": 0.6}}, {"type": "Feature", "geometry": {"type": "Point", "coordinates": [121.568256, 25.079478]}, "properties": {"stop_name": "仁寶大樓", "district": "內湖區", "geo_city": "臺北市", "nearest_estimate_min": 1.0}}, {"type": "Feature", "geometry": {"type": "Point", "coordinates": [121.57111522305, 24.9913142071305]}, "properties": {"stop_name": "萬壽橋頭(木柵)", "district": "文山區", "geo_city": "臺北市", "nearest_estimate_min": 1.1}}, {"type": "Feature", "geometry": {"type": "Point", "coordinates": [121.52776, 25.03003]}, "properties": {"stop_name": "公企中心", "district": "大安區", "geo_city": "臺北市", "nearest_estimate_min": 13.9}}, {"type": "Feature", "geometry": {"type": "Point", "coordinates": [121.54426, 25.142237]}, "properties": {"stop_name": "第一展望", "district": "北投區", "geo_city": "臺北市", "nearest_estimate_min": -1.0}}, {"type": "Feature", "geometry": {"type": "Point", "coordinates": [121.513825816749, 25.0567660236851]}, "properties": {"stop_name": "民生重慶路口", "district": "大同區", "geo_city": "臺北市", "nearest_estimate_min": 1.8}}, {"type": "Feature", "geometry": {"type": "Point", "coordinates": [121.5254546, 25.03835233]}, "properties": {"stop_name": "仁愛杭州路口", "district": "中正區", "geo_city": "臺北市", "nearest_estimate_min": 12.5}}, {"type": "Feature", "geometry": {"type": "Point", "coordinates": [121.57374090486223, 24.999691818730497]}, "properties": {"stop_name": "軍功新村", "district": "文山區", "geo_city": "臺北市", "nearest_estimate_min": 10.8}}, {"type": "Feature", "geometry": {"type": "Point", "coordinates": [121.540318712854, 25.1020154099508]}, "properties": {"stop_name": "嶺頭", "district": "士林區", "geo_city": "臺北市", "nearest_estimate_min": 2.4}}, {"type": "Feature", "geometry": {"type": "Point", "coordinates": [121.5844314, 24.98942619]}, "properties": {"stop_name": "兆如安養中心", "district": "文山區", "geo_city": "臺北市", "nearest_estimate_min": 7.1}}, {"type": "Feature", "geometry": {"type": "Point", "coordinates": [121.51711224794106, 25.09415239272792]}, "properties": {"stop_name": "士林高商", "district": "士林區", "geo_city": "臺北市", "nearest_estimate_min": -1.0}}, {"type": "Feature", "geometry": {"type": "Point", "coordinates": [121.4930716, 25.02751471]}, "properties": {"stop_name": "雙園國中", "district": "萬華區", "geo_city": "臺北市", "nearest_estimate_min": -1.0}}, {"type": "Feature", "geometry": {"type": "Point", "coordinates": [121.5118, 25.07605]}, "properties": {"stop_name": "污水處理廠", "district": "大同區", "geo_city": "臺北市", "nearest_estimate_min": -1.0}}, {"type": "Feature", "geometry": {"type": "Point", "coordinates": [121.56816581358287, 25.065092132222503]}, "properties": {"stop_name": "塔悠疏散門", "district": "松山區", "geo_city": "臺北市", "nearest_estimate_min": -1.0}}, {"type": "Feature", "geometry": {"type": "Point", "coordinates": [121.56893, 24.98672]}, "properties": {"stop_name": "永安街", "district": "文山區", "geo_city": "臺北市", "nearest_estimate_min": 2.4}}, {"type": "Feature", "geometry": {"type": "Point", "coordinates": [121.539261, 25.113663]}, "properties": {"stop_name": "職能發展學院二", "district": "士林區", "geo_city": "臺北市", "nearest_estimate_min": 18.0}}, {"type": "Feature", "geometry": {"type": "Point", "coordinates": [121.566655901166, 25.0491343107615]}, "properties": {"stop_name": "新聚里", "district": "松山區", "geo_city": "臺北市", "nearest_estimate_min": -1.0}}, {"type": "Feature", "geometry": {"type": "Point", "coordinates": [121.5473281, 25.15233918]}, "properties": {"stop_name": "陽明山", "district": "北投區", "geo_city": "臺北市", "nearest_estimate_min": 5.7}}, {"type": "Feature", "geometry": {"type": "Point", "coordinates": [121.586480248666, 25.046173957791]}, "properties": {"stop_name": "聯合醫院忠孝院區(同德)", "district": "南港區", "geo_city": "臺北市", "nearest_estimate_min": -1.0}}, {"type": "Feature", "geometry": {"type": "Point", "coordinates": [121.51507, 25.10754]}, "properties": {"stop_name": "文林國小", "district": "北投區", "geo_city": "臺北市", "nearest_estimate_min": -1.0}}, {"type": "Feature", "geometry": {"type": "Point", "coordinates": [121.54100316430888, 24.995644300082535]}, "properties": {"stop_name": "財政園區", "district": "文山區", "geo_city": "臺北市", "nearest_estimate_min": 1.4}}, {"type": "Feature", "geometry": {"type": "Point", "coordinates": [121.47092959259, 25.1231432868878]}, "properties": {"stop_name": "大度立德路口", "district": "北投區", "geo_city": "臺北市", "nearest_estimate_min": 7.0}}, {"type": "Feature", "geometry": {"type": "Point", "coordinates": [121.50414920208058, 25.15463566668784]}, "properties": {"stop_name": "大屯國小", "district": "北投區", "geo_city": "臺北市", "nearest_estimate_min": 6.4}}, {"type": "Feature", "geometry": {"type": "Point", "coordinates": [121.52748, 25.06333]}, "properties": {"stop_name": "中山國小(新生)", "district": "中山區", "geo_city": "臺北市", "nearest_estimate_min": 1.5}}, {"type": "Feature", "geometry": {"type": "Point", "coordinates": [121.56858398162726, 25.06256326016851]}, "properties": {"stop_name": "撫遠抽水站", "district": "松山區", "geo_city": "臺北市", "nearest_estimate_min": -1.0}}, {"type": "Feature", "geometry": {"type": "Point", "coordinates": [121.55328, 25.12453]}, "properties": {"stop_name": "新安路二", "district": "士林區", "geo_city": "臺北市", "nearest_estimate_min": -1.0}}, {"type": "Feature", "geometry": {"type": "Point", "coordinates": [121.49978, 25.13892]}, "properties": {"stop_name": "大同街口", "district": "北投區", "geo_city": "臺北市", "nearest_estimate_min": -1.0}}, {"type": "Feature", "geometry": {"type": "Point", "coordinates": [121.55328900975, 25.041561244151]}, "properties": {"stop_name": "阿波羅大廈", "district": "大安區", "geo_city": "臺北市", "nearest_estimate_min": 3.5}}, {"type": "Feature", "geometry": {"type": "Point", "coordinates": [121.54563534893852, 25.03331117343357]}, "properties": {"stop_name": "信義大安路口", "district": "大安區", "geo_city": "臺北市", "nearest_estimate_min": 4.0}}, {"type": "Feature", "geometry": {"type": "Point", "coordinates": [121.563395667285, 25.0125182192084]}, "properties": {"stop_name": "臥龍新村", "district": "大安區", "geo_city": "臺北市", "nearest_estimate_min": 11.0}}, {"type": "Feature", "geometry": {"type": "Point", "coordinates": [121.567262, 24.999065]}, "properties": {"stop_name": "萬利街口", "district": "文山區", "geo_city": "臺北市", "nearest_estimate_min": 1.2}}, {"type": "Feature", "geometry": {"type": "Point", "coordinates": [121.5402001, 24.99931624]}, "properties": {"stop_name": "萬隆", "district": "文山區", "geo_city": "臺北市", "nearest_estimate_min": 4.1}}, {"type": "Feature", "geometry": {"type": "Point", "coordinates": [121.5986983, 25.05190645]}, "properties": {"stop_name": "臺北流行音樂中心", "district": "南港區", "geo_city": "臺北市", "nearest_estimate_min": -1.0}}, {"type": "Feature", "geometry": {"type": "Point", "coordinates": [121.5777436, 25.05333336]}, "properties": {"stop_name": "行善宮", "district": "內湖區", "geo_city": "臺北市", "nearest_estimate_min": -1.0}}, {"type": "Feature", "geometry": {"type": "Point", "coordinates": [121.5695997, 25.02453056]}, "properties": {"stop_name": "松仁路", "district": "信義區", "geo_city": "臺北市", "nearest_estimate_min": 3.2}}, {"type": "Feature", "geometry": {"type": "Point", "coordinates": [121.5249985, 25.11844386]}, "properties": {"stop_name": "齊賢華廈", "district": "士林區", "geo_city": "臺北市", "nearest_estimate_min": 3.4}}, {"type": "Feature", "geometry": {"type": "Point", "coordinates": [121.507447, 25.100501]}, "properties": {"stop_name": "福美承平路口", "district": "北投區", "geo_city": "臺北市", "nearest_estimate_min": -1.0}}, {"type": "Feature", "geometry": {"type": "Point", "coordinates": [121.4957248, 25.1366901]}, "properties": {"stop_name": "文化國小", "district": "北投區", "geo_city": "臺北市", "nearest_estimate_min": -1.0}}, {"type": "Feature", "geometry": {"type": "Point", "coordinates": [121.5230024, 25.06285356]}, "properties": {"stop_name": "民權中山路口", "district": "中山區", "geo_city": "臺北市", "nearest_estimate_min": 3.0}}, {"type": "Feature", "geometry": {"type": "Point", "coordinates": [121.503116860832, 25.1377878885811]}, "properties": {"stop_name": "新北投", "district": "北投區", "geo_city": "臺北市", "nearest_estimate_min": 1.9}}, {"type": "Feature", "geometry": {"type": "Point", "coordinates": [121.5432253, 25.02438314]}, "properties": {"stop_name": "國立臺北教育大學", "district": "大安區", "geo_city": "臺北市", "nearest_estimate_min": 49.0}}, {"type": "Feature", "geometry": {"type": "Point", "coordinates": [121.5846406, 24.98614991]}, "properties": {"stop_name": "政大二街", "district": "文山區", "geo_city": "臺北市", "nearest_estimate_min": 6.4}}, {"type": "Feature", "geometry": {"type": "Point", "coordinates": [121.514521527226, 25.0468151658683]}, "properties": {"stop_name": "臺北車站(忠孝)", "district": "中正區", "geo_city": "臺北市", "nearest_estimate_min": 4.9}}, {"type": "Feature", "geometry": {"type": "Point", "coordinates": [121.50540777894, 25.0285917595947]}, "properties": {"stop_name": "南機場公寓", "district": "中正區", "geo_city": "臺北市", "nearest_estimate_min": 1.5}}, {"type": "Feature", "geometry": {"type": "Point", "coordinates": [121.5916, 25.07861]}, "properties": {"stop_name": "星雲街", "district": "內湖區", "geo_city": "臺北市", "nearest_estimate_min": 33.9}}, {"type": "Feature", "geometry": {"type": "Point", "coordinates": [121.5438692, 25.06227185]}, "properties": {"stop_name": "民權復興路口", "district": "中山區", "geo_city": "臺北市", "nearest_estimate_min": 1.6}}, {"type": "Feature", "geometry": {"type": "Point", "coordinates": [121.539805689524, 25.1372765580827]}, "properties": {"stop_name": "文化大學一", "district": "士林區", "geo_city": "臺北市", "nearest_estimate_min": 18.4}}, {"type": "Feature", "geometry": {"type": "Point", "coordinates": [121.5224936, 25.04957589]}, "properties": {"stop_name": "長安東路一段", "district": "中山區", "geo_city": "臺北市", "nearest_estimate_min": -1.0}}, {"type": "Feature", "geometry": {"type": "Point", "coordinates": [121.5236475, 25.1218225]}, "properties": {"stop_name": "永欣里", "district": "北投區", "geo_city": "臺北市", "nearest_estimate_min": 36.9}}, {"type": "Feature", "geometry": {"type": "Point", "coordinates": [121.5586916, 24.9913869]}, "properties": {"stop_name": "興隆山莊", "district": "文山區", "geo_city": "臺北市", "nearest_estimate_min": 5.5}}, {"type": "Feature", "geometry": {"type": "Point", "coordinates": [121.4894532, 25.02767161]}, "properties": {"stop_name": "環南市場", "district": "萬華區", "geo_city": "臺北市", "nearest_estimate_min": -1.0}}, {"type": "Feature", "geometry": {"type": "Point", "coordinates": [121.58543789167122, 25.06881463274073]}, "properties": {"stop_name": "三民國中", "district": "內湖區", "geo_city": "臺北市", "nearest_estimate_min": 4.2}}, {"type": "Feature", "geometry": {"type": "Point", "coordinates": [121.5505164, 25.10020446]}, "properties": {"stop_name": "故宮博物院", "district": "士林區", "geo_city": "臺北市", "nearest_estimate_min": 1.4}}, {"type": "Feature", "geometry": {"type": "Point", "coordinates": [121.568236043782, 25.0345352489599]}, "properties": {"stop_name": "信義松仁路口(松仁)", "district": "信義區", "geo_city": "臺北市", "nearest_estimate_min": 1.9}}, {"type": "Feature", "geometry": {"type": "Point", "coordinates": [121.5054939, 25.02836772]}, "properties": {"stop_name": "南機場公寓", "district": "萬華區", "geo_city": "臺北市", "nearest_estimate_min": 22.9}}, {"type": "Feature", "geometry": {"type": "Point", "coordinates": [121.5520364, 25.10144488]}, "properties": {"stop_name": "衛理女中(原住民文化主題公園)", "district": "士林區", "geo_city": "臺北市", "nearest_estimate_min": 8.5}}, {"type": "Feature", "geometry": {"type": "Point", "coordinates": [121.573515, 25.02753]}, "properties": {"stop_name": "信義快速道路(虛擬站不停靠)", "district": "信義區", "geo_city": "臺北市", "nearest_estimate_min": 12.9}}, {"type": "Feature", "geometry": {"type": "Point", "coordinates": [121.509122, 25.0292922]}, "properties": {"stop_name": "三元南海路口", "district": "中正區", "geo_city": "臺北市", "nearest_estimate_min": 30.8}}, {"type": "Feature", "geometry": {"type": "Point", "coordinates": [121.59552, 25.019163]}, "properties": {"stop_name": "下寮橋", "district": "南港區", "geo_city": "臺北市", "nearest_estimate_min": -1.0}}, {"type": "Feature", "geometry": {"type": "Point", "coordinates": [121.580495, 25.058297]}, "properties": {"stop_name": "潭美國小(舊宗)", "district": "內湖區", "geo_city": "臺北市", "nearest_estimate_min": 3.7}}, {"type": "Feature", "geometry": {"type": "Point", "coordinates": [121.490827, 25.03162]}, "properties": {"stop_name": "大理高中", "district": "萬華區", "geo_city": "臺北市", "nearest_estimate_min": 13.7}}, {"type": "Feature", "geometry": {"type": "Point", "coordinates": [121.56061, 25.00544]}, "properties": {"stop_name": "靈糧山莊", "district": "文山區", "geo_city": "臺北市", "nearest_estimate_min": -1.0}}, {"type": "Feature", "geometry": {"type": "Point", "coordinates": [121.549636, 25.151372]}, "properties": {"stop_name": "中山樓", "district": "北投區", "geo_city": "臺北市", "nearest_estimate_min": 8.3}}, {"type": "Feature", "geometry": {"type": "Point", "coordinates": [121.506324, 25.14066656]}, "properties": {"stop_name": "雅敘園", "district": "北投區", "geo_city": "臺北市", "nearest_estimate_min": -1.0}}, {"type": "Feature", "geometry": {"type": "Point", "coordinates": [121.5407637, 24.98908381]}, "properties": {"stop_name": "景美國小(景文)", "district": "文山區", "geo_city": "臺北市", "nearest_estimate_min": 6.2}}, {"type": "Feature", "geometry": {"type": "Point", "coordinates": [121.5701829379833, 24.99161145656871]}, "properties": {"stop_name": "木柵國小", "district": "文山區", "geo_city": "臺北市", "nearest_estimate_min": 15.7}}, {"type": "Feature", "geometry": {"type": "Point", "coordinates": [121.5091439, 25.0298392]}, "properties": {"stop_name": "三元街口", "district": "中正區", "geo_city": "臺北市", "nearest_estimate_min": -1.0}}, {"type": "Feature", "geometry": {"type": "Point", "coordinates": [121.5293, 25.04879]}, "properties": {"stop_name": "長安新生北路口", "district": "中山區", "geo_city": "臺北市", "nearest_estimate_min": 33.6}}, {"type": "Feature", "geometry": {"type": "Point", "coordinates": [121.543626, 25.042319]}, "properties": {"stop_name": "捷運忠孝復興站", "district": "大安區", "geo_city": "臺北市", "nearest_estimate_min": 4.1}}, {"type": "Feature", "geometry": {"type": "Point", "coordinates": [121.51317492694037, 25.04555817012959]}, "properties": {"stop_name": "重慶南路一段", "district": "中正區", "geo_city": "臺北市", "nearest_estimate_min": 10.1}}, {"type": "Feature", "geometry": {"type": "Point", "coordinates": [121.56, 25.0055]}, "properties": {"stop_name": "靈糧山莊", "district": "文山區", "geo_city": "臺北市", "nearest_estimate_min": 18.0}}, {"type": "Feature", "geometry": {"type": "Point", "coordinates": [121.538470307254, 25.0076706783786]}, "properties": {"stop_name": "師大分部", "district": "文山區", "geo_city": "臺北市", "nearest_estimate_min": 1.4}}, {"type": "Feature", "geometry": {"type": "Point", "coordinates": [121.539154243763, 25.0255275256686]}, "properties": {"stop_name": "龍門國中(和平)", "district": "大安區", "geo_city": "臺北市", "nearest_estimate_min": 1.7}}, {"type": "Feature", "geometry": {"type": "Point", "coordinates": [121.545343325676, 25.0246033941802]}, "properties": {"stop_name": "國立臺北教育大學", "district": "大安區", "geo_city": "臺北市", "nearest_estimate_min": 3.0}}, {"type": "Feature", "geometry": {"type": "Point", "coordinates": [121.504679, 25.13111]}, "properties": {"stop_name": "福安宮", "district": "北投區", "geo_city": "臺北市", "nearest_estimate_min": -1.0}}, {"type": "Feature", "geometry": {"type": "Point", "coordinates": [121.5674816, 25.07803318]}, "properties": {"stop_name": "金泰公園", "district": "內湖區", "geo_city": "臺北市", "nearest_estimate_min": 9.1}}, {"type": "Feature", "geometry": {"type": "Point", "coordinates": [121.565884872161, 25.0821974042872]}, "properties": {"stop_name": "捷運西湖站", "district": "內湖區", "geo_city": "臺北市", "nearest_estimate_min": 6.5}}, {"type": "Feature", "geometry": {"type": "Point", "coordinates": [121.568464, 25.02881]}, "properties": {"stop_name": "信義國中(松仁)", "district": "信義區", "geo_city": "臺北市", "nearest_estimate_min": 3.5}}, {"type": "Feature", "geometry": {"type": "Point", "coordinates": [121.5149159, 25.05716475]}, "properties": {"stop_name": "靜修高中", "district": "大同區", "geo_city": "臺北市", "nearest_estimate_min": -1.0}}, {"type": "Feature", "geometry": {"type": "Point", "coordinates": [121.5576, 25.03663]}, "properties": {"stop_name": "市民住宅", "district": "信義區", "geo_city": "臺北市", "nearest_estimate_min": 15.3}}, {"type": "Feature", "geometry": {"type": "Point", "coordinates": [121.52225, 25.14767]}, "properties": {"stop_name": "十八份福德宮", "district": "北投區", "geo_city": "臺北市", "nearest_estimate_min": 4.1}}, {"type": "Feature", "geometry": {"type": "Point", "coordinates": [121.58108, 25.05082]}, "properties": {"stop_name": "玉成里", "district": "南港區", "geo_city": "臺北市", "nearest_estimate_min": 2.5}}, {"type": "Feature", "geometry": {"type": "Point", "coordinates": [121.523591, 25.105781]}, "properties": {"stop_name": "中山北路口(德行)", "district": "士林區", "geo_city": "臺北市", "nearest_estimate_min": -1.0}}, {"type": "Feature", "geometry": {"type": "Point", "coordinates": [121.600182, 25.08453]}, "properties": {"stop_name": "大湖", "district": "內湖區", "geo_city": "臺北市", "nearest_estimate_min": 2.6}}, {"type": "Feature", "geometry": {"type": "Point", "coordinates": [121.58301, 25.00261]}, "properties": {"stop_name": "石壁坑", "district": "文山區", "geo_city": "臺北市", "nearest_estimate_min": 0.6}}, {"type": "Feature", "geometry": {"type": "Point", "coordinates": [121.55568, 24.980335]}, "properties": {"stop_name": "景美女中", "district": "文山區", "geo_city": "臺北市", "nearest_estimate_min": 3.5}}, {"type": "Feature", "geometry": {"type": "Point", "coordinates": [121.5465825, 25.13875593]}, "properties": {"stop_name": "文化大學", "district": "士林區", "geo_city": "臺北市", "nearest_estimate_min": 3.6}}, {"type": "Feature", "geometry": {"type": "Point", "coordinates": [121.555797991874, 25.0004051038435]}, "properties": {"stop_name": "中國科技大學(興隆)", "district": "文山區", "geo_city": "臺北市", "nearest_estimate_min": 4.0}}, {"type": "Feature", "geometry": {"type": "Point", "coordinates": [121.5634, 25.0575]}, "properties": {"stop_name": "三民路", "district": "松山區", "geo_city": "臺北市", "nearest_estimate_min": 1.7}}, {"type": "Feature", "geometry": {"type": "Point", "coordinates": [121.547857179972, 25.0123637912986]}, "properties": {"stop_name": "芳蘭山莊", "district": "大安區", "geo_city": "臺北市", "nearest_estimate_min": -1.0}}, {"type": "Feature", "geometry": {"type": "Point", "coordinates": [121.533231, 25.123911]}, "properties": {"stop_name": "天母圖書館", "district": "士林區", "geo_city": "臺北市", "nearest_estimate_min": -1.0}}, {"type": "Feature", "geometry": {"type": "Point", "coordinates": [121.53921450721282, 25.041847778405945]}, "properties": {"stop_name": "正義郵局", "district": "大安區", "geo_city": "臺北市", "nearest_estimate_min": 8.4}}, {"type": "Feature", "geometry": {"type": "Point", "coordinates": [121.57538, 25.11835]}, "properties": {"stop_name": "礁坑", "district": "士林區", "geo_city": "臺北市", "nearest_estimate_min": -1.0}}, {"type": "Feature", "geometry": {"type": "Point", "coordinates": [121.5228117, 25.04313405]}, "properties": {"stop_name": "成功中學(林森)", "district": "中正區", "geo_city": "臺北市", "nearest_estimate_min": -1.0}}, {"type": "Feature", "geometry": {"type": "Point", "coordinates": [121.55912, 25.1484]}, "properties": {"stop_name": "菁山五", "district": "士林區", "geo_city": "臺北市", "nearest_estimate_min": -1.0}}, {"type": "Feature", "geometry": {"type": "Point", "coordinates": [121.577745, 25.11709014]}, "properties": {"stop_name": "內雙溪自然中心", "district": "士林區", "geo_city": "臺北市", "nearest_estimate_min": -1.0}}, {"type": "Feature", "geometry": {"type": "Point", "coordinates": [121.545738, 25.03784]}, "properties": {"stop_name": "仁愛大安路口(仁愛醫院)", "district": "大安區", "geo_city": "臺北市", "nearest_estimate_min": 3.6}}, {"type": "Feature", "geometry": {"type": "Point", "coordinates": [121.5092776, 25.05025178]}, "properties": {"stop_name": "聯合醫院中興院區", "district": "大同區", "geo_city": "臺北市", "nearest_estimate_min": 10.3}}, {"type": "Feature", "geometry": {"type": "Point", "coordinates": [121.53452, 25.10132]}, "properties": {"stop_name": "芝山公園", "district": "士林區", "geo_city": "臺北市", "nearest_estimate_min": -1.0}}, {"type": "Feature", "geometry": {"type": "Point", "coordinates": [121.527205, 25.101235]}, "properties": {"stop_name": "芝山抽水站", "district": "士林區", "geo_city": "臺北市", "nearest_estimate_min": -1.0}}, {"type": "Feature", "geometry": {"type": "Point", "coordinates": [121.55150423663828, 25.01926507278785]}, "properties": {"stop_name": "黎明社教中心", "district": "大安區", "geo_city": "臺北市", "nearest_estimate_min": -1.0}}, {"type": "Feature", "geometry": {"type": "Point", "coordinates": [121.520183, 25.150059]}, "properties": {"stop_name": "中正山登山口", "district": "北投區", "geo_city": "臺北市", "nearest_estimate_min": -1.0}}, {"type": "Feature", "geometry": {"type": "Point", "coordinates": [121.54965081795456, 25.14067928068319]}, "properties": {"stop_name": "磺溪底", "district": "士林區", "geo_city": "臺北市", "nearest_estimate_min": 5.4}}, {"type": "Feature", "geometry": {"type": "Point", "coordinates": [121.52138, 25.14381]}, "properties": {"stop_name": "彌陀寺(硫磺谷)", "district": "北投區", "geo_city": "臺北市", "nearest_estimate_min": 1.7}}, {"type": "Feature", "geometry": {"type": "Point", "coordinates": [121.5434997, 25.02208456]}, "properties": {"stop_name": "大安健康服務中心", "district": "大安區", "geo_city": "臺北市", "nearest_estimate_min": 11.9}}, {"type": "Feature", "geometry": {"type": "Point", "coordinates": [121.616119, 25.048866]}, "properties": {"stop_name": "六福公園", "district": "南港區", "geo_city": "臺北市", "nearest_estimate_min": -1.0}}, {"type": "Feature", "geometry": {"type": "Point", "coordinates": [121.5239878, 25.06857831]}, "properties": {"stop_name": "大同大學", "district": "中山區", "geo_city": "臺北市", "nearest_estimate_min": -1.0}}, {"type": "Feature", "geometry": {"type": "Point", "coordinates": [121.55578, 25.06188]}, "properties": {"stop_name": "中華航空", "district": "松山區", "geo_city": "臺北市", "nearest_estimate_min": 3.4}}, {"type": "Feature", "geometry": {"type": "Point", "coordinates": [121.6145567, 25.05311326]}, "properties": {"stop_name": "國家文官學院", "district": "南港區", "geo_city": "臺北市", "nearest_estimate_min": 7.6}}, {"type": "Feature", "geometry": {"type": "Point", "coordinates": [121.496094355207, 25.0171711735736]}, "properties": {"stop_name": "華中河濱公園", "district": "萬華區", "geo_city": "臺北市", "nearest_estimate_min": 14.5}}, {"type": "Feature", "geometry": {"type": "Point", "coordinates": [121.52572, 25.06352]}, "properties": {"stop_name": "中山國小", "district": "中山區", "geo_city": "臺北市", "nearest_estimate_min": -1.0}}, {"type": "Feature", "geometry": {"type": "Point", "coordinates": [121.552018, 25.013528]}, "properties": {"stop_name": "臺北市懷愛館(內部)", "district": "大安區", "geo_city": "臺北市", "nearest_estimate_min": -1.0}}, {"type": "Feature", "geometry": {"type": "Point", "coordinates": [121.574481, 25.05953872]}, "properties": {"stop_name": "新湖二路民善街口", "district": "內湖區", "geo_city": "臺北市", "nearest_estimate_min": -1.0}}, {"type": "Feature", "geometry": {"type": "Point", "coordinates": [121.55737, 25.10712]}, "properties": {"stop_name": "劍南橋", "district": "士林區", "geo_city": "臺北市", "nearest_estimate_min": 7.1}}, {"type": "Feature", "geometry": {"type": "Point", "coordinates": [121.569393769344, 25.0577179708185]}, "properties": {"stop_name": "新東里", "district": "松山區", "geo_city": "臺北市", "nearest_estimate_min": 2.9}}, {"type": "Feature", "geometry": {"type": "Point", "coordinates": [121.577715906746, 25.0554380798046]}, "properties": {"stop_name": "麥帥一橋", "district": "內湖區", "geo_city": "臺北市", "nearest_estimate_min": 5.0}}, {"type": "Feature", "geometry": {"type": "Point", "coordinates": [121.5657277, 25.06530387]}, "properties": {"stop_name": "莊敬里", "district": "松山區", "geo_city": "臺北市", "nearest_estimate_min": 1.2}}, {"type": "Feature", "geometry": {"type": "Point", "coordinates": [121.54960015536507, 25.149638967548405]}, "properties": {"stop_name": "錫安堂", "district": "士林區", "geo_city": "臺北市", "nearest_estimate_min": 7.7}}, {"type": "Feature", "geometry": {"type": "Point", "coordinates": [121.5409163, 25.04701628]}, "properties": {"stop_name": "中影八德大樓", "district": "中山區", "geo_city": "臺北市", "nearest_estimate_min": -1.0}}, {"type": "Feature", "geometry": {"type": "Point", "coordinates": [121.5258353, 25.06698732]}, "properties": {"stop_name": "景福宮", "district": "中山區", "geo_city": "臺北市", "nearest_estimate_min": -1.0}}, {"type": "Feature", "geometry": {"type": "Point", "coordinates": [121.527191, 25.101325]}, "properties": {"stop_name": "芝山抽水站", "district": "士林區", "geo_city": "臺北市", "nearest_estimate_min": 11.1}}, {"type": "Feature", "geometry": {"type": "Point", "coordinates": [121.5083, 25.04252]}, "properties": {"stop_name": "捷運西門站", "district": "中正區", "geo_city": "臺北市", "nearest_estimate_min": 13.3}}, {"type": "Feature", "geometry": {"type": "Point", "coordinates": [121.53949, 25.14409]}, "properties": {"stop_name": "頂半嶺", "district": "北投區", "geo_city": "臺北市", "nearest_estimate_min": 2.7}}, {"type": "Feature", "geometry": {"type": "Point", "coordinates": [121.47679, 25.134208]}, "properties": {"stop_name": "桃源國中", "district": "北投區", "geo_city": "臺北市", "nearest_estimate_min": 33.7}}, {"type": "Feature", "geometry": {"type": "Point", "coordinates": [121.538530831111, 25.0120963546845]}, "properties": {"stop_name": "公館", "district": "大安區", "geo_city": "臺北市", "nearest_estimate_min": 0.8}}, {"type": "Feature", "geometry": {"type": "Point", "coordinates": [121.616456, 25.054699]}, "properties": {"stop_name": "南港展覽館", "district": "南港區", "geo_city": "臺北市", "nearest_estimate_min": 2.2}}, {"type": "Feature", "geometry": {"type": "Point", "coordinates": [121.550883391345, 25.0377212341364]}, "properties": {"stop_name": "仁愛安和路口", "district": "大安區", "geo_city": "臺北市", "nearest_estimate_min": 17.9}}, {"type": "Feature", "geometry": {"type": "Point", "coordinates": [121.482299756251, 25.1370484098258]}, "properties": {"stop_name": "中央北路三段", "district": "北投區", "geo_city": "臺北市", "nearest_estimate_min": 32.1}}, {"type": "Feature", "geometry": {"type": "Point", "coordinates": [121.5927116, 25.12203493]}, "properties": {"stop_name": "帕米爾公園", "district": "士林區", "geo_city": "臺北市", "nearest_estimate_min": -1.0}}, {"type": "Feature", "geometry": {"type": "Point", "coordinates": [121.528123, 25.126212]}, "properties": {"stop_name": "磺溪", "district": "北投區", "geo_city": "臺北市", "nearest_estimate_min": 38.9}}, {"type": "Feature", "geometry": {"type": "Point", "coordinates": [121.56821, 25.10687]}, "properties": {"stop_name": "雙溪站二", "district": "士林區", "geo_city": "臺北市", "nearest_estimate_min": 12.3}}, {"type": "Feature", "geometry": {"type": "Point", "coordinates": [121.500615375179, 25.031831103587]}, "properties": {"stop_name": "莒光路口", "district": "萬華區", "geo_city": "臺北市", "nearest_estimate_min": 3.7}}, {"type": "Feature", "geometry": {"type": "Point", "coordinates": [121.5525641, 25.05792823]}, "properties": {"stop_name": "公教住宅", "district": "松山區", "geo_city": "臺北市", "nearest_estimate_min": 5.6}}, {"type": "Feature", "geometry": {"type": "Point", "coordinates": [121.50533, 25.04463]}, "properties": {"stop_name": "市立中醫醫院", "district": "萬華區", "geo_city": "臺北市", "nearest_estimate_min": 4.8}}, {"type": "Feature", "geometry": {"type": "Point", "coordinates": [121.6000154, 25.08478664]}, "properties": {"stop_name": "大湖", "district": "內湖區", "geo_city": "臺北市", "nearest_estimate_min": 29.0}}, {"type": "Feature", "geometry": {"type": "Point", "coordinates": [121.568466333241, 25.0120759666352]}, "properties": {"stop_name": "清水祖師廟", "district": "信義區", "geo_city": "臺北市", "nearest_estimate_min": -1.0}}, {"type": "Feature", "geometry": {"type": "Point", "coordinates": [121.5664817, 25.04423486]}, "properties": {"stop_name": "松山高中(基隆路)", "district": "信義區", "geo_city": "臺北市", "nearest_estimate_min": 13.2}}, {"type": "Feature", "geometry": {"type": "Point", "coordinates": [121.537579799115, 25.1018780140349]}, "properties": {"stop_name": "岩山里", "district": "士林區", "geo_city": "臺北市", "nearest_estimate_min": 8.7}}, {"type": "Feature", "geometry": {"type": "Point", "coordinates": [121.59638478301, 25.0845601194501]}, "properties": {"stop_name": "金龍里", "district": "內湖區", "geo_city": "臺北市", "nearest_estimate_min": 31.0}}, {"type": "Feature", "geometry": {"type": "Point", "coordinates": [121.579711, 24.986063]}, "properties": {"stop_name": "小坑口(北政國中)", "district": "文山區", "geo_city": "臺北市", "nearest_estimate_min": 13.5}}, {"type": "Feature", "geometry": {"type": "Point", "coordinates": [121.50256846263959, 25.13489933134952]}, "properties": {"stop_name": "第一銀行", "district": "北投區", "geo_city": "臺北市", "nearest_estimate_min": 4.0}}, {"type": "Feature", "geometry": {"type": "Point", "coordinates": [121.466052497879, 25.1187984003072]}, "properties": {"stop_name": "敬老院", "district": "北投區", "geo_city": "臺北市", "nearest_estimate_min": -1.0}}, {"type": "Feature", "geometry": {"type": "Point", "coordinates": [121.568984, 25.032648]}, "properties": {"stop_name": "捷運象山站", "district": "信義區", "geo_city": "臺北市", "nearest_estimate_min": 0.6}}, {"type": "Feature", "geometry": {"type": "Point", "coordinates": [121.5531, 25.110263]}, "properties": {"stop_name": "指福宮", "district": "士林區", "geo_city": "臺北市", "nearest_estimate_min": -1.0}}, {"type": "Feature", "geometry": {"type": "Point", "coordinates": [121.5663295, 25.0591755]}, "properties": {"stop_name": "新東街口", "district": "松山區", "geo_city": "臺北市", "nearest_estimate_min": 15.3}}, {"type": "Feature", "geometry": {"type": "Point", "coordinates": [121.554342, 25.123202]}, "properties": {"stop_name": "聚會所", "district": "士林區", "geo_city": "臺北市", "nearest_estimate_min": -1.0}}, {"type": "Feature", "geometry": {"type": "Point", "coordinates": [121.5410055, 25.06578312]}, "properties": {"stop_name": "行仁里", "district": "中山區", "geo_city": "臺北市", "nearest_estimate_min": -1.0}}, {"type": "Feature", "geometry": {"type": "Point", "coordinates": [121.55075149283692, 25.016039021546764]}, "properties": {"stop_name": "青峰活動中心", "district": "大安區", "geo_city": "臺北市", "nearest_estimate_min": 9.1}}, {"type": "Feature", "geometry": {"type": "Point", "coordinates": [121.53656, 25.05454]}, "properties": {"stop_name": "長春國小", "district": "中山區", "geo_city": "臺北市", "nearest_estimate_min": -1.0}}, {"type": "Feature", "geometry": {"type": "Point", "coordinates": [121.525083045325, 25.0214728907771]}, "properties": {"stop_name": "水源路口", "district": "中正區", "geo_city": "臺北市", "nearest_estimate_min": 13.8}}, {"type": "Feature", "geometry": {"type": "Point", "coordinates": [121.497718, 25.03244]}, "properties": {"stop_name": "西園29服飾基地", "district": "萬華區", "geo_city": "臺北市", "nearest_estimate_min": 8.9}}, {"type": "Feature", "geometry": {"type": "Point", "coordinates": [121.508285900629, 25.041730058378]}, "properties": {"stop_name": "捷運西門站", "district": "中正區", "geo_city": "臺北市", "nearest_estimate_min": 1.4}}, {"type": "Feature", "geometry": {"type": "Point", "coordinates": [121.512006, 25.05089]}, "properties": {"stop_name": "延平鄭州路口", "district": "大同區", "geo_city": "臺北市", "nearest_estimate_min": 4.4}}, {"type": "Feature", "geometry": {"type": "Point", "coordinates": [121.5398, 25.1112]}, "properties": {"stop_name": "忠孝新村", "district": "士林區", "geo_city": "臺北市", "nearest_estimate_min": 19.3}}, {"type": "Feature", "geometry": {"type": "Point", "coordinates": [121.556044429017, 25.058415078013]}, "properties": {"stop_name": "介壽國中", "district": "松山區", "geo_city": "臺北市", "nearest_estimate_min": 15.7}}, {"type": "Feature", "geometry": {"type": "Point", "coordinates": [121.52254, 25.0417]}, "properties": {"stop_name": "開南中學", "district": "中正區", "geo_city": "臺北市", "nearest_estimate_min": -1.0}}, {"type": "Feature", "geometry": {"type": "Point", "coordinates": [121.542701, 24.98977]}, "properties": {"stop_name": "景美國小(景興)", "district": "文山區", "geo_city": "臺北市", "nearest_estimate_min": -1.0}}, {"type": "Feature", "geometry": {"type": "Point", "coordinates": [121.498191201655, 25.1434882184522]}, "properties": {"stop_name": "國泰新村", "district": "北投區", "geo_city": "臺北市", "nearest_estimate_min": 4.9}}, {"type": "Feature", "geometry": {"type": "Point", "coordinates": [121.5501916, 25.02553767]}, "properties": {"stop_name": "全安里", "district": "大安區", "geo_city": "臺北市", "nearest_estimate_min": 2.3}}, {"type": "Feature", "geometry": {"type": "Point", "coordinates": [121.4991404, 25.10681759]}, "properties": {"stop_name": "洲美宮", "district": "北投區", "geo_city": "臺北市", "nearest_estimate_min": -1.0}}, {"type": "Feature", "geometry": {"type": "Point", "coordinates": [121.4660392, 25.12908362]}, "properties": {"stop_name": "北藝大校門口", "district": "北投區", "geo_city": "臺北市", "nearest_estimate_min": -1.0}}, {"type": "Feature", "geometry": {"type": "Point", "coordinates": [121.533909, 24.99285]}, "properties": {"stop_name": "水源快速道路(虛擬站不停靠)", "district": "文山區", "geo_city": "臺北市", "nearest_estimate_min": 1.8}}, {"type": "Feature", "geometry": {"type": "Point", "coordinates": [121.4926, 25.13812]}, "properties": {"stop_name": "復興崗", "district": "北投區", "geo_city": "臺北市", "nearest_estimate_min": 12.6}}, {"type": "Feature", "geometry": {"type": "Point", "coordinates": [121.60712, 25.05433]}, "properties": {"stop_name": "南港行政中心", "district": "南港區", "geo_city": "臺北市", "nearest_estimate_min": 0.0}}, {"type": "Feature", "geometry": {"type": "Point", "coordinates": [121.467024, 25.125124]}, "properties": {"stop_name": "捷運關渡站", "district": "北投區", "geo_city": "臺北市", "nearest_estimate_min": 8.2}}, {"type": "Feature", "geometry": {"type": "Point", "coordinates": [121.5157, 25.029828]}, "properties": {"stop_name": "自來水西分處(寧波)", "district": "中正區", "geo_city": "臺北市", "nearest_estimate_min": 1.0}}, {"type": "Feature", "geometry": {"type": "Point", "coordinates": [121.530302, 25.060532]}, "properties": {"stop_name": "錦州街口", "district": "中山區", "geo_city": "臺北市", "nearest_estimate_min": 41.4}}, {"type": "Feature", "geometry": {"type": "Point", "coordinates": [121.548486903395, 25.0323779291193]}, "properties": {"stop_name": "大安國中", "district": "大安區", "geo_city": "臺北市", "nearest_estimate_min": 9.7}}, {"type": "Feature", "geometry": {"type": "Point", "coordinates": [121.580961552542, 24.981690857565898]}, "properties": {"stop_name": "水鋼琴社區", "district": "文山區", "geo_city": "臺北市", "nearest_estimate_min": 11.7}}, {"type": "Feature", "geometry": {"type": "Point", "coordinates": [121.576485, 25.067523]}, "properties": {"stop_name": "瑞湖街口", "district": "內湖區", "geo_city": "臺北市", "nearest_estimate_min": -1.0}}, {"type": "Feature", "geometry": {"type": "Point", "coordinates": [121.537595, 25.146681]}, "properties": {"stop_name": "吳厝一(橫嶺古道口)", "district": "北投區", "geo_city": "臺北市", "nearest_estimate_min": 0.9}}, {"type": "Feature", "geometry": {"type": "Point", "coordinates": [121.512460699406, 25.1407885943507]}, "properties": {"stop_name": "林泉里", "district": "北投區", "geo_city": "臺北市", "nearest_estimate_min": -1.0}}, {"type": "Feature", "geometry": {"type": "Point", "coordinates": [121.50941, 25.03918]}, "properties": {"stop_name": "東吳大學城中校區", "district": "中正區", "geo_city": "臺北市", "nearest_estimate_min": 5.0}}, {"type": "Feature", "geometry": {"type": "Point", "coordinates": [121.51548, 25.03348]}, "properties": {"stop_name": "南門", "district": "中正區", "geo_city": "臺北市", "nearest_estimate_min": 1.2}}, {"type": "Feature", "geometry": {"type": "Point", "coordinates": [121.466749861173, 25.127279761103]}, "properties": {"stop_name": "關渡國小(臺北城市科技大學)", "district": "北投區", "geo_city": "臺北市", "nearest_estimate_min": 37.4}}, {"type": "Feature", "geometry": {"type": "Point", "coordinates": [121.4831859, 25.10591285]}, "properties": {"stop_name": "富安國小", "district": "士林區", "geo_city": "臺北市", "nearest_estimate_min": 25.8}}, {"type": "Feature", "geometry": {"type": "Point", "coordinates": [121.578206062017, 25.0498061943222]}, "properties": {"stop_name": "松山車站", "district": "松山區", "geo_city": "臺北市", "nearest_estimate_min": 2.4}}, {"type": "Feature", "geometry": {"type": "Point", "coordinates": [121.497011, 25.144571]}, "properties": {"stop_name": "慈航寺", "district": "北投區", "geo_city": "臺北市", "nearest_estimate_min": -1.0}}, {"type": "Feature", "geometry": {"type": "Point", "coordinates": [121.4898, 25.03054]}, "properties": {"stop_name": "綜合市場", "district": "萬華區", "geo_city": "臺北市", "nearest_estimate_min": -1.0}}, {"type": "Feature", "geometry": {"type": "Point", "coordinates": [121.614669, 25.096743]}, "properties": {"stop_name": "內溝", "district": "內湖區", "geo_city": "臺北市", "nearest_estimate_min": -1.0}}, {"type": "Feature", "geometry": {"type": "Point", "coordinates": [121.579664080453, 24.983627]}, "properties": {"stop_name": "三角公園", "district": "文山區", "geo_city": "臺北市", "nearest_estimate_min": 11.1}}, {"type": "Feature", "geometry": {"type": "Point", "coordinates": [121.517416, 25.030967]}, "properties": {"stop_name": "南昌路", "district": "中正區", "geo_city": "臺北市", "nearest_estimate_min": 1.4}}, {"type": "Feature", "geometry": {"type": "Point", "coordinates": [121.5169404, 25.05028861]}, "properties": {"stop_name": "臺北車站(承德)", "district": "大同區", "geo_city": "臺北市", "nearest_estimate_min": -1.0}}, {"type": "Feature", "geometry": {"type": "Point", "coordinates": [121.5172909, 25.10582899]}, "properties": {"stop_name": "中正高中", "district": "北投區", "geo_city": "臺北市", "nearest_estimate_min": -1.0}}, {"type": "Feature", "geometry": {"type": "Point", "coordinates": [121.61381, 25.07792]}, "properties": {"stop_name": "安泰橋", "district": "內湖區", "geo_city": "臺北市", "nearest_estimate_min": -1.0}}, {"type": "Feature", "geometry": {"type": "Point", "coordinates": [121.564943, 25.051276]}, "properties": {"stop_name": "南京公寓(捷運南京三民)", "district": "松山區", "geo_city": "臺北市", "nearest_estimate_min": 20.2}}, {"type": "Feature", "geometry": {"type": "Point", "coordinates": [121.530202, 25.052832]}, "properties": {"stop_name": "吉林國小", "district": "中山區", "geo_city": "臺北市", "nearest_estimate_min": -1.0}}, {"type": "Feature", "geometry": {"type": "Point", "coordinates": [121.57826047278162, 25.036935176419046]}, "properties": {"stop_name": "松山商職(松山)", "district": "信義區", "geo_city": "臺北市", "nearest_estimate_min": 0.5}}, {"type": "Feature", "geometry": {"type": "Point", "coordinates": [121.55701, 25.13176]}, "properties": {"stop_name": "燒庚寮", "district": "士林區", "geo_city": "臺北市", "nearest_estimate_min": -1.0}}, {"type": "Feature", "geometry": {"type": "Point", "coordinates": [121.5178621, 25.14275949]}, "properties": {"stop_name": "泉源別墅", "district": "北投區", "geo_city": "臺北市", "nearest_estimate_min": -1.0}}, {"type": "Feature", "geometry": {"type": "Point", "coordinates": [121.5383134, 25.05803455]}, "properties": {"stop_name": "合江街口", "district": "中山區", "geo_city": "臺北市", "nearest_estimate_min": -1.0}}, {"type": "Feature", "geometry": {"type": "Point", "coordinates": [121.513611, 25.10151339]}, "properties": {"stop_name": "福國承信路口", "district": "北投區", "geo_city": "臺北市", "nearest_estimate_min": -1.0}}, {"type": "Feature", "geometry": {"type": "Point", "coordinates": [121.5454361401492, 25.012752506077483]}, "properties": {"stop_name": "芳蘭路", "district": "大安區", "geo_city": "臺北市", "nearest_estimate_min": 12.0}}, {"type": "Feature", "geometry": {"type": "Point", "coordinates": [121.5266532, 25.12292985]}, "properties": {"stop_name": "天北站", "district": "士林區", "geo_city": "臺北市", "nearest_estimate_min": -1.0}}, {"type": "Feature", "geometry": {"type": "Point", "coordinates": [121.5370488, 25.06614272]}, "properties": {"stop_name": "臺北漁市", "district": "中山區", "geo_city": "臺北市", "nearest_estimate_min": -1.0}}, {"type": "Feature", "geometry": {"type": "Point", "coordinates": [121.5194187508788, 25.08661552501962]}, "properties": {"stop_name": "前港公園", "district": "士林區", "geo_city": "臺北市", "nearest_estimate_min": -1.0}}, {"type": "Feature", "geometry": {"type": "Point", "coordinates": [121.5526047, 24.99796724]}, "properties": {"stop_name": "懷恩隧道", "district": "文山區", "geo_city": "臺北市", "nearest_estimate_min": 7.8}}, {"type": "Feature", "geometry": {"type": "Point", "coordinates": [121.58686, 24.97012]}, "properties": {"stop_name": "田寮橋", "district": "文山區", "geo_city": "臺北市", "nearest_estimate_min": -1.0}}, {"type": "Feature", "geometry": {"type": "Point", "coordinates": [121.573795, 25.183977]}, "properties": {"stop_name": "下七股(花藝村溫泉會館)", "district": "士林區", "geo_city": "臺北市", "nearest_estimate_min": -1.0}}, {"type": "Feature", "geometry": {"type": "Point", "coordinates": [121.57514012830093, 25.033870235708875]}, "properties": {"stop_name": "國稅局宿舍", "district": "信義區", "geo_city": "臺北市", "nearest_estimate_min": 0.6}}, {"type": "Feature", "geometry": {"type": "Point", "coordinates": [121.55702271100921, 24.99980928226642]}, "properties": {"stop_name": "捷運萬芳醫院站", "district": "文山區", "geo_city": "臺北市", "nearest_estimate_min": 58.4}}, {"type": "Feature", "geometry": {"type": "Point", "coordinates": [121.5113712, 25.06155982]}, "properties": {"stop_name": "臺北橋", "district": "大同區", "geo_city": "臺北市", "nearest_estimate_min": 4.5}}, {"type": "Feature", "geometry": {"type": "Point", "coordinates": [121.586162, 25.012518]}, "properties": {"stop_name": "富德公墓14區", "district": "文山區", "geo_city": "臺北市", "nearest_estimate_min": -1.0}}, {"type": "Feature", "geometry": {"type": "Point", "coordinates": [121.513516380874, 25.0633249732882]}, "properties": {"stop_name": "捷運大橋頭站", "district": "大同區", "geo_city": "臺北市", "nearest_estimate_min": 5.2}}, {"type": "Feature", "geometry": {"type": "Point", "coordinates": [121.5341124, 25.02164507]}, "properties": {"stop_name": "臺大綜合體育館", "district": "大安區", "geo_city": "臺北市", "nearest_estimate_min": -1.0}}, {"type": "Feature", "geometry": {"type": "Point", "coordinates": [121.5259734, 25.04871037]}, "properties": {"stop_name": "長安林森路口", "district": "中山區", "geo_city": "臺北市", "nearest_estimate_min": -1.0}}, {"type": "Feature", "geometry": {"type": "Point", "coordinates": [121.50499126498305, 25.03268103989999]}, "properties": {"stop_name": "大埔街", "district": "中正區", "geo_city": "臺北市", "nearest_estimate_min": 2.1}}, {"type": "Feature", "geometry": {"type": "Point", "coordinates": [121.552557, 25.031516]}, "properties": {"stop_name": "文昌街口", "district": "大安區", "geo_city": "臺北市", "nearest_estimate_min": 5.2}}, {"type": "Feature", "geometry": {"type": "Point", "coordinates": [121.579639, 25.058701]}, "properties": {"stop_name": "舊宗路一段(行善)", "district": "內湖區", "geo_city": "臺北市", "nearest_estimate_min": 6.4}}, {"type": "Feature", "geometry": {"type": "Point", "coordinates": [121.5496186, 25.06158785]}, "properties": {"stop_name": "民權東路口", "district": "松山區", "geo_city": "臺北市", "nearest_estimate_min": 10.5}}, {"type": "Feature", "geometry": {"type": "Point", "coordinates": [121.607245, 25.05226]}, "properties": {"stop_name": "捷運南港站", "district": "南港區", "geo_city": "臺北市", "nearest_estimate_min": 9.3}}, {"type": "Feature", "geometry": {"type": "Point", "coordinates": [121.5368362, 25.002041]}, "properties": {"stop_name": "萬和公園", "district": "文山區", "geo_city": "臺北市", "nearest_estimate_min": -1.0}}, {"type": "Feature", "geometry": {"type": "Point", "coordinates": [121.506437964545, 25.0273435686053]}, "properties": {"stop_name": "中華南海路口", "district": "萬華區", "geo_city": "臺北市", "nearest_estimate_min": 1.6}}, {"type": "Feature", "geometry": {"type": "Point", "coordinates": [121.53973, 25.11119]}, "properties": {"stop_name": "忠孝新村", "district": "士林區", "geo_city": "臺北市", "nearest_estimate_min": -1.0}}, {"type": "Feature", "geometry": {"type": "Point", "coordinates": [121.532532, 25.132463]}, "properties": {"stop_name": "猴洞產業道路", "district": "士林區", "geo_city": "臺北市", "nearest_estimate_min": -1.0}}, {"type": "Feature", "geometry": {"type": "Point", "coordinates": [121.52587, 25.01996]}, "properties": {"stop_name": "客家文化主題公園", "district": "中正區", "geo_city": "臺北市", "nearest_estimate_min": 9.6}}, {"type": "Feature", "geometry": {"type": "Point", "coordinates": [121.522214, 25.04161112]}, "properties": {"stop_name": "開南中學", "district": "中正區", "geo_city": "臺北市", "nearest_estimate_min": 5.4}}, {"type": "Feature", "geometry": {"type": "Point", "coordinates": [121.578499, 25.07889]}, "properties": {"stop_name": "西湖圖書館(湖光教會)", "district": "內湖區", "geo_city": "臺北市", "nearest_estimate_min": 4.2}}, {"type": "Feature", "geometry": {"type": "Point", "coordinates": [121.5664423, 25.05902066]}, "properties": {"stop_name": "新東街口", "district": "松山區", "geo_city": "臺北市", "nearest_estimate_min": 6.6}}, {"type": "Feature", "geometry": {"type": "Point", "coordinates": [121.5792076, 25.06526113]}, "properties": {"stop_name": "行忠行愛路口", "district": "內湖區", "geo_city": "臺北市", "nearest_estimate_min": -1.0}}, {"type": "Feature", "geometry": {"type": "Point", "coordinates": [121.511691191756, 25.1191852593947]}, "properties": {"stop_name": "陽明交大(西安)", "district": "北投區", "geo_city": "臺北市", "nearest_estimate_min": -1.0}}, {"type": "Feature", "geometry": {"type": "Point", "coordinates": [121.5024902037, 25.035100755316]}, "properties": {"stop_name": "昆明街口", "district": "萬華區", "geo_city": "臺北市", "nearest_estimate_min": 26.7}}, {"type": "Feature", "geometry": {"type": "Point", "coordinates": [121.52063, 25.07996]}, "properties": {"stop_name": "明勝里", "district": "士林區", "geo_city": "臺北市", "nearest_estimate_min": -1.0}}, {"type": "Feature", "geometry": {"type": "Point", "coordinates": [121.561041, 25.015473]}, "properties": {"stop_name": "麟光站", "district": "大安區", "geo_city": "臺北市", "nearest_estimate_min": 9.6}}, {"type": "Feature", "geometry": {"type": "Point", "coordinates": [121.521148, 25.081265]}, "properties": {"stop_name": "通河街(承德)", "district": "士林區", "geo_city": "臺北市", "nearest_estimate_min": -1.0}}, {"type": "Feature", "geometry": {"type": "Point", "coordinates": [121.611301, 25.047656]}, "properties": {"stop_name": "國家生技園區F棟", "district": "南港區", "geo_city": "臺北市", "nearest_estimate_min": -1.0}}, {"type": "Feature", "geometry": {"type": "Point", "coordinates": [121.57830467729012, 25.045370331966176]}, "properties": {"stop_name": "永吉松山路口", "district": "信義區", "geo_city": "臺北市", "nearest_estimate_min": -1.0}}, {"type": "Feature", "geometry": {"type": "Point", "coordinates": [121.5749729, 25.13029971]}, "properties": {"stop_name": "合誠宮", "district": "士林區", "geo_city": "臺北市", "nearest_estimate_min": -1.0}}, {"type": "Feature", "geometry": {"type": "Point", "coordinates": [121.5719853, 25.13786794]}, "properties": {"stop_name": "鄭厝", "district": "士林區", "geo_city": "臺北市", "nearest_estimate_min": 1.3}}, {"type": "Feature", "geometry": {"type": "Point", "coordinates": [121.5675057, 25.04378103]}, "properties": {"stop_name": "松山高中(松隆)", "district": "信義區", "geo_city": "臺北市", "nearest_estimate_min": 3.2}}, {"type": "Feature", "geometry": {"type": "Point", "coordinates": [121.577685, 25.047159]}, "properties": {"stop_name": "松山車站(松山)", "district": "信義區", "geo_city": "臺北市", "nearest_estimate_min": 7.5}}, {"type": "Feature", "geometry": {"type": "Point", "coordinates": [121.518406939795, 25.0608932097833]}, "properties": {"stop_name": "成淵高中", "district": "大同區", "geo_city": "臺北市", "nearest_estimate_min": 2.8}}, {"type": "Feature", "geometry": {"type": "Point", "coordinates": [121.575256588955, 25.0185958324197]}, "properties": {"stop_name": "景雲街", "district": "信義區", "geo_city": "臺北市", "nearest_estimate_min": 10.9}}, {"type": "Feature", "geometry": {"type": "Point", "coordinates": [121.550073640107, 25.0009828977016]}, "properties": {"stop_name": "興德國小", "district": "文山區", "geo_city": "臺北市", "nearest_estimate_min": 5.7}}, {"type": "Feature", "geometry": {"type": "Point", "coordinates": [121.4941737, 25.02715329]}, "properties": {"stop_name": "西園路二段", "district": "萬華區", "geo_city": "臺北市", "nearest_estimate_min": 16.4}}, {"type": "Feature", "geometry": {"type": "Point", "coordinates": [121.5154878, 25.11515658]}, "properties": {"stop_name": "捷運石牌站(東華)", "district": "北投區", "geo_city": "臺北市", "nearest_estimate_min": 32.6}}, {"type": "Feature", "geometry": {"type": "Point", "coordinates": [121.558196913178, 25.0845384449731]}, "properties": {"stop_name": "美麗華", "district": "中山區", "geo_city": "臺北市", "nearest_estimate_min": 3.0}}, {"type": "Feature", "geometry": {"type": "Point", "coordinates": [121.498029, 25.135605]}, "properties": {"stop_name": "大業中央北路口", "district": "北投區", "geo_city": "臺北市", "nearest_estimate_min": 1.7}}, {"type": "Feature", "geometry": {"type": "Point", "coordinates": [121.585744, 25.069075]}, "properties": {"stop_name": "三民國中", "district": "內湖區", "geo_city": "臺北市", "nearest_estimate_min": -1.0}}, {"type": "Feature", "geometry": {"type": "Point", "coordinates": [121.536235879941, 25.0257355123764]}, "properties": {"stop_name": "大安森林公園", "district": "大安區", "geo_city": "臺北市", "nearest_estimate_min": 3.0}}, {"type": "Feature", "geometry": {"type": "Point", "coordinates": [121.50298, 25.03141]}, "properties": {"stop_name": "莒光派出所", "district": "萬華區", "geo_city": "臺北市", "nearest_estimate_min": 5.1}}, {"type": "Feature", "geometry": {"type": "Point", "coordinates": [121.60048, 24.970103]}, "properties": {"stop_name": "圓山", "district": "文山區", "geo_city": "臺北市", "nearest_estimate_min": 11.2}}, {"type": "Feature", "geometry": {"type": "Point", "coordinates": [121.531379, 25.017546]}, "properties": {"stop_name": "台電大樓", "district": "中正區", "geo_city": "臺北市", "nearest_estimate_min": 1.0}}, {"type": "Feature", "geometry": {"type": "Point", "coordinates": [121.52994, 25.18278]}, "properties": {"stop_name": "鞍部", "district": "北投區", "geo_city": "臺北市", "nearest_estimate_min": -1.0}}, {"type": "Feature", "geometry": {"type": "Point", "coordinates": [121.5883097, 25.07901319]}, "properties": {"stop_name": "內湖高中", "district": "內湖區", "geo_city": "臺北市", "nearest_estimate_min": 1.5}}, {"type": "Feature", "geometry": {"type": "Point", "coordinates": [121.5453823, 25.10696523]}, "properties": {"stop_name": "永嶺", "district": "士林區", "geo_city": "臺北市", "nearest_estimate_min": 3.6}}, {"type": "Feature", "geometry": {"type": "Point", "coordinates": [121.5634805, 25.11258143]}, "properties": {"stop_name": "嶺腳", "district": "士林區", "geo_city": "臺北市", "nearest_estimate_min": -1.0}}, {"type": "Feature", "geometry": {"type": "Point", "coordinates": [121.55102, 25.00296]}, "properties": {"stop_name": "福興路口", "district": "文山區", "geo_city": "臺北市", "nearest_estimate_min": 79.6}}, {"type": "Feature", "geometry": {"type": "Point", "coordinates": [121.52972531757206, 25.03372668176573]}, "properties": {"stop_name": "信義永康街口(捷運東門站)", "district": "大安區", "geo_city": "臺北市", "nearest_estimate_min": 5.1}}, {"type": "Feature", "geometry": {"type": "Point", "coordinates": [121.583667, 25.077078]}, "properties": {"stop_name": "文德二號公園", "district": "內湖區", "geo_city": "臺北市", "nearest_estimate_min": 26.6}}, {"type": "Feature", "geometry": {"type": "Point", "coordinates": [121.5109563, 25.07149367]}, "properties": {"stop_name": "鄰江里", "district": "大同區", "geo_city": "臺北市", "nearest_estimate_min": 15.5}}, {"type": "Feature", "geometry": {"type": "Point", "coordinates": [121.51094, 25.02815]}, "properties": {"stop_name": "龍興宮", "district": "中正區", "geo_city": "臺北市", "nearest_estimate_min": 31.4}}, {"type": "Feature", "geometry": {"type": "Point", "coordinates": [121.5573365, 25.03409828]}, "properties": {"stop_name": "三張犁", "district": "大安區", "geo_city": "臺北市", "nearest_estimate_min": 14.7}}, {"type": "Feature", "geometry": {"type": "Point", "coordinates": [121.50548, 25.04073]}, "properties": {"stop_name": "長沙街", "district": "萬華區", "geo_city": "臺北市", "nearest_estimate_min": -1.0}}, {"type": "Feature", "geometry": {"type": "Point", "coordinates": [121.5386725, 25.05488074]}, "properties": {"stop_name": "臺北大學(臺北校區)", "district": "中山區", "geo_city": "臺北市", "nearest_estimate_min": 7.4}}, {"type": "Feature", "geometry": {"type": "Point", "coordinates": [121.58235002103366, 25.064394618249743]}, "properties": {"stop_name": "精技大樓", "district": "內湖區", "geo_city": "臺北市", "nearest_estimate_min": 2.3}}, {"type": "Feature", "geometry": {"type": "Point", "coordinates": [121.5244, 25.14919]}, "properties": {"stop_name": "泉源國小", "district": "北投區", "geo_city": "臺北市", "nearest_estimate_min": 36.2}}, {"type": "Feature", "geometry": {"type": "Point", "coordinates": [121.513, 25.0519]}, "properties": {"stop_name": "延平一站(長安)", "district": "大同區", "geo_city": "臺北市", "nearest_estimate_min": 20.1}}, {"type": "Feature", "geometry": {"type": "Point", "coordinates": [121.52715689953087, 25.143236986588352]}, "properties": {"stop_name": "惇敘工商(行義)", "district": "北投區", "geo_city": "臺北市", "nearest_estimate_min": 2.0}}, {"type": "Feature", "geometry": {"type": "Point", "coordinates": [121.495950804601, 25.0296582647227]}, "properties": {"stop_name": "華江高中(西園)", "district": "萬華區", "geo_city": "臺北市", "nearest_estimate_min": 6.5}}, {"type": "Feature", "geometry": {"type": "Point", "coordinates": [121.53304, 25.06693]}, "properties": {"stop_name": "新喜里", "district": "中山區", "geo_city": "臺北市", "nearest_estimate_min": -1.0}}, {"type": "Feature", "geometry": {"type": "Point", "coordinates": [121.619320046669, 25.0594207806529]}, "properties": {"stop_name": "環東大道口", "district": "南港區", "geo_city": "臺北市", "nearest_estimate_min": -1.0}}, {"type": "Feature", "geometry": {"type": "Point", "coordinates": [121.5163269, 25.1493808]}, "properties": {"stop_name": "張公聖君廟", "district": "北投區", "geo_city": "臺北市", "nearest_estimate_min": 2.1}}, {"type": "Feature", "geometry": {"type": "Point", "coordinates": [121.59955, 25.0881]}, "properties": {"stop_name": "大湖國小", "district": "內湖區", "geo_city": "臺北市", "nearest_estimate_min": 27.6}}, {"type": "Feature", "geometry": {"type": "Point", "coordinates": [121.528499562165, 25.0409859392974]}, "properties": {"stop_name": "濟南金山路口", "district": "中正區", "geo_city": "臺北市", "nearest_estimate_min": -1.0}}, {"type": "Feature", "geometry": {"type": "Point", "coordinates": [121.517803, 25.105059]}, "properties": {"stop_name": "中正高中", "district": "北投區", "geo_city": "臺北市", "nearest_estimate_min": 2.2}}, {"type": "Feature", "geometry": {"type": "Point", "coordinates": [121.590991, 25.087604]}, "properties": {"stop_name": "太陽廟", "district": "內湖區", "geo_city": "臺北市", "nearest_estimate_min": -1.0}}, {"type": "Feature", "geometry": {"type": "Point", "coordinates": [121.5279594, 25.03742288]}, "properties": {"stop_name": "仁愛路二段", "district": "中正區", "geo_city": "臺北市", "nearest_estimate_min": 26.1}}, {"type": "Feature", "geometry": {"type": "Point", "coordinates": [121.527411, 25.097079]}, "properties": {"stop_name": "福林橋", "district": "士林區", "geo_city": "臺北市", "nearest_estimate_min": 2.3}}, {"type": "Feature", "geometry": {"type": "Point", "coordinates": [121.5081045, 25.0887967]}, "properties": {"stop_name": "社子市場二", "district": "士林區", "geo_city": "臺北市", "nearest_estimate_min": 35.3}}, {"type": "Feature", "geometry": {"type": "Point", "coordinates": [121.522205010272, 25.1181002858817]}, "properties": {"stop_name": "振興醫院", "district": "北投區", "geo_city": "臺北市", "nearest_estimate_min": 18.4}}, {"type": "Feature", "geometry": {"type": "Point", "coordinates": [121.541536360844, 25.1031851590031]}, "properties": {"stop_name": "嶺頭", "district": "士林區", "geo_city": "臺北市", "nearest_estimate_min": 5.2}}, {"type": "Feature", "geometry": {"type": "Point", "coordinates": [121.6139003, 25.05281991]}, "properties": {"stop_name": "國家文官學院", "district": "南港區", "geo_city": "臺北市", "nearest_estimate_min": 8.6}}, {"type": "Feature", "geometry": {"type": "Point", "coordinates": [121.57221, 25.04775]}, "properties": {"stop_name": "雅祥公園", "district": "信義區", "geo_city": "臺北市", "nearest_estimate_min": -1.0}}, {"type": "Feature", "geometry": {"type": "Point", "coordinates": [121.5191524, 25.07344017]}, "properties": {"stop_name": "明倫高中", "district": "大同區", "geo_city": "臺北市", "nearest_estimate_min": 7.6}}, {"type": "Feature", "geometry": {"type": "Point", "coordinates": [121.51892, 25.05036]}, "properties": {"stop_name": "當代藝術館", "district": "大同區", "geo_city": "臺北市", "nearest_estimate_min": -1.0}}, {"type": "Feature", "geometry": {"type": "Point", "coordinates": [121.536726116591, 25.0639456066029]}, "properties": {"stop_name": "榮星花園", "district": "中山區", "geo_city": "臺北市", "nearest_estimate_min": -1.0}}, {"type": "Feature", "geometry": {"type": "Point", "coordinates": [121.584229738588, 25.0475212158758]}, "properties": {"stop_name": "聯合醫院忠孝院區", "district": "南港區", "geo_city": "臺北市", "nearest_estimate_min": 12.2}}, {"type": "Feature", "geometry": {"type": "Point", "coordinates": [121.5038948, 25.03584463]}, "properties": {"stop_name": "龍山國中", "district": "萬華區", "geo_city": "臺北市", "nearest_estimate_min": 1.9}}, {"type": "Feature", "geometry": {"type": "Point", "coordinates": [121.511778736417, 25.1104478952371]}, "properties": {"stop_name": "石牌", "district": "北投區", "geo_city": "臺北市", "nearest_estimate_min": 6.5}}, {"type": "Feature", "geometry": {"type": "Point", "coordinates": [121.523106, 25.150479]}, "properties": {"stop_name": "十八份", "district": "北投區", "geo_city": "臺北市", "nearest_estimate_min": 36.7}}, {"type": "Feature", "geometry": {"type": "Point", "coordinates": [121.4822037, 25.13709673]}, "properties": {"stop_name": "中央北路三段", "district": "北投區", "geo_city": "臺北市", "nearest_estimate_min": -1.0}}, {"type": "Feature", "geometry": {"type": "Point", "coordinates": [121.558863, 25.182629]}, "properties": {"stop_name": "後山一", "district": "北投區", "geo_city": "臺北市", "nearest_estimate_min": -1.0}}, {"type": "Feature", "geometry": {"type": "Point", "coordinates": [121.513566, 25.137241]}, "properties": {"stop_name": "幽雅路7號", "district": "北投區", "geo_city": "臺北市", "nearest_estimate_min": -1.0}}, {"type": "Feature", "geometry": {"type": "Point", "coordinates": [121.4664182, 25.11934571]}, "properties": {"stop_name": "敬老院", "district": "北投區", "geo_city": "臺北市", "nearest_estimate_min": 41.2}}, {"type": "Feature", "geometry": {"type": "Point", "coordinates": [121.508187414094, 25.0409980900087]}, "properties": {"stop_name": "捷運西門站", "district": "中正區", "geo_city": "臺北市", "nearest_estimate_min": 8.9}}, {"type": "Feature", "geometry": {"type": "Point", "coordinates": [121.5937887, 25.05574836]}, "properties": {"stop_name": "南港分局(向陽)", "district": "南港區", "geo_city": "臺北市", "nearest_estimate_min": 1.5}}, {"type": "Feature", "geometry": {"type": "Point", "coordinates": [121.56363090335499, 25.047677278252017]}, "properties": {"stop_name": "市民東寧路口", "district": "松山區", "geo_city": "臺北市", "nearest_estimate_min": -1.0}}, {"type": "Feature", "geometry": {"type": "Point", "coordinates": [121.50736, 25.120913]}, "properties": {"stop_name": "捷運唭哩岸站一(東華)", "district": "北投區", "geo_city": "臺北市", "nearest_estimate_min": 25.9}}, {"type": "Feature", "geometry": {"type": "Point", "coordinates": [121.58004, 25.06387]}, "properties": {"stop_name": "行愛路", "district": "內湖區", "geo_city": "臺北市", "nearest_estimate_min": 12.9}}, {"type": "Feature", "geometry": {"type": "Point", "coordinates": [121.4654787, 25.12495029]}, "properties": {"stop_name": "關渡", "district": "北投區", "geo_city": "臺北市", "nearest_estimate_min": -1.0}}, {"type": "Feature", "geometry": {"type": "Point", "coordinates": [121.619134959956, 25.0711232284945]}, "properties": {"stop_name": "康樂街", "district": "內湖區", "geo_city": "臺北市", "nearest_estimate_min": 45.0}}, {"type": "Feature", "geometry": {"type": "Point", "coordinates": [121.569585, 25.024432]}, "properties": {"stop_name": "松仁路", "district": "信義區", "geo_city": "臺北市", "nearest_estimate_min": 2.8}}, {"type": "Feature", "geometry": {"type": "Point", "coordinates": [121.50466, 25.11607]}, "properties": {"stop_name": "立賢路口", "district": "北投區", "geo_city": "臺北市", "nearest_estimate_min": -1.0}}, {"type": "Feature", "geometry": {"type": "Point", "coordinates": [121.548629, 25.052746]}, "properties": {"stop_name": "臺北小巨蛋", "district": "松山區", "geo_city": "臺北市", "nearest_estimate_min": 3.3}}, {"type": "Feature", "geometry": {"type": "Point", "coordinates": [121.5705532, 25.0031179]}, "properties": {"stop_name": "萬寧街", "district": "文山區", "geo_city": "臺北市", "nearest_estimate_min": 22.9}}, {"type": "Feature", "geometry": {"type": "Point", "coordinates": [121.547109328126, 25.098296747051577]}, "properties": {"stop_name": "外雙溪(至善)", "district": "士林區", "geo_city": "臺北市", "nearest_estimate_min": 26.9}}, {"type": "Feature", "geometry": {"type": "Point", "coordinates": [121.5585367, 24.9937959]}, "properties": {"stop_name": "仙跡岩海巡署登山口", "district": "文山區", "geo_city": "臺北市", "nearest_estimate_min": -1.0}}, {"type": "Feature", "geometry": {"type": "Point", "coordinates": [121.56444, 25.12654]}, "properties": {"stop_name": "公館里", "district": "士林區", "geo_city": "臺北市", "nearest_estimate_min": 23.2}}, {"type": "Feature", "geometry": {"type": "Point", "coordinates": [121.56997997801, 24.987746922127]}, "properties": {"stop_name": "指南路", "district": "文山區", "geo_city": "臺北市", "nearest_estimate_min": 4.2}}, {"type": "Feature", "geometry": {"type": "Point", "coordinates": [121.5657205, 25.0070352]}, "properties": {"stop_name": "世界山莊(和平)", "district": "文山區", "geo_city": "臺北市", "nearest_estimate_min": -1.0}}, {"type": "Feature", "geometry": {"type": "Point", "coordinates": [121.5773819, 25.13317709]}, "properties": {"stop_name": "玉皇宮", "district": "士林區", "geo_city": "臺北市", "nearest_estimate_min": -1.0}}, {"type": "Feature", "geometry": {"type": "Point", "coordinates": [121.57895384595646, 25.066982973174284]}, "properties": {"stop_name": "民權大橋", "district": "內湖區", "geo_city": "臺北市", "nearest_estimate_min": 2.7}}, {"type": "Feature", "geometry": {"type": "Point", "coordinates": [121.497234, 25.01942]}, "properties": {"stop_name": "果菜市場", "district": "萬華區", "geo_city": "臺北市", "nearest_estimate_min": 3.7}}, {"type": "Feature", "geometry": {"type": "Point", "coordinates": [121.46878900446, 25.1283184382016]}, "properties": {"stop_name": "一德街口", "district": "北投區", "geo_city": "臺北市", "nearest_estimate_min": -1.0}}, {"type": "Feature", "geometry": {"type": "Point", "coordinates": [121.524381872313, 25.0805889011559]}, "properties": {"stop_name": "劍潭", "district": "中山區", "geo_city": "臺北市", "nearest_estimate_min": 1.9}}, {"type": "Feature", "geometry": {"type": "Point", "coordinates": [121.52214566922964, 25.027388324079258]}, "properties": {"stop_name": "捷運古亭站(羅斯福)", "district": "中正區", "geo_city": "臺北市", "nearest_estimate_min": 3.8}}, {"type": "Feature", "geometry": {"type": "Point", "coordinates": [121.52314, 25.14588]}, "properties": {"stop_name": "大同之家", "district": "北投區", "geo_city": "臺北市", "nearest_estimate_min": 0.2}}, {"type": "Feature", "geometry": {"type": "Point", "coordinates": [121.55319791903287, 25.013699726936505]}, "properties": {"stop_name": "臺北市懷愛館", "district": "大安區", "geo_city": "臺北市", "nearest_estimate_min": 7.6}}, {"type": "Feature", "geometry": {"type": "Point", "coordinates": [121.512933, 25.060697]}, "properties": {"stop_name": "涼州重慶路口", "district": "大同區", "geo_city": "臺北市", "nearest_estimate_min": 17.1}}, {"type": "Feature", "geometry": {"type": "Point", "coordinates": [121.57650431984801, 25.13134224571823]}, "properties": {"stop_name": "平等里", "district": "士林區", "geo_city": "臺北市", "nearest_estimate_min": -1.0}}, {"type": "Feature", "geometry": {"type": "Point", "coordinates": [121.5880617, 25.04111713]}, "properties": {"stop_name": "成福路口一", "district": "南港區", "geo_city": "臺北市", "nearest_estimate_min": 0.9}}, {"type": "Feature", "geometry": {"type": "Point", "coordinates": [121.533227, 25.121666]}, "properties": {"stop_name": "東和公園", "district": "士林區", "geo_city": "臺北市", "nearest_estimate_min": -1.0}}, {"type": "Feature", "geometry": {"type": "Point", "coordinates": [121.4725864, 25.10666772]}, "properties": {"stop_name": "浮線", "district": "士林區", "geo_city": "臺北市", "nearest_estimate_min": 0.5}}, {"type": "Feature", "geometry": {"type": "Point", "coordinates": [121.500767, 25.126424]}, "properties": {"stop_name": "捷運奇岩站", "district": "北投區", "geo_city": "臺北市", "nearest_estimate_min": 1.8}}, {"type": "Feature", "geometry": {"type": "Point", "coordinates": [121.528537, 25.128842]}, "properties": {"stop_name": "明山宮一", "district": "北投區", "geo_city": "臺北市", "nearest_estimate_min": 40.5}}, {"type": "Feature", "geometry": {"type": "Point", "coordinates": [121.522887, 25.03276]}, "properties": {"stop_name": "愛國東路口", "district": "大安區", "geo_city": "臺北市", "nearest_estimate_min": 16.4}}, {"type": "Feature", "geometry": {"type": "Point", "coordinates": [121.5487541, 25.04186596]}, "properties": {"stop_name": "忠孝敦化路口", "district": "大安區", "geo_city": "臺北市", "nearest_estimate_min": 4.5}}, {"type": "Feature", "geometry": {"type": "Point", "coordinates": [121.595233108141, 25.0529513842885]}, "properties": {"stop_name": "南港高中", "district": "南港區", "geo_city": "臺北市", "nearest_estimate_min": 3.1}}, {"type": "Feature", "geometry": {"type": "Point", "coordinates": [121.5333498, 25.0612684]}, "properties": {"stop_name": "松江新村", "district": "中山區", "geo_city": "臺北市", "nearest_estimate_min": -1.0}}, {"type": "Feature", "geometry": {"type": "Point", "coordinates": [121.550310398218, 25.1140124257428]}, "properties": {"stop_name": "福音", "district": "士林區", "geo_city": "臺北市", "nearest_estimate_min": 2.2}}, {"type": "Feature", "geometry": {"type": "Point", "coordinates": [121.5960871, 25.05548009]}, "properties": {"stop_name": "南港分局(重陽)", "district": "南港區", "geo_city": "臺北市", "nearest_estimate_min": 5.2}}, {"type": "Feature", "geometry": {"type": "Point", "coordinates": [121.57396, 24.997735]}, "properties": {"stop_name": "捷運木柵站", "district": "文山區", "geo_city": "臺北市", "nearest_estimate_min": 6.1}}, {"type": "Feature", "geometry": {"type": "Point", "coordinates": [121.528958031912, 25.1024487176408]}, "properties": {"stop_name": "名山里", "district": "士林區", "geo_city": "臺北市", "nearest_estimate_min": -1.0}}, {"type": "Feature", "geometry": {"type": "Point", "coordinates": [121.5872664, 24.98565649]}, "properties": {"stop_name": "政大御花園", "district": "文山區", "geo_city": "臺北市", "nearest_estimate_min": 0.4}}, {"type": "Feature", "geometry": {"type": "Point", "coordinates": [121.538856, 25.068245]}, "properties": {"stop_name": "第二果菜市場", "district": "中山區", "geo_city": "臺北市", "nearest_estimate_min": 4.6}}, {"type": "Feature", "geometry": {"type": "Point", "coordinates": [121.552398, 25.034385]}, "properties": {"stop_name": "捷運信義安和站(安和)", "district": "大安區", "geo_city": "臺北市", "nearest_estimate_min": 2.2}}, {"type": "Feature", "geometry": {"type": "Point", "coordinates": [121.530332918097, 25.1095348370884]}, "properties": {"stop_name": "蘭雅國中", "district": "士林區", "geo_city": "臺北市", "nearest_estimate_min": 1.4}}, {"type": "Feature", "geometry": {"type": "Point", "coordinates": [121.56392, 25.00526]}, "properties": {"stop_name": "世界山莊", "district": "文山區", "geo_city": "臺北市", "nearest_estimate_min": 18.8}}, {"type": "Feature", "geometry": {"type": "Point", "coordinates": [121.583819096678, 25.0613243529619]}, "properties": {"stop_name": "行善行愛路口", "district": "內湖區", "geo_city": "臺北市", "nearest_estimate_min": 24.0}}, {"type": "Feature", "geometry": {"type": "Point", "coordinates": [121.57161, 25.04976]}, "properties": {"stop_name": "饒河街觀光夜市(八德)", "district": "松山區", "geo_city": "臺北市", "nearest_estimate_min": 15.9}}, {"type": "Feature", "geometry": {"type": "Point", "coordinates": [121.50461, 25.11577]}, "properties": {"stop_name": "立賢路口", "district": "北投區", "geo_city": "臺北市", "nearest_estimate_min": -1.0}}, {"type": "Feature", "geometry": {"type": "Point", "coordinates": [121.5138656, 25.14187054]}, "properties": {"stop_name": "上北投", "district": "北投區", "geo_city": "臺北市", "nearest_estimate_min": 3.6}}, {"type": "Feature", "geometry": {"type": "Point", "coordinates": [121.525477, 25.150533]}, "properties": {"stop_name": "泉源國小宿舍", "district": "北投區", "geo_city": "臺北市", "nearest_estimate_min": -1.0}}, {"type": "Feature", "geometry": {"type": "Point", "coordinates": [121.565184, 25.15836]}, "properties": {"stop_name": "松園", "district": "士林區", "geo_city": "臺北市", "nearest_estimate_min": -1.0}}, {"type": "Feature", "geometry": {"type": "Point", "coordinates": [121.5276799453955, 25.092853732851424]}, "properties": {"stop_name": "捷運士林站(中山)", "district": "士林區", "geo_city": "臺北市", "nearest_estimate_min": 3.1}}, {"type": "Feature", "geometry": {"type": "Point", "coordinates": [121.5812755, 25.07929048]}, "properties": {"stop_name": "內湖國小", "district": "內湖區", "geo_city": "臺北市", "nearest_estimate_min": 34.6}}, {"type": "Feature", "geometry": {"type": "Point", "coordinates": [121.592291, 24.970627]}, "properties": {"stop_name": "天恩宮", "district": "文山區", "geo_city": "臺北市", "nearest_estimate_min": 6.9}}, {"type": "Feature", "geometry": {"type": "Point", "coordinates": [121.596331, 25.050768]}, "properties": {"stop_name": "衛生福利部", "district": "南港區", "geo_city": "臺北市", "nearest_estimate_min": 4.4}}, {"type": "Feature", "geometry": {"type": "Point", "coordinates": [121.555211, 25.001741]}, "properties": {"stop_name": "興隆路口(辛亥)", "district": "文山區", "geo_city": "臺北市", "nearest_estimate_min": 4.9}}, {"type": "Feature", "geometry": {"type": "Point", "coordinates": [121.506812536211, 25.0380081419194]}, "properties": {"stop_name": "小南門", "district": "萬華區", "geo_city": "臺北市", "nearest_estimate_min": 7.1}}, {"type": "Feature", "geometry": {"type": "Point", "coordinates": [121.51376300673572, 25.03546453817517]}, "properties": {"stop_name": "臺北市立大學", "district": "中正區", "geo_city": "臺北市", "nearest_estimate_min": 31.7}}, {"type": "Feature", "geometry": {"type": "Point", "coordinates": [121.530327, 25.124606]}, "properties": {"stop_name": "天母公園", "district": "士林區", "geo_city": "臺北市", "nearest_estimate_min": -1.0}}, {"type": "Feature", "geometry": {"type": "Point", "coordinates": [121.537747705593, 25.1481758735406]}, "properties": {"stop_name": "湖底路20號", "district": "北投區", "geo_city": "臺北市", "nearest_estimate_min": 1.5}}, {"type": "Feature", "geometry": {"type": "Point", "coordinates": [121.5286595, 25.06493634]}, "properties": {"stop_name": "農安街", "district": "中山區", "geo_city": "臺北市", "nearest_estimate_min": -1.0}}, {"type": "Feature", "geometry": {"type": "Point", "coordinates": [121.515494267729, 25.0434538159783]}, "properties": {"stop_name": "博物館(襄陽)", "district": "中正區", "geo_city": "臺北市", "nearest_estimate_min": 4.7}}, {"type": "Feature", "geometry": {"type": "Point", "coordinates": [121.5652273, 25.08198997]}, "properties": {"stop_name": "內湖基湖路口", "district": "內湖區", "geo_city": "臺北市", "nearest_estimate_min": 8.3}}, {"type": "Feature", "geometry": {"type": "Point", "coordinates": [121.57026340022544, 24.98026110020018]}, "properties": {"stop_name": "好漢坡", "district": "文山區", "geo_city": "臺北市", "nearest_estimate_min": -1.0}}, {"type": "Feature", "geometry": {"type": "Point", "coordinates": [121.52886134688, 25.068240951857]}, "properties": {"stop_name": "新生公園", "district": "中山區", "geo_city": "臺北市", "nearest_estimate_min": -1.0}}, {"type": "Feature", "geometry": {"type": "Point", "coordinates": [121.5306207, 25.06478877]}, "properties": {"stop_name": "農安街吉林路口", "district": "中山區", "geo_city": "臺北市", "nearest_estimate_min": -1.0}}, {"type": "Feature", "geometry": {"type": "Point", "coordinates": [121.54612, 25.1552]}, "properties": {"stop_name": "陽明山國家公園管理處", "district": "北投區", "geo_city": "臺北市", "nearest_estimate_min": 24.7}}, {"type": "Feature", "geometry": {"type": "Point", "coordinates": [121.50448356536738, 25.03205520434067]}, "properties": {"stop_name": "大埔街", "district": "萬華區", "geo_city": "臺北市", "nearest_estimate_min": 3.3}}, {"type": "Feature", "geometry": {"type": "Point", "coordinates": [121.521560747477, 25.0885191533109]}, "properties": {"stop_name": "大南路口", "district": "士林區", "geo_city": "臺北市", "nearest_estimate_min": -1.0}}, {"type": "Feature", "geometry": {"type": "Point", "coordinates": [121.562106434251, 25.0411343471192]}, "properties": {"stop_name": "聯合報", "district": "信義區", "geo_city": "臺北市", "nearest_estimate_min": 3.0}}, {"type": "Feature", "geometry": {"type": "Point", "coordinates": [121.490879066621, 25.1430048049067]}, "properties": {"stop_name": "致遠新村", "district": "北投區", "geo_city": "臺北市", "nearest_estimate_min": 0.8}}, {"type": "Feature", "geometry": {"type": "Point", "coordinates": [121.5634082, 25.12183814]}, "properties": {"stop_name": "擷翠新村", "district": "士林區", "geo_city": "臺北市", "nearest_estimate_min": 24.7}}, {"type": "Feature", "geometry": {"type": "Point", "coordinates": [121.557946, 25.04870308]}, "properties": {"stop_name": "榮民服務處", "district": "松山區", "geo_city": "臺北市", "nearest_estimate_min": 0.5}}, {"type": "Feature", "geometry": {"type": "Point", "coordinates": [121.5178677888, 25.0628480067]}, "properties": {"stop_name": "捷運民權西路站", "district": "大同區", "geo_city": "臺北市", "nearest_estimate_min": 2.0}}, {"type": "Feature", "geometry": {"type": "Point", "coordinates": [121.576427, 24.988319]}, "properties": {"stop_name": "政大一", "district": "文山區", "geo_city": "臺北市", "nearest_estimate_min": 5.2}}, {"type": "Feature", "geometry": {"type": "Point", "coordinates": [121.5609264, 25.03768543]}, "properties": {"stop_name": "國父紀念館", "district": "信義區", "geo_city": "臺北市", "nearest_estimate_min": 5.1}}, {"type": "Feature", "geometry": {"type": "Point", "coordinates": [121.5062464, 25.14053914]}, "properties": {"stop_name": "雅敘園", "district": "北投區", "geo_city": "臺北市", "nearest_estimate_min": 5.3}}, {"type": "Feature", "geometry": {"type": "Point", "coordinates": [121.545887467263, 25.0203240566478]}, "properties": {"stop_name": "大安運動中心", "district": "大安區", "geo_city": "臺北市", "nearest_estimate_min": 11.2}}, {"type": "Feature", "geometry": {"type": "Point", "coordinates": [121.59315, 25.06242]}, "properties": {"stop_name": "石潭公園", "district": "內湖區", "geo_city": "臺北市", "nearest_estimate_min": -1.0}}, {"type": "Feature", "geometry": {"type": "Point", "coordinates": [121.570615, 24.985348]}, "properties": {"stop_name": "木南公園", "district": "文山區", "geo_city": "臺北市", "nearest_estimate_min": 2.2}}, {"type": "Feature", "geometry": {"type": "Point", "coordinates": [121.5102394, 25.082923]}, "properties": {"stop_name": "葫蘆堵市場", "district": "士林區", "geo_city": "臺北市", "nearest_estimate_min": 16.6}}, {"type": "Feature", "geometry": {"type": "Point", "coordinates": [121.502569664855, 25.0382620086784]}, "properties": {"stop_name": "老松國小", "district": "萬華區", "geo_city": "臺北市", "nearest_estimate_min": 10.7}}, {"type": "Feature", "geometry": {"type": "Point", "coordinates": [121.56629, 25.04124]}, "properties": {"stop_name": "捷運市政府站", "district": "信義區", "geo_city": "臺北市", "nearest_estimate_min": 9.4}}, {"type": "Feature", "geometry": {"type": "Point", "coordinates": [121.56215, 25.11139]}, "properties": {"stop_name": "翠山莊", "district": "士林區", "geo_city": "臺北市", "nearest_estimate_min": 4.9}}, {"type": "Feature", "geometry": {"type": "Point", "coordinates": [121.5590719, 25.1484901]}, "properties": {"stop_name": "菁山五", "district": "士林區", "geo_city": "臺北市", "nearest_estimate_min": -1.0}}, {"type": "Feature", "geometry": {"type": "Point", "coordinates": [121.5380292, 25.08409294]}, "properties": {"stop_name": "力行新村", "district": "中山區", "geo_city": "臺北市", "nearest_estimate_min": 20.8}}, {"type": "Feature", "geometry": {"type": "Point", "coordinates": [121.5231846, 25.04801517]}, "properties": {"stop_name": "市民林森路口", "district": "中山區", "geo_city": "臺北市", "nearest_estimate_min": 5.4}}, {"type": "Feature", "geometry": {"type": "Point", "coordinates": [121.488, 25.1384813245468]}, "properties": {"stop_name": "製片廠", "district": "北投區", "geo_city": "臺北市", "nearest_estimate_min": 30.5}}, {"type": "Feature", "geometry": {"type": "Point", "coordinates": [121.5961933, 25.05164215]}, "properties": {"stop_name": "南港高中(市民大道)", "district": "南港區", "geo_city": "臺北市", "nearest_estimate_min": -1.0}}, {"type": "Feature", "geometry": {"type": "Point", "coordinates": [121.506438836067, 25.114726442462]}, "properties": {"stop_name": "實踐街口", "district": "北投區", "geo_city": "臺北市", "nearest_estimate_min": -1.0}}, {"type": "Feature", "geometry": {"type": "Point", "coordinates": [121.515689438859, 25.0465635496954]}, "properties": {"stop_name": "臺北車站(忠孝)", "district": "中正區", "geo_city": "臺北市", "nearest_estimate_min": 4.8}}, {"type": "Feature", "geometry": {"type": "Point", "coordinates": [121.5290055, 25.09583325]}, "properties": {"stop_name": "福林國小", "district": "士林區", "geo_city": "臺北市", "nearest_estimate_min": 2.5}}, {"type": "Feature", "geometry": {"type": "Point", "coordinates": [121.5228199, 25.06770081]}, "properties": {"stop_name": "大同大學", "district": "中山區", "geo_city": "臺北市", "nearest_estimate_min": 7.4}}, {"type": "Feature", "geometry": {"type": "Point", "coordinates": [121.574502, 25.075848]}, "properties": {"stop_name": "港墘路", "district": "內湖區", "geo_city": "臺北市", "nearest_estimate_min": -1.0}}, {"type": "Feature", "geometry": {"type": "Point", "coordinates": [121.578858331191, 25.0605916742291]}, "properties": {"stop_name": "新湖一路口", "district": "內湖區", "geo_city": "臺北市", "nearest_estimate_min": -1.0}}, {"type": "Feature", "geometry": {"type": "Point", "coordinates": [121.57704, 25.03555]}, "properties": {"stop_name": "國業里", "district": "信義區", "geo_city": "臺北市", "nearest_estimate_min": 14.2}}, {"type": "Feature", "geometry": {"type": "Point", "coordinates": [121.524829613285, 25.0214243649503]}, "properties": {"stop_name": "水源路口", "district": "中正區", "geo_city": "臺北市", "nearest_estimate_min": 7.9}}, {"type": "Feature", "geometry": {"type": "Point", "coordinates": [121.541402549692, 24.9920548778923]}, "properties": {"stop_name": "文山二分局", "district": "文山區", "geo_city": "臺北市", "nearest_estimate_min": 1.3}}, {"type": "Feature", "geometry": {"type": "Point", "coordinates": [121.594415258716, 25.0553345135907]}, "properties": {"stop_name": "南港分局(向陽)", "district": "南港區", "geo_city": "臺北市", "nearest_estimate_min": 3.8}}, {"type": "Feature", "geometry": {"type": "Point", "coordinates": [121.5574829, 25.08002077]}, "properties": {"stop_name": "大直美堤花園二", "district": "中山區", "geo_city": "臺北市", "nearest_estimate_min": 6.0}}, {"type": "Feature", "geometry": {"type": "Point", "coordinates": [121.5314682, 25.14364173]}, "properties": {"stop_name": "第二展望", "district": "北投區", "geo_city": "臺北市", "nearest_estimate_min": -1.0}}, {"type": "Feature", "geometry": {"type": "Point", "coordinates": [121.4725103, 25.10658744]}, "properties": {"stop_name": "浮線", "district": "士林區", "geo_city": "臺北市", "nearest_estimate_min": 23.5}}, {"type": "Feature", "geometry": {"type": "Point", "coordinates": [121.54684, 25.13135]}, "properties": {"stop_name": "格致國中", "district": "士林區", "geo_city": "臺北市", "nearest_estimate_min": 1.3}}, {"type": "Feature", "geometry": {"type": "Point", "coordinates": [121.51425, 25.06854]}, "properties": {"stop_name": "民族重慶路口", "district": "大同區", "geo_city": "臺北市", "nearest_estimate_min": 4.9}}, {"type": "Feature", "geometry": {"type": "Point", "coordinates": [121.531572, 25.15875]}, "properties": {"stop_name": "內埔", "district": "北投區", "geo_city": "臺北市", "nearest_estimate_min": -1.0}}, {"type": "Feature", "geometry": {"type": "Point", "coordinates": [121.62430944197311, 25.03745072646921]}, "properties": {"stop_name": "舊莊二站", "district": "南港區", "geo_city": "臺北市", "nearest_estimate_min": 22.7}}, {"type": "Feature", "geometry": {"type": "Point", "coordinates": [121.61558513647303, 25.044722099556466]}, "properties": {"stop_name": "中研新村", "district": "南港區", "geo_city": "臺北市", "nearest_estimate_min": 2.8}}, {"type": "Feature", "geometry": {"type": "Point", "coordinates": [121.5100428, 25.13997831]}, "properties": {"stop_name": "國軍北投醫院", "district": "北投區", "geo_city": "臺北市", "nearest_estimate_min": -1.0}}, {"type": "Feature", "geometry": {"type": "Point", "coordinates": [121.531935, 25.159865]}, "properties": {"stop_name": "圳內", "district": "北投區", "geo_city": "臺北市", "nearest_estimate_min": 32.5}}, {"type": "Feature", "geometry": {"type": "Point", "coordinates": [121.53134848347, 25.12124699952]}, "properties": {"stop_name": "天母新村", "district": "士林區", "geo_city": "臺北市", "nearest_estimate_min": 5.1}}, {"type": "Feature", "geometry": {"type": "Point", "coordinates": [121.623579753493, 25.0352494716081]}, "properties": {"stop_name": "坑口運動公園", "district": "南港區", "geo_city": "臺北市", "nearest_estimate_min": -1.0}}, {"type": "Feature", "geometry": {"type": "Point", "coordinates": [121.5350442, 25.12621371]}, "properties": {"stop_name": "天母里", "district": "士林區", "geo_city": "臺北市", "nearest_estimate_min": -1.0}}, {"type": "Feature", "geometry": {"type": "Point", "coordinates": [121.499642, 25.157958]}, "properties": {"stop_name": "頭前崙", "district": "北投區", "geo_city": "臺北市", "nearest_estimate_min": 7.9}}, {"type": "Feature", "geometry": {"type": "Point", "coordinates": [121.5183087, 25.02997969]}, "properties": {"stop_name": "聯合醫院婦幼院區一", "district": "中正區", "geo_city": "臺北市", "nearest_estimate_min": 23.2}}, {"type": "Feature", "geometry": {"type": "Point", "coordinates": [121.5847324, 25.119814]}, "properties": {"stop_name": "溪山派出所", "district": "士林區", "geo_city": "臺北市", "nearest_estimate_min": -1.0}}, {"type": "Feature", "geometry": {"type": "Point", "coordinates": [121.553534505165, 25.0232432826612]}, "properties": {"stop_name": "捷運六張犁站(和平)", "district": "大安區", "geo_city": "臺北市", "nearest_estimate_min": 3.9}}, {"type": "Feature", "geometry": {"type": "Point", "coordinates": [121.532693859225, 25.0263548162126]}, "properties": {"stop_name": "溫州街口", "district": "大安區", "geo_city": "臺北市", "nearest_estimate_min": 0.1}}, {"type": "Feature", "geometry": {"type": "Point", "coordinates": [121.52041074945086, 25.092644539015005]}, "properties": {"stop_name": "士林區行政中心(基河)", "district": "士林區", "geo_city": "臺北市", "nearest_estimate_min": 21.9}}, {"type": "Feature", "geometry": {"type": "Point", "coordinates": [121.565572, 25.065033]}, "properties": {"stop_name": "莊敬里", "district": "松山區", "geo_city": "臺北市", "nearest_estimate_min": 12.3}}, {"type": "Feature", "geometry": {"type": "Point", "coordinates": [121.535389422228, 25.1431282441305]}, "properties": {"stop_name": "大埔(明玄宮)", "district": "北投區", "geo_city": "臺北市", "nearest_estimate_min": 3.5}}, {"type": "Feature", "geometry": {"type": "Point", "coordinates": [121.555253, 25.08484]}, "properties": {"stop_name": "捷運劍南路站", "district": "中山區", "geo_city": "臺北市", "nearest_estimate_min": 1.4}}, {"type": "Feature", "geometry": {"type": "Point", "coordinates": [121.51313, 25.120321]}, "properties": {"stop_name": "陽明交大校門口", "district": "北投區", "geo_city": "臺北市", "nearest_estimate_min": -1.0}}, {"type": "Feature", "geometry": {"type": "Point", "coordinates": [121.5402309, 25.16722632]}, "properties": {"stop_name": "竹子湖派出所", "district": "北投區", "geo_city": "臺北市", "nearest_estimate_min": 21.1}}, {"type": "Feature", "geometry": {"type": "Point", "coordinates": [121.6154227, 25.072151]}, "properties": {"stop_name": "安湖站", "district": "內湖區", "geo_city": "臺北市", "nearest_estimate_min": -1.0}}, {"type": "Feature", "geometry": {"type": "Point", "coordinates": [121.4889513, 25.03228397]}, "properties": {"stop_name": "華江站", "district": "萬華區", "geo_city": "臺北市", "nearest_estimate_min": -1.0}}, {"type": "Feature", "geometry": {"type": "Point", "coordinates": [121.58212115754, 25.0680848776157]}, "properties": {"stop_name": "時報廣場", "district": "內湖區", "geo_city": "臺北市", "nearest_estimate_min": 5.6}}, {"type": "Feature", "geometry": {"type": "Point", "coordinates": [121.565877, 24.983723]}, "properties": {"stop_name": "司法新村", "district": "文山區", "geo_city": "臺北市", "nearest_estimate_min": -1.0}}, {"type": "Feature", "geometry": {"type": "Point", "coordinates": [121.54442, 25.14231]}, "properties": {"stop_name": "第一展望", "district": "北投區", "geo_city": "臺北市", "nearest_estimate_min": 1.6}}, {"type": "Feature", "geometry": {"type": "Point", "coordinates": [121.535185, 25.013993]}, "properties": {"stop_name": "捷運公館站", "district": "大安區", "geo_city": "臺北市", "nearest_estimate_min": 0.8}}, {"type": "Feature", "geometry": {"type": "Point", "coordinates": [121.536191, 25.14792]}, "properties": {"stop_name": "梅湖", "district": "北投區", "geo_city": "臺北市", "nearest_estimate_min": 48.6}}, {"type": "Feature", "geometry": {"type": "Point", "coordinates": [121.524101015012, 25.1061831779426]}, "properties": {"stop_name": "中山北路口(德行)", "district": "士林區", "geo_city": "臺北市", "nearest_estimate_min": 17.0}}, {"type": "Feature", "geometry": {"type": "Point", "coordinates": [121.547813, 25.045167]}, "properties": {"stop_name": "市民敦化路口", "district": "松山區", "geo_city": "臺北市", "nearest_estimate_min": -1.0}}, {"type": "Feature", "geometry": {"type": "Point", "coordinates": [121.6030148, 25.06116745]}, "properties": {"stop_name": "東湖站", "district": "內湖區", "geo_city": "臺北市", "nearest_estimate_min": 62.5}}, {"type": "Feature", "geometry": {"type": "Point", "coordinates": [121.48966, 25.14056]}, "properties": {"stop_name": "稻香圖書館", "district": "北投區", "geo_city": "臺北市", "nearest_estimate_min": 13.8}}, {"type": "Feature", "geometry": {"type": "Point", "coordinates": [121.662317, 25.024643]}, "properties": {"stop_name": "涼亭", "district": "南港區", "geo_city": "臺北市", "nearest_estimate_min": -1.0}}, {"type": "Feature", "geometry": {"type": "Point", "coordinates": [121.531233530381, 25.068377333479]}, "properties": {"stop_name": "新生公園", "district": "中山區", "geo_city": "臺北市", "nearest_estimate_min": -1.0}}, {"type": "Feature", "geometry": {"type": "Point", "coordinates": [121.6121944, 25.0332955]}, "properties": {"stop_name": "軍人公墓", "district": "南港區", "geo_city": "臺北市", "nearest_estimate_min": 0.2}}, {"type": "Feature", "geometry": {"type": "Point", "coordinates": [121.522745, 25.149966]}, "properties": {"stop_name": "泉源3號橋", "district": "北投區", "geo_city": "臺北市", "nearest_estimate_min": 3.6}}, {"type": "Feature", "geometry": {"type": "Point", "coordinates": [121.517899, 25.091566]}, "properties": {"stop_name": "福港街", "district": "士林區", "geo_city": "臺北市", "nearest_estimate_min": -1.0}}, {"type": "Feature", "geometry": {"type": "Point", "coordinates": [121.527713493878, 25.026738138642]}, "properties": {"stop_name": "師大", "district": "大安區", "geo_city": "臺北市", "nearest_estimate_min": 2.3}}, {"type": "Feature", "geometry": {"type": "Point", "coordinates": [121.57883, 24.970101]}, "properties": {"stop_name": "望遠亭(老泉里)", "district": "文山區", "geo_city": "臺北市", "nearest_estimate_min": -1.0}}, {"type": "Feature", "geometry": {"type": "Point", "coordinates": [121.543583, 25.039866]}, "properties": {"stop_name": "懷生國中", "district": "大安區", "geo_city": "臺北市", "nearest_estimate_min": 5.1}}, {"type": "Feature", "geometry": {"type": "Point", "coordinates": [121.5125579, 25.05188337]}, "properties": {"stop_name": "延平一站(長安)", "district": "大同區", "geo_city": "臺北市", "nearest_estimate_min": -1.0}}, {"type": "Feature", "geometry": {"type": "Point", "coordinates": [121.56696, 25.04904]}, "properties": {"stop_name": "新聚里", "district": "松山區", "geo_city": "臺北市", "nearest_estimate_min": 13.9}}, {"type": "Feature", "geometry": {"type": "Point", "coordinates": [121.504190816017, 25.1173181486975]}, "properties": {"stop_name": "立農國小", "district": "北投區", "geo_city": "臺北市", "nearest_estimate_min": 5.7}}, {"type": "Feature", "geometry": {"type": "Point", "coordinates": [121.5513423711172, 25.015144865886427]}, "properties": {"stop_name": "青峰活動中心", "district": "大安區", "geo_city": "臺北市", "nearest_estimate_min": 1.2}}, {"type": "Feature", "geometry": {"type": "Point", "coordinates": [121.49875524785, 25.1420654536477]}, "properties": {"stop_name": "中和里", "district": "北投區", "geo_city": "臺北市", "nearest_estimate_min": -1.0}}, {"type": "Feature", "geometry": {"type": "Point", "coordinates": [121.62443945981241, 25.037381463364092]}, "properties": {"stop_name": "舊莊二站", "district": "南港區", "geo_city": "臺北市", "nearest_estimate_min": 18.4}}, {"type": "Feature", "geometry": {"type": "Point", "coordinates": [121.532327, 25.021872]}, "properties": {"stop_name": "溫州街口", "district": "大安區", "geo_city": "臺北市", "nearest_estimate_min": 1.5}}, {"type": "Feature", "geometry": {"type": "Point", "coordinates": [121.47841, 25.13528]}, "properties": {"stop_name": "行天宮北投分宮忠義站", "district": "北投區", "geo_city": "臺北市", "nearest_estimate_min": 33.2}}, {"type": "Feature", "geometry": {"type": "Point", "coordinates": [121.553039816886, 25.001459963615]}, "properties": {"stop_name": "興隆國小", "district": "文山區", "geo_city": "臺北市", "nearest_estimate_min": 4.8}}, {"type": "Feature", "geometry": {"type": "Point", "coordinates": [121.56488, 25.14206]}, "properties": {"stop_name": "菁山里二", "district": "士林區", "geo_city": "臺北市", "nearest_estimate_min": -1.0}}, {"type": "Feature", "geometry": {"type": "Point", "coordinates": [121.4750843, 25.13266231]}, "properties": {"stop_name": "中央北路", "district": "北投區", "geo_city": "臺北市", "nearest_estimate_min": -1.0}}, {"type": "Feature", "geometry": {"type": "Point", "coordinates": [121.549257, 25.101952]}, "properties": {"stop_name": "故宮博物院(正館)", "district": "士林區", "geo_city": "臺北市", "nearest_estimate_min": -1.0}}, {"type": "Feature", "geometry": {"type": "Point", "coordinates": [121.525882, 25.095428]}, "properties": {"stop_name": "捷運士林站(中正)", "district": "士林區", "geo_city": "臺北市", "nearest_estimate_min": 5.0}}, {"type": "Feature", "geometry": {"type": "Point", "coordinates": [121.5731066, 25.07729684]}, "properties": {"stop_name": "瑞光港墘路口", "district": "內湖區", "geo_city": "臺北市", "nearest_estimate_min": -1.0}}, {"type": "Feature", "geometry": {"type": "Point", "coordinates": [121.579780430471, 25.0334460670503]}, "properties": {"stop_name": "永春高中", "district": "信義區", "geo_city": "臺北市", "nearest_estimate_min": 23.8}}, {"type": "Feature", "geometry": {"type": "Point", "coordinates": [121.5573, 25.06199574]}, "properties": {"stop_name": "民權公園", "district": "松山區", "geo_city": "臺北市", "nearest_estimate_min": 3.6}}, {"type": "Feature", "geometry": {"type": "Point", "coordinates": [121.527864, 25.129093]}, "properties": {"stop_name": "明山宮一", "district": "北投區", "geo_city": "臺北市", "nearest_estimate_min": 5.8}}, {"type": "Feature", "geometry": {"type": "Point", "coordinates": [121.52135, 25.095531]}, "properties": {"stop_name": "新光醫院", "district": "士林區", "geo_city": "臺北市", "nearest_estimate_min": -1.0}}, {"type": "Feature", "geometry": {"type": "Point", "coordinates": [121.623374, 25.026299]}, "properties": {"stop_name": "山豬窟", "district": "南港區", "geo_city": "臺北市", "nearest_estimate_min": -1.0}}, {"type": "Feature", "geometry": {"type": "Point", "coordinates": [121.530399427523, 25.0671439681624]}, "properties": {"stop_name": "吉林路底", "district": "中山區", "geo_city": "臺北市", "nearest_estimate_min": -1.0}}, {"type": "Feature", "geometry": {"type": "Point", "coordinates": [121.50604, 25.03991]}, "properties": {"stop_name": "西寧南路", "district": "萬華區", "geo_city": "臺北市", "nearest_estimate_min": 11.7}}, {"type": "Feature", "geometry": {"type": "Point", "coordinates": [121.5537644922877, 24.98176616079763]}, "properties": {"stop_name": "木新路口", "district": "文山區", "geo_city": "臺北市", "nearest_estimate_min": 1.4}}, {"type": "Feature", "geometry": {"type": "Point", "coordinates": [121.51018571259864, 25.046034860361424]}, "properties": {"stop_name": "臺北郵局(撫臺街洋樓)", "district": "中正區", "geo_city": "臺北市", "nearest_estimate_min": 9.7}}, {"type": "Feature", "geometry": {"type": "Point", "coordinates": [121.5933534, 25.05837691]}, "properties": {"stop_name": "溫歌華社區", "district": "南港區", "geo_city": "臺北市", "nearest_estimate_min": -1.0}}, {"type": "Feature", "geometry": {"type": "Point", "coordinates": [121.5381394, 25.05772436]}, "properties": {"stop_name": "合江街口", "district": "中山區", "geo_city": "臺北市", "nearest_estimate_min": 8.6}}, {"type": "Feature", "geometry": {"type": "Point", "coordinates": [121.494972, 25.097666]}, "properties": {"stop_name": "福安里一", "district": "士林區", "geo_city": "臺北市", "nearest_estimate_min": -1.0}}, {"type": "Feature", "geometry": {"type": "Point", "coordinates": [121.568628, 25.026234]}, "properties": {"stop_name": "吳興國小(松仁)", "district": "信義區", "geo_city": "臺北市", "nearest_estimate_min": 1.6}}, {"type": "Feature", "geometry": {"type": "Point", "coordinates": [121.50068, 25.12591]}, "properties": {"stop_name": "捷運奇岩站(北投)", "district": "北投區", "geo_city": "臺北市", "nearest_estimate_min": -1.0}}, {"type": "Feature", "geometry": {"type": "Point", "coordinates": [121.5098139, 25.14003112]}, "properties": {"stop_name": "國軍北投(衛戍)醫院", "district": "北投區", "geo_city": "臺北市", "nearest_estimate_min": -1.0}}, {"type": "Feature", "geometry": {"type": "Point", "coordinates": [121.549163, 25.039336]}, "properties": {"stop_name": "安和敦化路口", "district": "大安區", "geo_city": "臺北市", "nearest_estimate_min": 4.4}}, {"type": "Feature", "geometry": {"type": "Point", "coordinates": [121.603501503157, 25.0538268750408]}, "properties": {"stop_name": "台肥新村", "district": "南港區", "geo_city": "臺北市", "nearest_estimate_min": 24.3}}, {"type": "Feature", "geometry": {"type": "Point", "coordinates": [121.501688456724, 25.1392080991718]}, "properties": {"stop_name": "中和街", "district": "北投區", "geo_city": "臺北市", "nearest_estimate_min": 2.7}}, {"type": "Feature", "geometry": {"type": "Point", "coordinates": [121.5672991, 25.00146028]}, "properties": {"stop_name": "萬芳國小", "district": "文山區", "geo_city": "臺北市", "nearest_estimate_min": 0.6}}, {"type": "Feature", "geometry": {"type": "Point", "coordinates": [121.5014192, 25.13224662]}, "properties": {"stop_name": "中央南路", "district": "北投區", "geo_city": "臺北市", "nearest_estimate_min": -1.0}}, {"type": "Feature", "geometry": {"type": "Point", "coordinates": [121.5286395, 25.13577979]}, "properties": {"stop_name": "行義路二", "district": "北投區", "geo_city": "臺北市", "nearest_estimate_min": 4.5}}, {"type": "Feature", "geometry": {"type": "Point", "coordinates": [121.498447, 25.126464]}, "properties": {"stop_name": "鳳甲美術館", "district": "北投區", "geo_city": "臺北市", "nearest_estimate_min": 12.6}}, {"type": "Feature", "geometry": {"type": "Point", "coordinates": [121.522776776113, 25.0608309862107]}, "properties": {"stop_name": "台泥大樓(馬偕醫院)", "district": "中山區", "geo_city": "臺北市", "nearest_estimate_min": 5.2}}, {"type": "Feature", "geometry": {"type": "Point", "coordinates": [121.55988996370712, 24.996224651489683]}, "properties": {"stop_name": "文山運動中心(興隆)", "district": "文山區", "geo_city": "臺北市", "nearest_estimate_min": 3.5}}, {"type": "Feature", "geometry": {"type": "Point", "coordinates": [121.556223, 25.083024]}, "properties": {"stop_name": "敬業三路一", "district": "中山區", "geo_city": "臺北市", "nearest_estimate_min": 11.1}}, {"type": "Feature", "geometry": {"type": "Point", "coordinates": [121.5779835, 25.07910692]}, "properties": {"stop_name": "西湖圖書館(湖光教會)", "district": "內湖區", "geo_city": "臺北市", "nearest_estimate_min": 2.3}}, {"type": "Feature", "geometry": {"type": "Point", "coordinates": [121.5076858, 25.13684101]}, "properties": {"stop_name": "溫泉博物館(梅庭)", "district": "北投區", "geo_city": "臺北市", "nearest_estimate_min": -1.0}}, {"type": "Feature", "geometry": {"type": "Point", "coordinates": [121.502519, 25.114254]}, "properties": {"stop_name": "北投垃圾焚化廠", "district": "北投區", "geo_city": "臺北市", "nearest_estimate_min": -1.0}}, {"type": "Feature", "geometry": {"type": "Point", "coordinates": [121.5645684, 25.07081009]}, "properties": {"stop_name": "上塔悠", "district": "松山區", "geo_city": "臺北市", "nearest_estimate_min": 19.8}}, {"type": "Feature", "geometry": {"type": "Point", "coordinates": [121.5015983, 25.12583115]}, "properties": {"stop_name": "忠義新村", "district": "北投區", "geo_city": "臺北市", "nearest_estimate_min": -1.0}}, {"type": "Feature", "geometry": {"type": "Point", "coordinates": [121.5133626, 25.02747328]}, "properties": {"stop_name": "三元街", "district": "中正區", "geo_city": "臺北市", "nearest_estimate_min": 32.0}}, {"type": "Feature", "geometry": {"type": "Point", "coordinates": [121.547521, 25.176902]}, "properties": {"stop_name": "小油坑服務站", "district": "北投區", "geo_city": "臺北市", "nearest_estimate_min": -1.0}}, {"type": "Feature", "geometry": {"type": "Point", "coordinates": [121.5371554, 25.000033]}, "properties": {"stop_name": "萬隆社區", "district": "文山區", "geo_city": "臺北市", "nearest_estimate_min": -1.0}}, {"type": "Feature", "geometry": {"type": "Point", "coordinates": [121.522657043885, 25.1007959524461]}, "properties": {"stop_name": "捷運芝山站一", "district": "士林區", "geo_city": "臺北市", "nearest_estimate_min": 1.9}}, {"type": "Feature", "geometry": {"type": "Point", "coordinates": [121.501442, 25.10163]}, "properties": {"stop_name": "洲美街219號", "district": "北投區", "geo_city": "臺北市", "nearest_estimate_min": -1.0}}, {"type": "Feature", "geometry": {"type": "Point", "coordinates": [121.547609588359, 25.0414444737459]}, "properties": {"stop_name": "頂好市場", "district": "大安區", "geo_city": "臺北市", "nearest_estimate_min": 5.3}}, {"type": "Feature", "geometry": {"type": "Point", "coordinates": [121.61746, 25.074]}, "properties": {"stop_name": "安泰里", "district": "內湖區", "geo_city": "臺北市", "nearest_estimate_min": -1.0}}, {"type": "Feature", "geometry": {"type": "Point", "coordinates": [121.524789386925, 25.094058815207]}, "properties": {"stop_name": "士林國小", "district": "士林區", "geo_city": "臺北市", "nearest_estimate_min": 5.8}}, {"type": "Feature", "geometry": {"type": "Point", "coordinates": [121.5843159, 24.98942183]}, "properties": {"stop_name": "兆如安養中心", "district": "文山區", "geo_city": "臺北市", "nearest_estimate_min": 7.6}}, {"type": "Feature", "geometry": {"type": "Point", "coordinates": [121.605787937555, 25.0558130579444]}, "properties": {"stop_name": "興華路", "district": "南港區", "geo_city": "臺北市", "nearest_estimate_min": 23.0}}, {"type": "Feature", "geometry": {"type": "Point", "coordinates": [121.47061, 25.12274]}, "properties": {"stop_name": "大度立德路口", "district": "北投區", "geo_city": "臺北市", "nearest_estimate_min": -1.0}}, {"type": "Feature", "geometry": {"type": "Point", "coordinates": [121.581945222038, 25.04523472781]}, "properties": {"stop_name": "捷運後山埤站(永吉)", "district": "南港區", "geo_city": "臺北市", "nearest_estimate_min": 26.3}}, {"type": "Feature", "geometry": {"type": "Point", "coordinates": [121.601616, 24.9702]}, "properties": {"stop_name": "圓山一", "district": "文山區", "geo_city": "臺北市", "nearest_estimate_min": 11.4}}, {"type": "Feature", "geometry": {"type": "Point", "coordinates": [121.59306, 25.050052]}, "properties": {"stop_name": "捷運昆陽站", "district": "南港區", "geo_city": "臺北市", "nearest_estimate_min": 0.4}}, {"type": "Feature", "geometry": {"type": "Point", "coordinates": [121.548528, 25.001971]}, "properties": {"stop_name": "敦南203巷", "district": "文山區", "geo_city": "臺北市", "nearest_estimate_min": -1.0}}, {"type": "Feature", "geometry": {"type": "Point", "coordinates": [121.51358595205109, 25.060581358412865]}, "properties": {"stop_name": "涼州重慶路口", "district": "大同區", "geo_city": "臺北市", "nearest_estimate_min": 1.7}}, {"type": "Feature", "geometry": {"type": "Point", "coordinates": [121.5526, 25.10164]}, "properties": {"stop_name": "衛理女中(原住民文化主題公園)", "district": "士林區", "geo_city": "臺北市", "nearest_estimate_min": 2.0}}, {"type": "Feature", "geometry": {"type": "Point", "coordinates": [121.546655, 24.995565]}, "properties": {"stop_name": "景華街一", "district": "文山區", "geo_city": "臺北市", "nearest_estimate_min": -1.0}}, {"type": "Feature", "geometry": {"type": "Point", "coordinates": [121.596727, 25.061328]}, "properties": {"stop_name": "長壽抽水站", "district": "內湖區", "geo_city": "臺北市", "nearest_estimate_min": -1.0}}, {"type": "Feature", "geometry": {"type": "Point", "coordinates": [121.523152, 25.027172]}, "properties": {"stop_name": "捷運古亭站(和平)", "district": "大安區", "geo_city": "臺北市", "nearest_estimate_min": 4.8}}, {"type": "Feature", "geometry": {"type": "Point", "coordinates": [121.521557470717, 25.1045901550924]}, "properties": {"stop_name": "德行西路", "district": "士林區", "geo_city": "臺北市", "nearest_estimate_min": 18.4}}, {"type": "Feature", "geometry": {"type": "Point", "coordinates": [121.537708683954, 25.101779204864]}, "properties": {"stop_name": "岩山里", "district": "士林區", "geo_city": "臺北市", "nearest_estimate_min": 8.8}}, {"type": "Feature", "geometry": {"type": "Point", "coordinates": [121.57187, 25.1151]}, "properties": {"stop_name": "至善路三段", "district": "士林區", "geo_city": "臺北市", "nearest_estimate_min": -1.0}}, {"type": "Feature", "geometry": {"type": "Point", "coordinates": [121.53420785577566, 25.041964538706296]}, "properties": {"stop_name": "臺北科技大學(忠孝)", "district": "大安區", "geo_city": "臺北市", "nearest_estimate_min": 0.6}}, {"type": "Feature", "geometry": {"type": "Point", "coordinates": [121.56151, 25.11212]}, "properties": {"stop_name": "內雙溪橋", "district": "士林區", "geo_city": "臺北市", "nearest_estimate_min": -1.0}}, {"type": "Feature", "geometry": {"type": "Point", "coordinates": [121.49716, 25.03317]}, "properties": {"stop_name": "時報大樓", "district": "萬華區", "geo_city": "臺北市", "nearest_estimate_min": 1.0}}, {"type": "Feature", "geometry": {"type": "Point", "coordinates": [121.53627250499, 25.0519389515979]}, "properties": {"stop_name": "南京建國路口", "district": "中山區", "geo_city": "臺北市", "nearest_estimate_min": 2.1}}, {"type": "Feature", "geometry": {"type": "Point", "coordinates": [121.566269, 25.062445]}, "properties": {"stop_name": "新益里", "district": "松山區", "geo_city": "臺北市", "nearest_estimate_min": 6.0}}, {"type": "Feature", "geometry": {"type": "Point", "coordinates": [121.537808, 25.0084374367022]}, "properties": {"stop_name": "師大分部", "district": "文山區", "geo_city": "臺北市", "nearest_estimate_min": -1.0}}, {"type": "Feature", "geometry": {"type": "Point", "coordinates": [121.5474217, 25.15249728]}, "properties": {"stop_name": "陽明山", "district": "北投區", "geo_city": "臺北市", "nearest_estimate_min": 8.7}}, {"type": "Feature", "geometry": {"type": "Point", "coordinates": [121.570622, 24.98551]}, "properties": {"stop_name": "木南公園", "district": "文山區", "geo_city": "臺北市", "nearest_estimate_min": -1.0}}, {"type": "Feature", "geometry": {"type": "Point", "coordinates": [121.56074, 24.98693]}, "properties": {"stop_name": "木柵公園", "district": "文山區", "geo_city": "臺北市", "nearest_estimate_min": 7.1}}, {"type": "Feature", "geometry": {"type": "Point", "coordinates": [121.55779, 25.12251]}, "properties": {"stop_name": "大興山莊", "district": "士林區", "geo_city": "臺北市", "nearest_estimate_min": 13.5}}, {"type": "Feature", "geometry": {"type": "Point", "coordinates": [121.5223009, 25.06271419]}, "properties": {"stop_name": "民權中山路口", "district": "中山區", "geo_city": "臺北市", "nearest_estimate_min": 6.6}}, {"type": "Feature", "geometry": {"type": "Point", "coordinates": [121.511555, 25.043262]}, "properties": {"stop_name": "博愛路", "district": "中正區", "geo_city": "臺北市", "nearest_estimate_min": 1.4}}, {"type": "Feature", "geometry": {"type": "Point", "coordinates": [121.5524331, 24.98848123]}, "properties": {"stop_name": "溝子口(幸福華興)", "district": "文山區", "geo_city": "臺北市", "nearest_estimate_min": 1.3}}, {"type": "Feature", "geometry": {"type": "Point", "coordinates": [121.62076, 25.03724]}, "properties": {"stop_name": "巴黎春天社區", "district": "南港區", "geo_city": "臺北市", "nearest_estimate_min": -1.0}}, {"type": "Feature", "geometry": {"type": "Point", "coordinates": [121.57388, 25.16716]}, "properties": {"stop_name": "擎天崗", "district": "士林區", "geo_city": "臺北市", "nearest_estimate_min": -1.0}}, {"type": "Feature", "geometry": {"type": "Point", "coordinates": [121.5017127, 25.15910813]}, "properties": {"stop_name": "安溪寮", "district": "北投區", "geo_city": "臺北市", "nearest_estimate_min": 8.7}}, {"type": "Feature", "geometry": {"type": "Point", "coordinates": [121.5105335296023, 25.113305413702086]}, "properties": {"stop_name": "石牌路", "district": "北投區", "geo_city": "臺北市", "nearest_estimate_min": 9.3}}, {"type": "Feature", "geometry": {"type": "Point", "coordinates": [121.539164314308, 25.1158769834742]}, "properties": {"stop_name": "東山路", "district": "士林區", "geo_city": "臺北市", "nearest_estimate_min": -1.0}}, {"type": "Feature", "geometry": {"type": "Point", "coordinates": [121.588052, 24.968307]}, "properties": {"stop_name": "貓空纜車站", "district": "文山區", "geo_city": "臺北市", "nearest_estimate_min": 4.1}}, {"type": "Feature", "geometry": {"type": "Point", "coordinates": [121.5641876, 25.14353762]}, "properties": {"stop_name": "菁山里一", "district": "士林區", "geo_city": "臺北市", "nearest_estimate_min": -1.0}}, {"type": "Feature", "geometry": {"type": "Point", "coordinates": [121.566155, 25.062286]}, "properties": {"stop_name": "新益里", "district": "松山區", "geo_city": "臺北市", "nearest_estimate_min": 12.9}}, {"type": "Feature", "geometry": {"type": "Point", "coordinates": [121.549204, 25.048949]}, "properties": {"stop_name": "市立體育場", "district": "松山區", "geo_city": "臺北市", "nearest_estimate_min": 1.0}}, {"type": "Feature", "geometry": {"type": "Point", "coordinates": [121.526591616299, 25.0210488128183]}, "properties": {"stop_name": "晉江師大路口", "district": "中正區", "geo_city": "臺北市", "nearest_estimate_min": -1.0}}, {"type": "Feature", "geometry": {"type": "Point", "coordinates": [121.5742675, 25.08522466]}, "properties": {"stop_name": "麗山新村", "district": "內湖區", "geo_city": "臺北市", "nearest_estimate_min": 7.4}}, {"type": "Feature", "geometry": {"type": "Point", "coordinates": [121.547108027889, 25.0144157498917]}, "properties": {"stop_name": "自來水事業處", "district": "大安區", "geo_city": "臺北市", "nearest_estimate_min": 12.6}}, {"type": "Feature", "geometry": {"type": "Point", "coordinates": [121.544575703262, 24.9972142117661]}, "properties": {"stop_name": "景興國中", "district": "文山區", "geo_city": "臺北市", "nearest_estimate_min": 1.4}}, {"type": "Feature", "geometry": {"type": "Point", "coordinates": [121.50066027111731, 25.021489599820963]}, "properties": {"stop_name": "光仁國小", "district": "萬華區", "geo_city": "臺北市", "nearest_estimate_min": 2.3}}, {"type": "Feature", "geometry": {"type": "Point", "coordinates": [121.61684, 25.07516]}, "properties": {"stop_name": "安泰里一", "district": "內湖區", "geo_city": "臺北市", "nearest_estimate_min": -1.0}}, {"type": "Feature", "geometry": {"type": "Point", "coordinates": [121.521957, 25.118587]}, "properties": {"stop_name": "振興街", "district": "北投區", "geo_city": "臺北市", "nearest_estimate_min": -1.0}}, {"type": "Feature", "geometry": {"type": "Point", "coordinates": [121.5944283, 25.07911977]}, "properties": {"stop_name": "警智新村", "district": "內湖區", "geo_city": "臺北市", "nearest_estimate_min": 34.2}}, {"type": "Feature", "geometry": {"type": "Point", "coordinates": [121.5282, 25.05085]}, "properties": {"stop_name": "南京新生北路口", "district": "中山區", "geo_city": "臺北市", "nearest_estimate_min": 35.0}}, {"type": "Feature", "geometry": {"type": "Point", "coordinates": [121.55122687477919, 25.033180975171472]}, "properties": {"stop_name": "捷運信義安和站(信義)", "district": "大安區", "geo_city": "臺北市", "nearest_estimate_min": 6.4}}, {"type": "Feature", "geometry": {"type": "Point", "coordinates": [121.615208, 25.075322]}, "properties": {"stop_name": "湖山村", "district": "內湖區", "geo_city": "臺北市", "nearest_estimate_min": -1.0}}, {"type": "Feature", "geometry": {"type": "Point", "coordinates": [121.5632643, 25.02827334]}, "properties": {"stop_name": "臺北醫學大學", "district": "信義區", "geo_city": "臺北市", "nearest_estimate_min": 3.6}}, {"type": "Feature", "geometry": {"type": "Point", "coordinates": [121.503532, 25.145273]}, "properties": {"stop_name": "溫莎堡", "district": "北投區", "geo_city": "臺北市", "nearest_estimate_min": 15.8}}, {"type": "Feature", "geometry": {"type": "Point", "coordinates": [121.5000875, 25.03311977]}, "properties": {"stop_name": "萬華車站", "district": "萬華區", "geo_city": "臺北市", "nearest_estimate_min": -1.0}}, {"type": "Feature", "geometry": {"type": "Point", "coordinates": [121.50613, 25.047537]}, "properties": {"stop_name": "洛陽停車場", "district": "萬華區", "geo_city": "臺北市", "nearest_estimate_min": 6.5}}, {"type": "Feature", "geometry": {"type": "Point", "coordinates": [121.617342075005, 25.0551425857593]}, "properties": {"stop_name": "捷運南港展覽館站(南港路)", "district": "南港區", "geo_city": "臺北市", "nearest_estimate_min": 5.8}}, {"type": "Feature", "geometry": {"type": "Point", "coordinates": [121.621080691049, 25.0299420689211]}, "properties": {"stop_name": "福聖宮(山水綠生態公園)", "district": "南港區", "geo_city": "臺北市", "nearest_estimate_min": -1.0}}, {"type": "Feature", "geometry": {"type": "Point", "coordinates": [121.5013728, 25.12750085]}, "properties": {"stop_name": "慈后宮", "district": "北投區", "geo_city": "臺北市", "nearest_estimate_min": 29.3}}, {"type": "Feature", "geometry": {"type": "Point", "coordinates": [121.513172, 25.042568]}, "properties": {"stop_name": "衡陽路口", "district": "中正區", "geo_city": "臺北市", "nearest_estimate_min": 7.5}}, {"type": "Feature", "geometry": {"type": "Point", "coordinates": [121.527715, 25.097204]}, "properties": {"stop_name": "福林橋", "district": "士林區", "geo_city": "臺北市", "nearest_estimate_min": 19.4}}, {"type": "Feature", "geometry": {"type": "Point", "coordinates": [121.565358, 25.03426179]}, "properties": {"stop_name": "101國際購物中心", "district": "信義區", "geo_city": "臺北市", "nearest_estimate_min": 4.2}}, {"type": "Feature", "geometry": {"type": "Point", "coordinates": [121.56152, 25.04688]}, "properties": {"stop_name": "復盛京華", "district": "松山區", "geo_city": "臺北市", "nearest_estimate_min": -1.0}}, {"type": "Feature", "geometry": {"type": "Point", "coordinates": [121.588013, 25.093529]}, "properties": {"stop_name": "碧霞宮", "district": "內湖區", "geo_city": "臺北市", "nearest_estimate_min": -1.0}}, {"type": "Feature", "geometry": {"type": "Point", "coordinates": [121.589838083526, 25.0798544258006]}, "properties": {"stop_name": "成功路三段", "district": "內湖區", "geo_city": "臺北市", "nearest_estimate_min": 7.6}}, {"type": "Feature", "geometry": {"type": "Point", "coordinates": [121.60724177635524, 25.055892219409326]}, "properties": {"stop_name": "南港高工一", "district": "南港區", "geo_city": "臺北市", "nearest_estimate_min": 21.1}}, {"type": "Feature", "geometry": {"type": "Point", "coordinates": [121.57937, 25.00102]}, "properties": {"stop_name": "風動石", "district": "文山區", "geo_city": "臺北市", "nearest_estimate_min": 2.0}}, {"type": "Feature", "geometry": {"type": "Point", "coordinates": [121.514253, 25.141676]}, "properties": {"stop_name": "新民路底", "district": "北投區", "geo_city": "臺北市", "nearest_estimate_min": -1.0}}, {"type": "Feature", "geometry": {"type": "Point", "coordinates": [121.473445688734, 25.1313688133648]}, "properties": {"stop_name": "捷運忠義站", "district": "北投區", "geo_city": "臺北市", "nearest_estimate_min": -1.0}}, {"type": "Feature", "geometry": {"type": "Point", "coordinates": [121.58787, 25.09841]}, "properties": {"stop_name": "碧山巖(白石湖吊橋)", "district": "內湖區", "geo_city": "臺北市", "nearest_estimate_min": -1.0}}, {"type": "Feature", "geometry": {"type": "Point", "coordinates": [121.611284, 25.034447]}, "properties": {"stop_name": "軍人公墓(正門)", "district": "南港區", "geo_city": "臺北市", "nearest_estimate_min": -1.0}}, {"type": "Feature", "geometry": {"type": "Point", "coordinates": [121.48446, 25.10576]}, "properties": {"stop_name": "富洲里八段", "district": "士林區", "geo_city": "臺北市", "nearest_estimate_min": 27.9}}, {"type": "Feature", "geometry": {"type": "Point", "coordinates": [121.591596, 25.041068]}, "properties": {"stop_name": "南港花園社區一", "district": "南港區", "geo_city": "臺北市", "nearest_estimate_min": 2.9}}, {"type": "Feature", "geometry": {"type": "Point", "coordinates": [121.5345198, 25.02466421]}, "properties": {"stop_name": "龍安國小(公務人力發展學院)", "district": "大安區", "geo_city": "臺北市", "nearest_estimate_min": 0.5}}, {"type": "Feature", "geometry": {"type": "Point", "coordinates": [121.57417314249922, 24.97823299214419]}, "properties": {"stop_name": "大草坪(自強宿舍)", "district": "文山區", "geo_city": "臺北市", "nearest_estimate_min": -1.0}}, {"type": "Feature", "geometry": {"type": "Point", "coordinates": [121.511386912259, 25.024227684318]}, "properties": {"stop_name": "崁頂(中華路)", "district": "萬華區", "geo_city": "臺北市", "nearest_estimate_min": 0.6}}, {"type": "Feature", "geometry": {"type": "Point", "coordinates": [121.5995, 25.02499]}, "properties": {"stop_name": "麗山橋", "district": "南港區", "geo_city": "臺北市", "nearest_estimate_min": -1.0}}, {"type": "Feature", "geometry": {"type": "Point", "coordinates": [121.565903409458, 25.0805158061818]}, "properties": {"stop_name": "基湖路口", "district": "內湖區", "geo_city": "臺北市", "nearest_estimate_min": 1.6}}, {"type": "Feature", "geometry": {"type": "Point", "coordinates": [121.585050803739, 25.0526502598819]}, "properties": {"stop_name": "松山磚廠", "district": "南港區", "geo_city": "臺北市", "nearest_estimate_min": 32.0}}, {"type": "Feature", "geometry": {"type": "Point", "coordinates": [121.6012971, 25.08752165]}, "properties": {"stop_name": "大湖山莊街169巷", "district": "內湖區", "geo_city": "臺北市", "nearest_estimate_min": 28.1}}, {"type": "Feature", "geometry": {"type": "Point", "coordinates": [121.507720173671, 25.1140889844948]}, "properties": {"stop_name": "實踐街口", "district": "北投區", "geo_city": "臺北市", "nearest_estimate_min": 4.1}}, {"type": "Feature", "geometry": {"type": "Point", "coordinates": [121.526622, 25.095583]}, "properties": {"stop_name": "捷運士林站(中正)", "district": "士林區", "geo_city": "臺北市", "nearest_estimate_min": 4.4}}, {"type": "Feature", "geometry": {"type": "Point", "coordinates": [121.495968, 25.021365]}, "properties": {"stop_name": "東園公園", "district": "萬華區", "geo_city": "臺北市", "nearest_estimate_min": -1.0}}, {"type": "Feature", "geometry": {"type": "Point", "coordinates": [121.576765, 24.987374]}, "properties": {"stop_name": "政大(聯合醫院)", "district": "文山區", "geo_city": "臺北市", "nearest_estimate_min": 2.8}}, {"type": "Feature", "geometry": {"type": "Point", "coordinates": [121.538150664916, 25.1137918835919]}, "properties": {"stop_name": "職能發展學院一", "district": "士林區", "geo_city": "臺北市", "nearest_estimate_min": -1.0}}, {"type": "Feature", "geometry": {"type": "Point", "coordinates": [121.610465, 25.05265346]}, "properties": {"stop_name": "台北生技園區", "district": "南港區", "geo_city": "臺北市", "nearest_estimate_min": 8.3}}, {"type": "Feature", "geometry": {"type": "Point", "coordinates": [121.548726, 25.033775]}, "properties": {"stop_name": "信義敦化路口", "district": "大安區", "geo_city": "臺北市", "nearest_estimate_min": 7.6}}, {"type": "Feature", "geometry": {"type": "Point", "coordinates": [121.49892995282089, 25.02947288426842]}, "properties": {"stop_name": "萬華國中", "district": "萬華區", "geo_city": "臺北市", "nearest_estimate_min": 6.9}}, {"type": "Feature", "geometry": {"type": "Point", "coordinates": [121.529402565641, 25.1019449890136]}, "properties": {"stop_name": "名山里", "district": "士林區", "geo_city": "臺北市", "nearest_estimate_min": -1.0}}, {"type": "Feature", "geometry": {"type": "Point", "coordinates": [121.508730726888, 25.0445534816171]}, "properties": {"stop_name": "中華路北站", "district": "萬華區", "geo_city": "臺北市", "nearest_estimate_min": 0.5}}, {"type": "Feature", "geometry": {"type": "Point", "coordinates": [121.563546, 25.024436]}, "properties": {"stop_name": "松山寺", "district": "信義區", "geo_city": "臺北市", "nearest_estimate_min": 10.3}}, {"type": "Feature", "geometry": {"type": "Point", "coordinates": [121.526147474931, 25.0319083503876]}, "properties": {"stop_name": "愛國金山路口", "district": "大安區", "geo_city": "臺北市", "nearest_estimate_min": 15.6}}, {"type": "Feature", "geometry": {"type": "Point", "coordinates": [121.56106, 25.15165]}, "properties": {"stop_name": "菁山遊憩區一", "district": "士林區", "geo_city": "臺北市", "nearest_estimate_min": -1.0}}, {"type": "Feature", "geometry": {"type": "Point", "coordinates": [121.568621, 25.039991]}, "properties": {"stop_name": "消防局(松仁)", "district": "信義區", "geo_city": "臺北市", "nearest_estimate_min": 1.5}}, {"type": "Feature", "geometry": {"type": "Point", "coordinates": [121.555194, 25.02686]}, "properties": {"stop_name": "喬治商職", "district": "大安區", "geo_city": "臺北市", "nearest_estimate_min": 10.9}}, {"type": "Feature", "geometry": {"type": "Point", "coordinates": [121.50050112448166, 25.133129416860513]}, "properties": {"stop_name": "北投分局", "district": "北投區", "geo_city": "臺北市", "nearest_estimate_min": -1.0}}, {"type": "Feature", "geometry": {"type": "Point", "coordinates": [121.498804, 25.03520468]}, "properties": {"stop_name": "捷運龍山寺站", "district": "萬華區", "geo_city": "臺北市", "nearest_estimate_min": 5.2}}, {"type": "Feature", "geometry": {"type": "Point", "coordinates": [121.5935353, 25.03952474]}, "properties": {"stop_name": "南港花園社區四", "district": "南港區", "geo_city": "臺北市", "nearest_estimate_min": 1.1}}, {"type": "Feature", "geometry": {"type": "Point", "coordinates": [121.5398491, 25.0975852]}, "properties": {"stop_name": "梅林新村", "district": "士林區", "geo_city": "臺北市", "nearest_estimate_min": -1.0}}, {"type": "Feature", "geometry": {"type": "Point", "coordinates": [121.50853091651936, 25.02354132567501]}, "properties": {"stop_name": "國興社區", "district": "萬華區", "geo_city": "臺北市", "nearest_estimate_min": 4.4}}, {"type": "Feature", "geometry": {"type": "Point", "coordinates": [121.5996591, 25.08818957]}, "properties": {"stop_name": "大湖國小", "district": "內湖區", "geo_city": "臺北市", "nearest_estimate_min": 5.3}}, {"type": "Feature", "geometry": {"type": "Point", "coordinates": [121.590521443523, 25.0670002134225]}, "properties": {"stop_name": "上灣仔", "district": "內湖區", "geo_city": "臺北市", "nearest_estimate_min": 3.3}}, {"type": "Feature", "geometry": {"type": "Point", "coordinates": [121.57743, 25.061611]}, "properties": {"stop_name": "新湖二路舊宗路口", "district": "內湖區", "geo_city": "臺北市", "nearest_estimate_min": -1.0}}, {"type": "Feature", "geometry": {"type": "Point", "coordinates": [121.53692, 25.10331]}, "properties": {"stop_name": "岩山里一", "district": "士林區", "geo_city": "臺北市", "nearest_estimate_min": 8.4}}, {"type": "Feature", "geometry": {"type": "Point", "coordinates": [121.50408568455, 25.0305627556618]}, "properties": {"stop_name": "廈安里", "district": "萬華區", "geo_city": "臺北市", "nearest_estimate_min": 8.5}}, {"type": "Feature", "geometry": {"type": "Point", "coordinates": [121.563488827932, 25.0282411640192]}, "properties": {"stop_name": "臺北醫學大學", "district": "信義區", "geo_city": "臺北市", "nearest_estimate_min": 2.9}}, {"type": "Feature", "geometry": {"type": "Point", "coordinates": [121.5334388, 25.06252486]}, "properties": {"stop_name": "民權松江路口", "district": "中山區", "geo_city": "臺北市", "nearest_estimate_min": 7.4}}, {"type": "Feature", "geometry": {"type": "Point", "coordinates": [121.57392, 25.11616]}, "properties": {"stop_name": "碧溪橋", "district": "士林區", "geo_city": "臺北市", "nearest_estimate_min": -1.0}}, {"type": "Feature", "geometry": {"type": "Point", "coordinates": [121.534472, 25.067193]}, "properties": {"stop_name": "建北站", "district": "中山區", "geo_city": "臺北市", "nearest_estimate_min": 8.3}}, {"type": "Feature", "geometry": {"type": "Point", "coordinates": [121.522781, 25.094485]}, "properties": {"stop_name": "士林國中", "district": "士林區", "geo_city": "臺北市", "nearest_estimate_min": 3.4}}, {"type": "Feature", "geometry": {"type": "Point", "coordinates": [121.5226771, 25.12028036]}, "properties": {"stop_name": "榮光新村(榮總東院)", "district": "北投區", "geo_city": "臺北市", "nearest_estimate_min": 9.3}}, {"type": "Feature", "geometry": {"type": "Point", "coordinates": [121.502643, 25.021587]}, "properties": {"stop_name": "青年社宅", "district": "萬華區", "geo_city": "臺北市", "nearest_estimate_min": 26.4}}, {"type": "Feature", "geometry": {"type": "Point", "coordinates": [121.583, 25.0509]}, "properties": {"stop_name": "玉成里(東新街)", "district": "南港區", "geo_city": "臺北市", "nearest_estimate_min": 9.1}}, {"type": "Feature", "geometry": {"type": "Point", "coordinates": [121.5649434, 25.16153655]}, "properties": {"stop_name": "田尾湖", "district": "士林區", "geo_city": "臺北市", "nearest_estimate_min": -1.0}}, {"type": "Feature", "geometry": {"type": "Point", "coordinates": [121.5656019, 25.08562294]}, "properties": {"stop_name": "西湖國中", "district": "內湖區", "geo_city": "臺北市", "nearest_estimate_min": 4.1}}, {"type": "Feature", "geometry": {"type": "Point", "coordinates": [121.5062837, 25.03501116]}, "properties": {"stop_name": "聯合醫院和平院區", "district": "中正區", "geo_city": "臺北市", "nearest_estimate_min": 17.4}}, {"type": "Feature", "geometry": {"type": "Point", "coordinates": [121.5243968, 25.09613979]}, "properties": {"stop_name": "士林", "district": "士林區", "geo_city": "臺北市", "nearest_estimate_min": -1.0}}, {"type": "Feature", "geometry": {"type": "Point", "coordinates": [121.543561439976, 25.0518040049938]}, "properties": {"stop_name": "捷運南京復興站", "district": "中山區", "geo_city": "臺北市", "nearest_estimate_min": 4.9}}, {"type": "Feature", "geometry": {"type": "Point", "coordinates": [121.5141307, 25.13888227]}, "properties": {"stop_name": "北投文物館", "district": "北投區", "geo_city": "臺北市", "nearest_estimate_min": 11.0}}, {"type": "Feature", "geometry": {"type": "Point", "coordinates": [121.57491400582, 25.0500731024231]}, "properties": {"stop_name": "松山農會", "district": "松山區", "geo_city": "臺北市", "nearest_estimate_min": 1.4}}, {"type": "Feature", "geometry": {"type": "Point", "coordinates": [121.517358319526, 25.034101183711]}, "properties": {"stop_name": "捷運中正紀念堂站", "district": "中正區", "geo_city": "臺北市", "nearest_estimate_min": 9.5}}, {"type": "Feature", "geometry": {"type": "Point", "coordinates": [121.524816490963, 25.0505629682906]}, "properties": {"stop_name": "林森北路一", "district": "中山區", "geo_city": "臺北市", "nearest_estimate_min": -1.0}}, {"type": "Feature", "geometry": {"type": "Point", "coordinates": [121.514207, 25.052844]}, "properties": {"stop_name": "圓環(重慶)", "district": "大同區", "geo_city": "臺北市", "nearest_estimate_min": 3.1}}, {"type": "Feature", "geometry": {"type": "Point", "coordinates": [121.59252, 25.08013]}, "properties": {"stop_name": "康寧路一段", "district": "內湖區", "geo_city": "臺北市", "nearest_estimate_min": -1.0}}, {"type": "Feature", "geometry": {"type": "Point", "coordinates": [121.518782, 25.057346]}, "properties": {"stop_name": "捷運雙連站", "district": "大同區", "geo_city": "臺北市", "nearest_estimate_min": 1.3}}, {"type": "Feature", "geometry": {"type": "Point", "coordinates": [121.584612472655, 25.0029972947861]}, "properties": {"stop_name": "萬福橋", "district": "文山區", "geo_city": "臺北市", "nearest_estimate_min": 1.4}}, {"type": "Feature", "geometry": {"type": "Point", "coordinates": [121.515157, 25.107487]}, "properties": {"stop_name": "文林國小", "district": "北投區", "geo_city": "臺北市", "nearest_estimate_min": 5.0}}, {"type": "Feature", "geometry": {"type": "Point", "coordinates": [121.522307508871, 25.1008497293525]}, "properties": {"stop_name": "捷運芝山站一", "district": "士林區", "geo_city": "臺北市", "nearest_estimate_min": 0.5}}, {"type": "Feature", "geometry": {"type": "Point", "coordinates": [121.5248024, 25.04196413]}, "properties": {"stop_name": "臺北商大(濟南)", "district": "中正區", "geo_city": "臺北市", "nearest_estimate_min": -1.0}}, {"type": "Feature", "geometry": {"type": "Point", "coordinates": [121.590031196316, 25.0712104683315]}, "properties": {"stop_name": "國防醫學中心", "district": "內湖區", "geo_city": "臺北市", "nearest_estimate_min": 12.1}}, {"type": "Feature", "geometry": {"type": "Point", "coordinates": [121.541888, 25.097131]}, "properties": {"stop_name": "東吳大學(錢穆故居)", "district": "士林區", "geo_city": "臺北市", "nearest_estimate_min": 79.3}}, {"type": "Feature", "geometry": {"type": "Point", "coordinates": [121.55019898812432, 25.05971079181516]}, "properties": {"stop_name": "富錦街口", "district": "松山區", "geo_city": "臺北市", "nearest_estimate_min": 1.2}}, {"type": "Feature", "geometry": {"type": "Point", "coordinates": [121.595427, 25.019393]}, "properties": {"stop_name": "下寮橋", "district": "南港區", "geo_city": "臺北市", "nearest_estimate_min": -1.0}}, {"type": "Feature", "geometry": {"type": "Point", "coordinates": [121.571969627588, 25.0028541470424]}, "properties": {"stop_name": "萬芳社區(和平)", "district": "文山區", "geo_city": "臺北市", "nearest_estimate_min": 3.7}}, {"type": "Feature", "geometry": {"type": "Point", "coordinates": [121.499037072299, 25.1093643012299]}, "properties": {"stop_name": "洲美運動公園", "district": "北投區", "geo_city": "臺北市", "nearest_estimate_min": -1.0}}, {"type": "Feature", "geometry": {"type": "Point", "coordinates": [121.5736131, 25.12219372]}, "properties": {"stop_name": "大坪尾一", "district": "士林區", "geo_city": "臺北市", "nearest_estimate_min": -1.0}}, {"type": "Feature", "geometry": {"type": "Point", "coordinates": [121.502545, 25.144399]}, "properties": {"stop_name": "復興四路100號", "district": "北投區", "geo_city": "臺北市", "nearest_estimate_min": 2.0}}, {"type": "Feature", "geometry": {"type": "Point", "coordinates": [121.47149, 25.13481]}, "properties": {"stop_name": "北藝大圖書館", "district": "北投區", "geo_city": "臺北市", "nearest_estimate_min": -1.0}}, {"type": "Feature", "geometry": {"type": "Point", "coordinates": [121.57457118103314, 24.979688427920895]}, "properties": {"stop_name": "研創中心", "district": "文山區", "geo_city": "臺北市", "nearest_estimate_min": -1.0}}, {"type": "Feature", "geometry": {"type": "Point", "coordinates": [121.56179, 25.1111]}, "properties": {"stop_name": "翠山莊", "district": "士林區", "geo_city": "臺北市", "nearest_estimate_min": 6.4}}, {"type": "Feature", "geometry": {"type": "Point", "coordinates": [121.551906976436, 25.0236369355906]}, "properties": {"stop_name": "捷運六張犁站(基隆路)", "district": "大安區", "geo_city": "臺北市", "nearest_estimate_min": 5.6}}, {"type": "Feature", "geometry": {"type": "Point", "coordinates": [121.53384, 25.03048]}, "properties": {"stop_name": "金華新生路口", "district": "大安區", "geo_city": "臺北市", "nearest_estimate_min": 3.9}}, {"type": "Feature", "geometry": {"type": "Point", "coordinates": [121.5072, 25.09164]}, "properties": {"stop_name": "社子公園", "district": "士林區", "geo_city": "臺北市", "nearest_estimate_min": -1.0}}, {"type": "Feature", "geometry": {"type": "Point", "coordinates": [121.507204221793, 25.120365436068]}, "properties": {"stop_name": "捷運唭哩岸站一(西安)", "district": "北投區", "geo_city": "臺北市", "nearest_estimate_min": -1.0}}, {"type": "Feature", "geometry": {"type": "Point", "coordinates": [121.558272457788, 24.9811534735698]}, "properties": {"stop_name": "木新市場", "district": "文山區", "geo_city": "臺北市", "nearest_estimate_min": 5.9}}, {"type": "Feature", "geometry": {"type": "Point", "coordinates": [121.5224231, 25.14785657]}, "properties": {"stop_name": "十八份福德宮", "district": "北投區", "geo_city": "臺北市", "nearest_estimate_min": -1.0}}, {"type": "Feature", "geometry": {"type": "Point", "coordinates": [121.52619, 25.12451]}, "properties": {"stop_name": "福德廟(行義)", "district": "北投區", "geo_city": "臺北市", "nearest_estimate_min": 38.3}}, {"type": "Feature", "geometry": {"type": "Point", "coordinates": [121.539824769731, 25.1140238100819]}, "properties": {"stop_name": "士東路353巷", "district": "士林區", "geo_city": "臺北市", "nearest_estimate_min": 42.4}}, {"type": "Feature", "geometry": {"type": "Point", "coordinates": [121.571998498081, 25.0449255890073]}, "properties": {"stop_name": "永吉松信路口", "district": "信義區", "geo_city": "臺北市", "nearest_estimate_min": -1.0}}, {"type": "Feature", "geometry": {"type": "Point", "coordinates": [121.55865, 25.15167]}, "properties": {"stop_name": "菁山遊憩區", "district": "士林區", "geo_city": "臺北市", "nearest_estimate_min": -1.0}}, {"type": "Feature", "geometry": {"type": "Point", "coordinates": [121.547708329452, 25.0989004869266]}, "properties": {"stop_name": "外雙溪(至善)", "district": "士林區", "geo_city": "臺北市", "nearest_estimate_min": -1.0}}, {"type": "Feature", "geometry": {"type": "Point", "coordinates": [121.5185552467, 25.041403318287]}, "properties": {"stop_name": "臺大醫院", "district": "中正區", "geo_city": "臺北市", "nearest_estimate_min": 4.0}}, {"type": "Feature", "geometry": {"type": "Point", "coordinates": [121.5679746, 25.16688701]}, "properties": {"stop_name": "天寶聖道宮", "district": "士林區", "geo_city": "臺北市", "nearest_estimate_min": -1.0}}, {"type": "Feature", "geometry": {"type": "Point", "coordinates": [121.58808, 25.086917]}, "properties": {"stop_name": "金龍隧道口", "district": "內湖區", "geo_city": "臺北市", "nearest_estimate_min": 1.2}}, {"type": "Feature", "geometry": {"type": "Point", "coordinates": [121.56716, 25.05625]}, "properties": {"stop_name": "西松高中", "district": "松山區", "geo_city": "臺北市", "nearest_estimate_min": -1.0}}, {"type": "Feature", "geometry": {"type": "Point", "coordinates": [121.58110664189778, 24.973518057720675]}, "properties": {"stop_name": "三間厝", "district": "文山區", "geo_city": "臺北市", "nearest_estimate_min": -1.0}}, {"type": "Feature", "geometry": {"type": "Point", "coordinates": [121.61612, 25.034863]}, "properties": {"stop_name": "九如里二", "district": "南港區", "geo_city": "臺北市", "nearest_estimate_min": 1.3}}, {"type": "Feature", "geometry": {"type": "Point", "coordinates": [121.621327582177, 25.02983169705]}, "properties": {"stop_name": "福聖宮(山水綠生態公園)", "district": "南港區", "geo_city": "臺北市", "nearest_estimate_min": -1.0}}, {"type": "Feature", "geometry": {"type": "Point", "coordinates": [121.597173, 25.13225]}, "properties": {"stop_name": "風櫃嘴", "district": "士林區", "geo_city": "臺北市", "nearest_estimate_min": -1.0}}, {"type": "Feature", "geometry": {"type": "Point", "coordinates": [121.49333, 25.09816]}, "properties": {"stop_name": "下竹圍", "district": "士林區", "geo_city": "臺北市", "nearest_estimate_min": 28.5}}, {"type": "Feature", "geometry": {"type": "Point", "coordinates": [121.5131564, 25.11434722]}, "properties": {"stop_name": "石牌國小", "district": "北投區", "geo_city": "臺北市", "nearest_estimate_min": 17.6}}, {"type": "Feature", "geometry": {"type": "Point", "coordinates": [121.5619764, 24.98667611]}, "properties": {"stop_name": "老人自費安養中心", "district": "文山區", "geo_city": "臺北市", "nearest_estimate_min": -1.0}}, {"type": "Feature", "geometry": {"type": "Point", "coordinates": [121.514053, 25.047175]}, "properties": {"stop_name": "臺北車站(忠孝)", "district": "中正區", "geo_city": "臺北市", "nearest_estimate_min": -1.0}}, {"type": "Feature", "geometry": {"type": "Point", "coordinates": [121.496138, 25.133805]}, "properties": {"stop_name": "幼華高中(大業)", "district": "北投區", "geo_city": "臺北市", "nearest_estimate_min": 14.5}}, {"type": "Feature", "geometry": {"type": "Point", "coordinates": [121.4977476, 25.02298139]}, "properties": {"stop_name": "東園國小", "district": "萬華區", "geo_city": "臺北市", "nearest_estimate_min": 12.2}}, {"type": "Feature", "geometry": {"type": "Point", "coordinates": [121.5093021, 25.04495097]}, "properties": {"stop_name": "中華路北站", "district": "中正區", "geo_city": "臺北市", "nearest_estimate_min": -1.0}}, {"type": "Feature", "geometry": {"type": "Point", "coordinates": [121.496932, 25.035263]}, "properties": {"stop_name": "中國時報", "district": "萬華區", "geo_city": "臺北市", "nearest_estimate_min": 4.0}}, {"type": "Feature", "geometry": {"type": "Point", "coordinates": [121.5822223, 25.04445242]}, "properties": {"stop_name": "捷運後山埤站(忠孝)", "district": "南港區", "geo_city": "臺北市", "nearest_estimate_min": 5.9}}, {"type": "Feature", "geometry": {"type": "Point", "coordinates": [121.51369271164, 25.0571504842388]}, "properties": {"stop_name": "民生重慶路口", "district": "大同區", "geo_city": "臺北市", "nearest_estimate_min": 3.0}}, {"type": "Feature", "geometry": {"type": "Point", "coordinates": [121.5430887, 25.04494242]}, "properties": {"stop_name": "市民復興路口", "district": "中山區", "geo_city": "臺北市", "nearest_estimate_min": -1.0}}, {"type": "Feature", "geometry": {"type": "Point", "coordinates": [121.569528, 25.020953]}, "properties": {"stop_name": "泰和里", "district": "信義區", "geo_city": "臺北市", "nearest_estimate_min": 16.6}}, {"type": "Feature", "geometry": {"type": "Point", "coordinates": [121.5536249, 25.04131603]}, "properties": {"stop_name": "阿波羅大廈", "district": "大安區", "geo_city": "臺北市", "nearest_estimate_min": -1.0}}, {"type": "Feature", "geometry": {"type": "Point", "coordinates": [121.584293, 25.062312]}, "properties": {"stop_name": "行善石潭路口", "district": "內湖區", "geo_city": "臺北市", "nearest_estimate_min": 0.4}}, {"type": "Feature", "geometry": {"type": "Point", "coordinates": [121.51730073589657, 25.031281468826304]}, "properties": {"stop_name": "南昌路", "district": "中正區", "geo_city": "臺北市", "nearest_estimate_min": -1.0}}, {"type": "Feature", "geometry": {"type": "Point", "coordinates": [121.5362705, 24.99569293]}, "properties": {"stop_name": "景福街", "district": "文山區", "geo_city": "臺北市", "nearest_estimate_min": 7.9}}, {"type": "Feature", "geometry": {"type": "Point", "coordinates": [121.5146581, 25.09636438]}, "properties": {"stop_name": "兒童新樂園", "district": "士林區", "geo_city": "臺北市", "nearest_estimate_min": 2.5}}, {"type": "Feature", "geometry": {"type": "Point", "coordinates": [121.57660432922873, 25.045619541124736]}, "properties": {"stop_name": "永吉松山路口", "district": "信義區", "geo_city": "臺北市", "nearest_estimate_min": 0.9}}, {"type": "Feature", "geometry": {"type": "Point", "coordinates": [121.545748, 25.094566]}, "properties": {"stop_name": "東吳大學", "district": "士林區", "geo_city": "臺北市", "nearest_estimate_min": -1.0}}, {"type": "Feature", "geometry": {"type": "Point", "coordinates": [121.5541032, 25.12314376]}, "properties": {"stop_name": "聚會所", "district": "士林區", "geo_city": "臺北市", "nearest_estimate_min": -1.0}}, {"type": "Feature", "geometry": {"type": "Point", "coordinates": [121.552717, 25.037669]}, "properties": {"stop_name": "仁愛國泰醫院", "district": "大安區", "geo_city": "臺北市", "nearest_estimate_min": 18.9}}, {"type": "Feature", "geometry": {"type": "Point", "coordinates": [121.518108688499, 25.0253055164294]}, "properties": {"stop_name": "廈門街口", "district": "中正區", "geo_city": "臺北市", "nearest_estimate_min": 16.4}}, {"type": "Feature", "geometry": {"type": "Point", "coordinates": [121.5881, 24.9685]}, "properties": {"stop_name": "貓空纜車站", "district": "文山區", "geo_city": "臺北市", "nearest_estimate_min": -1.0}}, {"type": "Feature", "geometry": {"type": "Point", "coordinates": [121.557874385835, 25.0538817473717]}, "properties": {"stop_name": "三軍總醫院松山分院", "district": "松山區", "geo_city": "臺北市", "nearest_estimate_min": 4.8}}, {"type": "Feature", "geometry": {"type": "Point", "coordinates": [121.5012851, 25.03630505]}, "properties": {"stop_name": "龍山寺(康定)", "district": "萬華區", "geo_city": "臺北市", "nearest_estimate_min": 4.1}}, {"type": "Feature", "geometry": {"type": "Point", "coordinates": [121.5092898, 25.02933153]}, "properties": {"stop_name": "三元南海路口", "district": "中正區", "geo_city": "臺北市", "nearest_estimate_min": 57.9}}, {"type": "Feature", "geometry": {"type": "Point", "coordinates": [121.59349562698, 24.969327396833]}, "properties": {"stop_name": "茶推廣中心", "district": "文山區", "geo_city": "臺北市", "nearest_estimate_min": 7.5}}, {"type": "Feature", "geometry": {"type": "Point", "coordinates": [121.594406, 25.050667]}, "properties": {"stop_name": "捷運昆陽站", "district": "南港區", "geo_city": "臺北市", "nearest_estimate_min": 31.1}}, {"type": "Feature", "geometry": {"type": "Point", "coordinates": [121.52765, 25.05411]}, "properties": {"stop_name": "吉林國小", "district": "中山區", "geo_city": "臺北市", "nearest_estimate_min": 36.8}}, {"type": "Feature", "geometry": {"type": "Point", "coordinates": [121.52727, 25.14348]}, "properties": {"stop_name": "惇敘工商(行義)", "district": "北投區", "geo_city": "臺北市", "nearest_estimate_min": 44.5}}, {"type": "Feature", "geometry": {"type": "Point", "coordinates": [121.530295913433, 25.0633783394423]}, "properties": {"stop_name": "新壽公園", "district": "中山區", "geo_city": "臺北市", "nearest_estimate_min": -1.0}}, {"type": "Feature", "geometry": {"type": "Point", "coordinates": [121.5568155, 24.98357787]}, "properties": {"stop_name": "實踐國小", "district": "文山區", "geo_city": "臺北市", "nearest_estimate_min": 10.1}}, {"type": "Feature", "geometry": {"type": "Point", "coordinates": [121.57227674964417, 25.04110667625752]}, "properties": {"stop_name": "市立工農", "district": "信義區", "geo_city": "臺北市", "nearest_estimate_min": 4.3}}, {"type": "Feature", "geometry": {"type": "Point", "coordinates": [121.5592751, 25.0455743]}, "properties": {"stop_name": "市民光復路口", "district": "信義區", "geo_city": "臺北市", "nearest_estimate_min": -1.0}}, {"type": "Feature", "geometry": {"type": "Point", "coordinates": [121.5149627, 25.03800782]}, "properties": {"stop_name": "一女中(公園)", "district": "中正區", "geo_city": "臺北市", "nearest_estimate_min": 1.1}}, {"type": "Feature", "geometry": {"type": "Point", "coordinates": [121.5329145, 25.04864879]}, "properties": {"stop_name": "長安松江路口", "district": "中山區", "geo_city": "臺北市", "nearest_estimate_min": 2.9}}, {"type": "Feature", "geometry": {"type": "Point", "coordinates": [121.5331386, 25.05453652]}, "properties": {"stop_name": "長春松江路口", "district": "中山區", "geo_city": "臺北市", "nearest_estimate_min": 3.9}}, {"type": "Feature", "geometry": {"type": "Point", "coordinates": [121.48958, 25.13974]}, "properties": {"stop_name": "稻香圖書館", "district": "北投區", "geo_city": "臺北市", "nearest_estimate_min": 41.3}}, {"type": "Feature", "geometry": {"type": "Point", "coordinates": [121.53039, 25.063273]}, "properties": {"stop_name": "新壽公園", "district": "中山區", "geo_city": "臺北市", "nearest_estimate_min": 22.3}}, {"type": "Feature", "geometry": {"type": "Point", "coordinates": [121.61066212694543, 25.05493375102052]}, "properties": {"stop_name": "南港高工(南港路)", "district": "南港區", "geo_city": "臺北市", "nearest_estimate_min": 1.8}}, {"type": "Feature", "geometry": {"type": "Point", "coordinates": [121.578747487242, 25.0362197359093]}, "properties": {"stop_name": "松山商職(福德)", "district": "信義區", "geo_city": "臺北市", "nearest_estimate_min": 2.4}}, {"type": "Feature", "geometry": {"type": "Point", "coordinates": [121.513509342762, 25.060980060423]}, "properties": {"stop_name": "涼州重慶路口", "district": "大同區", "geo_city": "臺北市", "nearest_estimate_min": 1.6}}, {"type": "Feature", "geometry": {"type": "Point", "coordinates": [121.538319260512, 25.1504453394281]}, "properties": {"stop_name": "湖底路66號", "district": "北投區", "geo_city": "臺北市", "nearest_estimate_min": 3.8}}, {"type": "Feature", "geometry": {"type": "Point", "coordinates": [121.62118809341, 25.0762017702812]}, "properties": {"stop_name": "五分埤", "district": "內湖區", "geo_city": "臺北市", "nearest_estimate_min": 43.3}}, {"type": "Feature", "geometry": {"type": "Point", "coordinates": [121.57184, 25.081132]}, "properties": {"stop_name": "麗山街", "district": "內湖區", "geo_city": "臺北市", "nearest_estimate_min": 8.5}}, {"type": "Feature", "geometry": {"type": "Point", "coordinates": [121.5721, 25.04775]}, "properties": {"stop_name": "雅祥公園", "district": "信義區", "geo_city": "臺北市", "nearest_estimate_min": -1.0}}, {"type": "Feature", "geometry": {"type": "Point", "coordinates": [121.5109944, 25.07952198]}, "properties": {"stop_name": "社子消防分隊", "district": "士林區", "geo_city": "臺北市", "nearest_estimate_min": -1.0}}, {"type": "Feature", "geometry": {"type": "Point", "coordinates": [121.5573822, 25.14401384]}, "properties": {"stop_name": "菁山莊", "district": "士林區", "geo_city": "臺北市", "nearest_estimate_min": -1.0}}, {"type": "Feature", "geometry": {"type": "Point", "coordinates": [121.570571682464, 25.0032053525918]}, "properties": {"stop_name": "萬寧街", "district": "文山區", "geo_city": "臺北市", "nearest_estimate_min": 5.7}}, {"type": "Feature", "geometry": {"type": "Point", "coordinates": [121.530566, 25.018486]}, "properties": {"stop_name": "台電大樓", "district": "大安區", "geo_city": "臺北市", "nearest_estimate_min": 5.1}}, {"type": "Feature", "geometry": {"type": "Point", "coordinates": [121.55925, 25.14404]}, "properties": {"stop_name": "礦寮", "district": "士林區", "geo_city": "臺北市", "nearest_estimate_min": 6.1}}, {"type": "Feature", "geometry": {"type": "Point", "coordinates": [121.514058, 25.14526221]}, "properties": {"stop_name": "登山路40號", "district": "北投區", "geo_city": "臺北市", "nearest_estimate_min": -1.0}}, {"type": "Feature", "geometry": {"type": "Point", "coordinates": [121.504096, 25.154626]}, "properties": {"stop_name": "大屯國小", "district": "北投區", "geo_city": "臺北市", "nearest_estimate_min": 12.3}}, {"type": "Feature", "geometry": {"type": "Point", "coordinates": [121.5204546, 25.09297967]}, "properties": {"stop_name": "士林區行政中心(基河)", "district": "士林區", "geo_city": "臺北市", "nearest_estimate_min": 30.6}}, {"type": "Feature", "geometry": {"type": "Point", "coordinates": [121.5497595, 25.00638767]}, "properties": {"stop_name": "興旺公園", "district": "文山區", "geo_city": "臺北市", "nearest_estimate_min": 76.4}}, {"type": "Feature", "geometry": {"type": "Point", "coordinates": [121.53144, 25.0965]}, "properties": {"stop_name": "士林官邸(中正)", "district": "士林區", "geo_city": "臺北市", "nearest_estimate_min": -1.0}}, {"type": "Feature", "geometry": {"type": "Point", "coordinates": [121.55546, 25.0234]}, "properties": {"stop_name": "信安街", "district": "信義區", "geo_city": "臺北市", "nearest_estimate_min": 16.4}}, {"type": "Feature", "geometry": {"type": "Point", "coordinates": [121.50821, 25.08156]}, "properties": {"stop_name": "海光公園", "district": "士林區", "geo_city": "臺北市", "nearest_estimate_min": -1.0}}, {"type": "Feature", "geometry": {"type": "Point", "coordinates": [121.536103, 25.066251]}, "properties": {"stop_name": "第二果菜市場", "district": "中山區", "geo_city": "臺北市", "nearest_estimate_min": -1.0}}, {"type": "Feature", "geometry": {"type": "Point", "coordinates": [121.554377, 25.044426]}, "properties": {"stop_name": "市民延吉街口", "district": "大安區", "geo_city": "臺北市", "nearest_estimate_min": -1.0}}, {"type": "Feature", "geometry": {"type": "Point", "coordinates": [121.61150222666, 25.0674930032886]}, "properties": {"stop_name": "捷運東湖站(南湖高中)", "district": "內湖區", "geo_city": "臺北市", "nearest_estimate_min": 6.8}}, {"type": "Feature", "geometry": {"type": "Point", "coordinates": [121.61427996989374, 25.05870570745196]}, "properties": {"stop_name": "南港軟體園區北站", "district": "南港區", "geo_city": "臺北市", "nearest_estimate_min": 0.6}}, {"type": "Feature", "geometry": {"type": "Point", "coordinates": [121.49703, 25.03295]}, "properties": {"stop_name": "時報大樓", "district": "萬華區", "geo_city": "臺北市", "nearest_estimate_min": -1.0}}, {"type": "Feature", "geometry": {"type": "Point", "coordinates": [121.550275073576, 25.018014930766]}, "properties": {"stop_name": "芳和國中", "district": "大安區", "geo_city": "臺北市", "nearest_estimate_min": -1.0}}, {"type": "Feature", "geometry": {"type": "Point", "coordinates": [121.49973, 25.156404]}, "properties": {"stop_name": "觀聖宮", "district": "北投區", "geo_city": "臺北市", "nearest_estimate_min": 11.4}}, {"type": "Feature", "geometry": {"type": "Point", "coordinates": [121.51501, 25.114729]}, "properties": {"stop_name": "捷運石牌站(西安)", "district": "北投區", "geo_city": "臺北市", "nearest_estimate_min": 12.9}}, {"type": "Feature", "geometry": {"type": "Point", "coordinates": [121.58149990509064, 25.063647810032915]}, "properties": {"stop_name": "精技大樓", "district": "內湖區", "geo_city": "臺北市", "nearest_estimate_min": 18.1}}, {"type": "Feature", "geometry": {"type": "Point", "coordinates": [121.6011887, 25.06313719]}, "properties": {"stop_name": "安康路", "district": "內湖區", "geo_city": "臺北市", "nearest_estimate_min": -1.0}}, {"type": "Feature", "geometry": {"type": "Point", "coordinates": [121.551926, 25.023937]}, "properties": {"stop_name": "捷運六張犁站(基隆路)", "district": "大安區", "geo_city": "臺北市", "nearest_estimate_min": -1.0}}, {"type": "Feature", "geometry": {"type": "Point", "coordinates": [121.542275, 25.033382]}, "properties": {"stop_name": "師大附中", "district": "大安區", "geo_city": "臺北市", "nearest_estimate_min": 11.3}}, {"type": "Feature", "geometry": {"type": "Point", "coordinates": [121.5589488, 24.98412741]}, "properties": {"stop_name": "忠順街", "district": "文山區", "geo_city": "臺北市", "nearest_estimate_min": 9.2}}, {"type": "Feature", "geometry": {"type": "Point", "coordinates": [121.4959018, 25.02677111]}, "properties": {"stop_name": "聚福宮", "district": "萬華區", "geo_city": "臺北市", "nearest_estimate_min": 10.3}}, {"type": "Feature", "geometry": {"type": "Point", "coordinates": [121.469318, 25.12145]}, "properties": {"stop_name": "關渡自然大樓", "district": "北投區", "geo_city": "臺北市", "nearest_estimate_min": 5.0}}, {"type": "Feature", "geometry": {"type": "Point", "coordinates": [121.5624343, 25.1691087]}, "properties": {"stop_name": "夢幻湖停車場", "district": "北投區", "geo_city": "臺北市", "nearest_estimate_min": -1.0}}, {"type": "Feature", "geometry": {"type": "Point", "coordinates": [121.5394645, 25.06611465]}, "properties": {"stop_name": "濱江商圈", "district": "中山區", "geo_city": "臺北市", "nearest_estimate_min": -1.0}}, {"type": "Feature", "geometry": {"type": "Point", "coordinates": [121.499543, 25.141564]}, "properties": {"stop_name": "浸信會真理堂", "district": "北投區", "geo_city": "臺北市", "nearest_estimate_min": 17.0}}, {"type": "Feature", "geometry": {"type": "Point", "coordinates": [121.5505851, 25.02874334]}, "properties": {"stop_name": "立人國際國中小學", "district": "大安區", "geo_city": "臺北市", "nearest_estimate_min": 4.0}}, {"type": "Feature", "geometry": {"type": "Point", "coordinates": [121.49649203449, 25.0291760619122]}, "properties": {"stop_name": "華江高中(西藏)", "district": "萬華區", "geo_city": "臺北市", "nearest_estimate_min": 7.4}}, {"type": "Feature", "geometry": {"type": "Point", "coordinates": [121.56405, 25.07839]}, "properties": {"stop_name": "堤頂大道口", "district": "中山區", "geo_city": "臺北市", "nearest_estimate_min": -1.0}}, {"type": "Feature", "geometry": {"type": "Point", "coordinates": [121.57461, 25.03503]}, "properties": {"stop_name": "興雅國中", "district": "信義區", "geo_city": "臺北市", "nearest_estimate_min": -1.0}}, {"type": "Feature", "geometry": {"type": "Point", "coordinates": [121.541976, 25.052587]}, "properties": {"stop_name": "遼寧街口", "district": "中山區", "geo_city": "臺北市", "nearest_estimate_min": 18.5}}, {"type": "Feature", "geometry": {"type": "Point", "coordinates": [121.5656156, 25.05720185]}, "properties": {"stop_name": "富泰里", "district": "松山區", "geo_city": "臺北市", "nearest_estimate_min": -1.0}}, {"type": "Feature", "geometry": {"type": "Point", "coordinates": [121.571871, 25.050387]}, "properties": {"stop_name": "饒河街觀光夜市(塔悠)", "district": "松山區", "geo_city": "臺北市", "nearest_estimate_min": 11.4}}, {"type": "Feature", "geometry": {"type": "Point", "coordinates": [121.53983078018952, 24.990932666343376]}, "properties": {"stop_name": "滬江中學", "district": "文山區", "geo_city": "臺北市", "nearest_estimate_min": 4.7}}, {"type": "Feature", "geometry": {"type": "Point", "coordinates": [121.55887, 25.14653]}, "properties": {"stop_name": "菁山二", "district": "士林區", "geo_city": "臺北市", "nearest_estimate_min": -1.0}}, {"type": "Feature", "geometry": {"type": "Point", "coordinates": [121.5100276, 25.08307587]}, "properties": {"stop_name": "葫蘆堵市場", "district": "士林區", "geo_city": "臺北市", "nearest_estimate_min": -1.0}}, {"type": "Feature", "geometry": {"type": "Point", "coordinates": [121.537172, 25.054579]}, "properties": {"stop_name": "長春國小", "district": "中山區", "geo_city": "臺北市", "nearest_estimate_min": 4.2}}, {"type": "Feature", "geometry": {"type": "Point", "coordinates": [121.57831434234106, 24.98249401134706]}, "properties": {"stop_name": "環山網球場", "district": "文山區", "geo_city": "臺北市", "nearest_estimate_min": -1.0}}, {"type": "Feature", "geometry": {"type": "Point", "coordinates": [121.57382, 25.11624]}, "properties": {"stop_name": "碧溪橋", "district": "士林區", "geo_city": "臺北市", "nearest_estimate_min": -1.0}}, {"type": "Feature", "geometry": {"type": "Point", "coordinates": [121.530534, 25.105428]}, "properties": {"stop_name": "聯合醫院陽明院區", "district": "士林區", "geo_city": "臺北市", "nearest_estimate_min": -1.0}}, {"type": "Feature", "geometry": {"type": "Point", "coordinates": [121.5694412, 25.04505676]}, "properties": {"stop_name": "松隆路口", "district": "信義區", "geo_city": "臺北市", "nearest_estimate_min": 2.1}}, {"type": "Feature", "geometry": {"type": "Point", "coordinates": [121.601404, 25.087774]}, "properties": {"stop_name": "大湖山莊街169巷", "district": "內湖區", "geo_city": "臺北市", "nearest_estimate_min": 4.9}}, {"type": "Feature", "geometry": {"type": "Point", "coordinates": [121.51377816707611, 25.06841536079837]}, "properties": {"stop_name": "民族重慶路口", "district": "大同區", "geo_city": "臺北市", "nearest_estimate_min": 1.9}}, {"type": "Feature", "geometry": {"type": "Point", "coordinates": [121.5615165067, 25.0841512660387]}, "properties": {"stop_name": "文湖國小", "district": "內湖區", "geo_city": "臺北市", "nearest_estimate_min": 4.5}}, {"type": "Feature", "geometry": {"type": "Point", "coordinates": [121.539849, 25.097585]}, "properties": {"stop_name": "梅林新村", "district": "士林區", "geo_city": "臺北市", "nearest_estimate_min": 1.6}}, {"type": "Feature", "geometry": {"type": "Point", "coordinates": [121.572083813217, 25.13655528]}, "properties": {"stop_name": "平菁街28巷", "district": "士林區", "geo_city": "臺北市", "nearest_estimate_min": -1.0}}, {"type": "Feature", "geometry": {"type": "Point", "coordinates": [121.57844, 25.137796]}, "properties": {"stop_name": "平菁街93巷", "district": "士林區", "geo_city": "臺北市", "nearest_estimate_min": -1.0}}, {"type": "Feature", "geometry": {"type": "Point", "coordinates": [121.526445, 25.116512]}, "properties": {"stop_name": "天壽里", "district": "士林區", "geo_city": "臺北市", "nearest_estimate_min": -1.0}}, {"type": "Feature", "geometry": {"type": "Point", "coordinates": [121.51021, 25.04227]}, "properties": {"stop_name": "衡陽路", "district": "中正區", "geo_city": "臺北市", "nearest_estimate_min": 5.9}}, {"type": "Feature", "geometry": {"type": "Point", "coordinates": [121.51277, 25.114301]}, "properties": {"stop_name": "石牌國小", "district": "北投區", "geo_city": "臺北市", "nearest_estimate_min": 8.8}}, {"type": "Feature", "geometry": {"type": "Point", "coordinates": [121.49573, 25.02281]}, "properties": {"stop_name": "楊聖廟", "district": "萬華區", "geo_city": "臺北市", "nearest_estimate_min": -1.0}}, {"type": "Feature", "geometry": {"type": "Point", "coordinates": [121.53084, 25.11927]}, "properties": {"stop_name": "天母廣場", "district": "士林區", "geo_city": "臺北市", "nearest_estimate_min": 0.9}}, {"type": "Feature", "geometry": {"type": "Point", "coordinates": [121.5498058, 25.02648723]}, "properties": {"stop_name": "全安里", "district": "大安區", "geo_city": "臺北市", "nearest_estimate_min": 29.7}}, {"type": "Feature", "geometry": {"type": "Point", "coordinates": [121.561631, 25.108548]}, "properties": {"stop_name": "中社路17巷", "district": "士林區", "geo_city": "臺北市", "nearest_estimate_min": 1.2}}, {"type": "Feature", "geometry": {"type": "Point", "coordinates": [121.6141291, 25.05641711]}, "properties": {"stop_name": "南港軟體園區南站", "district": "南港區", "geo_city": "臺北市", "nearest_estimate_min": 2.0}}, {"type": "Feature", "geometry": {"type": "Point", "coordinates": [121.561767817455, 25.1806419249261]}, "properties": {"stop_name": "馬槽", "district": "北投區", "geo_city": "臺北市", "nearest_estimate_min": -1.0}}, {"type": "Feature", "geometry": {"type": "Point", "coordinates": [121.5635808, 25.05524502]}, "properties": {"stop_name": "三民健康路口(西松高中)", "district": "松山區", "geo_city": "臺北市", "nearest_estimate_min": 2.7}}, {"type": "Feature", "geometry": {"type": "Point", "coordinates": [121.5779762, 25.142288]}, "properties": {"stop_name": "內寮", "district": "士林區", "geo_city": "臺北市", "nearest_estimate_min": -1.0}}, {"type": "Feature", "geometry": {"type": "Point", "coordinates": [121.576197, 24.996309]}, "properties": {"stop_name": "貓纜動物園站", "district": "文山區", "geo_city": "臺北市", "nearest_estimate_min": 0.9}}, {"type": "Feature", "geometry": {"type": "Point", "coordinates": [121.517263, 25.026994]}, "properties": {"stop_name": "和平西路一段", "district": "中正區", "geo_city": "臺北市", "nearest_estimate_min": 4.3}}, {"type": "Feature", "geometry": {"type": "Point", "coordinates": [121.5393511, 25.15284815]}, "properties": {"stop_name": "頂坪", "district": "北投區", "geo_city": "臺北市", "nearest_estimate_min": 28.8}}, {"type": "Feature", "geometry": {"type": "Point", "coordinates": [121.5558427, 25.05527186]}, "properties": {"stop_name": "松山新城", "district": "松山區", "geo_city": "臺北市", "nearest_estimate_min": 1.4}}, {"type": "Feature", "geometry": {"type": "Point", "coordinates": [121.56665364964157, 25.051513187536237]}, "properties": {"stop_name": "南京公寓(捷運南京三民)", "district": "松山區", "geo_city": "臺北市", "nearest_estimate_min": 3.9}}, {"type": "Feature", "geometry": {"type": "Point", "coordinates": [121.600435, 25.063913]}, "properties": {"stop_name": "國道1號17Km(虛擬站不停靠)", "district": "內湖區", "geo_city": "臺北市", "nearest_estimate_min": -1.0}}, {"type": "Feature", "geometry": {"type": "Point", "coordinates": [121.5378866989778, 25.040612146342024]}, "properties": {"stop_name": "空軍總部", "district": "大安區", "geo_city": "臺北市", "nearest_estimate_min": -1.0}}, {"type": "Feature", "geometry": {"type": "Point", "coordinates": [121.535046, 25.057791]}, "properties": {"stop_name": "民生松江路口", "district": "中山區", "geo_city": "臺北市", "nearest_estimate_min": 7.9}}, {"type": "Feature", "geometry": {"type": "Point", "coordinates": [121.502875912769, 25.0896460928075]}, "properties": {"stop_name": "社子國小", "district": "士林區", "geo_city": "臺北市", "nearest_estimate_min": 33.6}}, {"type": "Feature", "geometry": {"type": "Point", "coordinates": [121.5611, 25.06247253]}, "properties": {"stop_name": "民權國小", "district": "松山區", "geo_city": "臺北市", "nearest_estimate_min": 4.4}}, {"type": "Feature", "geometry": {"type": "Point", "coordinates": [121.5783099, 25.08298972]}, "properties": {"stop_name": "麗山高中(港墘)", "district": "內湖區", "geo_city": "臺北市", "nearest_estimate_min": -1.0}}, {"type": "Feature", "geometry": {"type": "Point", "coordinates": [121.520452, 25.115554]}, "properties": {"stop_name": "宏國新村", "district": "北投區", "geo_city": "臺北市", "nearest_estimate_min": 17.0}}, {"type": "Feature", "geometry": {"type": "Point", "coordinates": [121.554472, 25.072466]}, "properties": {"stop_name": "下塔悠一", "district": "松山區", "geo_city": "臺北市", "nearest_estimate_min": 21.6}}, {"type": "Feature", "geometry": {"type": "Point", "coordinates": [121.583992, 25.042564]}, "properties": {"stop_name": "協和祐德高中", "district": "南港區", "geo_city": "臺北市", "nearest_estimate_min": 4.9}}, {"type": "Feature", "geometry": {"type": "Point", "coordinates": [121.5588327, 25.07983259]}, "properties": {"stop_name": "大直美堤花園一", "district": "中山區", "geo_city": "臺北市", "nearest_estimate_min": 7.1}}, {"type": "Feature", "geometry": {"type": "Point", "coordinates": [121.53133882119596, 25.04260323596391]}, "properties": {"stop_name": "忠孝國小", "district": "中正區", "geo_city": "臺北市", "nearest_estimate_min": 10.8}}, {"type": "Feature", "geometry": {"type": "Point", "coordinates": [121.506937, 25.142401]}, "properties": {"stop_name": "泉源公園", "district": "北投區", "geo_city": "臺北市", "nearest_estimate_min": -1.0}}, {"type": "Feature", "geometry": {"type": "Point", "coordinates": [121.568268559011, 25.0372323905063]}, "properties": {"stop_name": "興雅國中", "district": "信義區", "geo_city": "臺北市", "nearest_estimate_min": 0.3}}, {"type": "Feature", "geometry": {"type": "Point", "coordinates": [121.5500578, 25.1507481]}, "properties": {"stop_name": "教師中心", "district": "士林區", "geo_city": "臺北市", "nearest_estimate_min": 7.9}}, {"type": "Feature", "geometry": {"type": "Point", "coordinates": [121.49561, 25.09612]}, "properties": {"stop_name": "福安里", "district": "士林區", "geo_city": "臺北市", "nearest_estimate_min": 29.1}}, {"type": "Feature", "geometry": {"type": "Point", "coordinates": [121.496276, 25.035221]}, "properties": {"stop_name": "中國時報", "district": "萬華區", "geo_city": "臺北市", "nearest_estimate_min": -1.0}}, {"type": "Feature", "geometry": {"type": "Point", "coordinates": [121.508779, 25.030898]}, "properties": {"stop_name": "植物園", "district": "中正區", "geo_city": "臺北市", "nearest_estimate_min": -1.0}}, {"type": "Feature", "geometry": {"type": "Point", "coordinates": [121.5279698, 25.06871027]}, "properties": {"stop_name": "新生民族路口", "district": "中山區", "geo_city": "臺北市", "nearest_estimate_min": -1.0}}, {"type": "Feature", "geometry": {"type": "Point", "coordinates": [121.5661627, 25.10771043]}, "properties": {"stop_name": "明溪街", "district": "士林區", "geo_city": "臺北市", "nearest_estimate_min": -1.0}}, {"type": "Feature", "geometry": {"type": "Point", "coordinates": [121.578721077514, 25.0623176113037]}, "properties": {"stop_name": "新湖舊宗路口", "district": "內湖區", "geo_city": "臺北市", "nearest_estimate_min": 2.7}}, {"type": "Feature", "geometry": {"type": "Point", "coordinates": [121.49461, 25.09707]}, "properties": {"stop_name": "福安區民活動中心", "district": "士林區", "geo_city": "臺北市", "nearest_estimate_min": 28.8}}, {"type": "Feature", "geometry": {"type": "Point", "coordinates": [121.587864, 25.098367]}, "properties": {"stop_name": "碧山巖(白石湖吊橋)", "district": "內湖區", "geo_city": "臺北市", "nearest_estimate_min": -1.0}}, {"type": "Feature", "geometry": {"type": "Point", "coordinates": [121.579656043561, 25.1796751982147]}, "properties": {"stop_name": "大油坑", "district": "士林區", "geo_city": "臺北市", "nearest_estimate_min": -1.0}}, {"type": "Feature", "geometry": {"type": "Point", "coordinates": [121.574618145655, 25.0801493693391]}, "properties": {"stop_name": "捷運港墘站(內湖高工)", "district": "內湖區", "geo_city": "臺北市", "nearest_estimate_min": 0.7}}, {"type": "Feature", "geometry": {"type": "Point", "coordinates": [121.522081, 25.050519]}, "properties": {"stop_name": "中山市場", "district": "中山區", "geo_city": "臺北市", "nearest_estimate_min": 0.8}}, {"type": "Feature", "geometry": {"type": "Point", "coordinates": [121.50773, 25.14152]}, "properties": {"stop_name": "源之鄉", "district": "北投區", "geo_city": "臺北市", "nearest_estimate_min": 4.9}}, {"type": "Feature", "geometry": {"type": "Point", "coordinates": [121.580911886242, 25.0509225264878]}, "properties": {"stop_name": "玉成里", "district": "南港區", "geo_city": "臺北市", "nearest_estimate_min": 7.3}}, {"type": "Feature", "geometry": {"type": "Point", "coordinates": [121.538407, 25.173595]}, "properties": {"stop_name": "頂湖入口(竹子湖)", "district": "北投區", "geo_city": "臺北市", "nearest_estimate_min": 19.2}}, {"type": "Feature", "geometry": {"type": "Point", "coordinates": [121.607046, 25.056276]}, "properties": {"stop_name": "南港高工一", "district": "南港區", "geo_city": "臺北市", "nearest_estimate_min": -1.0}}, {"type": "Feature", "geometry": {"type": "Point", "coordinates": [121.519461, 25.043292]}, "properties": {"stop_name": "立法院", "district": "中正區", "geo_city": "臺北市", "nearest_estimate_min": 2.9}}, {"type": "Feature", "geometry": {"type": "Point", "coordinates": [121.500102, 25.102928]}, "properties": {"stop_name": "洲美里", "district": "北投區", "geo_city": "臺北市", "nearest_estimate_min": -1.0}}, {"type": "Feature", "geometry": {"type": "Point", "coordinates": [121.568122, 25.026725]}, "properties": {"stop_name": "吳興國小(莊敬)", "district": "信義區", "geo_city": "臺北市", "nearest_estimate_min": 2.4}}, {"type": "Feature", "geometry": {"type": "Point", "coordinates": [121.56688, 25.11358]}, "properties": {"stop_name": "沙崙", "district": "士林區", "geo_city": "臺北市", "nearest_estimate_min": -1.0}}, {"type": "Feature", "geometry": {"type": "Point", "coordinates": [121.5225, 25.14257]}, "properties": {"stop_name": "大磺嘴", "district": "北投區", "geo_city": "臺北市", "nearest_estimate_min": 9.3}}, {"type": "Feature", "geometry": {"type": "Point", "coordinates": [121.59096, 25.04964]}, "properties": {"stop_name": "陸軍後勤指揮部", "district": "南港區", "geo_city": "臺北市", "nearest_estimate_min": 12.0}}, {"type": "Feature", "geometry": {"type": "Point", "coordinates": [121.6144033, 25.06860831]}, "properties": {"stop_name": "五分社區", "district": "內湖區", "geo_city": "臺北市", "nearest_estimate_min": 2.2}}, {"type": "Feature", "geometry": {"type": "Point", "coordinates": [121.522316, 25.104075]}, "properties": {"stop_name": "捷運芝山站(福華)", "district": "士林區", "geo_city": "臺北市", "nearest_estimate_min": -1.0}}, {"type": "Feature", "geometry": {"type": "Point", "coordinates": [121.508765096201, 25.0445846194834]}, "properties": {"stop_name": "中華路北站", "district": "萬華區", "geo_city": "臺北市", "nearest_estimate_min": 2.9}}, {"type": "Feature", "geometry": {"type": "Point", "coordinates": [121.5255625, 25.06725254]}, "properties": {"stop_name": "景福宮", "district": "中山區", "geo_city": "臺北市", "nearest_estimate_min": 33.5}}, {"type": "Feature", "geometry": {"type": "Point", "coordinates": [121.56547, 25.03081]}, "properties": {"stop_name": "世貿新城", "district": "信義區", "geo_city": "臺北市", "nearest_estimate_min": -1.0}}, {"type": "Feature", "geometry": {"type": "Point", "coordinates": [121.525339, 25.10833609]}, "properties": {"stop_name": "克強游泳池", "district": "士林區", "geo_city": "臺北市", "nearest_estimate_min": 4.5}}, {"type": "Feature", "geometry": {"type": "Point", "coordinates": [121.566687674056, 25.0329497897498]}, "properties": {"stop_name": "信義松仁路口(信義)", "district": "信義區", "geo_city": "臺北市", "nearest_estimate_min": 1.3}}, {"type": "Feature", "geometry": {"type": "Point", "coordinates": [121.5406947, 25.07261377]}, "properties": {"stop_name": "河濱公園大佳段", "district": "中山區", "geo_city": "臺北市", "nearest_estimate_min": -1.0}}, {"type": "Feature", "geometry": {"type": "Point", "coordinates": [121.51367, 25.07328]}, "properties": {"stop_name": "酒泉重慶路口", "district": "大同區", "geo_city": "臺北市", "nearest_estimate_min": 3.5}}, {"type": "Feature", "geometry": {"type": "Point", "coordinates": [121.471449, 25.123677]}, "properties": {"stop_name": "大愛電視台", "district": "北投區", "geo_city": "臺北市", "nearest_estimate_min": 13.0}}, {"type": "Feature", "geometry": {"type": "Point", "coordinates": [121.54995, 25.00353]}, "properties": {"stop_name": "敦南美景", "district": "文山區", "geo_city": "臺北市", "nearest_estimate_min": 79.2}}, {"type": "Feature", "geometry": {"type": "Point", "coordinates": [121.604333, 25.051694]}, "properties": {"stop_name": "南港機廠", "district": "南港區", "geo_city": "臺北市", "nearest_estimate_min": 5.3}}, {"type": "Feature", "geometry": {"type": "Point", "coordinates": [121.500164, 25.035143]}, "properties": {"stop_name": "捷運龍山寺站", "district": "萬華區", "geo_city": "臺北市", "nearest_estimate_min": 21.3}}, {"type": "Feature", "geometry": {"type": "Point", "coordinates": [121.559764, 25.054069]}, "properties": {"stop_name": "長壽公園", "district": "松山區", "geo_city": "臺北市", "nearest_estimate_min": 4.5}}, {"type": "Feature", "geometry": {"type": "Point", "coordinates": [121.52244, 25.0673]}, "properties": {"stop_name": "大同大學", "district": "中山區", "geo_city": "臺北市", "nearest_estimate_min": 12.8}}, {"type": "Feature", "geometry": {"type": "Point", "coordinates": [121.5552, 25.12126]}, "properties": {"stop_name": "居安新村", "district": "士林區", "geo_city": "臺北市", "nearest_estimate_min": -1.0}}, {"type": "Feature", "geometry": {"type": "Point", "coordinates": [121.5572966, 25.14410738]}, "properties": {"stop_name": "菁山莊", "district": "士林區", "geo_city": "臺北市", "nearest_estimate_min": -1.0}}, {"type": "Feature", "geometry": {"type": "Point", "coordinates": [121.5103891, 25.08132113]}, "properties": {"stop_name": "海光新村", "district": "士林區", "geo_city": "臺北市", "nearest_estimate_min": -1.0}}, {"type": "Feature", "geometry": {"type": "Point", "coordinates": [121.5275693, 25.11838172]}, "properties": {"stop_name": "齊福華廈", "district": "士林區", "geo_city": "臺北市", "nearest_estimate_min": 4.3}}, {"type": "Feature", "geometry": {"type": "Point", "coordinates": [121.52907, 25.02982]}, "properties": {"stop_name": "金華大廈", "district": "大安區", "geo_city": "臺北市", "nearest_estimate_min": 13.5}}, {"type": "Feature", "geometry": {"type": "Point", "coordinates": [121.535397, 25.07778224]}, "properties": {"stop_name": "經國七海文化園區", "district": "中山區", "geo_city": "臺北市", "nearest_estimate_min": 1.6}}, {"type": "Feature", "geometry": {"type": "Point", "coordinates": [121.52631480425094, 25.04393012352479]}, "properties": {"stop_name": "華山文創園區", "district": "中正區", "geo_city": "臺北市", "nearest_estimate_min": 8.0}}, {"type": "Feature", "geometry": {"type": "Point", "coordinates": [121.526768, 25.090914]}, "properties": {"stop_name": "小北街", "district": "士林區", "geo_city": "臺北市", "nearest_estimate_min": -1.0}}, {"type": "Feature", "geometry": {"type": "Point", "coordinates": [121.5363461, 25.002817]}, "properties": {"stop_name": "市立圖書館(景美分館)", "district": "文山區", "geo_city": "臺北市", "nearest_estimate_min": -1.0}}, {"type": "Feature", "geometry": {"type": "Point", "coordinates": [121.5235453, 25.04586572]}, "properties": {"stop_name": "捷運善導寺站", "district": "中正區", "geo_city": "臺北市", "nearest_estimate_min": 3.3}}, {"type": "Feature", "geometry": {"type": "Point", "coordinates": [121.59365, 25.06874]}, "properties": {"stop_name": "福華商場", "district": "內湖區", "geo_city": "臺北市", "nearest_estimate_min": 5.0}}, {"type": "Feature", "geometry": {"type": "Point", "coordinates": [121.5484575, 25.0284111]}, "properties": {"stop_name": "成功國宅", "district": "大安區", "geo_city": "臺北市", "nearest_estimate_min": 1.3}}, {"type": "Feature", "geometry": {"type": "Point", "coordinates": [121.5402482, 25.07363416]}, "properties": {"stop_name": "九號水門", "district": "中山區", "geo_city": "臺北市", "nearest_estimate_min": -1.0}}, {"type": "Feature", "geometry": {"type": "Point", "coordinates": [121.5056145, 25.08933251]}, "properties": {"stop_name": "社子派出所", "district": "士林區", "geo_city": "臺北市", "nearest_estimate_min": 34.6}}, {"type": "Feature", "geometry": {"type": "Point", "coordinates": [121.514816, 25.122271]}, "properties": {"stop_name": "陽明交大行政大樓", "district": "北投區", "geo_city": "臺北市", "nearest_estimate_min": -1.0}}, {"type": "Feature", "geometry": {"type": "Point", "coordinates": [121.566608, 25.082292]}, "properties": {"stop_name": "捷運西湖站", "district": "內湖區", "geo_city": "臺北市", "nearest_estimate_min": -1.0}}, {"type": "Feature", "geometry": {"type": "Point", "coordinates": [121.612006, 25.048369]}, "properties": {"stop_name": "國家生技園區A/C棟", "district": "南港區", "geo_city": "臺北市", "nearest_estimate_min": -1.0}}, {"type": "Feature", "geometry": {"type": "Point", "coordinates": [121.5412609, 25.14288025]}, "properties": {"stop_name": "紗帽山登山口(紗帽)", "district": "北投區", "geo_city": "臺北市", "nearest_estimate_min": 2.2}}, {"type": "Feature", "geometry": {"type": "Point", "coordinates": [121.5576929, 25.14519955]}, "properties": {"stop_name": "菁山一", "district": "士林區", "geo_city": "臺北市", "nearest_estimate_min": -1.0}}, {"type": "Feature", "geometry": {"type": "Point", "coordinates": [121.5250351, 25.10831235]}, "properties": {"stop_name": "克強游泳池", "district": "士林區", "geo_city": "臺北市", "nearest_estimate_min": 17.1}}, {"type": "Feature", "geometry": {"type": "Point", "coordinates": [121.623266, 25.018036]}, "properties": {"stop_name": "護國九天宮", "district": "南港區", "geo_city": "臺北市", "nearest_estimate_min": -1.0}}, {"type": "Feature", "geometry": {"type": "Point", "coordinates": [121.5685523, 24.98849886]}, "properties": {"stop_name": "木柵市場", "district": "文山區", "geo_city": "臺北市", "nearest_estimate_min": 1.5}}, {"type": "Feature", "geometry": {"type": "Point", "coordinates": [121.548654, 25.110508]}, "properties": {"stop_name": "陽明教養院", "district": "士林區", "geo_city": "臺北市", "nearest_estimate_min": 4.9}}, {"type": "Feature", "geometry": {"type": "Point", "coordinates": [121.5564885, 25.07240355]}, "properties": {"stop_name": "下塔悠", "district": "松山區", "geo_city": "臺北市", "nearest_estimate_min": 20.9}}, {"type": "Feature", "geometry": {"type": "Point", "coordinates": [121.555516323112, 25.0516596699759]}, "properties": {"stop_name": "南京寧安街口", "district": "松山區", "geo_city": "臺北市", "nearest_estimate_min": 4.8}}, {"type": "Feature", "geometry": {"type": "Point", "coordinates": [121.54954, 25.14569]}, "properties": {"stop_name": "福壽橋", "district": "士林區", "geo_city": "臺北市", "nearest_estimate_min": 14.3}}, {"type": "Feature", "geometry": {"type": "Point", "coordinates": [121.5957666, 25.06819281]}, "properties": {"stop_name": "臺北市網球中心", "district": "內湖區", "geo_city": "臺北市", "nearest_estimate_min": 5.7}}, {"type": "Feature", "geometry": {"type": "Point", "coordinates": [121.589212889978, 25.0618022015955]}, "properties": {"stop_name": "南京金莊路口", "district": "內湖區", "geo_city": "臺北市", "nearest_estimate_min": 8.8}}, {"type": "Feature", "geometry": {"type": "Point", "coordinates": [121.5612469, 25.07999076]}, "properties": {"stop_name": "濱江國中", "district": "中山區", "geo_city": "臺北市", "nearest_estimate_min": 11.5}}, {"type": "Feature", "geometry": {"type": "Point", "coordinates": [121.52015434889965, 25.030089934769617]}, "properties": {"stop_name": "羅斯福潮州街口", "district": "中正區", "geo_city": "臺北市", "nearest_estimate_min": 2.0}}, {"type": "Feature", "geometry": {"type": "Point", "coordinates": [121.6156274, 25.07205909]}, "properties": {"stop_name": "安湖站", "district": "內湖區", "geo_city": "臺北市", "nearest_estimate_min": -1.0}}, {"type": "Feature", "geometry": {"type": "Point", "coordinates": [121.554225, 25.022926]}, "properties": {"stop_name": "捷運六張犁站(和平)", "district": "信義區", "geo_city": "臺北市", "nearest_estimate_min": 21.0}}, {"type": "Feature", "geometry": {"type": "Point", "coordinates": [121.54377, 25.0465]}, "properties": {"stop_name": "復興南路(埤頭里)", "district": "中山區", "geo_city": "臺北市", "nearest_estimate_min": 2.7}}, {"type": "Feature", "geometry": {"type": "Point", "coordinates": [121.4713284, 25.12963447]}, "properties": {"stop_name": "和信醫院", "district": "北投區", "geo_city": "臺北市", "nearest_estimate_min": -1.0}}, {"type": "Feature", "geometry": {"type": "Point", "coordinates": [121.507745, 25.03723]}, "properties": {"stop_name": "小南門(和平院區)", "district": "中正區", "geo_city": "臺北市", "nearest_estimate_min": -1.0}}, {"type": "Feature", "geometry": {"type": "Point", "coordinates": [121.55232, 25.02513]}, "properties": {"stop_name": "主教公署", "district": "大安區", "geo_city": "臺北市", "nearest_estimate_min": -1.0}}, {"type": "Feature", "geometry": {"type": "Point", "coordinates": [121.500682, 25.091148]}, "properties": {"stop_name": "永倫里(延平)", "district": "士林區", "geo_city": "臺北市", "nearest_estimate_min": 19.7}}, {"type": "Feature", "geometry": {"type": "Point", "coordinates": [121.558360102294, 25.1847780867522]}, "properties": {"stop_name": "後山", "district": "北投區", "geo_city": "臺北市", "nearest_estimate_min": -1.0}}, {"type": "Feature", "geometry": {"type": "Point", "coordinates": [121.506507520259, 25.0364933609706]}, "properties": {"stop_name": "聯合醫院和平院區", "district": "萬華區", "geo_city": "臺北市", "nearest_estimate_min": 1.2}}, {"type": "Feature", "geometry": {"type": "Point", "coordinates": [121.51316241098594, 25.046552005302367]}, "properties": {"stop_name": "臺北車站(重慶)", "district": "中正區", "geo_city": "臺北市", "nearest_estimate_min": 8.5}}, {"type": "Feature", "geometry": {"type": "Point", "coordinates": [121.572469, 25.077397]}, "properties": {"stop_name": "瑞光港墘路口", "district": "內湖區", "geo_city": "臺北市", "nearest_estimate_min": -1.0}}, {"type": "Feature", "geometry": {"type": "Point", "coordinates": [121.511508049849, 25.0721839786533]}, "properties": {"stop_name": "老師里", "district": "大同區", "geo_city": "臺北市", "nearest_estimate_min": 12.2}}, {"type": "Feature", "geometry": {"type": "Point", "coordinates": [121.518052504684, 25.1184508084325]}, "properties": {"stop_name": "榮總", "district": "北投區", "geo_city": "臺北市", "nearest_estimate_min": 6.2}}, {"type": "Feature", "geometry": {"type": "Point", "coordinates": [121.5951402, 25.00225632]}, "properties": {"stop_name": "文和橋", "district": "文山區", "geo_city": "臺北市", "nearest_estimate_min": -1.0}}, {"type": "Feature", "geometry": {"type": "Point", "coordinates": [121.534271, 25.126761]}, "properties": {"stop_name": "水管路", "district": "士林區", "geo_city": "臺北市", "nearest_estimate_min": -1.0}}, {"type": "Feature", "geometry": {"type": "Point", "coordinates": [121.54649, 25.15119]}, "properties": {"stop_name": "陽明山(紗帽)", "district": "北投區", "geo_city": "臺北市", "nearest_estimate_min": -1.0}}, {"type": "Feature", "geometry": {"type": "Point", "coordinates": [121.5619849, 24.98670585]}, "properties": {"stop_name": "老人自費安養中心", "district": "文山區", "geo_city": "臺北市", "nearest_estimate_min": -1.0}}, {"type": "Feature", "geometry": {"type": "Point", "coordinates": [121.568943, 25.134924]}, "properties": {"stop_name": "下菁礐", "district": "士林區", "geo_city": "臺北市", "nearest_estimate_min": -1.0}}, {"type": "Feature", "geometry": {"type": "Point", "coordinates": [121.548768, 25.052139]}, "properties": {"stop_name": "臺北小巨蛋", "district": "松山區", "geo_city": "臺北市", "nearest_estimate_min": 7.9}}, {"type": "Feature", "geometry": {"type": "Point", "coordinates": [121.54156337602802, 25.054725622604824]}, "properties": {"stop_name": "長春市場", "district": "中山區", "geo_city": "臺北市", "nearest_estimate_min": 6.0}}, {"type": "Feature", "geometry": {"type": "Point", "coordinates": [121.533459, 25.11981]}, "properties": {"stop_name": "天和公園", "district": "士林區", "geo_city": "臺北市", "nearest_estimate_min": -1.0}}, {"type": "Feature", "geometry": {"type": "Point", "coordinates": [121.50929, 25.14117]}, "properties": {"stop_name": "郵政訓練所", "district": "北投區", "geo_city": "臺北市", "nearest_estimate_min": 4.5}}, {"type": "Feature", "geometry": {"type": "Point", "coordinates": [121.540554014847, 25.0623255291835]}, "properties": {"stop_name": "民權龍江路口", "district": "中山區", "geo_city": "臺北市", "nearest_estimate_min": 3.9}}, {"type": "Feature", "geometry": {"type": "Point", "coordinates": [121.528167347349, 25.0772703676354]}, "properties": {"stop_name": "圓山大飯店", "district": "中山區", "geo_city": "臺北市", "nearest_estimate_min": 0.3}}, {"type": "Feature", "geometry": {"type": "Point", "coordinates": [121.622734485156, 25.0384056841054]}, "properties": {"stop_name": "舊莊", "district": "南港區", "geo_city": "臺北市", "nearest_estimate_min": -1.0}}, {"type": "Feature", "geometry": {"type": "Point", "coordinates": [121.57768, 25.078956]}, "properties": {"stop_name": "西湖圖書館(湖光教會)", "district": "內湖區", "geo_city": "臺北市", "nearest_estimate_min": 33.0}}, {"type": "Feature", "geometry": {"type": "Point", "coordinates": [121.514514, 25.103237]}, "properties": {"stop_name": "士科路", "district": "北投區", "geo_city": "臺北市", "nearest_estimate_min": -1.0}}, {"type": "Feature", "geometry": {"type": "Point", "coordinates": [121.57986260978, 25.1798798474026]}, "properties": {"stop_name": "大油坑", "district": "士林區", "geo_city": "臺北市", "nearest_estimate_min": -1.0}}, {"type": "Feature", "geometry": {"type": "Point", "coordinates": [121.53713, 25.175258]}, "properties": {"stop_name": "風架口", "district": "北投區", "geo_city": "臺北市", "nearest_estimate_min": -1.0}}, {"type": "Feature", "geometry": {"type": "Point", "coordinates": [121.583526, 24.976495]}, "properties": {"stop_name": "指南實小", "district": "文山區", "geo_city": "臺北市", "nearest_estimate_min": 24.4}}, {"type": "Feature", "geometry": {"type": "Point", "coordinates": [121.534993, 25.159646]}, "properties": {"stop_name": "陽明公園後門", "district": "北投區", "geo_city": "臺北市", "nearest_estimate_min": 1.1}}, {"type": "Feature", "geometry": {"type": "Point", "coordinates": [121.61533, 25.05985329]}, "properties": {"stop_name": "捷運南港軟體園區站", "district": "南港區", "geo_city": "臺北市", "nearest_estimate_min": -1.0}}, {"type": "Feature", "geometry": {"type": "Point", "coordinates": [121.57187, 25.002678]}, "properties": {"stop_name": "萬芳社區(和平)", "district": "文山區", "geo_city": "臺北市", "nearest_estimate_min": 25.1}}, {"type": "Feature", "geometry": {"type": "Point", "coordinates": [121.56843, 25.1073]}, "properties": {"stop_name": "翠山街", "district": "士林區", "geo_city": "臺北市", "nearest_estimate_min": 11.8}}, {"type": "Feature", "geometry": {"type": "Point", "coordinates": [121.53891974229319, 25.00178299384715]}, "properties": {"stop_name": "捷運萬隆站", "district": "文山區", "geo_city": "臺北市", "nearest_estimate_min": 0.3}}, {"type": "Feature", "geometry": {"type": "Point", "coordinates": [121.611389, 25.033573]}, "properties": {"stop_name": "中華科技大學", "district": "南港區", "geo_city": "臺北市", "nearest_estimate_min": -1.0}}, {"type": "Feature", "geometry": {"type": "Point", "coordinates": [121.47853, 25.13511]}, "properties": {"stop_name": "行天宮北投分宮忠義站", "district": "北投區", "geo_city": "臺北市", "nearest_estimate_min": -1.0}}, {"type": "Feature", "geometry": {"type": "Point", "coordinates": [121.6237679, 25.08546771]}, "properties": {"stop_name": "奇頭", "district": "內湖區", "geo_city": "臺北市", "nearest_estimate_min": -1.0}}, {"type": "Feature", "geometry": {"type": "Point", "coordinates": [121.513527, 25.146184]}, "properties": {"stop_name": "嶺腳", "district": "北投區", "geo_city": "臺北市", "nearest_estimate_min": -1.0}}, {"type": "Feature", "geometry": {"type": "Point", "coordinates": [121.5679233, 25.05966141]}, "properties": {"stop_name": "民生國中", "district": "松山區", "geo_city": "臺北市", "nearest_estimate_min": 14.0}}, {"type": "Feature", "geometry": {"type": "Point", "coordinates": [121.581664, 25.00899]}, "properties": {"stop_name": "信義快速道路(虛擬站不停靠)", "district": "文山區", "geo_city": "臺北市", "nearest_estimate_min": -1.0}}, {"type": "Feature", "geometry": {"type": "Point", "coordinates": [121.5649647, 25.16137129]}, "properties": {"stop_name": "田尾湖", "district": "士林區", "geo_city": "臺北市", "nearest_estimate_min": -1.0}}, {"type": "Feature", "geometry": {"type": "Point", "coordinates": [121.4875, 25.138191]}, "properties": {"stop_name": "製片廠", "district": "北投區", "geo_city": "臺北市", "nearest_estimate_min": -1.0}}, {"type": "Feature", "geometry": {"type": "Point", "coordinates": [121.623735843062, 25.0265278209575]}, "properties": {"stop_name": "山豬窟", "district": "南港區", "geo_city": "臺北市", "nearest_estimate_min": -1.0}}, {"type": "Feature", "geometry": {"type": "Point", "coordinates": [121.5225384, 25.05658228]}, "properties": {"stop_name": "國賓飯店", "district": "中山區", "geo_city": "臺北市", "nearest_estimate_min": 6.9}}, {"type": "Feature", "geometry": {"type": "Point", "coordinates": [121.493015, 25.028698]}, "properties": {"stop_name": "環南市場(西藏)", "district": "萬華區", "geo_city": "臺北市", "nearest_estimate_min": 1.9}}, {"type": "Feature", "geometry": {"type": "Point", "coordinates": [121.569246025471, 25.1793020493602]}, "properties": {"stop_name": "日月農莊", "district": "士林區", "geo_city": "臺北市", "nearest_estimate_min": -1.0}}, {"type": "Feature", "geometry": {"type": "Point", "coordinates": [121.531395, 25.096324]}, "properties": {"stop_name": "士林官邸(中正)", "district": "士林區", "geo_city": "臺北市", "nearest_estimate_min": -1.0}}, {"type": "Feature", "geometry": {"type": "Point", "coordinates": [121.55056001317, 25.1143365915433]}, "properties": {"stop_name": "福音", "district": "士林區", "geo_city": "臺北市", "nearest_estimate_min": 15.5}}, {"type": "Feature", "geometry": {"type": "Point", "coordinates": [121.6169015, 25.03813813]}, "properties": {"stop_name": "九如里一", "district": "南港區", "geo_city": "臺北市", "nearest_estimate_min": 1.5}}, {"type": "Feature", "geometry": {"type": "Point", "coordinates": [121.59007719697958, 25.076435413204408]}, "properties": {"stop_name": "方濟中學", "district": "內湖區", "geo_city": "臺北市", "nearest_estimate_min": 2.1}}, {"type": "Feature", "geometry": {"type": "Point", "coordinates": [121.538427, 25.170444]}, "properties": {"stop_name": "湖田橋", "district": "北投區", "geo_city": "臺北市", "nearest_estimate_min": 12.6}}, {"type": "Feature", "geometry": {"type": "Point", "coordinates": [121.55974066645364, 25.03361852334641]}, "properties": {"stop_name": "世貿中心(基隆路)", "district": "信義區", "geo_city": "臺北市", "nearest_estimate_min": 2.5}}, {"type": "Feature", "geometry": {"type": "Point", "coordinates": [121.53099, 25.01424]}, "properties": {"stop_name": "自來水博物館(太子學舍)", "district": "中正區", "geo_city": "臺北市", "nearest_estimate_min": 78.7}}, {"type": "Feature", "geometry": {"type": "Point", "coordinates": [121.56006, 25.12015]}, "properties": {"stop_name": "光興宮", "district": "士林區", "geo_city": "臺北市", "nearest_estimate_min": 14.5}}, {"type": "Feature", "geometry": {"type": "Point", "coordinates": [121.5287, 25.04914]}, "properties": {"stop_name": "長安新生北路口", "district": "中山區", "geo_city": "臺北市", "nearest_estimate_min": 21.3}}, {"type": "Feature", "geometry": {"type": "Point", "coordinates": [121.534113646475, 25.0215502113013]}, "properties": {"stop_name": "臺大綜合體育館", "district": "大安區", "geo_city": "臺北市", "nearest_estimate_min": 1.5}}, {"type": "Feature", "geometry": {"type": "Point", "coordinates": [121.58425, 25.08454]}, "properties": {"stop_name": "碧湖山莊", "district": "內湖區", "geo_city": "臺北市", "nearest_estimate_min": 1.1}}, {"type": "Feature", "geometry": {"type": "Point", "coordinates": [121.577690522404, 25.0448632717332]}, "properties": {"stop_name": "永吉松山路口", "district": "信義區", "geo_city": "臺北市", "nearest_estimate_min": 8.6}}, {"type": "Feature", "geometry": {"type": "Point", "coordinates": [121.53833054900049, 25.036733858544963]}, "properties": {"stop_name": "延平中學", "district": "大安區", "geo_city": "臺北市", "nearest_estimate_min": -1.0}}, {"type": "Feature", "geometry": {"type": "Point", "coordinates": [121.57604615193513, 24.98782160454249]}, "properties": {"stop_name": "政大一", "district": "文山區", "geo_city": "臺北市", "nearest_estimate_min": 2.1}}, {"type": "Feature", "geometry": {"type": "Point", "coordinates": [121.55853, 25.01825]}, "properties": {"stop_name": "捷運麟光站", "district": "大安區", "geo_city": "臺北市", "nearest_estimate_min": 8.0}}, {"type": "Feature", "geometry": {"type": "Point", "coordinates": [121.510852, 25.0713032]}, "properties": {"stop_name": "鄰江里", "district": "大同區", "geo_city": "臺北市", "nearest_estimate_min": 11.8}}, {"type": "Feature", "geometry": {"type": "Point", "coordinates": [121.54096, 25.06401]}, "properties": {"stop_name": "五常國小", "district": "中山區", "geo_city": "臺北市", "nearest_estimate_min": -1.0}}, {"type": "Feature", "geometry": {"type": "Point", "coordinates": [121.5646071, 25.07973077]}, "properties": {"stop_name": "基湖站", "district": "內湖區", "geo_city": "臺北市", "nearest_estimate_min": 36.5}}, {"type": "Feature", "geometry": {"type": "Point", "coordinates": [121.548902, 25.057956]}, "properties": {"stop_name": "民生敦化路口", "district": "松山區", "geo_city": "臺北市", "nearest_estimate_min": 4.8}}, {"type": "Feature", "geometry": {"type": "Point", "coordinates": [121.552, 25.06145]}, "properties": {"stop_name": "民權東路口", "district": "松山區", "geo_city": "臺北市", "nearest_estimate_min": 2.0}}, {"type": "Feature", "geometry": {"type": "Point", "coordinates": [121.5328606, 25.04460839]}, "properties": {"stop_name": "光華商場", "district": "中正區", "geo_city": "臺北市", "nearest_estimate_min": 3.6}}, {"type": "Feature", "geometry": {"type": "Point", "coordinates": [121.5268262109198, 25.034191768178662]}, "properties": {"stop_name": "捷運東門站", "district": "大安區", "geo_city": "臺北市", "nearest_estimate_min": 3.4}}, {"type": "Feature", "geometry": {"type": "Point", "coordinates": [121.582072, 25.04457266]}, "properties": {"stop_name": "捷運後山埤站(忠孝)", "district": "南港區", "geo_city": "臺北市", "nearest_estimate_min": 13.1}}, {"type": "Feature", "geometry": {"type": "Point", "coordinates": [121.578396, 25.078683]}, "properties": {"stop_name": "西湖圖書館(湖光教會)", "district": "內湖區", "geo_city": "臺北市", "nearest_estimate_min": 2.4}}, {"type": "Feature", "geometry": {"type": "Point", "coordinates": [121.51761, 25.11225]}, "properties": {"stop_name": "自強街口(東華)", "district": "北投區", "geo_city": "臺北市", "nearest_estimate_min": -1.0}}, {"type": "Feature", "geometry": {"type": "Point", "coordinates": [121.56976, 25.02324]}, "properties": {"stop_name": "吳興街站", "district": "信義區", "geo_city": "臺北市", "nearest_estimate_min": 12.3}}, {"type": "Feature", "geometry": {"type": "Point", "coordinates": [121.567813467771, 25.0051424040312]}, "properties": {"stop_name": "名門社區", "district": "文山區", "geo_city": "臺北市", "nearest_estimate_min": -1.0}}, {"type": "Feature", "geometry": {"type": "Point", "coordinates": [121.556408099291, 25.0813388630833]}, "properties": {"stop_name": "敬業三路二", "district": "中山區", "geo_city": "臺北市", "nearest_estimate_min": 6.8}}, {"type": "Feature", "geometry": {"type": "Point", "coordinates": [121.52707, 25.03008]}, "properties": {"stop_name": "公企中心", "district": "大安區", "geo_city": "臺北市", "nearest_estimate_min": 14.4}}, {"type": "Feature", "geometry": {"type": "Point", "coordinates": [121.56895990914902, 24.984131427903375]}, "properties": {"stop_name": "景文中學", "district": "文山區", "geo_city": "臺北市", "nearest_estimate_min": 1.6}}, {"type": "Feature", "geometry": {"type": "Point", "coordinates": [121.522678294477, 25.1020082188363]}, "properties": {"stop_name": "捷運芝山站(福國)", "district": "士林區", "geo_city": "臺北市", "nearest_estimate_min": -1.0}}, {"type": "Feature", "geometry": {"type": "Point", "coordinates": [121.53846436682753, 25.033528900407934]}, "properties": {"stop_name": "信義建國路口", "district": "大安區", "geo_city": "臺北市", "nearest_estimate_min": 12.0}}, {"type": "Feature", "geometry": {"type": "Point", "coordinates": [121.5624103, 25.02923056]}, "properties": {"stop_name": "景新里", "district": "信義區", "geo_city": "臺北市", "nearest_estimate_min": 2.9}}, {"type": "Feature", "geometry": {"type": "Point", "coordinates": [121.508399869161, 25.0862710146474]}, "properties": {"stop_name": "重陽橋", "district": "士林區", "geo_city": "臺北市", "nearest_estimate_min": 17.7}}, {"type": "Feature", "geometry": {"type": "Point", "coordinates": [121.5902772, 25.03872923]}, "properties": {"stop_name": "成福站", "district": "南港區", "geo_city": "臺北市", "nearest_estimate_min": -1.0}}, {"type": "Feature", "geometry": {"type": "Point", "coordinates": [121.5647162, 25.14441446]}, "properties": {"stop_name": "衛星電台", "district": "士林區", "geo_city": "臺北市", "nearest_estimate_min": -1.0}}, {"type": "Feature", "geometry": {"type": "Point", "coordinates": [121.5625479, 25.00361629]}, "properties": {"stop_name": "萬美社區", "district": "文山區", "geo_city": "臺北市", "nearest_estimate_min": 19.7}}, {"type": "Feature", "geometry": {"type": "Point", "coordinates": [121.532402806246, 25.038163002655]}, "properties": {"stop_name": "仁愛新生路口", "district": "中正區", "geo_city": "臺北市", "nearest_estimate_min": 12.1}}, {"type": "Feature", "geometry": {"type": "Point", "coordinates": [121.548418, 25.026461]}, "properties": {"stop_name": "鳳雛公園", "district": "大安區", "geo_city": "臺北市", "nearest_estimate_min": 2.5}}, {"type": "Feature", "geometry": {"type": "Point", "coordinates": [121.5561206, 25.04153654]}, "properties": {"stop_name": "交通部觀光署", "district": "大安區", "geo_city": "臺北市", "nearest_estimate_min": 2.0}}, {"type": "Feature", "geometry": {"type": "Point", "coordinates": [121.55586888955, 25.003074756861]}, "properties": {"stop_name": "捷運辛亥站一", "district": "文山區", "geo_city": "臺北市", "nearest_estimate_min": 4.7}}, {"type": "Feature", "geometry": {"type": "Point", "coordinates": [121.582591, 25.070313]}, "properties": {"stop_name": "麗寶大樓", "district": "內湖區", "geo_city": "臺北市", "nearest_estimate_min": 0.5}}, {"type": "Feature", "geometry": {"type": "Point", "coordinates": [121.490788784285, 25.1430158716225]}, "properties": {"stop_name": "致遠新村", "district": "北投區", "geo_city": "臺北市", "nearest_estimate_min": 40.4}}, {"type": "Feature", "geometry": {"type": "Point", "coordinates": [121.569664, 24.986882]}, "properties": {"stop_name": "永安街", "district": "文山區", "geo_city": "臺北市", "nearest_estimate_min": 5.3}}, {"type": "Feature", "geometry": {"type": "Point", "coordinates": [121.56216251653, 25.054217211063]}, "properties": {"stop_name": "健康新城", "district": "松山區", "geo_city": "臺北市", "nearest_estimate_min": 3.8}}, {"type": "Feature", "geometry": {"type": "Point", "coordinates": [121.5370373, 24.999945]}, "properties": {"stop_name": "萬隆社區", "district": "文山區", "geo_city": "臺北市", "nearest_estimate_min": -1.0}}, {"type": "Feature", "geometry": {"type": "Point", "coordinates": [121.510332, 25.04924]}, "properties": {"stop_name": "捷運北門站", "district": "大同區", "geo_city": "臺北市", "nearest_estimate_min": -1.0}}, {"type": "Feature", "geometry": {"type": "Point", "coordinates": [121.5921143, 25.04595121]}, "properties": {"stop_name": "南港公園", "district": "南港區", "geo_city": "臺北市", "nearest_estimate_min": -1.0}}, {"type": "Feature", "geometry": {"type": "Point", "coordinates": [121.581579, 25.04236358]}, "properties": {"stop_name": "忠孝大道路口", "district": "信義區", "geo_city": "臺北市", "nearest_estimate_min": 41.4}}, {"type": "Feature", "geometry": {"type": "Point", "coordinates": [121.5336228, 25.06481353]}, "properties": {"stop_name": "中山區公所", "district": "中山區", "geo_city": "臺北市", "nearest_estimate_min": -1.0}}, {"type": "Feature", "geometry": {"type": "Point", "coordinates": [121.5767705, 25.08421544]}, "properties": {"stop_name": "麗山高中(環山)", "district": "內湖區", "geo_city": "臺北市", "nearest_estimate_min": 7.0}}, {"type": "Feature", "geometry": {"type": "Point", "coordinates": [121.51183, 25.13704]}, "properties": {"stop_name": "幽雅路口", "district": "北投區", "geo_city": "臺北市", "nearest_estimate_min": -1.0}}, {"type": "Feature", "geometry": {"type": "Point", "coordinates": [121.5265702582243, 25.02214502516781]}, "properties": {"stop_name": "羅斯福浦城街口", "district": "大安區", "geo_city": "臺北市", "nearest_estimate_min": 7.3}}, {"type": "Feature", "geometry": {"type": "Point", "coordinates": [121.598139533007, 25.0538414991689]}, "properties": {"stop_name": "東明里/臺北流行音樂中心", "district": "南港區", "geo_city": "臺北市", "nearest_estimate_min": 6.4}}, {"type": "Feature", "geometry": {"type": "Point", "coordinates": [121.5136927, 25.05715048]}, "properties": {"stop_name": "民生重慶路口", "district": "大同區", "geo_city": "臺北市", "nearest_estimate_min": -1.0}}, {"type": "Feature", "geometry": {"type": "Point", "coordinates": [121.5113363, 25.05695365]}, "properties": {"stop_name": "迪化街", "district": "大同區", "geo_city": "臺北市", "nearest_estimate_min": -1.0}}, {"type": "Feature", "geometry": {"type": "Point", "coordinates": [121.50438, 25.02966]}, "properties": {"stop_name": "廈安里", "district": "萬華區", "geo_city": "臺北市", "nearest_estimate_min": 11.3}}, {"type": "Feature", "geometry": {"type": "Point", "coordinates": [121.492071, 25.144595]}, "properties": {"stop_name": "北投站", "district": "北投區", "geo_city": "臺北市", "nearest_estimate_min": 7.2}}, {"type": "Feature", "geometry": {"type": "Point", "coordinates": [121.52803, 25.02092]}, "properties": {"stop_name": "捷運台電大樓站", "district": "大安區", "geo_city": "臺北市", "nearest_estimate_min": 6.5}}, {"type": "Feature", "geometry": {"type": "Point", "coordinates": [121.59552, 25.0546]}, "properties": {"stop_name": "土地公廟", "district": "南港區", "geo_city": "臺北市", "nearest_estimate_min": 13.1}}, {"type": "Feature", "geometry": {"type": "Point", "coordinates": [121.5568757, 25.12116696]}, "properties": {"stop_name": "永公路三", "district": "士林區", "geo_city": "臺北市", "nearest_estimate_min": 8.1}}, {"type": "Feature", "geometry": {"type": "Point", "coordinates": [121.564215, 25.143659]}, "properties": {"stop_name": "菁山里一", "district": "士林區", "geo_city": "臺北市", "nearest_estimate_min": 4.5}}, {"type": "Feature", "geometry": {"type": "Point", "coordinates": [121.5133789, 25.07204184]}, "properties": {"stop_name": "酒泉街", "district": "大同區", "geo_city": "臺北市", "nearest_estimate_min": 1.3}}, {"type": "Feature", "geometry": {"type": "Point", "coordinates": [121.499222, 25.12242987]}, "properties": {"stop_name": "大業路(農禪寺)", "district": "北投區", "geo_city": "臺北市", "nearest_estimate_min": -1.0}}, {"type": "Feature", "geometry": {"type": "Point", "coordinates": [121.54399, 25.04531]}, "properties": {"stop_name": "復興南路(中崙里)", "district": "松山區", "geo_city": "臺北市", "nearest_estimate_min": 14.8}}, {"type": "Feature", "geometry": {"type": "Point", "coordinates": [121.530332504829, 25.0521129968997]}, "properties": {"stop_name": "南京吉林路口", "district": "中山區", "geo_city": "臺北市", "nearest_estimate_min": 1.7}}, {"type": "Feature", "geometry": {"type": "Point", "coordinates": [121.50562988182526, 25.10041172252245]}, "properties": {"stop_name": "三王宮", "district": "北投區", "geo_city": "臺北市", "nearest_estimate_min": -1.0}}, {"type": "Feature", "geometry": {"type": "Point", "coordinates": [121.5766634, 25.05707139]}, "properties": {"stop_name": "行善路", "district": "內湖區", "geo_city": "臺北市", "nearest_estimate_min": 2.2}}, {"type": "Feature", "geometry": {"type": "Point", "coordinates": [121.58077, 25.047232]}, "properties": {"stop_name": "五分埔商圈(中坡北)", "district": "南港區", "geo_city": "臺北市", "nearest_estimate_min": -1.0}}, {"type": "Feature", "geometry": {"type": "Point", "coordinates": [121.51644, 25.0570425]}, "properties": {"stop_name": "雙連市場", "district": "大同區", "geo_city": "臺北市", "nearest_estimate_min": -1.0}}, {"type": "Feature", "geometry": {"type": "Point", "coordinates": [121.49951, 25.122792]}, "properties": {"stop_name": "大業路(農禪寺)", "district": "北投區", "geo_city": "臺北市", "nearest_estimate_min": 12.2}}, {"type": "Feature", "geometry": {"type": "Point", "coordinates": [121.5389062, 24.99383424]}, "properties": {"stop_name": "溪口國小", "district": "文山區", "geo_city": "臺北市", "nearest_estimate_min": 42.7}}, {"type": "Feature", "geometry": {"type": "Point", "coordinates": [121.580321, 24.969425]}, "properties": {"stop_name": "樟樹步道南口", "district": "文山區", "geo_city": "臺北市", "nearest_estimate_min": 1.9}}, {"type": "Feature", "geometry": {"type": "Point", "coordinates": [121.5678312, 25.10596871]}, "properties": {"stop_name": "大崙尾山步道口", "district": "士林區", "geo_city": "臺北市", "nearest_estimate_min": 13.8}}, {"type": "Feature", "geometry": {"type": "Point", "coordinates": [121.61814, 25.060624]}, "properties": {"stop_name": "環東大道口", "district": "南港區", "geo_city": "臺北市", "nearest_estimate_min": -1.0}}, {"type": "Feature", "geometry": {"type": "Point", "coordinates": [121.560263, 25.048547]}, "properties": {"stop_name": "臺北市區監理所", "district": "松山區", "geo_city": "臺北市", "nearest_estimate_min": 17.8}}, {"type": "Feature", "geometry": {"type": "Point", "coordinates": [121.503397, 25.144891]}, "properties": {"stop_name": "溫莎堡", "district": "北投區", "geo_city": "臺北市", "nearest_estimate_min": 2.2}}, {"type": "Feature", "geometry": {"type": "Point", "coordinates": [121.509834, 25.030056]}, "properties": {"stop_name": "植物園", "district": "中正區", "geo_city": "臺北市", "nearest_estimate_min": 20.0}}, {"type": "Feature", "geometry": {"type": "Point", "coordinates": [121.52231632616744, 25.030573897088548]}, "properties": {"stop_name": "潮州街口", "district": "大安區", "geo_city": "臺北市", "nearest_estimate_min": 19.8}}, {"type": "Feature", "geometry": {"type": "Point", "coordinates": [121.545777, 25.057658]}, "properties": {"stop_name": "民生復興路口", "district": "松山區", "geo_city": "臺北市", "nearest_estimate_min": 3.6}}, {"type": "Feature", "geometry": {"type": "Point", "coordinates": [121.512347026452, 25.1095368758096]}, "properties": {"stop_name": "石牌", "district": "北投區", "geo_city": "臺北市", "nearest_estimate_min": 11.3}}, {"type": "Feature", "geometry": {"type": "Point", "coordinates": [121.57642, 25.0787]}, "properties": {"stop_name": "港墘派出所", "district": "內湖區", "geo_city": "臺北市", "nearest_estimate_min": -1.0}}, {"type": "Feature", "geometry": {"type": "Point", "coordinates": [121.552374, 24.990333]}, "properties": {"stop_name": "辛亥路6段21巷口", "district": "文山區", "geo_city": "臺北市", "nearest_estimate_min": 2.3}}, {"type": "Feature", "geometry": {"type": "Point", "coordinates": [121.58778, 25.12488]}, "properties": {"stop_name": "聖人橋", "district": "士林區", "geo_city": "臺北市", "nearest_estimate_min": -1.0}}, {"type": "Feature", "geometry": {"type": "Point", "coordinates": [121.526979, 25.033164]}, "properties": {"stop_name": "捷運東門站(金山)", "district": "大安區", "geo_city": "臺北市", "nearest_estimate_min": 5.0}}, {"type": "Feature", "geometry": {"type": "Point", "coordinates": [121.566640146973, 25.0358810435418]}, "properties": {"stop_name": "松壽路口", "district": "信義區", "geo_city": "臺北市", "nearest_estimate_min": 3.8}}, {"type": "Feature", "geometry": {"type": "Point", "coordinates": [121.561802, 24.981856]}, "properties": {"stop_name": "國泰新村(木新)", "district": "文山區", "geo_city": "臺北市", "nearest_estimate_min": 5.6}}, {"type": "Feature", "geometry": {"type": "Point", "coordinates": [121.493016, 25.034006]}, "properties": {"stop_name": "華江派出所", "district": "萬華區", "geo_city": "臺北市", "nearest_estimate_min": 12.8}}, {"type": "Feature", "geometry": {"type": "Point", "coordinates": [121.5181604458413, 25.089126426302588]}, "properties": {"stop_name": "後港里", "district": "士林區", "geo_city": "臺北市", "nearest_estimate_min": -1.0}}, {"type": "Feature", "geometry": {"type": "Point", "coordinates": [121.58390680657625, 25.116960335645466]}, "properties": {"stop_name": "楓林橋", "district": "士林區", "geo_city": "臺北市", "nearest_estimate_min": -1.0}}, {"type": "Feature", "geometry": {"type": "Point", "coordinates": [121.54711, 25.00059]}, "properties": {"stop_name": "興隆市場後站", "district": "文山區", "geo_city": "臺北市", "nearest_estimate_min": -1.0}}, {"type": "Feature", "geometry": {"type": "Point", "coordinates": [121.591745, 25.086236]}, "properties": {"stop_name": "碧山路口", "district": "內湖區", "geo_city": "臺北市", "nearest_estimate_min": -1.0}}, {"type": "Feature", "geometry": {"type": "Point", "coordinates": [121.5436838, 25.07978102]}, "properties": {"stop_name": "大直高中", "district": "中山區", "geo_city": "臺北市", "nearest_estimate_min": 15.6}}, {"type": "Feature", "geometry": {"type": "Point", "coordinates": [121.55934, 25.04119]}, "properties": {"stop_name": "捷運國父紀念館站(忠孝)", "district": "信義區", "geo_city": "臺北市", "nearest_estimate_min": 10.8}}, {"type": "Feature", "geometry": {"type": "Point", "coordinates": [121.50471, 25.13505]}, "properties": {"stop_name": "漾館時尚旅館", "district": "北投區", "geo_city": "臺北市", "nearest_estimate_min": -1.0}}, {"type": "Feature", "geometry": {"type": "Point", "coordinates": [121.5530627, 25.11460144]}, "properties": {"stop_name": "永公路一", "district": "士林區", "geo_city": "臺北市", "nearest_estimate_min": 6.2}}, {"type": "Feature", "geometry": {"type": "Point", "coordinates": [121.52425, 25.01812]}, "properties": {"stop_name": "嘉禾社區", "district": "中正區", "geo_city": "臺北市", "nearest_estimate_min": 81.9}}, {"type": "Feature", "geometry": {"type": "Point", "coordinates": [121.5810066, 25.08468198]}, "properties": {"stop_name": "西湖園", "district": "內湖區", "geo_city": "臺北市", "nearest_estimate_min": 9.4}}, {"type": "Feature", "geometry": {"type": "Point", "coordinates": [121.5138969, 25.03238167]}, "properties": {"stop_name": "中正二分局", "district": "中正區", "geo_city": "臺北市", "nearest_estimate_min": 14.6}}, {"type": "Feature", "geometry": {"type": "Point", "coordinates": [121.538359218545, 25.104112892574]}, "properties": {"stop_name": "華興中學", "district": "士林區", "geo_city": "臺北市", "nearest_estimate_min": 6.0}}, {"type": "Feature", "geometry": {"type": "Point", "coordinates": [121.562987, 25.02332]}, "properties": {"stop_name": "廣安宮", "district": "信義區", "geo_city": "臺北市", "nearest_estimate_min": 11.4}}, {"type": "Feature", "geometry": {"type": "Point", "coordinates": [121.514243, 25.138768]}, "properties": {"stop_name": "北投文物館", "district": "北投區", "geo_city": "臺北市", "nearest_estimate_min": -1.0}}, {"type": "Feature", "geometry": {"type": "Point", "coordinates": [121.52976, 25.0962]}, "properties": {"stop_name": "福林國小", "district": "士林區", "geo_city": "臺北市", "nearest_estimate_min": 2.4}}, {"type": "Feature", "geometry": {"type": "Point", "coordinates": [121.5325543, 25.05776804]}, "properties": {"stop_name": "捷運行天宮站(民生東路)", "district": "中山區", "geo_city": "臺北市", "nearest_estimate_min": 6.9}}, {"type": "Feature", "geometry": {"type": "Point", "coordinates": [121.523128, 25.107815]}, "properties": {"stop_name": "蘭雅國小", "district": "士林區", "geo_city": "臺北市", "nearest_estimate_min": -1.0}}, {"type": "Feature", "geometry": {"type": "Point", "coordinates": [121.5167218, 25.0465408]}, "properties": {"stop_name": "臺北車站(忠孝)", "district": "中正區", "geo_city": "臺北市", "nearest_estimate_min": 1.4}}, {"type": "Feature", "geometry": {"type": "Point", "coordinates": [121.5883563, 25.04098779]}, "properties": {"stop_name": "成福路口一", "district": "南港區", "geo_city": "臺北市", "nearest_estimate_min": 46.9}}, {"type": "Feature", "geometry": {"type": "Point", "coordinates": [121.5695557, 24.99858575]}, "properties": {"stop_name": "捷運萬芳社區站", "district": "文山區", "geo_city": "臺北市", "nearest_estimate_min": -1.0}}, {"type": "Feature", "geometry": {"type": "Point", "coordinates": [121.512879, 25.031565]}, "properties": {"stop_name": "建國中學(歷史博物館)", "district": "中正區", "geo_city": "臺北市", "nearest_estimate_min": 2.5}}, {"type": "Feature", "geometry": {"type": "Point", "coordinates": [121.54013379820495, 25.013398935169228]}, "properties": {"stop_name": "臺灣科技大學", "district": "大安區", "geo_city": "臺北市", "nearest_estimate_min": 1.2}}, {"type": "Feature", "geometry": {"type": "Point", "coordinates": [121.53746, 25.06248317]}, "properties": {"stop_name": "民權建國路口", "district": "中山區", "geo_city": "臺北市", "nearest_estimate_min": 4.9}}, {"type": "Feature", "geometry": {"type": "Point", "coordinates": [121.5326036, 25.14018215]}, "properties": {"stop_name": "紗帽馬場", "district": "北投區", "geo_city": "臺北市", "nearest_estimate_min": -1.0}}, {"type": "Feature", "geometry": {"type": "Point", "coordinates": [121.5616406, 25.1511579]}, "properties": {"stop_name": "絹絲瀑布", "district": "士林區", "geo_city": "臺北市", "nearest_estimate_min": -1.0}}, {"type": "Feature", "geometry": {"type": "Point", "coordinates": [121.560678, 25.126609]}, "properties": {"stop_name": "葉家莊", "district": "士林區", "geo_city": "臺北市", "nearest_estimate_min": 11.4}}, {"type": "Feature", "geometry": {"type": "Point", "coordinates": [121.514556, 25.12313]}, "properties": {"stop_name": "陽明交大實驗大樓", "district": "北投區", "geo_city": "臺北市", "nearest_estimate_min": -1.0}}, {"type": "Feature", "geometry": {"type": "Point", "coordinates": [121.5050912, 25.14893875]}, "properties": {"stop_name": "鳳梨宅", "district": "北投區", "geo_city": "臺北市", "nearest_estimate_min": 15.1}}, {"type": "Feature", "geometry": {"type": "Point", "coordinates": [121.536630466477, 25.1131959694498]}, "properties": {"stop_name": "士東路", "district": "士林區", "geo_city": "臺北市", "nearest_estimate_min": -1.0}}, {"type": "Feature", "geometry": {"type": "Point", "coordinates": [121.549033716258, 25.0275992243505]}, "properties": {"stop_name": "成功國宅", "district": "大安區", "geo_city": "臺北市", "nearest_estimate_min": 21.2}}, {"type": "Feature", "geometry": {"type": "Point", "coordinates": [121.5828479, 25.05609093]}, "properties": {"stop_name": "週美里", "district": "內湖區", "geo_city": "臺北市", "nearest_estimate_min": -1.0}}, {"type": "Feature", "geometry": {"type": "Point", "coordinates": [121.596633, 25.060938]}, "properties": {"stop_name": "長壽抽水站", "district": "內湖區", "geo_city": "臺北市", "nearest_estimate_min": 3.9}}, {"type": "Feature", "geometry": {"type": "Point", "coordinates": [121.526771, 25.041525]}, "properties": {"stop_name": "濟南路二段", "district": "中正區", "geo_city": "臺北市", "nearest_estimate_min": -1.0}}, {"type": "Feature", "geometry": {"type": "Point", "coordinates": [121.570973024858, 24.9913094198003]}, "properties": {"stop_name": "萬壽橋頭(木柵)", "district": "文山區", "geo_city": "臺北市", "nearest_estimate_min": 1.4}}, {"type": "Feature", "geometry": {"type": "Point", "coordinates": [121.51195458055106, 25.136304126864673]}, "properties": {"stop_name": "銀光巷口", "district": "北投區", "geo_city": "臺北市", "nearest_estimate_min": -1.0}}, {"type": "Feature", "geometry": {"type": "Point", "coordinates": [121.536351, 25.043566]}, "properties": {"stop_name": "臺北科技大學(建國)", "district": "大安區", "geo_city": "臺北市", "nearest_estimate_min": -1.0}}, {"type": "Feature", "geometry": {"type": "Point", "coordinates": [121.5329027, 25.03320526]}, "properties": {"stop_name": "信義新生路口", "district": "大安區", "geo_city": "臺北市", "nearest_estimate_min": 4.5}}, {"type": "Feature", "geometry": {"type": "Point", "coordinates": [121.48889339128904, 25.032439944656794]}, "properties": {"stop_name": "華江站", "district": "萬華區", "geo_city": "臺北市", "nearest_estimate_min": 22.0}}, {"type": "Feature", "geometry": {"type": "Point", "coordinates": [121.56339, 25.06067]}, "properties": {"stop_name": "廣合新村", "district": "松山區", "geo_city": "臺北市", "nearest_estimate_min": 11.0}}, {"type": "Feature", "geometry": {"type": "Point", "coordinates": [121.6072451, 25.07543061]}, "properties": {"stop_name": "康寧醫院", "district": "內湖區", "geo_city": "臺北市", "nearest_estimate_min": 48.9}}, {"type": "Feature", "geometry": {"type": "Point", "coordinates": [121.523978, 25.046759]}, "properties": {"stop_name": "北平林森路口", "district": "中正區", "geo_city": "臺北市", "nearest_estimate_min": 58.7}}, {"type": "Feature", "geometry": {"type": "Point", "coordinates": [121.51751, 25.03787]}, "properties": {"stop_name": "景福門", "district": "中正區", "geo_city": "臺北市", "nearest_estimate_min": 10.3}}, {"type": "Feature", "geometry": {"type": "Point", "coordinates": [121.5688824, 25.118866]}, "properties": {"stop_name": "半嶺", "district": "士林區", "geo_city": "臺北市", "nearest_estimate_min": -1.0}}, {"type": "Feature", "geometry": {"type": "Point", "coordinates": [121.54906, 25.02967]}, "properties": {"stop_name": "大安國中", "district": "大安區", "geo_city": "臺北市", "nearest_estimate_min": 21.5}}, {"type": "Feature", "geometry": {"type": "Point", "coordinates": [121.56384168984, 25.0829452709661]}, "properties": {"stop_name": "治磐新村", "district": "內湖區", "geo_city": "臺北市", "nearest_estimate_min": 5.1}}, {"type": "Feature", "geometry": {"type": "Point", "coordinates": [121.54762539917303, 25.062020643130538]}, "properties": {"stop_name": "民權敦化路口", "district": "松山區", "geo_city": "臺北市", "nearest_estimate_min": 0.4}}, {"type": "Feature", "geometry": {"type": "Point", "coordinates": [121.533481875716, 25.0972847950979]}, "properties": {"stop_name": "泰北中學", "district": "士林區", "geo_city": "臺北市", "nearest_estimate_min": 4.5}}, {"type": "Feature", "geometry": {"type": "Point", "coordinates": [121.53299, 25.045]}, "properties": {"stop_name": "光華商場", "district": "大安區", "geo_city": "臺北市", "nearest_estimate_min": 8.1}}, {"type": "Feature", "geometry": {"type": "Point", "coordinates": [121.54531, 25.04829]}, "properties": {"stop_name": "臺安醫院", "district": "松山區", "geo_city": "臺北市", "nearest_estimate_min": 2.1}}, {"type": "Feature", "geometry": {"type": "Point", "coordinates": [121.54789116460638, 25.017554094972425]}, "properties": {"stop_name": "自來水處(辛亥)", "district": "大安區", "geo_city": "臺北市", "nearest_estimate_min": 5.9}}, {"type": "Feature", "geometry": {"type": "Point", "coordinates": [121.512059, 25.105346]}, "properties": {"stop_name": "建民里一", "district": "北投區", "geo_city": "臺北市", "nearest_estimate_min": 2.1}}, {"type": "Feature", "geometry": {"type": "Point", "coordinates": [121.55513, 25.12921]}, "properties": {"stop_name": "新安路六", "district": "士林區", "geo_city": "臺北市", "nearest_estimate_min": -1.0}}, {"type": "Feature", "geometry": {"type": "Point", "coordinates": [121.525833, 25.09049]}, "properties": {"stop_name": "士林分局", "district": "士林區", "geo_city": "臺北市", "nearest_estimate_min": 7.3}}, {"type": "Feature", "geometry": {"type": "Point", "coordinates": [121.5106914, 25.08087468]}, "properties": {"stop_name": "海光新村", "district": "士林區", "geo_city": "臺北市", "nearest_estimate_min": 15.6}}, {"type": "Feature", "geometry": {"type": "Point", "coordinates": [121.51730635582, 25.0337181062065]}, "properties": {"stop_name": "捷運中正紀念堂站(勞保局)", "district": "中正區", "geo_city": "臺北市", "nearest_estimate_min": 0.6}}, {"type": "Feature", "geometry": {"type": "Point", "coordinates": [121.5675834, 24.98591966]}, "properties": {"stop_name": "景文中學(臺灣戲曲學院)", "district": "文山區", "geo_city": "臺北市", "nearest_estimate_min": -1.0}}, {"type": "Feature", "geometry": {"type": "Point", "coordinates": [121.6140095, 25.05808055]}, "properties": {"stop_name": "南港軟體園區(一期大門)", "district": "南港區", "geo_city": "臺北市", "nearest_estimate_min": -1.0}}, {"type": "Feature", "geometry": {"type": "Point", "coordinates": [121.46536, 25.12498]}, "properties": {"stop_name": "關渡", "district": "北投區", "geo_city": "臺北市", "nearest_estimate_min": 38.3}}, {"type": "Feature", "geometry": {"type": "Point", "coordinates": [121.53060908611, 25.1193246795518]}, "properties": {"stop_name": "天母廣場", "district": "士林區", "geo_city": "臺北市", "nearest_estimate_min": 5.6}}, {"type": "Feature", "geometry": {"type": "Point", "coordinates": [121.58649, 25.09215]}, "properties": {"stop_name": "金龍禪寺", "district": "內湖區", "geo_city": "臺北市", "nearest_estimate_min": -1.0}}, {"type": "Feature", "geometry": {"type": "Point", "coordinates": [121.60707, 25.058155]}, "properties": {"stop_name": "南港高工(重陽)", "district": "南港區", "geo_city": "臺北市", "nearest_estimate_min": 37.3}}, {"type": "Feature", "geometry": {"type": "Point", "coordinates": [121.5653587, 25.08167506]}, "properties": {"stop_name": "內湖基湖路口", "district": "內湖區", "geo_city": "臺北市", "nearest_estimate_min": 2.3}}, {"type": "Feature", "geometry": {"type": "Point", "coordinates": [121.5526273, 25.05813129]}, "properties": {"stop_name": "公教住宅", "district": "松山區", "geo_city": "臺北市", "nearest_estimate_min": 1.6}}, {"type": "Feature", "geometry": {"type": "Point", "coordinates": [121.55135072927436, 25.02462276337447]}, "properties": {"stop_name": "和平安和路口", "district": "大安區", "geo_city": "臺北市", "nearest_estimate_min": 20.9}}, {"type": "Feature", "geometry": {"type": "Point", "coordinates": [121.508266771006, 25.0425165606871]}, "properties": {"stop_name": "捷運西門站", "district": "萬華區", "geo_city": "臺北市", "nearest_estimate_min": 1.1}}, {"type": "Feature", "geometry": {"type": "Point", "coordinates": [121.61734, 25.04642]}, "properties": {"stop_name": "福山抽水站", "district": "南港區", "geo_city": "臺北市", "nearest_estimate_min": -1.0}}, {"type": "Feature", "geometry": {"type": "Point", "coordinates": [121.5704299, 25.05220024]}, "properties": {"stop_name": "南松山(塔悠)", "district": "松山區", "geo_city": "臺北市", "nearest_estimate_min": 1.7}}, {"type": "Feature", "geometry": {"type": "Point", "coordinates": [121.5480260097024, 25.01601052176572]}, "properties": {"stop_name": "地震研究中心", "district": "大安區", "geo_city": "臺北市", "nearest_estimate_min": 13.1}}, {"type": "Feature", "geometry": {"type": "Point", "coordinates": [121.623671273242, 25.0351236765672]}, "properties": {"stop_name": "坑口運動公園", "district": "南港區", "geo_city": "臺北市", "nearest_estimate_min": -1.0}}, {"type": "Feature", "geometry": {"type": "Point", "coordinates": [121.55741938767238, 25.03672002337629]}, "properties": {"stop_name": "市民住宅", "district": "大安區", "geo_city": "臺北市", "nearest_estimate_min": 13.2}}, {"type": "Feature", "geometry": {"type": "Point", "coordinates": [121.56489, 25.0801]}, "properties": {"stop_name": "基湖站", "district": "內湖區", "geo_city": "臺北市", "nearest_estimate_min": -1.0}}, {"type": "Feature", "geometry": {"type": "Point", "coordinates": [121.5132, 25.042018]}, "properties": {"stop_name": "衡陽路口", "district": "中正區", "geo_city": "臺北市", "nearest_estimate_min": 10.4}}, {"type": "Feature", "geometry": {"type": "Point", "coordinates": [121.61389139258283, 25.05655055325109]}, "properties": {"stop_name": "南港軟體園區南站", "district": "南港區", "geo_city": "臺北市", "nearest_estimate_min": 4.0}}, {"type": "Feature", "geometry": {"type": "Point", "coordinates": [121.498448, 25.034146]}, "properties": {"stop_name": "大理服飾", "district": "萬華區", "geo_city": "臺北市", "nearest_estimate_min": 4.8}}, {"type": "Feature", "geometry": {"type": "Point", "coordinates": [121.600001703154, 25.0780426740961]}, "properties": {"stop_name": "紫雲里", "district": "內湖區", "geo_city": "臺北市", "nearest_estimate_min": 4.6}}, {"type": "Feature", "geometry": {"type": "Point", "coordinates": [121.490275889545, 25.0315232668912]}, "properties": {"stop_name": "人壽一村", "district": "萬華區", "geo_city": "臺北市", "nearest_estimate_min": -1.0}}, {"type": "Feature", "geometry": {"type": "Point", "coordinates": [121.55196, 25.063277]}, "properties": {"stop_name": "松山機場", "district": "松山區", "geo_city": "臺北市", "nearest_estimate_min": 1.2}}, {"type": "Feature", "geometry": {"type": "Point", "coordinates": [121.535009, 25.159837]}, "properties": {"stop_name": "陽明公園後門", "district": "北投區", "geo_city": "臺北市", "nearest_estimate_min": 31.3}}, {"type": "Feature", "geometry": {"type": "Point", "coordinates": [121.5960479, 25.05837028]}, "properties": {"stop_name": "芬第社區", "district": "南港區", "geo_city": "臺北市", "nearest_estimate_min": -1.0}}, {"type": "Feature", "geometry": {"type": "Point", "coordinates": [121.4955289, 25.13690086]}, "properties": {"stop_name": "文化國小", "district": "北投區", "geo_city": "臺北市", "nearest_estimate_min": 11.8}}, {"type": "Feature", "geometry": {"type": "Point", "coordinates": [121.514086870192, 25.0326456333347]}, "properties": {"stop_name": "中正二分局", "district": "中正區", "geo_city": "臺北市", "nearest_estimate_min": 37.5}}, {"type": "Feature", "geometry": {"type": "Point", "coordinates": [121.58759, 25.13783]}, "properties": {"stop_name": "頂山", "district": "士林區", "geo_city": "臺北市", "nearest_estimate_min": -1.0}}, {"type": "Feature", "geometry": {"type": "Point", "coordinates": [121.580395, 25.11968]}, "properties": {"stop_name": "溪山國小", "district": "士林區", "geo_city": "臺北市", "nearest_estimate_min": -1.0}}, {"type": "Feature", "geometry": {"type": "Point", "coordinates": [121.53313278818085, 25.060643374791923]}, "properties": {"stop_name": "捷運行天宮站(松江路)", "district": "中山區", "geo_city": "臺北市", "nearest_estimate_min": 6.4}}, {"type": "Feature", "geometry": {"type": "Point", "coordinates": [121.537216, 25.068267]}, "properties": {"stop_name": "臺北漁市", "district": "中山區", "geo_city": "臺北市", "nearest_estimate_min": 5.6}}, {"type": "Feature", "geometry": {"type": "Point", "coordinates": [121.5235878, 25.0384529]}, "properties": {"stop_name": "仁愛紹興街口", "district": "中正區", "geo_city": "臺北市", "nearest_estimate_min": 10.1}}, {"type": "Feature", "geometry": {"type": "Point", "coordinates": [121.5614042, 25.10750605]}, "properties": {"stop_name": "中央站", "district": "士林區", "geo_city": "臺北市", "nearest_estimate_min": 2.1}}, {"type": "Feature", "geometry": {"type": "Point", "coordinates": [121.5441547, 25.06497867]}, "properties": {"stop_name": "復興北村", "district": "中山區", "geo_city": "臺北市", "nearest_estimate_min": 4.9}}, {"type": "Feature", "geometry": {"type": "Point", "coordinates": [121.55669, 25.12752]}, "properties": {"stop_name": "新安路五", "district": "士林區", "geo_city": "臺北市", "nearest_estimate_min": -1.0}}, {"type": "Feature", "geometry": {"type": "Point", "coordinates": [121.5584378, 25.14726051]}, "properties": {"stop_name": "菁山三", "district": "士林區", "geo_city": "臺北市", "nearest_estimate_min": -1.0}}, {"type": "Feature", "geometry": {"type": "Point", "coordinates": [121.529527, 25.155399]}, "properties": {"stop_name": "頂湖活動中心", "district": "北投區", "geo_city": "臺北市", "nearest_estimate_min": 34.1}}, {"type": "Feature", "geometry": {"type": "Point", "coordinates": [121.534256, 25.177617]}, "properties": {"stop_name": "湖田區民活動中心", "district": "北投區", "geo_city": "臺北市", "nearest_estimate_min": 17.3}}, {"type": "Feature", "geometry": {"type": "Point", "coordinates": [121.5278634988405, 25.02650071684031]}, "properties": {"stop_name": "師大", "district": "大安區", "geo_city": "臺北市", "nearest_estimate_min": 6.2}}, {"type": "Feature", "geometry": {"type": "Point", "coordinates": [121.5607455, 25.00328085]}, "properties": {"stop_name": "公訓正門", "district": "文山區", "geo_city": "臺北市", "nearest_estimate_min": -1.0}}, {"type": "Feature", "geometry": {"type": "Point", "coordinates": [121.56501, 25.11304]}, "properties": {"stop_name": "沙崙一", "district": "士林區", "geo_city": "臺北市", "nearest_estimate_min": -1.0}}, {"type": "Feature", "geometry": {"type": "Point", "coordinates": [121.5732578, 25.13076683]}, "properties": {"stop_name": "倫仔尾", "district": "士林區", "geo_city": "臺北市", "nearest_estimate_min": -1.0}}, {"type": "Feature", "geometry": {"type": "Point", "coordinates": [121.51789, 25.02814]}, "properties": {"stop_name": "牯嶺街", "district": "中正區", "geo_city": "臺北市", "nearest_estimate_min": 1.5}}, {"type": "Feature", "geometry": {"type": "Point", "coordinates": [121.5272129, 25.03321177]}, "properties": {"stop_name": "捷運東門站(金山)", "district": "大安區", "geo_city": "臺北市", "nearest_estimate_min": 24.6}}, {"type": "Feature", "geometry": {"type": "Point", "coordinates": [121.575743, 25.040967]}, "properties": {"stop_name": "捷運永春站(忠孝)", "district": "信義區", "geo_city": "臺北市", "nearest_estimate_min": 3.5}}, {"type": "Feature", "geometry": {"type": "Point", "coordinates": [121.53734, 25.14761]}, "properties": {"stop_name": "吳厝", "district": "北投區", "geo_city": "臺北市", "nearest_estimate_min": 4.5}}, {"type": "Feature", "geometry": {"type": "Point", "coordinates": [121.5851435, 25.04110747]}, "properties": {"stop_name": "玉成公園(中坡)", "district": "信義區", "geo_city": "臺北市", "nearest_estimate_min": -1.0}}, {"type": "Feature", "geometry": {"type": "Point", "coordinates": [121.585437474256, 24.9812125534647]}, "properties": {"stop_name": "指南宮", "district": "文山區", "geo_city": "臺北市", "nearest_estimate_min": 2.2}}, {"type": "Feature", "geometry": {"type": "Point", "coordinates": [121.521978, 25.112694]}, "properties": {"stop_name": "奎山國中", "district": "北投區", "geo_city": "臺北市", "nearest_estimate_min": 15.9}}, {"type": "Feature", "geometry": {"type": "Point", "coordinates": [121.58742, 24.98829565]}, "properties": {"stop_name": "綠野山莊", "district": "文山區", "geo_city": "臺北市", "nearest_estimate_min": 23.9}}, {"type": "Feature", "geometry": {"type": "Point", "coordinates": [121.56808367448, 24.9988589682607]}, "properties": {"stop_name": "捷運萬芳社區站", "district": "文山區", "geo_city": "臺北市", "nearest_estimate_min": 15.3}}, {"type": "Feature", "geometry": {"type": "Point", "coordinates": [121.4978596, 25.12722523]}, "properties": {"stop_name": "鳳甲美術館", "district": "北投區", "geo_city": "臺北市", "nearest_estimate_min": -1.0}}, {"type": "Feature", "geometry": {"type": "Point", "coordinates": [121.587942169381, 24.9871695314337]}, "properties": {"stop_name": "棲霞山莊", "district": "文山區", "geo_city": "臺北市", "nearest_estimate_min": 5.2}}, {"type": "Feature", "geometry": {"type": "Point", "coordinates": [121.556223237814, 25.0812466844798]}, "properties": {"stop_name": "敬業三路二", "district": "中山區", "geo_city": "臺北市", "nearest_estimate_min": 12.0}}, {"type": "Feature", "geometry": {"type": "Point", "coordinates": [121.61601678871844, 25.048610235261958]}, "properties": {"stop_name": "南港水廠", "district": "南港區", "geo_city": "臺北市", "nearest_estimate_min": 5.7}}, {"type": "Feature", "geometry": {"type": "Point", "coordinates": [121.54350991852299, 25.036960677175955]}, "properties": {"stop_name": "聯合醫院仁愛院區", "district": "大安區", "geo_city": "臺北市", "nearest_estimate_min": 6.0}}, {"type": "Feature", "geometry": {"type": "Point", "coordinates": [121.539517, 25.156975]}, "properties": {"stop_name": "陽明公園服務中心", "district": "北投區", "geo_city": "臺北市", "nearest_estimate_min": 29.8}}, {"type": "Feature", "geometry": {"type": "Point", "coordinates": [121.5280453, 25.03821895]}, "properties": {"stop_name": "仁愛臨沂街口", "district": "中正區", "geo_city": "臺北市", "nearest_estimate_min": 10.7}}, {"type": "Feature", "geometry": {"type": "Point", "coordinates": [121.517889, 25.092141]}, "properties": {"stop_name": "陽明高中", "district": "士林區", "geo_city": "臺北市", "nearest_estimate_min": 0.4}}, {"type": "Feature", "geometry": {"type": "Point", "coordinates": [121.540424, 25.021623]}, "properties": {"stop_name": "臺大計資中心", "district": "大安區", "geo_city": "臺北市", "nearest_estimate_min": -1.0}}, {"type": "Feature", "geometry": {"type": "Point", "coordinates": [121.55418, 25.1158]}, "properties": {"stop_name": "永公路二", "district": "士林區", "geo_city": "臺北市", "nearest_estimate_min": 27.8}}, {"type": "Feature", "geometry": {"type": "Point", "coordinates": [121.504719, 25.151149]}, "properties": {"stop_name": "水汴頭福德宮", "district": "北投區", "geo_city": "臺北市", "nearest_estimate_min": 13.9}}, {"type": "Feature", "geometry": {"type": "Point", "coordinates": [121.575587990787, 25.077240508774]}, "properties": {"stop_name": "內湖運動中心", "district": "內湖區", "geo_city": "臺北市", "nearest_estimate_min": 2.8}}, {"type": "Feature", "geometry": {"type": "Point", "coordinates": [121.537881, 25.151416]}, "properties": {"stop_name": "六窟一", "district": "北投區", "geo_city": "臺北市", "nearest_estimate_min": 3.5}}, {"type": "Feature", "geometry": {"type": "Point", "coordinates": [121.54125, 25.079985]}, "properties": {"stop_name": "通北街口", "district": "中山區", "geo_city": "臺北市", "nearest_estimate_min": 19.5}}, {"type": "Feature", "geometry": {"type": "Point", "coordinates": [121.61448946069, 25.0346121838879]}, "properties": {"stop_name": "凌雲站", "district": "南港區", "geo_city": "臺北市", "nearest_estimate_min": 0.8}}, {"type": "Feature", "geometry": {"type": "Point", "coordinates": [121.534030294965, 25.0977513146504]}, "properties": {"stop_name": "泰北中學", "district": "士林區", "geo_city": "臺北市", "nearest_estimate_min": 1.2}}, {"type": "Feature", "geometry": {"type": "Point", "coordinates": [121.566356005774, 24.9904710370064]}, "properties": {"stop_name": "華夏六村", "district": "文山區", "geo_city": "臺北市", "nearest_estimate_min": 14.9}}, {"type": "Feature", "geometry": {"type": "Point", "coordinates": [121.566212, 25.10586089]}, "properties": {"stop_name": "雙溪社區", "district": "士林區", "geo_city": "臺北市", "nearest_estimate_min": -1.0}}, {"type": "Feature", "geometry": {"type": "Point", "coordinates": [121.567502036596, 25.0052162792279]}, "properties": {"stop_name": "名門社區", "district": "文山區", "geo_city": "臺北市", "nearest_estimate_min": 12.6}}, {"type": "Feature", "geometry": {"type": "Point", "coordinates": [121.5017756, 25.12552173]}, "properties": {"stop_name": "忠義新村", "district": "北投區", "geo_city": "臺北市", "nearest_estimate_min": 28.5}}, {"type": "Feature", "geometry": {"type": "Point", "coordinates": [121.496806634171, 25.135718233601]}, "properties": {"stop_name": "幼華高中(大業)", "district": "北投區", "geo_city": "臺北市", "nearest_estimate_min": -1.0}}, {"type": "Feature", "geometry": {"type": "Point", "coordinates": [121.51130002943, 25.053799726585]}, "properties": {"stop_name": "延平一站(南京)", "district": "大同區", "geo_city": "臺北市", "nearest_estimate_min": 49.0}}, {"type": "Feature", "geometry": {"type": "Point", "coordinates": [121.51419, 25.02801]}, "properties": {"stop_name": "泉州街", "district": "中正區", "geo_city": "臺北市", "nearest_estimate_min": -1.0}}, {"type": "Feature", "geometry": {"type": "Point", "coordinates": [121.55526, 25.12111]}, "properties": {"stop_name": "居安新村", "district": "士林區", "geo_city": "臺北市", "nearest_estimate_min": -1.0}}, {"type": "Feature", "geometry": {"type": "Point", "coordinates": [121.564777, 25.051492]}, "properties": {"stop_name": "南京公寓(捷運南京三民)", "district": "松山區", "geo_city": "臺北市", "nearest_estimate_min": 6.9}}, {"type": "Feature", "geometry": {"type": "Point", "coordinates": [121.49029, 25.03062]}, "properties": {"stop_name": "綜合市場", "district": "萬華區", "geo_city": "臺北市", "nearest_estimate_min": -1.0}}, {"type": "Feature", "geometry": {"type": "Point", "coordinates": [121.56752775057197, 25.086482848136942]}, "properties": {"stop_name": "德明財經科技大學(環山)", "district": "內湖區", "geo_city": "臺北市", "nearest_estimate_min": 9.1}}, {"type": "Feature", "geometry": {"type": "Point", "coordinates": [121.5543193375, 25.0312979344738]}, "properties": {"stop_name": "通化街", "district": "大安區", "geo_city": "臺北市", "nearest_estimate_min": -1.0}}, {"type": "Feature", "geometry": {"type": "Point", "coordinates": [121.4995994, 25.12600361]}, "properties": {"stop_name": "捷運奇岩站", "district": "北投區", "geo_city": "臺北市", "nearest_estimate_min": -1.0}}, {"type": "Feature", "geometry": {"type": "Point", "coordinates": [121.508728, 25.036841]}, "properties": {"stop_name": "小南門(和平院區)", "district": "中正區", "geo_city": "臺北市", "nearest_estimate_min": 32.4}}, {"type": "Feature", "geometry": {"type": "Point", "coordinates": [121.544071, 25.03806]}, "properties": {"stop_name": "仁愛復興路口(福華飯店)", "district": "大安區", "geo_city": "臺北市", "nearest_estimate_min": 5.6}}, {"type": "Feature", "geometry": {"type": "Point", "coordinates": [121.497706, 25.01987]}, "properties": {"stop_name": "果菜市場", "district": "萬華區", "geo_city": "臺北市", "nearest_estimate_min": 3.1}}, {"type": "Feature", "geometry": {"type": "Point", "coordinates": [121.529167, 25.123171]}, "properties": {"stop_name": "合庫訓練中心", "district": "士林區", "geo_city": "臺北市", "nearest_estimate_min": -1.0}}, {"type": "Feature", "geometry": {"type": "Point", "coordinates": [121.5149763, 25.0364626]}, "properties": {"stop_name": "市立大學附小", "district": "中正區", "geo_city": "臺北市", "nearest_estimate_min": -1.0}}, {"type": "Feature", "geometry": {"type": "Point", "coordinates": [121.55569442816517, 25.058201423962956]}, "properties": {"stop_name": "介壽國中", "district": "松山區", "geo_city": "臺北市", "nearest_estimate_min": 2.0}}, {"type": "Feature", "geometry": {"type": "Point", "coordinates": [121.5070241, 25.09179635]}, "properties": {"stop_name": "社子公園", "district": "士林區", "geo_city": "臺北市", "nearest_estimate_min": 8.1}}, {"type": "Feature", "geometry": {"type": "Point", "coordinates": [121.537445, 25.02976279]}, "properties": {"stop_name": "大安國宅", "district": "大安區", "geo_city": "臺北市", "nearest_estimate_min": -1.0}}, {"type": "Feature", "geometry": {"type": "Point", "coordinates": [121.506639, 25.14226]}, "properties": {"stop_name": "長壽路口", "district": "北投區", "geo_city": "臺北市", "nearest_estimate_min": -1.0}}, {"type": "Feature", "geometry": {"type": "Point", "coordinates": [121.5622125, 25.11224057]}, "properties": {"stop_name": "內雙溪橋", "district": "士林區", "geo_city": "臺北市", "nearest_estimate_min": -1.0}}, {"type": "Feature", "geometry": {"type": "Point", "coordinates": [121.4689301, 25.12451676]}, "properties": {"stop_name": "立功街", "district": "北投區", "geo_city": "臺北市", "nearest_estimate_min": 40.4}}, {"type": "Feature", "geometry": {"type": "Point", "coordinates": [121.529171, 25.123061]}, "properties": {"stop_name": "合庫訓練中心", "district": "士林區", "geo_city": "臺北市", "nearest_estimate_min": -1.0}}, {"type": "Feature", "geometry": {"type": "Point", "coordinates": [121.5445573, 24.99482216]}, "properties": {"stop_name": "景華公園", "district": "文山區", "geo_city": "臺北市", "nearest_estimate_min": 2.2}}, {"type": "Feature", "geometry": {"type": "Point", "coordinates": [121.583422, 24.968542]}, "properties": {"stop_name": "樟樹步道北口", "district": "文山區", "geo_city": "臺北市", "nearest_estimate_min": 28.6}}, {"type": "Feature", "geometry": {"type": "Point", "coordinates": [121.4978915, 25.13580742]}, "properties": {"stop_name": "大業中央北路口", "district": "北投區", "geo_city": "臺北市", "nearest_estimate_min": 27.6}}, {"type": "Feature", "geometry": {"type": "Point", "coordinates": [121.570606, 24.986224]}, "properties": {"stop_name": "指南路口", "district": "文山區", "geo_city": "臺北市", "nearest_estimate_min": 3.6}}, {"type": "Feature", "geometry": {"type": "Point", "coordinates": [121.58272, 25.0508]}, "properties": {"stop_name": "玉成里(東新街)", "district": "南港區", "geo_city": "臺北市", "nearest_estimate_min": -1.0}}, {"type": "Feature", "geometry": {"type": "Point", "coordinates": [121.60998, 25.06354]}, "properties": {"stop_name": "動物之家", "district": "內湖區", "geo_city": "臺北市", "nearest_estimate_min": 61.2}}, {"type": "Feature", "geometry": {"type": "Point", "coordinates": [121.5255106, 25.06108573]}, "properties": {"stop_name": "新興國中", "district": "中山區", "geo_city": "臺北市", "nearest_estimate_min": 36.1}}, {"type": "Feature", "geometry": {"type": "Point", "coordinates": [121.55992, 25.12022]}, "properties": {"stop_name": "光興宮", "district": "士林區", "geo_city": "臺北市", "nearest_estimate_min": 25.9}}, {"type": "Feature", "geometry": {"type": "Point", "coordinates": [121.50277864902843, 25.023224075638726]}, "properties": {"stop_name": "青年路", "district": "萬華區", "geo_city": "臺北市", "nearest_estimate_min": 27.3}}, {"type": "Feature", "geometry": {"type": "Point", "coordinates": [121.546380002806, 25.0414709888816]}, "properties": {"stop_name": "頂好市場", "district": "大安區", "geo_city": "臺北市", "nearest_estimate_min": 41.6}}, {"type": "Feature", "geometry": {"type": "Point", "coordinates": [121.5743095, 25.13093622]}, "properties": {"stop_name": "公地嶺", "district": "士林區", "geo_city": "臺北市", "nearest_estimate_min": -1.0}}, {"type": "Feature", "geometry": {"type": "Point", "coordinates": [121.536403, 25.15982]}, "properties": {"stop_name": "陽明瀑布", "district": "北投區", "geo_city": "臺北市", "nearest_estimate_min": 1.6}}, {"type": "Feature", "geometry": {"type": "Point", "coordinates": [121.532049633909, 25.0718150932832]}, "properties": {"stop_name": "新生公園(林安泰)", "district": "中山區", "geo_city": "臺北市", "nearest_estimate_min": -1.0}}, {"type": "Feature", "geometry": {"type": "Point", "coordinates": [121.49746, 25.03244]}, "properties": {"stop_name": "西園29服飾基地", "district": "萬華區", "geo_city": "臺北市", "nearest_estimate_min": 5.6}}, {"type": "Feature", "geometry": {"type": "Point", "coordinates": [121.5255878, 25.05676553]}, "properties": {"stop_name": "華泰飯店", "district": "中山區", "geo_city": "臺北市", "nearest_estimate_min": -1.0}}, {"type": "Feature", "geometry": {"type": "Point", "coordinates": [121.539219, 25.15468]}, "properties": {"stop_name": "陽明山立體停車場(草山行館)", "district": "北投區", "geo_city": "臺北市", "nearest_estimate_min": 29.2}}, {"type": "Feature", "geometry": {"type": "Point", "coordinates": [121.577745, 25.117197]}, "properties": {"stop_name": "內雙溪自然中心", "district": "士林區", "geo_city": "臺北市", "nearest_estimate_min": -1.0}}, {"type": "Feature", "geometry": {"type": "Point", "coordinates": [121.5132, 25.05398]}, "properties": {"stop_name": "圓環(鈕釦街)", "district": "大同區", "geo_city": "臺北市", "nearest_estimate_min": -1.0}}, {"type": "Feature", "geometry": {"type": "Point", "coordinates": [121.563084, 25.003405]}, "properties": {"stop_name": "萬美社區", "district": "文山區", "geo_city": "臺北市", "nearest_estimate_min": 7.1}}, {"type": "Feature", "geometry": {"type": "Point", "coordinates": [121.533616, 25.159919]}, "properties": {"stop_name": "陽明公園後門一", "district": "北投區", "geo_city": "臺北市", "nearest_estimate_min": 0.7}}, {"type": "Feature", "geometry": {"type": "Point", "coordinates": [121.53420057673, 25.117222142683]}, "properties": {"stop_name": "市立臺北特教學校", "district": "士林區", "geo_city": "臺北市", "nearest_estimate_min": 0.3}}, {"type": "Feature", "geometry": {"type": "Point", "coordinates": [121.503162, 25.140347]}, "properties": {"stop_name": "復興一路口", "district": "北投區", "geo_city": "臺北市", "nearest_estimate_min": -1.0}}, {"type": "Feature", "geometry": {"type": "Point", "coordinates": [121.5511, 25.04807]}, "properties": {"stop_name": "臺視", "district": "松山區", "geo_city": "臺北市", "nearest_estimate_min": 7.5}}, {"type": "Feature", "geometry": {"type": "Point", "coordinates": [121.592978, 25.057303]}, "properties": {"stop_name": "向陽公園", "district": "南港區", "geo_city": "臺北市", "nearest_estimate_min": -1.0}}, {"type": "Feature", "geometry": {"type": "Point", "coordinates": [121.559397779257, 24.9888253106036]}, "properties": {"stop_name": "再興中學", "district": "文山區", "geo_city": "臺北市", "nearest_estimate_min": 16.8}}, {"type": "Feature", "geometry": {"type": "Point", "coordinates": [121.58588, 24.98729]}, "properties": {"stop_name": "政大附中(校內)", "district": "文山區", "geo_city": "臺北市", "nearest_estimate_min": -1.0}}, {"type": "Feature", "geometry": {"type": "Point", "coordinates": [121.499403, 25.130578]}, "properties": {"stop_name": "大興街口", "district": "北投區", "geo_city": "臺北市", "nearest_estimate_min": 3.0}}, {"type": "Feature", "geometry": {"type": "Point", "coordinates": [121.472841990732, 25.1309842410201]}, "properties": {"stop_name": "捷運忠義站", "district": "北投區", "geo_city": "臺北市", "nearest_estimate_min": 35.1}}, {"type": "Feature", "geometry": {"type": "Point", "coordinates": [121.5381247, 25.10410142]}, "properties": {"stop_name": "華興中學", "district": "士林區", "geo_city": "臺北市", "nearest_estimate_min": 1.9}}, {"type": "Feature", "geometry": {"type": "Point", "coordinates": [121.5090743, 25.08750559]}, "properties": {"stop_name": "社子市場", "district": "士林區", "geo_city": "臺北市", "nearest_estimate_min": 3.5}}, {"type": "Feature", "geometry": {"type": "Point", "coordinates": [121.5444202, 25.06414996]}, "properties": {"stop_name": "五常街口", "district": "松山區", "geo_city": "臺北市", "nearest_estimate_min": 2.9}}, {"type": "Feature", "geometry": {"type": "Point", "coordinates": [121.578876, 25.060133]}, "properties": {"stop_name": "新湖舊宗路口", "district": "內湖區", "geo_city": "臺北市", "nearest_estimate_min": -1.0}}, {"type": "Feature", "geometry": {"type": "Point", "coordinates": [121.520549, 25.110161]}, "properties": {"stop_name": "明德路", "district": "北投區", "geo_city": "臺北市", "nearest_estimate_min": 14.9}}, {"type": "Feature", "geometry": {"type": "Point", "coordinates": [121.616561, 25.043422]}, "properties": {"stop_name": "中研院", "district": "南港區", "geo_city": "臺北市", "nearest_estimate_min": 4.2}}, {"type": "Feature", "geometry": {"type": "Point", "coordinates": [121.54389161859, 24.9994337628866]}, "properties": {"stop_name": "憲光公寓", "district": "文山區", "geo_city": "臺北市", "nearest_estimate_min": 0.8}}, {"type": "Feature", "geometry": {"type": "Point", "coordinates": [121.568284, 25.038604]}, "properties": {"stop_name": "消防局(松仁)", "district": "信義區", "geo_city": "臺北市", "nearest_estimate_min": 4.6}}, {"type": "Feature", "geometry": {"type": "Point", "coordinates": [121.494436, 25.0259561]}, "properties": {"stop_name": "寶興街", "district": "萬華區", "geo_city": "臺北市", "nearest_estimate_min": -1.0}}, {"type": "Feature", "geometry": {"type": "Point", "coordinates": [121.53745340737642, 25.046123735201252]}, "properties": {"stop_name": "進安公園", "district": "中山區", "geo_city": "臺北市", "nearest_estimate_min": 13.8}}, {"type": "Feature", "geometry": {"type": "Point", "coordinates": [121.56915, 25.05115]}, "properties": {"stop_name": "南松山(南京)", "district": "松山區", "geo_city": "臺北市", "nearest_estimate_min": 4.0}}, {"type": "Feature", "geometry": {"type": "Point", "coordinates": [121.587113, 25.042359]}, "properties": {"stop_name": "玉成公園(成福)", "district": "南港區", "geo_city": "臺北市", "nearest_estimate_min": 0.4}}, {"type": "Feature", "geometry": {"type": "Point", "coordinates": [121.6048395, 25.0723674]}, "properties": {"stop_name": "民權隧道", "district": "內湖區", "geo_city": "臺北市", "nearest_estimate_min": 21.0}}, {"type": "Feature", "geometry": {"type": "Point", "coordinates": [121.557829, 24.999259]}, "properties": {"stop_name": "捷運萬芳醫院站", "district": "文山區", "geo_city": "臺北市", "nearest_estimate_min": 3.3}}, {"type": "Feature", "geometry": {"type": "Point", "coordinates": [121.5417414658165, 25.05795717284778]}, "properties": {"stop_name": "臺北大學(臺北校區)", "district": "中山區", "geo_city": "臺北市", "nearest_estimate_min": -1.0}}, {"type": "Feature", "geometry": {"type": "Point", "coordinates": [121.564680250523, 24.9895792490522]}, "properties": {"stop_name": "久康街口", "district": "文山區", "geo_city": "臺北市", "nearest_estimate_min": 12.7}}, {"type": "Feature", "geometry": {"type": "Point", "coordinates": [121.54381, 24.988478]}, "properties": {"stop_name": "世新大學", "district": "文山區", "geo_city": "臺北市", "nearest_estimate_min": 9.1}}, {"type": "Feature", "geometry": {"type": "Point", "coordinates": [121.5253871, 25.05688638]}, "properties": {"stop_name": "華泰飯店", "district": "中山區", "geo_city": "臺北市", "nearest_estimate_min": 38.6}}, {"type": "Feature", "geometry": {"type": "Point", "coordinates": [121.609308386226, 25.0718101504888]}, "properties": {"stop_name": "明湖國小(公共電視台)", "district": "內湖區", "geo_city": "臺北市", "nearest_estimate_min": 17.7}}, {"type": "Feature", "geometry": {"type": "Point", "coordinates": [121.499894100772, 25.0232906952259]}, "properties": {"stop_name": "萬大國小", "district": "萬華區", "geo_city": "臺北市", "nearest_estimate_min": 0.1}}, {"type": "Feature", "geometry": {"type": "Point", "coordinates": [121.525920635582, 25.1043342088164]}, "properties": {"stop_name": "忠誠公園", "district": "士林區", "geo_city": "臺北市", "nearest_estimate_min": 4.9}}, {"type": "Feature", "geometry": {"type": "Point", "coordinates": [121.583351, 25.046356]}, "properties": {"stop_name": "合心廣場", "district": "南港區", "geo_city": "臺北市", "nearest_estimate_min": -1.0}}, {"type": "Feature", "geometry": {"type": "Point", "coordinates": [121.567575, 25.140974]}, "properties": {"stop_name": "菁山里三", "district": "士林區", "geo_city": "臺北市", "nearest_estimate_min": 3.4}}, {"type": "Feature", "geometry": {"type": "Point", "coordinates": [121.5453154, 25.07971159]}, "properties": {"stop_name": "大直國小", "district": "中山區", "geo_city": "臺北市", "nearest_estimate_min": 3.2}}, {"type": "Feature", "geometry": {"type": "Point", "coordinates": [121.532172463125, 25.0440991830962]}, "properties": {"stop_name": "臺北科技大學", "district": "中正區", "geo_city": "臺北市", "nearest_estimate_min": 10.8}}, {"type": "Feature", "geometry": {"type": "Point", "coordinates": [121.6165563, 25.05644051]}, "properties": {"stop_name": "捷運南港展覽館站(經貿二)", "district": "南港區", "geo_city": "臺北市", "nearest_estimate_min": -1.0}}, {"type": "Feature", "geometry": {"type": "Point", "coordinates": [121.568446471104, 25.0336908507959]}, "properties": {"stop_name": "信義松仁路口(松仁)", "district": "信義區", "geo_city": "臺北市", "nearest_estimate_min": 1.4}}, {"type": "Feature", "geometry": {"type": "Point", "coordinates": [121.5292018, 25.04049366]}, "properties": {"stop_name": "金山泰安街口", "district": "中正區", "geo_city": "臺北市", "nearest_estimate_min": 31.4}}, {"type": "Feature", "geometry": {"type": "Point", "coordinates": [121.52067, 25.1025]}, "properties": {"stop_name": "捷運芝山站(戲曲中心)", "district": "士林區", "geo_city": "臺北市", "nearest_estimate_min": 3.3}}, {"type": "Feature", "geometry": {"type": "Point", "coordinates": [121.537564582074, 25.1475123381458]}, "properties": {"stop_name": "吳厝", "district": "北投區", "geo_city": "臺北市", "nearest_estimate_min": 1.2}}, {"type": "Feature", "geometry": {"type": "Point", "coordinates": [121.5182324, 25.06788969]}, "properties": {"stop_name": "民族承德路口", "district": "大同區", "geo_city": "臺北市", "nearest_estimate_min": 4.2}}, {"type": "Feature", "geometry": {"type": "Point", "coordinates": [121.510231, 25.147639]}, "properties": {"stop_name": "觀景台", "district": "北投區", "geo_city": "臺北市", "nearest_estimate_min": -1.0}}, {"type": "Feature", "geometry": {"type": "Point", "coordinates": [121.58686, 25.12285]}, "properties": {"stop_name": "妙法寺", "district": "士林區", "geo_city": "臺北市", "nearest_estimate_min": -1.0}}, {"type": "Feature", "geometry": {"type": "Point", "coordinates": [121.562417282901, 25.1786957497964]}, "properties": {"stop_name": "馬槽溫泉", "district": "北投區", "geo_city": "臺北市", "nearest_estimate_min": -1.0}}, {"type": "Feature", "geometry": {"type": "Point", "coordinates": [121.533752, 25.109549]}, "properties": {"stop_name": "德行芝玉路口", "district": "士林區", "geo_city": "臺北市", "nearest_estimate_min": 17.3}}, {"type": "Feature", "geometry": {"type": "Point", "coordinates": [121.50235879653, 25.1345133895389]}, "properties": {"stop_name": "第一銀行", "district": "北投區", "geo_city": "臺北市", "nearest_estimate_min": 2.5}}, {"type": "Feature", "geometry": {"type": "Point", "coordinates": [121.55331, 24.98616]}, "properties": {"stop_name": "中港抽水站", "district": "文山區", "geo_city": "臺北市", "nearest_estimate_min": 2.8}}, {"type": "Feature", "geometry": {"type": "Point", "coordinates": [121.47427, 25.10614]}, "properties": {"stop_name": "富洲里九段", "district": "士林區", "geo_city": "臺北市", "nearest_estimate_min": 24.0}}, {"type": "Feature", "geometry": {"type": "Point", "coordinates": [121.5232824, 25.04772528]}, "properties": {"stop_name": "市民林森路口", "district": "中正區", "geo_city": "臺北市", "nearest_estimate_min": -1.0}}, {"type": "Feature", "geometry": {"type": "Point", "coordinates": [121.465117210312, 25.1178447660379]}, "properties": {"stop_name": "關渡宮", "district": "北投區", "geo_city": "臺北市", "nearest_estimate_min": -1.0}}, {"type": "Feature", "geometry": {"type": "Point", "coordinates": [121.518152, 25.062226]}, "properties": {"stop_name": "成淵高中", "district": "大同區", "geo_city": "臺北市", "nearest_estimate_min": 16.6}}, {"type": "Feature", "geometry": {"type": "Point", "coordinates": [121.55984240587617, 25.048299945369994]}, "properties": {"stop_name": "臺北市區監理所", "district": "松山區", "geo_city": "臺北市", "nearest_estimate_min": 11.0}}, {"type": "Feature", "geometry": {"type": "Point", "coordinates": [121.590552451575, 24.9998141769425]}, "properties": {"stop_name": "富德", "district": "文山區", "geo_city": "臺北市", "nearest_estimate_min": 1.0}}, {"type": "Feature", "geometry": {"type": "Point", "coordinates": [121.518596, 25.086956]}, "properties": {"stop_name": "百齡國小", "district": "士林區", "geo_city": "臺北市", "nearest_estimate_min": -1.0}}, {"type": "Feature", "geometry": {"type": "Point", "coordinates": [121.5059969206, 25.1005585521]}, "properties": {"stop_name": "三王宮", "district": "北投區", "geo_city": "臺北市", "nearest_estimate_min": 17.8}}, {"type": "Feature", "geometry": {"type": "Point", "coordinates": [121.529958, 25.026362]}, "properties": {"stop_name": "師大綜合大樓", "district": "大安區", "geo_city": "臺北市", "nearest_estimate_min": 0.4}}, {"type": "Feature", "geometry": {"type": "Point", "coordinates": [121.513712, 25.062346]}, "properties": {"stop_name": "捷運大橋頭站", "district": "大同區", "geo_city": "臺北市", "nearest_estimate_min": 3.7}}, {"type": "Feature", "geometry": {"type": "Point", "coordinates": [121.53375, 25.018029]}, "properties": {"stop_name": "臺大", "district": "大安區", "geo_city": "臺北市", "nearest_estimate_min": 3.0}}, {"type": "Feature", "geometry": {"type": "Point", "coordinates": [121.531411, 25.125651]}, "properties": {"stop_name": "天母圓環", "district": "士林區", "geo_city": "臺北市", "nearest_estimate_min": -1.0}}, {"type": "Feature", "geometry": {"type": "Point", "coordinates": [121.6228397, 25.03811142]}, "properties": {"stop_name": "舊莊", "district": "南港區", "geo_city": "臺北市", "nearest_estimate_min": 22.9}}, {"type": "Feature", "geometry": {"type": "Point", "coordinates": [121.5880308, 25.04894289]}, "properties": {"stop_name": "國華新村", "district": "南港區", "geo_city": "臺北市", "nearest_estimate_min": 28.3}}, {"type": "Feature", "geometry": {"type": "Point", "coordinates": [121.5490337, 25.02759922]}, "properties": {"stop_name": "成功國宅", "district": "大安區", "geo_city": "臺北市", "nearest_estimate_min": -1.0}}, {"type": "Feature", "geometry": {"type": "Point", "coordinates": [121.5167729, 25.05073509]}, "properties": {"stop_name": "臺北車站(承德)", "district": "大同區", "geo_city": "臺北市", "nearest_estimate_min": 13.9}}, {"type": "Feature", "geometry": {"type": "Point", "coordinates": [121.5454, 25.01288]}, "properties": {"stop_name": "芳蘭路", "district": "大安區", "geo_city": "臺北市", "nearest_estimate_min": -1.0}}, {"type": "Feature", "geometry": {"type": "Point", "coordinates": [121.565052, 25.003405]}, "properties": {"stop_name": "萬芳國宅", "district": "文山區", "geo_city": "臺北市", "nearest_estimate_min": 6.7}}, {"type": "Feature", "geometry": {"type": "Point", "coordinates": [121.56453, 25.03902]}, "properties": {"stop_name": "市政府(松高)", "district": "信義區", "geo_city": "臺北市", "nearest_estimate_min": -1.0}}, {"type": "Feature", "geometry": {"type": "Point", "coordinates": [121.524748, 25.084849]}, "properties": {"stop_name": "捷運劍潭站(北藝中心)", "district": "士林區", "geo_city": "臺北市", "nearest_estimate_min": 26.6}}, {"type": "Feature", "geometry": {"type": "Point", "coordinates": [121.587031, 25.057943]}, "properties": {"stop_name": "台北企業總部園區", "district": "內湖區", "geo_city": "臺北市", "nearest_estimate_min": -1.0}}, {"type": "Feature", "geometry": {"type": "Point", "coordinates": [121.5815915, 25.04249611]}, "properties": {"stop_name": "忠孝大道路口", "district": "信義區", "geo_city": "臺北市", "nearest_estimate_min": -1.0}}, {"type": "Feature", "geometry": {"type": "Point", "coordinates": [121.59539, 24.96796]}, "properties": {"stop_name": "貓空站(小天空步道)", "district": "文山區", "geo_city": "臺北市", "nearest_estimate_min": -1.0}}, {"type": "Feature", "geometry": {"type": "Point", "coordinates": [121.54534, 25.07757]}, "properties": {"stop_name": "大直抽水站", "district": "中山區", "geo_city": "臺北市", "nearest_estimate_min": -1.0}}, {"type": "Feature", "geometry": {"type": "Point", "coordinates": [121.61282, 25.05914]}, "properties": {"stop_name": "園區街", "district": "南港區", "geo_city": "臺北市", "nearest_estimate_min": 14.4}}, {"type": "Feature", "geometry": {"type": "Point", "coordinates": [121.616682, 25.078353]}, "properties": {"stop_name": "安泰街(康樂橋下)", "district": "內湖區", "geo_city": "臺北市", "nearest_estimate_min": -1.0}}, {"type": "Feature", "geometry": {"type": "Point", "coordinates": [121.549608408559, 25.1459354022478]}, "properties": {"stop_name": "福壽橋", "district": "士林區", "geo_city": "臺北市", "nearest_estimate_min": 6.8}}, {"type": "Feature", "geometry": {"type": "Point", "coordinates": [121.50409, 25.03563]}, "properties": {"stop_name": "龍山國中", "district": "萬華區", "geo_city": "臺北市", "nearest_estimate_min": 35.4}}, {"type": "Feature", "geometry": {"type": "Point", "coordinates": [121.47105, 25.12549]}, "properties": {"stop_name": "立功立德路口", "district": "北投區", "geo_city": "臺北市", "nearest_estimate_min": 11.7}}, {"type": "Feature", "geometry": {"type": "Point", "coordinates": [121.518037534882, 25.0299878580087]}, "properties": {"stop_name": "聯合醫院婦幼院區一", "district": "中正區", "geo_city": "臺北市", "nearest_estimate_min": 3.0}}, {"type": "Feature", "geometry": {"type": "Point", "coordinates": [121.5688647, 25.14092838]}, "properties": {"stop_name": "下過溪", "district": "士林區", "geo_city": "臺北市", "nearest_estimate_min": -1.0}}, {"type": "Feature", "geometry": {"type": "Point", "coordinates": [121.5205, 25.079932]}, "properties": {"stop_name": "明勝里", "district": "士林區", "geo_city": "臺北市", "nearest_estimate_min": -1.0}}, {"type": "Feature", "geometry": {"type": "Point", "coordinates": [121.50131769692, 25.1321537676007]}, "properties": {"stop_name": "中央南路", "district": "北投區", "geo_city": "臺北市", "nearest_estimate_min": 4.7}}, {"type": "Feature", "geometry": {"type": "Point", "coordinates": [121.53439072411565, 25.125738629282726]}, "properties": {"stop_name": "天和里", "district": "士林區", "geo_city": "臺北市", "nearest_estimate_min": -1.0}}, {"type": "Feature", "geometry": {"type": "Point", "coordinates": [121.5456371524934, 25.01851242321545]}, "properties": {"stop_name": "基隆長興街口", "district": "大安區", "geo_city": "臺北市", "nearest_estimate_min": 6.6}}, {"type": "Feature", "geometry": {"type": "Point", "coordinates": [121.52615807606, 25.118950713724]}, "properties": {"stop_name": "天母國小", "district": "士林區", "geo_city": "臺北市", "nearest_estimate_min": 3.6}}, {"type": "Feature", "geometry": {"type": "Point", "coordinates": [121.5326821, 25.03851244]}, "properties": {"stop_name": "仁愛新生路口", "district": "中正區", "geo_city": "臺北市", "nearest_estimate_min": 6.8}}, {"type": "Feature", "geometry": {"type": "Point", "coordinates": [121.544225, 25.055306]}, "properties": {"stop_name": "興安華城", "district": "松山區", "geo_city": "臺北市", "nearest_estimate_min": 18.4}}, {"type": "Feature", "geometry": {"type": "Point", "coordinates": [121.57356, 25.02112]}, "properties": {"stop_name": "拇指山登山口", "district": "信義區", "geo_city": "臺北市", "nearest_estimate_min": 10.3}}, {"type": "Feature", "geometry": {"type": "Point", "coordinates": [121.542732, 25.047318]}, "properties": {"stop_name": "中崙", "district": "中山區", "geo_city": "臺北市", "nearest_estimate_min": -1.0}}, {"type": "Feature", "geometry": {"type": "Point", "coordinates": [121.518827, 25.109208]}, "properties": {"stop_name": "捷運明德站(西安)", "district": "北投區", "geo_city": "臺北市", "nearest_estimate_min": 15.3}}, {"type": "Feature", "geometry": {"type": "Point", "coordinates": [121.61241, 25.05897]}, "properties": {"stop_name": "園區街", "district": "南港區", "geo_city": "臺北市", "nearest_estimate_min": 38.6}}, {"type": "Feature", "geometry": {"type": "Point", "coordinates": [121.523269, 25.094828]}, "properties": {"stop_name": "士林國中", "district": "士林區", "geo_city": "臺北市", "nearest_estimate_min": 6.7}}, {"type": "Feature", "geometry": {"type": "Point", "coordinates": [121.473139, 25.135889]}, "properties": {"stop_name": "北藝大藝科中心(游泳館)", "district": "北投區", "geo_city": "臺北市", "nearest_estimate_min": -1.0}}, {"type": "Feature", "geometry": {"type": "Point", "coordinates": [121.5215461, 25.05773178]}, "properties": {"stop_name": "馬偕醫院", "district": "中山區", "geo_city": "臺北市", "nearest_estimate_min": 2.3}}, {"type": "Feature", "geometry": {"type": "Point", "coordinates": [121.5076, 25.12764]}, "properties": {"stop_name": "清江國小", "district": "北投區", "geo_city": "臺北市", "nearest_estimate_min": -1.0}}, {"type": "Feature", "geometry": {"type": "Point", "coordinates": [121.5494676, 25.14972197]}, "properties": {"stop_name": "教師中心", "district": "北投區", "geo_city": "臺北市", "nearest_estimate_min": 13.7}}, {"type": "Feature", "geometry": {"type": "Point", "coordinates": [121.593165, 25.050346]}, "properties": {"stop_name": "捷運昆陽站", "district": "南港區", "geo_city": "臺北市", "nearest_estimate_min": 4.6}}, {"type": "Feature", "geometry": {"type": "Point", "coordinates": [121.574507095768, 25.0454550872459]}, "properties": {"stop_name": "國民住宅", "district": "信義區", "geo_city": "臺北市", "nearest_estimate_min": 6.8}}, {"type": "Feature", "geometry": {"type": "Point", "coordinates": [121.577343, 25.074821]}, "properties": {"stop_name": "瑞光路", "district": "內湖區", "geo_city": "臺北市", "nearest_estimate_min": 7.4}}, {"type": "Feature", "geometry": {"type": "Point", "coordinates": [121.51846488093777, 25.042525923467416]}, "properties": {"stop_name": "臺大醫院", "district": "中正區", "geo_city": "臺北市", "nearest_estimate_min": 0.6}}, {"type": "Feature", "geometry": {"type": "Point", "coordinates": [121.54836175021, 25.1104191040479]}, "properties": {"stop_name": "陽明教養院", "district": "士林區", "geo_city": "臺北市", "nearest_estimate_min": 3.0}}, {"type": "Feature", "geometry": {"type": "Point", "coordinates": [121.5253476, 25.05519022]}, "properties": {"stop_name": "中山里", "district": "中山區", "geo_city": "臺北市", "nearest_estimate_min": 39.8}}, {"type": "Feature", "geometry": {"type": "Point", "coordinates": [121.578622, 25.059881]}, "properties": {"stop_name": "新湖舊宗路口", "district": "內湖區", "geo_city": "臺北市", "nearest_estimate_min": -1.0}}, {"type": "Feature", "geometry": {"type": "Point", "coordinates": [121.5496272, 25.14086137]}, "properties": {"stop_name": "磺溪底", "district": "士林區", "geo_city": "臺北市", "nearest_estimate_min": 15.3}}, {"type": "Feature", "geometry": {"type": "Point", "coordinates": [121.4972069, 25.02410306]}, "properties": {"stop_name": "保德里", "district": "萬華區", "geo_city": "臺北市", "nearest_estimate_min": 11.1}}, {"type": "Feature", "geometry": {"type": "Point", "coordinates": [121.601691, 25.086012]}, "properties": {"stop_name": "大湖區民活動中心", "district": "內湖區", "geo_city": "臺北市", "nearest_estimate_min": 4.5}}, {"type": "Feature", "geometry": {"type": "Point", "coordinates": [121.502541, 25.144479]}, "properties": {"stop_name": "復興四路100號", "district": "北投區", "geo_city": "臺北市", "nearest_estimate_min": 16.2}}, {"type": "Feature", "geometry": {"type": "Point", "coordinates": [121.53673, 25.159752]}, "properties": {"stop_name": "陽明瀑布", "district": "北投區", "geo_city": "臺北市", "nearest_estimate_min": 30.9}}, {"type": "Feature", "geometry": {"type": "Point", "coordinates": [121.500473, 25.030744]}, "properties": {"stop_name": "萬大路", "district": "萬華區", "geo_city": "臺北市", "nearest_estimate_min": 6.3}}, {"type": "Feature", "geometry": {"type": "Point", "coordinates": [121.5062868, 25.02596466]}, "properties": {"stop_name": "青年公園(青年)", "district": "萬華區", "geo_city": "臺北市", "nearest_estimate_min": 28.6}}, {"type": "Feature", "geometry": {"type": "Point", "coordinates": [121.5141319, 25.05574598]}, "properties": {"stop_name": "朝陽公園(鈕釦街)", "district": "大同區", "geo_city": "臺北市", "nearest_estimate_min": -1.0}}, {"type": "Feature", "geometry": {"type": "Point", "coordinates": [121.6191996, 25.07119075]}, "properties": {"stop_name": "康樂街", "district": "內湖區", "geo_city": "臺北市", "nearest_estimate_min": 3.3}}, {"type": "Feature", "geometry": {"type": "Point", "coordinates": [121.501064, 25.03837413]}, "properties": {"stop_name": "桂林路", "district": "萬華區", "geo_city": "臺北市", "nearest_estimate_min": -1.0}}, {"type": "Feature", "geometry": {"type": "Point", "coordinates": [121.563081, 25.003346]}, "properties": {"stop_name": "萬美社區", "district": "文山區", "geo_city": "臺北市", "nearest_estimate_min": 21.3}}, {"type": "Feature", "geometry": {"type": "Point", "coordinates": [121.52728, 25.0572]}, "properties": {"stop_name": "中山老人住宅", "district": "中山區", "geo_city": "臺北市", "nearest_estimate_min": 17.6}}, {"type": "Feature", "geometry": {"type": "Point", "coordinates": [121.5440531, 25.06369319]}, "properties": {"stop_name": "五常街口", "district": "中山區", "geo_city": "臺北市", "nearest_estimate_min": 5.8}}, {"type": "Feature", "geometry": {"type": "Point", "coordinates": [121.581944, 25.05636]}, "properties": {"stop_name": "週美里一", "district": "內湖區", "geo_city": "臺北市", "nearest_estimate_min": 4.9}}, {"type": "Feature", "geometry": {"type": "Point", "coordinates": [121.5743716, 24.99787339]}, "properties": {"stop_name": "捷運木柵站", "district": "文山區", "geo_city": "臺北市", "nearest_estimate_min": 1.0}}, {"type": "Feature", "geometry": {"type": "Point", "coordinates": [121.570861398628, 25.00449451854]}, "properties": {"stop_name": "和平東路4段", "district": "文山區", "geo_city": "臺北市", "nearest_estimate_min": 24.7}}, {"type": "Feature", "geometry": {"type": "Point", "coordinates": [121.52495, 25.05059]}, "properties": {"stop_name": "林森北路一", "district": "中山區", "geo_city": "臺北市", "nearest_estimate_min": 60.7}}, {"type": "Feature", "geometry": {"type": "Point", "coordinates": [121.5567725, 25.07209559]}, "properties": {"stop_name": "下塔悠", "district": "松山區", "geo_city": "臺北市", "nearest_estimate_min": -1.0}}, {"type": "Feature", "geometry": {"type": "Point", "coordinates": [121.50429, 25.03583]}, "properties": {"stop_name": "龍山國中", "district": "萬華區", "geo_city": "臺北市", "nearest_estimate_min": 23.0}}, {"type": "Feature", "geometry": {"type": "Point", "coordinates": [121.524004254885, 25.0878445553514]}, "properties": {"stop_name": "士林市場(銘傳會館)", "district": "士林區", "geo_city": "臺北市", "nearest_estimate_min": 28.4}}, {"type": "Feature", "geometry": {"type": "Point", "coordinates": [121.529855025946, 25.0520078098529]}, "properties": {"stop_name": "南京吉林路口", "district": "中山區", "geo_city": "臺北市", "nearest_estimate_min": 15.9}}, {"type": "Feature", "geometry": {"type": "Point", "coordinates": [121.509867, 25.10044]}, "properties": {"stop_name": "中鼎第二總部大樓", "district": "北投區", "geo_city": "臺北市", "nearest_estimate_min": -1.0}}, {"type": "Feature", "geometry": {"type": "Point", "coordinates": [121.573881732316, 24.9880845060964]}, "properties": {"stop_name": "新光路口", "district": "文山區", "geo_city": "臺北市", "nearest_estimate_min": 3.1}}, {"type": "Feature", "geometry": {"type": "Point", "coordinates": [121.536292, 25.147969]}, "properties": {"stop_name": "梅湖", "district": "北投區", "geo_city": "臺北市", "nearest_estimate_min": 5.2}}, {"type": "Feature", "geometry": {"type": "Point", "coordinates": [121.621188834486, 25.0761334864734]}, "properties": {"stop_name": "五分埤", "district": "內湖區", "geo_city": "臺北市", "nearest_estimate_min": 0.8}}, {"type": "Feature", "geometry": {"type": "Point", "coordinates": [121.5112212, 25.0636257]}, "properties": {"stop_name": "延三觀光夜市", "district": "大同區", "geo_city": "臺北市", "nearest_estimate_min": 10.9}}, {"type": "Feature", "geometry": {"type": "Point", "coordinates": [121.583273769159, 25.037669212048]}, "properties": {"stop_name": "信義行政中心(奉天宮)", "district": "信義區", "geo_city": "臺北市", "nearest_estimate_min": 0.8}}, {"type": "Feature", "geometry": {"type": "Point", "coordinates": [121.5744778, 25.03255317]}, "properties": {"stop_name": "松德站", "district": "信義區", "geo_city": "臺北市", "nearest_estimate_min": 2.6}}, {"type": "Feature", "geometry": {"type": "Point", "coordinates": [121.57465, 25.1288]}, "properties": {"stop_name": "福德祠", "district": "士林區", "geo_city": "臺北市", "nearest_estimate_min": -1.0}}, {"type": "Feature", "geometry": {"type": "Point", "coordinates": [121.49262, 25.14506]}, "properties": {"stop_name": "貴子坑水土保持園區", "district": "北投區", "geo_city": "臺北市", "nearest_estimate_min": -1.0}}, {"type": "Feature", "geometry": {"type": "Point", "coordinates": [121.54169, 25.07961]}, "properties": {"stop_name": "空軍司令部", "district": "中山區", "geo_city": "臺北市", "nearest_estimate_min": 16.1}}, {"type": "Feature", "geometry": {"type": "Point", "coordinates": [121.56829, 25.115432]}, "properties": {"stop_name": "前半嶺", "district": "士林區", "geo_city": "臺北市", "nearest_estimate_min": -1.0}}, {"type": "Feature", "geometry": {"type": "Point", "coordinates": [121.48682, 25.1061]}, "properties": {"stop_name": "沙埔", "district": "士林區", "geo_city": "臺北市", "nearest_estimate_min": -1.0}}, {"type": "Feature", "geometry": {"type": "Point", "coordinates": [121.503183945666, 25.0248005786137]}, "properties": {"stop_name": "中正新城", "district": "萬華區", "geo_city": "臺北市", "nearest_estimate_min": 7.1}}, {"type": "Feature", "geometry": {"type": "Point", "coordinates": [121.520798366208, 25.0685957947607]}, "properties": {"stop_name": "花博公園", "district": "中山區", "geo_city": "臺北市", "nearest_estimate_min": -1.0}}, {"type": "Feature", "geometry": {"type": "Point", "coordinates": [121.5398039, 24.99939586]}, "properties": {"stop_name": "萬隆", "district": "文山區", "geo_city": "臺北市", "nearest_estimate_min": 1.0}}, {"type": "Feature", "geometry": {"type": "Point", "coordinates": [121.565868143978, 25.0824213906562]}, "properties": {"stop_name": "捷運西湖站", "district": "內湖區", "geo_city": "臺北市", "nearest_estimate_min": 6.0}}, {"type": "Feature", "geometry": {"type": "Point", "coordinates": [121.579379, 24.986195]}, "properties": {"stop_name": "小坑口(北政國中)", "district": "文山區", "geo_city": "臺北市", "nearest_estimate_min": 4.2}}, {"type": "Feature", "geometry": {"type": "Point", "coordinates": [121.50284, 25.12247]}, "properties": {"stop_name": "崇仁路口", "district": "北投區", "geo_city": "臺北市", "nearest_estimate_min": -1.0}}, {"type": "Feature", "geometry": {"type": "Point", "coordinates": [121.53203, 25.02235]}, "properties": {"stop_name": "新民國小", "district": "大安區", "geo_city": "臺北市", "nearest_estimate_min": 9.1}}, {"type": "Feature", "geometry": {"type": "Point", "coordinates": [121.516078, 25.149419]}, "properties": {"stop_name": "張公聖君廟", "district": "北投區", "geo_city": "臺北市", "nearest_estimate_min": -1.0}}, {"type": "Feature", "geometry": {"type": "Point", "coordinates": [121.5141283, 25.02773669]}, "properties": {"stop_name": "泉州街", "district": "中正區", "geo_city": "臺北市", "nearest_estimate_min": 21.3}}, {"type": "Feature", "geometry": {"type": "Point", "coordinates": [121.52085, 25.09406]}, "properties": {"stop_name": "士林區行政中心(中正)", "district": "士林區", "geo_city": "臺北市", "nearest_estimate_min": -1.0}}, {"type": "Feature", "geometry": {"type": "Point", "coordinates": [121.56332, 25.11243]}, "properties": {"stop_name": "嶺腳", "district": "士林區", "geo_city": "臺北市", "nearest_estimate_min": -1.0}}, {"type": "Feature", "geometry": {"type": "Point", "coordinates": [121.5361688, 25.05813986]}, "properties": {"stop_name": "民生松江路口", "district": "中山區", "geo_city": "臺北市", "nearest_estimate_min": 6.5}}, {"type": "Feature", "geometry": {"type": "Point", "coordinates": [121.526529, 25.143846]}, "properties": {"stop_name": "惇敘工商(泉源)", "district": "北投區", "geo_city": "臺北市", "nearest_estimate_min": 8.3}}, {"type": "Feature", "geometry": {"type": "Point", "coordinates": [121.528739224537, 25.1024753566866]}, "properties": {"stop_name": "名山里", "district": "士林區", "geo_city": "臺北市", "nearest_estimate_min": -1.0}}, {"type": "Feature", "geometry": {"type": "Point", "coordinates": [121.56472, 25.02903]}, "properties": {"stop_name": "災害應變中心", "district": "信義區", "geo_city": "臺北市", "nearest_estimate_min": 7.2}}, {"type": "Feature", "geometry": {"type": "Point", "coordinates": [121.570212, 25.139328]}, "properties": {"stop_name": "興農橋", "district": "士林區", "geo_city": "臺北市", "nearest_estimate_min": -1.0}}, {"type": "Feature", "geometry": {"type": "Point", "coordinates": [121.553879, 25.044634]}, "properties": {"stop_name": "市民延吉街口", "district": "松山區", "geo_city": "臺北市", "nearest_estimate_min": -1.0}}, {"type": "Feature", "geometry": {"type": "Point", "coordinates": [121.546139731473, 25.0799238282333]}, "properties": {"stop_name": "捷運大直站", "district": "中山區", "geo_city": "臺北市", "nearest_estimate_min": 14.7}}, {"type": "Feature", "geometry": {"type": "Point", "coordinates": [121.52663, 25.04739]}, "properties": {"stop_name": "華山公園(市民)", "district": "中山區", "geo_city": "臺北市", "nearest_estimate_min": 4.1}}, {"type": "Feature", "geometry": {"type": "Point", "coordinates": [121.53789, 25.15312]}, "properties": {"stop_name": "六窟", "district": "北投區", "geo_city": "臺北市", "nearest_estimate_min": 2.6}}, {"type": "Feature", "geometry": {"type": "Point", "coordinates": [121.609776304165, 25.0549683149017]}, "properties": {"stop_name": "南港高工(南港路)", "district": "南港區", "geo_city": "臺北市", "nearest_estimate_min": 9.2}}, {"type": "Feature", "geometry": {"type": "Point", "coordinates": [121.6069591, 25.05340065]}, "properties": {"stop_name": "南港車站", "district": "南港區", "geo_city": "臺北市", "nearest_estimate_min": 40.2}}, {"type": "Feature", "geometry": {"type": "Point", "coordinates": [121.573134, 25.077273]}, "properties": {"stop_name": "瑞光港墘路口", "district": "內湖區", "geo_city": "臺北市", "nearest_estimate_min": 3.3}}, {"type": "Feature", "geometry": {"type": "Point", "coordinates": [121.557134, 25.025888]}, "properties": {"stop_name": "嘉興里", "district": "信義區", "geo_city": "臺北市", "nearest_estimate_min": 14.8}}, {"type": "Feature", "geometry": {"type": "Point", "coordinates": [121.537698265295, 25.1482533785067]}, "properties": {"stop_name": "湖底路20號", "district": "北投區", "geo_city": "臺北市", "nearest_estimate_min": 4.3}}, {"type": "Feature", "geometry": {"type": "Point", "coordinates": [121.533407, 25.17264]}, "properties": {"stop_name": "竹子湖", "district": "北投區", "geo_city": "臺北市", "nearest_estimate_min": 14.8}}, {"type": "Feature", "geometry": {"type": "Point", "coordinates": [121.502215, 25.120327]}, "properties": {"stop_name": "八仙里", "district": "北投區", "geo_city": "臺北市", "nearest_estimate_min": -1.0}}, {"type": "Feature", "geometry": {"type": "Point", "coordinates": [121.468346, 25.109244]}, "properties": {"stop_name": "富洲里", "district": "士林區", "geo_city": "臺北市", "nearest_estimate_min": 2.0}}, {"type": "Feature", "geometry": {"type": "Point", "coordinates": [121.465497, 25.118617]}, "properties": {"stop_name": "關渡宮", "district": "北投區", "geo_city": "臺北市", "nearest_estimate_min": 41.7}}, {"type": "Feature", "geometry": {"type": "Point", "coordinates": [121.563553, 25.038501]}, "properties": {"stop_name": "市政府(市府)", "district": "信義區", "geo_city": "臺北市", "nearest_estimate_min": 29.5}}, {"type": "Feature", "geometry": {"type": "Point", "coordinates": [121.58108083898607, 24.981787098393884]}, "properties": {"stop_name": "水鋼琴社區", "district": "文山區", "geo_city": "臺北市", "nearest_estimate_min": 11.9}}, {"type": "Feature", "geometry": {"type": "Point", "coordinates": [121.466372780603, 25.1268926040896]}, "properties": {"stop_name": "關渡國小(臺北城市科技大學)", "district": "北投區", "geo_city": "臺北市", "nearest_estimate_min": -1.0}}, {"type": "Feature", "geometry": {"type": "Point", "coordinates": [121.5138317, 25.07180965]}, "properties": {"stop_name": "酒泉重慶路口", "district": "大同區", "geo_city": "臺北市", "nearest_estimate_min": 2.0}}, {"type": "Feature", "geometry": {"type": "Point", "coordinates": [121.515057344159, 25.0441772424518]}, "properties": {"stop_name": "博物館(館前)", "district": "中正區", "geo_city": "臺北市", "nearest_estimate_min": 2.5}}, {"type": "Feature", "geometry": {"type": "Point", "coordinates": [121.5899016, 24.9788899]}, "properties": {"stop_name": "貓纜指南宮站", "district": "文山區", "geo_city": "臺北市", "nearest_estimate_min": -1.0}}, {"type": "Feature", "geometry": {"type": "Point", "coordinates": [121.47884, 25.10597]}, "properties": {"stop_name": "下溪沙尾", "district": "士林區", "geo_city": "臺北市", "nearest_estimate_min": 0.9}}, {"type": "Feature", "geometry": {"type": "Point", "coordinates": [121.532981, 25.126841]}, "properties": {"stop_name": "中銀山莊", "district": "士林區", "geo_city": "臺北市", "nearest_estimate_min": -1.0}}, {"type": "Feature", "geometry": {"type": "Point", "coordinates": [121.529972633353, 25.0541988929268]}, "properties": {"stop_name": "吉林國小", "district": "中山區", "geo_city": "臺北市", "nearest_estimate_min": -1.0}}, {"type": "Feature", "geometry": {"type": "Point", "coordinates": [121.534722, 25.014321]}, "properties": {"stop_name": "捷運公館站", "district": "中正區", "geo_city": "臺北市", "nearest_estimate_min": 1.9}}, {"type": "Feature", "geometry": {"type": "Point", "coordinates": [121.562267710718, 25.1076875268919]}, "properties": {"stop_name": "中社路17巷", "district": "士林區", "geo_city": "臺北市", "nearest_estimate_min": 9.5}}, {"type": "Feature", "geometry": {"type": "Point", "coordinates": [121.556531813076, 25.0037396380103]}, "properties": {"stop_name": "捷運辛亥站", "district": "文山區", "geo_city": "臺北市", "nearest_estimate_min": 5.5}}, {"type": "Feature", "geometry": {"type": "Point", "coordinates": [121.596227, 25.082986]}, "properties": {"stop_name": "清白里", "district": "內湖區", "geo_city": "臺北市", "nearest_estimate_min": 38.2}}, {"type": "Feature", "geometry": {"type": "Point", "coordinates": [121.526725, 25.090999]}, "properties": {"stop_name": "小北街", "district": "士林區", "geo_city": "臺北市", "nearest_estimate_min": 3.6}}, {"type": "Feature", "geometry": {"type": "Point", "coordinates": [121.524957, 25.103354]}, "properties": {"stop_name": "德行(中山忠誠路口)", "district": "士林區", "geo_city": "臺北市", "nearest_estimate_min": 1.1}}, {"type": "Feature", "geometry": {"type": "Point", "coordinates": [121.501585, 25.036891]}, "properties": {"stop_name": "龍山寺(剝皮寮)", "district": "萬華區", "geo_city": "臺北市", "nearest_estimate_min": 1.5}}, {"type": "Feature", "geometry": {"type": "Point", "coordinates": [121.5777733, 25.03596885]}, "properties": {"stop_name": "松山商職(信義)", "district": "信義區", "geo_city": "臺北市", "nearest_estimate_min": 1.4}}, {"type": "Feature", "geometry": {"type": "Point", "coordinates": [121.50718, 25.13936]}, "properties": {"stop_name": "新民國中(中心新村)", "district": "北投區", "geo_city": "臺北市", "nearest_estimate_min": -1.0}}, {"type": "Feature", "geometry": {"type": "Point", "coordinates": [121.5059604, 25.13930593]}, "properties": {"stop_name": "華僑會館", "district": "北投區", "geo_city": "臺北市", "nearest_estimate_min": -1.0}}, {"type": "Feature", "geometry": {"type": "Point", "coordinates": [121.595983977281, 25.0042464092937]}, "properties": {"stop_name": "富德里", "district": "文山區", "geo_city": "臺北市", "nearest_estimate_min": 3.4}}, {"type": "Feature", "geometry": {"type": "Point", "coordinates": [121.57950353609606, 25.056369580641974]}, "properties": {"stop_name": "南京舊宗路口", "district": "內湖區", "geo_city": "臺北市", "nearest_estimate_min": 4.5}}, {"type": "Feature", "geometry": {"type": "Point", "coordinates": [121.5056914, 25.04596835]}, "properties": {"stop_name": "福星公園", "district": "萬華區", "geo_city": "臺北市", "nearest_estimate_min": 5.6}}, {"type": "Feature", "geometry": {"type": "Point", "coordinates": [121.4646733, 25.12722121]}, "properties": {"stop_name": "利陽藝術學苑", "district": "北投區", "geo_city": "臺北市", "nearest_estimate_min": -1.0}}, {"type": "Feature", "geometry": {"type": "Point", "coordinates": [121.584201721401, 25.052203296391]}, "properties": {"stop_name": "松山磚廠", "district": "南港區", "geo_city": "臺北市", "nearest_estimate_min": 2.1}}, {"type": "Feature", "geometry": {"type": "Point", "coordinates": [121.60709165757346, 25.076003252282835]}, "properties": {"stop_name": "康寧醫院", "district": "內湖區", "geo_city": "臺北市", "nearest_estimate_min": 0.7}}, {"type": "Feature", "geometry": {"type": "Point", "coordinates": [121.5000845, 25.03514822]}, "properties": {"stop_name": "捷運龍山寺站", "district": "萬華區", "geo_city": "臺北市", "nearest_estimate_min": 11.2}}, {"type": "Feature", "geometry": {"type": "Point", "coordinates": [121.586342880983, 25.0389716224663]}, "properties": {"stop_name": "福德國小", "district": "信義區", "geo_city": "臺北市", "nearest_estimate_min": 2.3}}, {"type": "Feature", "geometry": {"type": "Point", "coordinates": [121.58736, 25.08164]}, "properties": {"stop_name": "國立臺灣戲曲學院", "district": "內湖區", "geo_city": "臺北市", "nearest_estimate_min": 33.9}}, {"type": "Feature", "geometry": {"type": "Point", "coordinates": [121.5099769, 25.08893644]}, "properties": {"stop_name": "社正路", "district": "士林區", "geo_city": "臺北市", "nearest_estimate_min": -1.0}}, {"type": "Feature", "geometry": {"type": "Point", "coordinates": [121.526085861859, 25.0224187553298]}, "properties": {"stop_name": "羅斯福浦城街口", "district": "中正區", "geo_city": "臺北市", "nearest_estimate_min": 1.0}}, {"type": "Feature", "geometry": {"type": "Point", "coordinates": [121.513095, 25.029178]}, "properties": {"stop_name": "建國中學", "district": "中正區", "geo_city": "臺北市", "nearest_estimate_min": -1.0}}, {"type": "Feature", "geometry": {"type": "Point", "coordinates": [121.5404, 25.16727]}, "properties": {"stop_name": "竹子湖派出所", "district": "北投區", "geo_city": "臺北市", "nearest_estimate_min": 11.5}}, {"type": "Feature", "geometry": {"type": "Point", "coordinates": [121.56491, 25.11293]}, "properties": {"stop_name": "沙崙一", "district": "士林區", "geo_city": "臺北市", "nearest_estimate_min": -1.0}}, {"type": "Feature", "geometry": {"type": "Point", "coordinates": [121.4672967, 25.12142099]}, "properties": {"stop_name": "關渡國中(關渡醫院)", "district": "北投區", "geo_city": "臺北市", "nearest_estimate_min": -1.0}}, {"type": "Feature", "geometry": {"type": "Point", "coordinates": [121.561007, 24.984487]}, "properties": {"stop_name": "興隆路口(忠順)", "district": "文山區", "geo_city": "臺北市", "nearest_estimate_min": 8.7}}, {"type": "Feature", "geometry": {"type": "Point", "coordinates": [121.5899414, 25.10548778]}, "properties": {"stop_name": "恆光禪寺", "district": "內湖區", "geo_city": "臺北市", "nearest_estimate_min": -1.0}}, {"type": "Feature", "geometry": {"type": "Point", "coordinates": [121.5523363, 25.03120638]}, "properties": {"stop_name": "文昌街口", "district": "大安區", "geo_city": "臺北市", "nearest_estimate_min": 27.4}}, {"type": "Feature", "geometry": {"type": "Point", "coordinates": [121.517223396453, 25.0253827252609]}, "properties": {"stop_name": "廈門街口", "district": "中正區", "geo_city": "臺北市", "nearest_estimate_min": 4.1}}, {"type": "Feature", "geometry": {"type": "Point", "coordinates": [121.5532208, 25.01976878]}, "properties": {"stop_name": "樂業街", "district": "大安區", "geo_city": "臺北市", "nearest_estimate_min": -1.0}}, {"type": "Feature", "geometry": {"type": "Point", "coordinates": [121.5521689, 24.9886685]}, "properties": {"stop_name": "溝子口(幸福華興)", "district": "文山區", "geo_city": "臺北市", "nearest_estimate_min": 1.9}}, {"type": "Feature", "geometry": {"type": "Point", "coordinates": [121.5490897913242, 25.035951071734246]}, "properties": {"stop_name": "仁愛國中(外交學院)", "district": "大安區", "geo_city": "臺北市", "nearest_estimate_min": 2.2}}, {"type": "Feature", "geometry": {"type": "Point", "coordinates": [121.60853783847634, 24.970109920680684]}, "properties": {"stop_name": "草湳大榕樹", "district": "文山區", "geo_city": "臺北市", "nearest_estimate_min": -1.0}}, {"type": "Feature", "geometry": {"type": "Point", "coordinates": [121.5136438, 25.06615028]}, "properties": {"stop_name": "昌吉重慶路口", "district": "大同區", "geo_city": "臺北市", "nearest_estimate_min": 3.2}}, {"type": "Feature", "geometry": {"type": "Point", "coordinates": [121.5166342, 25.02986525]}, "properties": {"stop_name": "自來水西分處(牯嶺)", "district": "中正區", "geo_city": "臺北市", "nearest_estimate_min": -1.0}}, {"type": "Feature", "geometry": {"type": "Point", "coordinates": [121.5482873, 25.06203573]}, "properties": {"stop_name": "民權敦化路口", "district": "松山區", "geo_city": "臺北市", "nearest_estimate_min": 2.2}}, {"type": "Feature", "geometry": {"type": "Point", "coordinates": [121.5267177, 25.12118051]}, "properties": {"stop_name": "天玉里", "district": "士林區", "geo_city": "臺北市", "nearest_estimate_min": -1.0}}, {"type": "Feature", "geometry": {"type": "Point", "coordinates": [121.525980301506, 25.1114606666738]}, "properties": {"stop_name": "士東國小", "district": "士林區", "geo_city": "臺北市", "nearest_estimate_min": 6.1}}, {"type": "Feature", "geometry": {"type": "Point", "coordinates": [121.5110617, 25.06641831]}, "properties": {"stop_name": "延平國小", "district": "大同區", "geo_city": "臺北市", "nearest_estimate_min": 12.4}}, {"type": "Feature", "geometry": {"type": "Point", "coordinates": [121.50461, 25.1231]}, "properties": {"stop_name": "奇岩一站", "district": "北投區", "geo_city": "臺北市", "nearest_estimate_min": -1.0}}, {"type": "Feature", "geometry": {"type": "Point", "coordinates": [121.500599, 25.028737]}, "properties": {"stop_name": "西藏路口", "district": "萬華區", "geo_city": "臺北市", "nearest_estimate_min": 2.1}}, {"type": "Feature", "geometry": {"type": "Point", "coordinates": [121.589569, 25.06326121]}, "properties": {"stop_name": "石潭成功路口", "district": "內湖區", "geo_city": "臺北市", "nearest_estimate_min": -1.0}}, {"type": "Feature", "geometry": {"type": "Point", "coordinates": [121.56368, 25.05753]}, "properties": {"stop_name": "三民路", "district": "松山區", "geo_city": "臺北市", "nearest_estimate_min": 7.6}}, {"type": "Feature", "geometry": {"type": "Point", "coordinates": [121.581177, 25.071952]}, "properties": {"stop_name": "公館山", "district": "內湖區", "geo_city": "臺北市", "nearest_estimate_min": 8.6}}, {"type": "Feature", "geometry": {"type": "Point", "coordinates": [121.593532, 25.084524]}, "properties": {"stop_name": "捷運內湖站(內湖)", "district": "內湖區", "geo_city": "臺北市", "nearest_estimate_min": -1.0}}, {"type": "Feature", "geometry": {"type": "Point", "coordinates": [121.4818555, 25.13683994]}, "properties": {"stop_name": "中央北路三段", "district": "北投區", "geo_city": "臺北市", "nearest_estimate_min": -1.0}}, {"type": "Feature", "geometry": {"type": "Point", "coordinates": [121.5651, 25.03084]}, "properties": {"stop_name": "世貿新城", "district": "信義區", "geo_city": "臺北市", "nearest_estimate_min": 6.8}}, {"type": "Feature", "geometry": {"type": "Point", "coordinates": [121.58007427699314, 24.98319988723959]}, "properties": {"stop_name": "三角公園", "district": "文山區", "geo_city": "臺北市", "nearest_estimate_min": 12.4}}, {"type": "Feature", "geometry": {"type": "Point", "coordinates": [121.55439, 25.11594]}, "properties": {"stop_name": "永公路二", "district": "士林區", "geo_city": "臺北市", "nearest_estimate_min": 6.8}}, {"type": "Feature", "geometry": {"type": "Point", "coordinates": [121.505229693995, 25.1213471298747]}, "properties": {"stop_name": "捷運唭哩岸站二(東華)", "district": "北投區", "geo_city": "臺北市", "nearest_estimate_min": 26.4}}, {"type": "Feature", "geometry": {"type": "Point", "coordinates": [121.54603, 25.15148]}, "properties": {"stop_name": "陽明山總站", "district": "北投區", "geo_city": "臺北市", "nearest_estimate_min": 9.4}}, {"type": "Feature", "geometry": {"type": "Point", "coordinates": [121.6194588, 25.07287274]}, "properties": {"stop_name": "東湖國中", "district": "內湖區", "geo_city": "臺北市", "nearest_estimate_min": 4.1}}, {"type": "Feature", "geometry": {"type": "Point", "coordinates": [121.5571034, 25.08270203]}, "properties": {"stop_name": "美麗華(樂群)", "district": "中山區", "geo_city": "臺北市", "nearest_estimate_min": -1.0}}, {"type": "Feature", "geometry": {"type": "Point", "coordinates": [121.553332059894, 24.9865677374486]}, "properties": {"stop_name": "中港抽水站", "district": "文山區", "geo_city": "臺北市", "nearest_estimate_min": 0.6}}, {"type": "Feature", "geometry": {"type": "Point", "coordinates": [121.53963, 25.152412]}, "properties": {"stop_name": "頂坪", "district": "北投區", "geo_city": "臺北市", "nearest_estimate_min": 4.0}}, {"type": "Feature", "geometry": {"type": "Point", "coordinates": [121.51324, 25.02628]}, "properties": {"stop_name": "泉州街口", "district": "中正區", "geo_city": "臺北市", "nearest_estimate_min": 17.9}}, {"type": "Feature", "geometry": {"type": "Point", "coordinates": [121.57691026481086, 24.98616587144089]}, "properties": {"stop_name": "政大圖書館", "district": "文山區", "geo_city": "臺北市", "nearest_estimate_min": -1.0}}, {"type": "Feature", "geometry": {"type": "Point", "coordinates": [121.54767, 25.00311]}, "properties": {"stop_name": "敦南如意", "district": "文山區", "geo_city": "臺北市", "nearest_estimate_min": -1.0}}, {"type": "Feature", "geometry": {"type": "Point", "coordinates": [121.523484, 25.108923]}, "properties": {"stop_name": "蘭雅國小", "district": "士林區", "geo_city": "臺北市", "nearest_estimate_min": -1.0}}, {"type": "Feature", "geometry": {"type": "Point", "coordinates": [121.57809, 25.13913]}, "properties": {"stop_name": "平菁街93巷二", "district": "士林區", "geo_city": "臺北市", "nearest_estimate_min": -1.0}}, {"type": "Feature", "geometry": {"type": "Point", "coordinates": [121.561535778783, 25.0843810062584]}, "properties": {"stop_name": "文湖國小", "district": "內湖區", "geo_city": "臺北市", "nearest_estimate_min": 7.8}}, {"type": "Feature", "geometry": {"type": "Point", "coordinates": [121.530696106134, 25.1478993639153]}, "properties": {"stop_name": "龍鳳谷", "district": "北投區", "geo_city": "臺北市", "nearest_estimate_min": 46.0}}, {"type": "Feature", "geometry": {"type": "Point", "coordinates": [121.533503, 25.109595]}, "properties": {"stop_name": "德行芝玉路口", "district": "士林區", "geo_city": "臺北市", "nearest_estimate_min": -1.0}}, {"type": "Feature", "geometry": {"type": "Point", "coordinates": [121.540918398248, 24.9891053967322]}, "properties": {"stop_name": "景美國小(景文)", "district": "文山區", "geo_city": "臺北市", "nearest_estimate_min": 1.3}}, {"type": "Feature", "geometry": {"type": "Point", "coordinates": [121.5521, 25.11785]}, "properties": {"stop_name": "陽明山國小", "district": "士林區", "geo_city": "臺北市", "nearest_estimate_min": 16.1}}, {"type": "Feature", "geometry": {"type": "Point", "coordinates": [121.5877303, 25.06471744]}, "properties": {"stop_name": "金豐金莊路口", "district": "內湖區", "geo_city": "臺北市", "nearest_estimate_min": -1.0}}, {"type": "Feature", "geometry": {"type": "Point", "coordinates": [121.551895985064, 25.0858624708036]}, "properties": {"stop_name": "自強隧道", "district": "中山區", "geo_city": "臺北市", "nearest_estimate_min": 1.0}}, {"type": "Feature", "geometry": {"type": "Point", "coordinates": [121.5106101265, 25.0506096983314]}, "properties": {"stop_name": "捷運北門站", "district": "大同區", "geo_city": "臺北市", "nearest_estimate_min": 20.4}}, {"type": "Feature", "geometry": {"type": "Point", "coordinates": [121.52355, 25.02256]}, "properties": {"stop_name": "河堤國小", "district": "中正區", "geo_city": "臺北市", "nearest_estimate_min": 7.0}}, {"type": "Feature", "geometry": {"type": "Point", "coordinates": [121.538733, 25.068039]}, "properties": {"stop_name": "第二果菜市場", "district": "中山區", "geo_city": "臺北市", "nearest_estimate_min": 2.9}}, {"type": "Feature", "geometry": {"type": "Point", "coordinates": [121.57619, 25.078636]}, "properties": {"stop_name": "港墘派出所", "district": "內湖區", "geo_city": "臺北市", "nearest_estimate_min": 5.0}}, {"type": "Feature", "geometry": {"type": "Point", "coordinates": [121.520123, 25.115962]}, "properties": {"stop_name": "宏國新村", "district": "北投區", "geo_city": "臺北市", "nearest_estimate_min": -1.0}}, {"type": "Feature", "geometry": {"type": "Point", "coordinates": [121.546628, 24.995645]}, "properties": {"stop_name": "景華街一", "district": "文山區", "geo_city": "臺北市", "nearest_estimate_min": -1.0}}, {"type": "Feature", "geometry": {"type": "Point", "coordinates": [121.5365234, 25.10131199]}, "properties": {"stop_name": "芝山岩", "district": "士林區", "geo_city": "臺北市", "nearest_estimate_min": -1.0}}, {"type": "Feature", "geometry": {"type": "Point", "coordinates": [121.493379, 25.018859]}, "properties": {"stop_name": "榮德里", "district": "萬華區", "geo_city": "臺北市", "nearest_estimate_min": -1.0}}, {"type": "Feature", "geometry": {"type": "Point", "coordinates": [121.54108205639983, 25.041512273166234]}, "properties": {"stop_name": "懷生國中", "district": "大安區", "geo_city": "臺北市", "nearest_estimate_min": 3.1}}, {"type": "Feature", "geometry": {"type": "Point", "coordinates": [121.466867, 25.12271001]}, "properties": {"stop_name": "關渡里", "district": "北投區", "geo_city": "臺北市", "nearest_estimate_min": 40.0}}, {"type": "Feature", "geometry": {"type": "Point", "coordinates": [121.60099, 25.067297]}, "properties": {"stop_name": "民權隧道二", "district": "內湖區", "geo_city": "臺北市", "nearest_estimate_min": 22.4}}, {"type": "Feature", "geometry": {"type": "Point", "coordinates": [121.515467, 25.137444]}, "properties": {"stop_name": "幽雅路35號", "district": "北投區", "geo_city": "臺北市", "nearest_estimate_min": -1.0}}, {"type": "Feature", "geometry": {"type": "Point", "coordinates": [121.531094, 25.018104]}, "properties": {"stop_name": "台電大樓", "district": "大安區", "geo_city": "臺北市", "nearest_estimate_min": 7.1}}, {"type": "Feature", "geometry": {"type": "Point", "coordinates": [121.5875816, 25.12583631]}, "properties": {"stop_name": "聖人瀑布", "district": "士林區", "geo_city": "臺北市", "nearest_estimate_min": -1.0}}, {"type": "Feature", "geometry": {"type": "Point", "coordinates": [121.533523, 25.119871]}, "properties": {"stop_name": "天和公園", "district": "士林區", "geo_city": "臺北市", "nearest_estimate_min": -1.0}}, {"type": "Feature", "geometry": {"type": "Point", "coordinates": [121.589619, 25.006936]}, "properties": {"stop_name": "福德坑環保復育公園", "district": "文山區", "geo_city": "臺北市", "nearest_estimate_min": -1.0}}, {"type": "Feature", "geometry": {"type": "Point", "coordinates": [121.502346, 25.042608]}, "properties": {"stop_name": "西門國小(臺大醫院北護分院)", "district": "萬華區", "geo_city": "臺北市", "nearest_estimate_min": 40.0}}, {"type": "Feature", "geometry": {"type": "Point", "coordinates": [121.561603577006, 25.1803836131635]}, "properties": {"stop_name": "馬槽", "district": "北投區", "geo_city": "臺北市", "nearest_estimate_min": -1.0}}, {"type": "Feature", "geometry": {"type": "Point", "coordinates": [121.54543, 25.04807]}, "properties": {"stop_name": "臺安醫院", "district": "松山區", "geo_city": "臺北市", "nearest_estimate_min": -1.0}}, {"type": "Feature", "geometry": {"type": "Point", "coordinates": [121.6103948, 25.07552341]}, "properties": {"stop_name": "康寧大學", "district": "內湖區", "geo_city": "臺北市", "nearest_estimate_min": -1.0}}, {"type": "Feature", "geometry": {"type": "Point", "coordinates": [121.52549, 25.05883]}, "properties": {"stop_name": "聚盛里", "district": "中山區", "geo_city": "臺北市", "nearest_estimate_min": 37.2}}, {"type": "Feature", "geometry": {"type": "Point", "coordinates": [121.5568095, 25.05277814]}, "properties": {"stop_name": "南京新村", "district": "松山區", "geo_city": "臺北市", "nearest_estimate_min": 1.6}}, {"type": "Feature", "geometry": {"type": "Point", "coordinates": [121.614, 25.07806]}, "properties": {"stop_name": "安泰橋", "district": "內湖區", "geo_city": "臺北市", "nearest_estimate_min": -1.0}}, {"type": "Feature", "geometry": {"type": "Point", "coordinates": [121.562293962737, 25.0143745337282]}, "properties": {"stop_name": "大我新舍", "district": "大安區", "geo_city": "臺北市", "nearest_estimate_min": -1.0}}, {"type": "Feature", "geometry": {"type": "Point", "coordinates": [121.5326742, 25.10845514]}, "properties": {"stop_name": "忠義街", "district": "士林區", "geo_city": "臺北市", "nearest_estimate_min": 18.1}}, {"type": "Feature", "geometry": {"type": "Point", "coordinates": [121.573315, 25.133634]}, "properties": {"stop_name": "倫仔尾一", "district": "士林區", "geo_city": "臺北市", "nearest_estimate_min": -1.0}}, {"type": "Feature", "geometry": {"type": "Point", "coordinates": [121.4742815, 25.10622343]}, "properties": {"stop_name": "富洲里九段", "district": "士林區", "geo_city": "臺北市", "nearest_estimate_min": 1.9}}, {"type": "Feature", "geometry": {"type": "Point", "coordinates": [121.500988, 25.158315]}, "properties": {"stop_name": "復興三路463號", "district": "北投區", "geo_city": "臺北市", "nearest_estimate_min": 8.5}}, {"type": "Feature", "geometry": {"type": "Point", "coordinates": [121.56623, 24.998733]}, "properties": {"stop_name": "萬利街口", "district": "文山區", "geo_city": "臺北市", "nearest_estimate_min": 15.0}}, {"type": "Feature", "geometry": {"type": "Point", "coordinates": [121.59534, 24.96784]}, "properties": {"stop_name": "貓空站(小天空步道)", "district": "文山區", "geo_city": "臺北市", "nearest_estimate_min": 8.3}}, {"type": "Feature", "geometry": {"type": "Point", "coordinates": [121.5946919, 25.07889169]}, "properties": {"stop_name": "警智新村", "district": "內湖區", "geo_city": "臺北市", "nearest_estimate_min": 35.1}}, {"type": "Feature", "geometry": {"type": "Point", "coordinates": [121.598727, 25.05384]}, "properties": {"stop_name": "東明里/臺北流行音樂中心", "district": "南港區", "geo_city": "臺北市", "nearest_estimate_min": 12.4}}, {"type": "Feature", "geometry": {"type": "Point", "coordinates": [121.54690862019565, 25.13082779909332]}, "properties": {"stop_name": "格致國中", "district": "士林區", "geo_city": "臺北市", "nearest_estimate_min": 11.9}}, {"type": "Feature", "geometry": {"type": "Point", "coordinates": [121.568528509552, 24.9837877068618]}, "properties": {"stop_name": "景文中學", "district": "文山區", "geo_city": "臺北市", "nearest_estimate_min": 1.4}}, {"type": "Feature", "geometry": {"type": "Point", "coordinates": [121.5319, 25.040352]}, "properties": {"stop_name": "新生南路一段", "district": "中正區", "geo_city": "臺北市", "nearest_estimate_min": -1.0}}, {"type": "Feature", "geometry": {"type": "Point", "coordinates": [121.52476413675969, 25.024022735483676]}, "properties": {"stop_name": "羅斯福金門街口", "district": "大安區", "geo_city": "臺北市", "nearest_estimate_min": 0.7}}, {"type": "Feature", "geometry": {"type": "Point", "coordinates": [121.5259541, 25.10679142]}, "properties": {"stop_name": "石油新村", "district": "士林區", "geo_city": "臺北市", "nearest_estimate_min": 14.3}}, {"type": "Feature", "geometry": {"type": "Point", "coordinates": [121.512782, 25.141076]}, "properties": {"stop_name": "林泉里", "district": "北投區", "geo_city": "臺北市", "nearest_estimate_min": 40.8}}, {"type": "Feature", "geometry": {"type": "Point", "coordinates": [121.574627, 24.991863]}, "properties": {"stop_name": "萬壽橋頭(秀明)", "district": "文山區", "geo_city": "臺北市", "nearest_estimate_min": 1.1}}, {"type": "Feature", "geometry": {"type": "Point", "coordinates": [121.513267, 25.101757]}, "properties": {"stop_name": "福國承信路口", "district": "北投區", "geo_city": "臺北市", "nearest_estimate_min": -1.0}}, {"type": "Feature", "geometry": {"type": "Point", "coordinates": [121.465515545518, 25.1249152150578]}, "properties": {"stop_name": "關渡", "district": "北投區", "geo_city": "臺北市", "nearest_estimate_min": -1.0}}, {"type": "Feature", "geometry": {"type": "Point", "coordinates": [121.57518, 25.01705]}, "properties": {"stop_name": "瑞雲街口", "district": "信義區", "geo_city": "臺北市", "nearest_estimate_min": 13.2}}, {"type": "Feature", "geometry": {"type": "Point", "coordinates": [121.57552, 25.11826]}, "properties": {"stop_name": "礁坑", "district": "士林區", "geo_city": "臺北市", "nearest_estimate_min": -1.0}}, {"type": "Feature", "geometry": {"type": "Point", "coordinates": [121.587762, 25.053169]}, "properties": {"stop_name": "南港路三段", "district": "南港區", "geo_city": "臺北市", "nearest_estimate_min": 31.2}}, {"type": "Feature", "geometry": {"type": "Point", "coordinates": [121.529783, 25.040743]}, "properties": {"stop_name": "濟南金山路口", "district": "中正區", "geo_city": "臺北市", "nearest_estimate_min": -1.0}}, {"type": "Feature", "geometry": {"type": "Point", "coordinates": [121.583287778248, 25.0028393386766]}, "properties": {"stop_name": "石壁坑", "district": "文山區", "geo_city": "臺北市", "nearest_estimate_min": 53.8}}, {"type": "Feature", "geometry": {"type": "Point", "coordinates": [121.51738, 25.11904]}, "properties": {"stop_name": "保一總隊", "district": "北投區", "geo_city": "臺北市", "nearest_estimate_min": 8.8}}, {"type": "Feature", "geometry": {"type": "Point", "coordinates": [121.512347, 25.10953688]}, "properties": {"stop_name": "石牌", "district": "北投區", "geo_city": "臺北市", "nearest_estimate_min": -1.0}}, {"type": "Feature", "geometry": {"type": "Point", "coordinates": [121.54679912183309, 25.09735486763365]}, "properties": {"stop_name": "外雙溪(故宮)", "district": "士林區", "geo_city": "臺北市", "nearest_estimate_min": 12.0}}, {"type": "Feature", "geometry": {"type": "Point", "coordinates": [121.556559279839, 25.1833944972436]}, "properties": {"stop_name": "臺寶", "district": "北投區", "geo_city": "臺北市", "nearest_estimate_min": -1.0}}, {"type": "Feature", "geometry": {"type": "Point", "coordinates": [121.53043612268, 25.0646446447265]}, "properties": {"stop_name": "新福里", "district": "中山區", "geo_city": "臺北市", "nearest_estimate_min": 23.2}}, {"type": "Feature", "geometry": {"type": "Point", "coordinates": [121.5555141, 25.06209189]}, "properties": {"stop_name": "中華航空", "district": "松山區", "geo_city": "臺北市", "nearest_estimate_min": 4.6}}, {"type": "Feature", "geometry": {"type": "Point", "coordinates": [121.5374388, 25.03134398]}, "properties": {"stop_name": "建國南路", "district": "大安區", "geo_city": "臺北市", "nearest_estimate_min": -1.0}}, {"type": "Feature", "geometry": {"type": "Point", "coordinates": [121.5485022, 25.03412379]}, "properties": {"stop_name": "信義敦化路口", "district": "大安區", "geo_city": "臺北市", "nearest_estimate_min": 46.2}}, {"type": "Feature", "geometry": {"type": "Point", "coordinates": [121.5682545, 25.04799318]}, "properties": {"stop_name": "基隆路口二", "district": "信義區", "geo_city": "臺北市", "nearest_estimate_min": 1.0}}, {"type": "Feature", "geometry": {"type": "Point", "coordinates": [121.55887, 25.12356]}, "properties": {"stop_name": "東方寺", "district": "士林區", "geo_city": "臺北市", "nearest_estimate_min": 13.0}}, {"type": "Feature", "geometry": {"type": "Point", "coordinates": [121.5882626, 24.97026083]}, "properties": {"stop_name": "石坡坑", "district": "文山區", "geo_city": "臺北市", "nearest_estimate_min": -1.0}}, {"type": "Feature", "geometry": {"type": "Point", "coordinates": [121.55467, 25.12018]}, "properties": {"stop_name": "水墘", "district": "士林區", "geo_city": "臺北市", "nearest_estimate_min": -1.0}}, {"type": "Feature", "geometry": {"type": "Point", "coordinates": [121.522285617763, 25.0895515092059]}, "properties": {"stop_name": "大南路口", "district": "士林區", "geo_city": "臺北市", "nearest_estimate_min": -1.0}}, {"type": "Feature", "geometry": {"type": "Point", "coordinates": [121.5134996, 25.064294]}, "properties": {"stop_name": "捷運大橋頭站", "district": "大同區", "geo_city": "臺北市", "nearest_estimate_min": -1.0}}, {"type": "Feature", "geometry": {"type": "Point", "coordinates": [121.491328, 25.031919]}, "properties": {"stop_name": "大理高中", "district": "萬華區", "geo_city": "臺北市", "nearest_estimate_min": -1.0}}, {"type": "Feature", "geometry": {"type": "Point", "coordinates": [121.54002052720857, 25.05189813653983]}, "properties": {"stop_name": "南京龍江路口", "district": "中山區", "geo_city": "臺北市", "nearest_estimate_min": 3.6}}, {"type": "Feature", "geometry": {"type": "Point", "coordinates": [121.572175, 25.136462]}, "properties": {"stop_name": "平菁街28巷", "district": "士林區", "geo_city": "臺北市", "nearest_estimate_min": 0.7}}, {"type": "Feature", "geometry": {"type": "Point", "coordinates": [121.5727305, 25.01869065]}, "properties": {"stop_name": "糶米公園", "district": "信義區", "geo_city": "臺北市", "nearest_estimate_min": 15.1}}, {"type": "Feature", "geometry": {"type": "Point", "coordinates": [121.573860343024, 25.0806380998734]}, "properties": {"stop_name": "麗山國中", "district": "內湖區", "geo_city": "臺北市", "nearest_estimate_min": 4.0}}, {"type": "Feature", "geometry": {"type": "Point", "coordinates": [121.51233, 25.13896]}, "properties": {"stop_name": "法藏寺", "district": "北投區", "geo_city": "臺北市", "nearest_estimate_min": -1.0}}, {"type": "Feature", "geometry": {"type": "Point", "coordinates": [121.616103, 25.059729]}, "properties": {"stop_name": "捷運南港軟體園區站", "district": "南港區", "geo_city": "臺北市", "nearest_estimate_min": -1.0}}, {"type": "Feature", "geometry": {"type": "Point", "coordinates": [121.517419129378, 25.0953476878965]}, "properties": {"stop_name": "國立科教館", "district": "士林區", "geo_city": "臺北市", "nearest_estimate_min": 33.6}}, {"type": "Feature", "geometry": {"type": "Point", "coordinates": [121.5839587, 24.98776697]}, "properties": {"stop_name": "普羅旺世", "district": "文山區", "geo_city": "臺北市", "nearest_estimate_min": 6.7}}, {"type": "Feature", "geometry": {"type": "Point", "coordinates": [121.512363, 25.142739]}, "properties": {"stop_name": "48號公園", "district": "北投區", "geo_city": "臺北市", "nearest_estimate_min": -1.0}}, {"type": "Feature", "geometry": {"type": "Point", "coordinates": [121.607197, 25.078107]}, "properties": {"stop_name": "黃石公廟", "district": "內湖區", "geo_city": "臺北市", "nearest_estimate_min": 49.6}}, {"type": "Feature", "geometry": {"type": "Point", "coordinates": [121.557209, 25.018381]}, "properties": {"stop_name": "臥龍富陽街口", "district": "大安區", "geo_city": "臺北市", "nearest_estimate_min": -1.0}}, {"type": "Feature", "geometry": {"type": "Point", "coordinates": [121.55137, 25.063262]}, "properties": {"stop_name": "松山機場", "district": "松山區", "geo_city": "臺北市", "nearest_estimate_min": 8.3}}, {"type": "Feature", "geometry": {"type": "Point", "coordinates": [121.543488, 25.06719]}, "properties": {"stop_name": "下埤里", "district": "中山區", "geo_city": "臺北市", "nearest_estimate_min": 3.5}}, {"type": "Feature", "geometry": {"type": "Point", "coordinates": [121.545517, 25.045098]}, "properties": {"stop_name": "微風廣場", "district": "大安區", "geo_city": "臺北市", "nearest_estimate_min": -1.0}}, {"type": "Feature", "geometry": {"type": "Point", "coordinates": [121.5008601, 25.15833273]}, "properties": {"stop_name": "復興三路463號", "district": "北投區", "geo_city": "臺北市", "nearest_estimate_min": 10.3}}, {"type": "Feature", "geometry": {"type": "Point", "coordinates": [121.563672, 25.024539]}, "properties": {"stop_name": "松山寺", "district": "信義區", "geo_city": "臺北市", "nearest_estimate_min": -1.0}}, {"type": "Feature", "geometry": {"type": "Point", "coordinates": [121.556672604008, 25.1778013229445]}, "properties": {"stop_name": "中湖", "district": "北投區", "geo_city": "臺北市", "nearest_estimate_min": -1.0}}, {"type": "Feature", "geometry": {"type": "Point", "coordinates": [121.5567186, 25.12105096]}, "properties": {"stop_name": "永公路三", "district": "士林區", "geo_city": "臺北市", "nearest_estimate_min": 26.6}}, {"type": "Feature", "geometry": {"type": "Point", "coordinates": [121.5804463, 24.98914141]}, "properties": {"stop_name": "國關中心", "district": "文山區", "geo_city": "臺北市", "nearest_estimate_min": 21.6}}, {"type": "Feature", "geometry": {"type": "Point", "coordinates": [121.5200431, 25.07157]}, "properties": {"stop_name": "捷運圓山站(圓山轉運站)", "district": "大同區", "geo_city": "臺北市", "nearest_estimate_min": 7.9}}, {"type": "Feature", "geometry": {"type": "Point", "coordinates": [121.55415, 25.048]}, "properties": {"stop_name": "美仁里", "district": "松山區", "geo_city": "臺北市", "nearest_estimate_min": 8.9}}, {"type": "Feature", "geometry": {"type": "Point", "coordinates": [121.501664, 25.15595911]}, "properties": {"stop_name": "復興三路355巷口", "district": "北投區", "geo_city": "臺北市", "nearest_estimate_min": 7.1}}, {"type": "Feature", "geometry": {"type": "Point", "coordinates": [121.53985642693925, 25.004134202331223]}, "properties": {"stop_name": "武功國小(興隆)", "district": "文山區", "geo_city": "臺北市", "nearest_estimate_min": 7.5}}, {"type": "Feature", "geometry": {"type": "Point", "coordinates": [121.5466289, 25.1801683]}, "properties": {"stop_name": "小觀音棧", "district": "北投區", "geo_city": "臺北市", "nearest_estimate_min": -1.0}}, {"type": "Feature", "geometry": {"type": "Point", "coordinates": [121.53807, 25.158761]}, "properties": {"stop_name": "大坑廟", "district": "北投區", "geo_city": "臺北市", "nearest_estimate_min": 30.4}}, {"type": "Feature", "geometry": {"type": "Point", "coordinates": [121.57303, 25.13068]}, "properties": {"stop_name": "倫仔尾", "district": "士林區", "geo_city": "臺北市", "nearest_estimate_min": -1.0}}, {"type": "Feature", "geometry": {"type": "Point", "coordinates": [121.5813749, 25.12002485]}, "properties": {"stop_name": "大豐", "district": "士林區", "geo_city": "臺北市", "nearest_estimate_min": -1.0}}, {"type": "Feature", "geometry": {"type": "Point", "coordinates": [121.465093, 25.124734]}, "properties": {"stop_name": "關渡", "district": "北投區", "geo_city": "臺北市", "nearest_estimate_min": -1.0}}, {"type": "Feature", "geometry": {"type": "Point", "coordinates": [121.55947313859588, 24.9977449509898]}, "properties": {"stop_name": "臺灣警察專科學校", "district": "文山區", "geo_city": "臺北市", "nearest_estimate_min": 2.9}}, {"type": "Feature", "geometry": {"type": "Point", "coordinates": [121.619311, 25.059472]}, "properties": {"stop_name": "環東大道口", "district": "南港區", "geo_city": "臺北市", "nearest_estimate_min": -1.0}}, {"type": "Feature", "geometry": {"type": "Point", "coordinates": [121.52816, 25.11569]}, "properties": {"stop_name": "台北美國/日僑學校", "district": "士林區", "geo_city": "臺北市", "nearest_estimate_min": 8.2}}, {"type": "Feature", "geometry": {"type": "Point", "coordinates": [121.5764777900028, 25.131355431183984]}, "properties": {"stop_name": "平等里", "district": "士林區", "geo_city": "臺北市", "nearest_estimate_min": -1.0}}, {"type": "Feature", "geometry": {"type": "Point", "coordinates": [121.52661106566782, 25.03119392732057]}, "properties": {"stop_name": "公企中心", "district": "大安區", "geo_city": "臺北市", "nearest_estimate_min": 5.7}}, {"type": "Feature", "geometry": {"type": "Point", "coordinates": [121.51825, 25.05462]}, "properties": {"stop_name": "建成公園", "district": "大同區", "geo_city": "臺北市", "nearest_estimate_min": 4.8}}, {"type": "Feature", "geometry": {"type": "Point", "coordinates": [121.5183669, 25.03926197]}, "properties": {"stop_name": "仁愛中山路口", "district": "中正區", "geo_city": "臺北市", "nearest_estimate_min": 1.3}}, {"type": "Feature", "geometry": {"type": "Point", "coordinates": [121.543866, 25.035508]}, "properties": {"stop_name": "東豐復興路口", "district": "大安區", "geo_city": "臺北市", "nearest_estimate_min": 10.0}}, {"type": "Feature", "geometry": {"type": "Point", "coordinates": [121.592497, 25.12202522]}, "properties": {"stop_name": "帕米爾公園", "district": "士林區", "geo_city": "臺北市", "nearest_estimate_min": -1.0}}, {"type": "Feature", "geometry": {"type": "Point", "coordinates": [121.589591215481, 25.1036525455672]}, "properties": {"stop_name": "觀光草莓園", "district": "內湖區", "geo_city": "臺北市", "nearest_estimate_min": -1.0}}, {"type": "Feature", "geometry": {"type": "Point", "coordinates": [121.498768, 25.034147]}, "properties": {"stop_name": "大理服飾", "district": "萬華區", "geo_city": "臺北市", "nearest_estimate_min": 20.2}}, {"type": "Feature", "geometry": {"type": "Point", "coordinates": [121.505291, 25.141179]}, "properties": {"stop_name": "進賢路口", "district": "北投區", "geo_city": "臺北市", "nearest_estimate_min": -1.0}}, {"type": "Feature", "geometry": {"type": "Point", "coordinates": [121.46876311032, 25.1283916021179]}, "properties": {"stop_name": "一德街口", "district": "北投區", "geo_city": "臺北市", "nearest_estimate_min": 36.1}}, {"type": "Feature", "geometry": {"type": "Point", "coordinates": [121.53863753789953, 25.012594097241134]}, "properties": {"stop_name": "公館", "district": "大安區", "geo_city": "臺北市", "nearest_estimate_min": 16.1}}, {"type": "Feature", "geometry": {"type": "Point", "coordinates": [121.53711, 25.05657]}, "properties": {"stop_name": "臺北大學(臺北校區)", "district": "中山區", "geo_city": "臺北市", "nearest_estimate_min": 5.1}}, {"type": "Feature", "geometry": {"type": "Point", "coordinates": [121.54391, 25.042932]}, "properties": {"stop_name": "捷運忠孝復興站", "district": "大安區", "geo_city": "臺北市", "nearest_estimate_min": 13.3}}, {"type": "Feature", "geometry": {"type": "Point", "coordinates": [121.50718, 25.13936]}, "properties": {"stop_name": "新民國中", "district": "北投區", "geo_city": "臺北市", "nearest_estimate_min": 42.2}}, {"type": "Feature", "geometry": {"type": "Point", "coordinates": [121.575809, 25.040733]}, "properties": {"stop_name": "捷運永春站(忠孝)", "district": "信義區", "geo_city": "臺北市", "nearest_estimate_min": 1.0}}, {"type": "Feature", "geometry": {"type": "Point", "coordinates": [121.56344, 25.12159557]}, "properties": {"stop_name": "擷翠新村", "district": "士林區", "geo_city": "臺北市", "nearest_estimate_min": 19.4}}, {"type": "Feature", "geometry": {"type": "Point", "coordinates": [121.53414, 25.10144]}, "properties": {"stop_name": "芝山公園", "district": "士林區", "geo_city": "臺北市", "nearest_estimate_min": 9.1}}, {"type": "Feature", "geometry": {"type": "Point", "coordinates": [121.501464019539, 25.0363140633243]}, "properties": {"stop_name": "龍山寺(康定)", "district": "萬華區", "geo_city": "臺北市", "nearest_estimate_min": 3.0}}, {"type": "Feature", "geometry": {"type": "Point", "coordinates": [121.51372071650857, 25.06581169232777]}, "properties": {"stop_name": "昌吉重慶路口", "district": "大同區", "geo_city": "臺北市", "nearest_estimate_min": 0.8}}, {"type": "Feature", "geometry": {"type": "Point", "coordinates": [121.51989, 25.091]}, "properties": {"stop_name": "士商路", "district": "士林區", "geo_city": "臺北市", "nearest_estimate_min": 30.9}}, {"type": "Feature", "geometry": {"type": "Point", "coordinates": [121.5269357, 25.08800277]}, "properties": {"stop_name": "銘傳大學", "district": "士林區", "geo_city": "臺北市", "nearest_estimate_min": 5.1}}, {"type": "Feature", "geometry": {"type": "Point", "coordinates": [121.520239869754, 25.046578538214]}, "properties": {"stop_name": "行政院", "district": "中正區", "geo_city": "臺北市", "nearest_estimate_min": 4.0}}, {"type": "Feature", "geometry": {"type": "Point", "coordinates": [121.556482491508, 24.9884116429436]}, "properties": {"stop_name": "中興公寓", "district": "文山區", "geo_city": "臺北市", "nearest_estimate_min": 18.3}}, {"type": "Feature", "geometry": {"type": "Point", "coordinates": [121.51138265626145, 25.138462992600775]}, "properties": {"stop_name": "中心街口", "district": "北投區", "geo_city": "臺北市", "nearest_estimate_min": -1.0}}, {"type": "Feature", "geometry": {"type": "Point", "coordinates": [121.583528256631, 24.9852588957558]}, "properties": {"stop_name": "政大學苑", "district": "文山區", "geo_city": "臺北市", "nearest_estimate_min": -1.0}}, {"type": "Feature", "geometry": {"type": "Point", "coordinates": [121.6190381, 25.04344894]}, "properties": {"stop_name": "胡適國小", "district": "南港區", "geo_city": "臺北市", "nearest_estimate_min": -1.0}}, {"type": "Feature", "geometry": {"type": "Point", "coordinates": [121.5233264, 25.08346835]}, "properties": {"stop_name": "圓山皇宮大廈", "district": "士林區", "geo_city": "臺北市", "nearest_estimate_min": 3.4}}, {"type": "Feature", "geometry": {"type": "Point", "coordinates": [121.563512093163, 25.0124070094545]}, "properties": {"stop_name": "臥龍新村", "district": "信義區", "geo_city": "臺北市", "nearest_estimate_min": -1.0}}, {"type": "Feature", "geometry": {"type": "Point", "coordinates": [121.55900840485135, 25.04148364593397]}, "properties": {"stop_name": "捷運國父紀念館站(忠孝)", "district": "信義區", "geo_city": "臺北市", "nearest_estimate_min": 1.2}}, {"type": "Feature", "geometry": {"type": "Point", "coordinates": [121.5829485, 25.11927286]}, "properties": {"stop_name": "楓林橋", "district": "士林區", "geo_city": "臺北市", "nearest_estimate_min": -1.0}}, {"type": "Feature", "geometry": {"type": "Point", "coordinates": [121.58172282754578, 25.0454545120215]}, "properties": {"stop_name": "捷運後山埤站(永吉)", "district": "南港區", "geo_city": "臺北市", "nearest_estimate_min": -1.0}}, {"type": "Feature", "geometry": {"type": "Point", "coordinates": [121.494135327259, 25.1454283711567]}, "properties": {"stop_name": "秀山里", "district": "北投區", "geo_city": "臺北市", "nearest_estimate_min": 6.0}}, {"type": "Feature", "geometry": {"type": "Point", "coordinates": [121.55715, 25.13046]}, "properties": {"stop_name": "新安里", "district": "士林區", "geo_city": "臺北市", "nearest_estimate_min": -1.0}}, {"type": "Feature", "geometry": {"type": "Point", "coordinates": [121.587897, 25.125754]}, "properties": {"stop_name": "聖人瀑布", "district": "士林區", "geo_city": "臺北市", "nearest_estimate_min": -1.0}}, {"type": "Feature", "geometry": {"type": "Point", "coordinates": [121.550915062346, 25.0245319230801]}, "properties": {"stop_name": "和平安和路口", "district": "大安區", "geo_city": "臺北市", "nearest_estimate_min": -1.0}}, {"type": "Feature", "geometry": {"type": "Point", "coordinates": [121.54581401932357, 25.13472716039782]}, "properties": {"stop_name": "山仔后派出所", "district": "士林區", "geo_city": "臺北市", "nearest_estimate_min": 11.1}}, {"type": "Feature", "geometry": {"type": "Point", "coordinates": [121.557719526717, 25.0390183419661]}, "properties": {"stop_name": "國父紀念館", "district": "信義區", "geo_city": "臺北市", "nearest_estimate_min": 0.7}}, {"type": "Feature", "geometry": {"type": "Point", "coordinates": [121.587594, 25.011019]}, "properties": {"stop_name": "富德公墓20區", "district": "文山區", "geo_city": "臺北市", "nearest_estimate_min": -1.0}}, {"type": "Feature", "geometry": {"type": "Point", "coordinates": [121.5060354, 25.13596345]}, "properties": {"stop_name": "北投綠色圖書館", "district": "北投區", "geo_city": "臺北市", "nearest_estimate_min": -1.0}}, {"type": "Feature", "geometry": {"type": "Point", "coordinates": [121.513985270577, 25.0474098159326]}, "properties": {"stop_name": "臺北車站(忠孝)", "district": "中正區", "geo_city": "臺北市", "nearest_estimate_min": 2.2}}, {"type": "Feature", "geometry": {"type": "Point", "coordinates": [121.54955, 25.04465]}, "properties": {"stop_name": "市民敦化路口", "district": "大安區", "geo_city": "臺北市", "nearest_estimate_min": -1.0}}, {"type": "Feature", "geometry": {"type": "Point", "coordinates": [121.581399, 25.079397]}, "properties": {"stop_name": "內湖國小", "district": "內湖區", "geo_city": "臺北市", "nearest_estimate_min": 9.0}}, {"type": "Feature", "geometry": {"type": "Point", "coordinates": [121.544425705591, 25.0207309356073]}, "properties": {"stop_name": "臺大國青大樓", "district": "大安區", "geo_city": "臺北市", "nearest_estimate_min": 50.9}}, {"type": "Feature", "geometry": {"type": "Point", "coordinates": [121.49984, 25.137144]}, "properties": {"stop_name": "大同街口", "district": "北投區", "geo_city": "臺北市", "nearest_estimate_min": 15.7}}, {"type": "Feature", "geometry": {"type": "Point", "coordinates": [121.606693480964, 25.0544113947875]}, "properties": {"stop_name": "南港行政中心", "district": "南港區", "geo_city": "臺北市", "nearest_estimate_min": 9.9}}, {"type": "Feature", "geometry": {"type": "Point", "coordinates": [121.550994, 24.999711]}, "properties": {"stop_name": "興隆公園", "district": "文山區", "geo_city": "臺北市", "nearest_estimate_min": -1.0}}, {"type": "Feature", "geometry": {"type": "Point", "coordinates": [121.5810412, 25.06369745]}, "properties": {"stop_name": "東南客運停車場", "district": "內湖區", "geo_city": "臺北市", "nearest_estimate_min": 16.6}}, {"type": "Feature", "geometry": {"type": "Point", "coordinates": [121.5188086, 25.06845385]}, "properties": {"stop_name": "承德路口", "district": "大同區", "geo_city": "臺北市", "nearest_estimate_min": -1.0}}, {"type": "Feature", "geometry": {"type": "Point", "coordinates": [121.5579606, 25.11146528]}, "properties": {"stop_name": "外雙溪橋", "district": "士林區", "geo_city": "臺北市", "nearest_estimate_min": 6.0}}, {"type": "Feature", "geometry": {"type": "Point", "coordinates": [121.53289, 25.11244]}, "properties": {"stop_name": "天母棒球場(士東)", "district": "士林區", "geo_city": "臺北市", "nearest_estimate_min": -1.0}}, {"type": "Feature", "geometry": {"type": "Point", "coordinates": [121.50598380051417, 25.02602624821444]}, "properties": {"stop_name": "青年公園(青年)", "district": "萬華區", "geo_city": "臺北市", "nearest_estimate_min": 5.3}}, {"type": "Feature", "geometry": {"type": "Point", "coordinates": [121.590661157725, 25.0680308659982]}, "properties": {"stop_name": "湖興", "district": "內湖區", "geo_city": "臺北市", "nearest_estimate_min": 2.9}}, {"type": "Feature", "geometry": {"type": "Point", "coordinates": [121.5497082, 25.03964863]}, "properties": {"stop_name": "敦化安和路口", "district": "大安區", "geo_city": "臺北市", "nearest_estimate_min": 9.7}}, {"type": "Feature", "geometry": {"type": "Point", "coordinates": [121.54077520473633, 25.03796159361127]}, "properties": {"stop_name": "仁愛建國路口二", "district": "大安區", "geo_city": "臺北市", "nearest_estimate_min": 1.6}}]}